{
  "irrad_LV0101": 1156.9345763494239,
  "irrad_LV0102": 1128.985772056111,
  "irrad_LV0103": 1120.6830414123435,
  "irrad_LV0201": 1201.6147736403263,
  "irrad_LV0202": 1087.0589161641474,
  "irrad_LV0203": 1118.5393322936513
}