{
  "irrad_LV0101": 1079.0711464225787,
  "irrad_LV0102": 1146.0294621196754,
  "irrad_LV0103": 1057.2238452113716,
  "irrad_LV0201": 1166.3599745548156,
  "irrad_LV0202": 1092.0929106806047,
  "irrad_LV0203": 1122.2208403795248
}