{
  "irrad_LV0101": 1162.979498093763,
  "irrad_LV0102": 1126.27249557893,
  "irrad_LV0103": 1183.0179332065604,
  "irrad_LV0201": 1172.2854094069057,
  "irrad_LV0202": 1119.2702120772005,
  "irrad_LV0203": 1156.0990065985175
}