{
  "P_LV0101": 0.34871440909780826,
  "Q_LV0101": -0.16905186441275408,
  "U_LV0101": 0.9686511363828008,
  "I_LV0101_MV0101": 0.4000728232280407,
  "P_LV0102": 0.33098305324778665,
  "Q_LV0102": -0.1690518644127546,
  "U_LV0102": 0.9685688114727806,
  "I_LV0102_MV0102": 0.38371685446147197,
  "P_LV0103": 0.34234089572945847,
  "Q_LV0103": -0.1690518644127542,
  "U_LV0103": 0.9689618398742877,
  "I_LV0103_MV0103": 0.3940361575015042,
  "P_LV0201": 0.33257196129323646,
  "Q_LV0201": -0.1690518644127543,
  "U_LV0201": 0.9687655399220525,
  "I_LV0201_MV0201": 0.38510029957144204,
  "P_LV0202": 0.3489928347337148,
  "Q_LV0202": -0.16905186441275408,
  "U_LV0202": 0.9694245409269856,
  "I_LV0202_MV0202": 0.40001210508415885,
  "P_LV0203": 0.34904916434911104,
  "Q_LV0203": -0.16905186441275444,
  "U_LV0203": 0.969581012080864,
  "I_LV0203_MV0203": 0.39999983745682566,
  "P_POIMV_MV0101": -1.008176987075558,
  "Q_POIMV_MV0101": 0.5708511883376559,
  "U_POIMV": 0.9841992856538341,
  "I_POIMV_MV0101": 1.1771734051971545,
  "P_POIMV_MV0201": -1.015581325243943,
  "Q_POIMV_MV0201": 0.5720590747826009,
  "I_POIMV_MV0201": 1.1843276589514709,
  "P_POI_POIMV": -2.023748312318902,
  "Q_POI_POIMV": 1.2149577420582318,
  "U_POI": 0.9996711972725879,
  "I_POI_POIMV": 2.361216915350901
}