{
  "P_LV0101": 0.32365875477888195,
  "Q_LV0101": -0.16302338238095793,
  "U_LV0101": 0.9696304970739154,
  "I_LV0101_MV0101": 0.21578325738827567,
  "P_LV0102": 0.3437423657182171,
  "Q_LV0102": -0.16302338238095798,
  "U_LV0102": 0.9703516872750415,
  "I_LV0102_MV0102": 0.2263589370759941,
  "P_LV0103": 0.3171058316201625,
  "Q_LV0103": -0.16302338238095726,
  "U_LV0103": 0.9699178728071912,
  "I_LV0103_MV0103": 0.2122428651539341,
  "P_LV0201": 0.3494308008597098,
  "Q_LV0201": -0.16302338238095704,
  "U_LV0201": 0.9706411134991937,
  "I_LV0201_MV0201": 0.2293531908945593,
  "P_LV0202": 0.32756452875750186,
  "Q_LV0202": -0.16302338238095745,
  "U_LV0202": 0.970470335256613,
  "I_LV0202_MV0202": 0.21767426313351612,
  "P_LV0203": 0.33660116016289715,
  "Q_LV0203": -0.16302338238095734,
  "U_LV0203": 0.9708137572352538,
  "I_LV0203_MV0203": 0.2224213895945441,
  "P_POIMV_MV0101": -0.9716597547285346,
  "Q_POIMV_MV0101": 0.5479926322893789,
  "U_POIMV": 0.9848197411727962,
  "I_POIMV_MV0101": 0.6539821196803094,
  "P_POIMV_MV0201": -0.9992297208654009,
  "Q_POIMV_MV0201": 0.551126141143186,
  "I_POIMV_MV0201": 0.6689928593592992,
  "P_POI_POIMV": -1.970879475592839,
  "Q_POI_POIMV": 1.1669213014347406,
  "U_POI": 0.9996842032364677,
  "I_POI_POIMV": 1.322798319961973
}