{
  "P_LV0101": 0.3470132674599821,
  "Q_LV0101": -0.1624885750784849,
  "U_LV0101": 0.9702075341075248,
  "I_LV0101_MV0101": 0.22801763733498293,
  "P_LV0102": 0.3386302472808941,
  "Q_LV0102": -0.16248857507848471,
  "U_LV0102": 0.9703318154328561,
  "I_LV0102_MV0102": 0.22348121491259731,
  "P_LV0103": 0.33613990966938867,
  "Q_LV0103": -0.1624885750784845,
  "U_LV0103": 0.9704288695206662,
  "I_LV0103_MV0103": 0.22212400045162695,
  "P_LV0201": 0.34945429337451167,
  "Q_LV0201": -0.16248857507848508,
  "U_LV0201": 0.970706370484755,
  "I_LV0201_MV0201": 0.22921613831375057,
  "P_LV0202": 0.3260546223883417,
  "Q_LV0202": -0.16248857507848513,
  "U_LV0202": 0.9705014403761167,
  "I_LV0202_MV0202": 0.2167214059827481,
  "P_LV0203": 0.3354969212749122,
  "Q_LV0203": -0.16248857507848458,
  "U_LV0203": 0.9708533505948816,
  "I_LV0203_MV0203": 0.22168268277899109,
  "P_POIMV_MV0101": -1.0081851891879978,
  "Q_POIMV_MV0101": 0.5499325220700939,
  "U_POIMV": 0.9848073273261423,
  "I_POIMV_MV0101": 0.6732679936188544,
  "P_POIMV_MV0201": -0.9967176115742404,
  "Q_POIMV_MV0201": 0.5491786499896989,
  "I_POIMV_MV0201": 0.6671603488622964,
  "P_POI_POI_MV": -2.004892800761466,
  "Q_POI_POI_MV": 1.168730757492085,
  "U_POI": 0.9996837086708171,
  "I_POI_POI_MV": 1.3402655376026222
}