{
  "P_LV0101": 0.348802134513438,
  "Q_LV0101": -0.1679448141055875,
  "U_LV0101": 0.9688948180928836,
  "I_LV0101_MV0101": 0.3995566720387541,
  "P_LV0102": 0.3378164217153724,
  "Q_LV0102": -0.16794481410558712,
  "U_LV0102": 0.9689666002734109,
  "I_LV0102_MV0102": 0.38934301892576867,
  "P_LV0103": 0.3489690526202304,
  "Q_LV0103": -0.16794481410558657,
  "U_LV0103": 0.9693584795006402,
  "I_LV0103_MV0103": 0.3995207108744172,
  "P_LV0201": 0.3489672127774673,
  "Q_LV0201": -0.16794481410558695,
  "U_LV0201": 0.969353368826298,
  "I_LV0201_MV0201": 0.39952110699014365,
  "P_LV0202": 0.3357161428169032,
  "Q_LV0202": -0.1679448141055876,
  "U_LV0202": 0.9693740100094717,
  "I_LV0202_MV0202": 0.387240481894997,
  "P_LV0203": 0.3467626450000954,
  "Q_LV0203": -0.16794481410558804,
  "U_LV0203": 0.9697626244234491,
  "I_LV0203_MV0203": 0.39730529726999003,
  "P_POIMV_MV0101": -1.021472062407156,
  "Q_POIMV_MV0101": 0.5686972658429568,
  "U_POIMV": 0.9842710099245952,
  "I_POIMV_MV0101": 1.1877943287404964,
  "P_POIMV_MV0201": -1.0164591695075842,
  "Q_POIMV_MV0201": 0.5686000665158417,
  "I_POIMV_MV0201": 1.1832988690458452,
  "P_POI_POIMV": -2.0379212319143245,
  "Q_POI_POIMV": 1.209935915321239,
  "U_POI": 0.9996725540433754,
  "I_POI_POIMV": 2.3708117273590306
}