{
  "P_LV0101": 0.000213,
  "Q_LV0101": 0.000377,
  "U_LV0101": 0.002473,
  "I_LV0101_MV0101": 0.000063,
  "P_LV0102": 0.000215,
  "Q_LV0102": 0.000396,
  "U_LV0102": 0.002474,
  "I_LV0102_MV0102": 0.000065,
  "P_LV0103": 0.000215,
  "Q_LV0103": 0.000394,
  "U_LV0103": 0.002475,
  "I_LV0103_MV0103": 0.000065,
  "P_LV0201": 0.000217,
  "Q_LV0201": 0.000407,
  "U_LV0201": 0.002475,
  "I_LV0201_MV0201": 0.000067,
  "P_LV0202": 0.000213,
  "Q_LV0202": 0.000383,
  "U_LV0202": 0.002475,
  "I_LV0202_MV0202": 0.000064,
  "P_LV0203": 0.000212,
  "Q_LV0203": 0.000371,
  "U_LV0203": 0.002474,
  "I_LV0203_MV0203": 0.000062,
  "P_POIMV_MV0101": 0.000685,
  "Q_POIMV_MV0101": 0.001158,
  "U_POIMV": 0.002500,
  "I_POIMV_MV0101": 0.000193,
  "P_POIMV_MV0201": 0.000684,
  "Q_POIMV_MV0201": 0.001151,
  "I_POIMV_MV0201": 0.000192,
  "P_POI_POI_MV": 0.001369,
  "Q_POI_POI_MV": 0.002309,
  "U_POI": 0.002500,
  "I_POI_POI_MV": 0.000386
}
