{
  "P_LV0101": 0.030539280132172407,
  "Q_LV0101": -0.014154498925487456,
  "U_LV0101": 0.9877827455878981,
  "I_LV0101_MV0101": 0.019673988224925856,
  "P_LV0102": 0.03209275182839386,
  "Q_LV0102": -0.014154498925487381,
  "U_LV0102": 0.9884022933552162,
  "I_LV0102_MV0102": 0.020488500752356982,
  "P_LV0103": 0.0299904550342271,
  "Q_LV0103": -0.014154498925487381,
  "U_LV0103": 0.9880806143711237,
  "I_LV0103_MV0103": 0.019377571870696546,
  "P_LV0201": 0.03297773221212186,
  "Q_LV0201": -0.014154498925487391,
  "U_LV0201": 0.9887259754139546,
  "I_LV0201_MV0201": 0.02095565499276768,
  "P_LV0202": 0.030075894033065674,
  "Q_LV0202": -0.014154498925487443,
  "U_LV0202": 0.9883638772259039,
  "I_LV0202_MV0202": 0.019417164561702074,
  "P_LV0203": 0.029225382827046995,
  "Q_LV0203": -0.014154498925487457,
  "U_LV0203": 0.9883064851608178,
  "I_LV0203_MV0203": 0.018969916828785963,
  "P_POIMV_MV0101": -0.09155913751476419,
  "Q_POIMV_MV0101": 0.047315312781080365,
  "U_POIMV": 0.9999904642284536,
  "I_POIMV_MV0101": 0.05950354909109555,
  "P_POIMV_MV0201": -0.09115039906266986,
  "Q_POIMV_MV0201": 0.04730832789210382,
  "I_POIMV_MV0201": 0.059292141912243114,
  "P_POI_POI_MV": -0.18270853657741837,
  "Q_POI_POI_MV": 0.09456706210039556,
  "U_POI": 0.9999904904973307,
  "I_POI_POI_MV": 0.11878010996498929
}