{
  "P_LV0101": 0.000238,
  "Q_LV0101": 0.000429,
  "U_LV0101": 0.002469,
  "I_LV0101_MV0101": 0.000071,
  "P_LV0102": 0.000241,
  "Q_LV0102": 0.000448,
  "U_LV0102": 0.002471,
  "I_LV0102_MV0102": 0.000074,
  "P_LV0103": 0.000237,
  "Q_LV0103": 0.000423,
  "U_LV0103": 0.002470,
  "I_LV0103_MV0103": 0.000070,
  "P_LV0201": 0.000243,
  "Q_LV0201": 0.000459,
  "U_LV0201": 0.002472,
  "I_LV0201_MV0201": 0.000075,
  "P_LV0202": 0.000238,
  "Q_LV0202": 0.000424,
  "U_LV0202": 0.002471,
  "I_LV0202_MV0202": 0.000070,
  "P_LV0203": 0.000236,
  "Q_LV0203": 0.000413,
  "U_LV0203": 0.002471,
  "I_LV0203_MV0203": 0.000069,
  "P_POIMV_MV0101": 0.000771,
  "Q_POIMV_MV0101": 0.001289,
  "U_POIMV": 0.002500,
  "I_POIMV_MV0101": 0.000215,
  "P_POIMV_MV0201": 0.000770,
  "Q_POIMV_MV0201": 0.001284,
  "I_POIMV_MV0201": 0.000214,
  "P_POI_POI_MV": 0.001541,
  "Q_POI_POI_MV": 0.002574,
  "U_POI": 0.002500,
  "I_POI_POI_MV": 0.000430
}
