{
    "U_POIMV": 0.9855045632688155,
    "P_POIMV": 3.664897369054759e-12,
    "Q_POIMV": 0.0005496182215298318,
    "U_POI": 0.9997004323487062,
    "P_POI": -5.554183804921786e-13,
    "Q_POI": -4.4635337123999296e-13,
    "U_LV0101": 0.9716142178754962,
    "P_LV0101": 0.3349657653371121,
    "Q_LV0101": -0.15597809291279963,
    "U_MV0101": 0.9857249417295835,
    "P_MV0101": -1.2319635729467362e-12,
    "Q_MV0101": 0.0004123980400898619,
    "U_LV0102": 0.9716404776211421,
    "P_LV0102": 0.32238485859078725,
    "Q_LV0102": -0.15597800660751074,
    "U_MV0102": 0.9860160798959186,
    "P_MV0102": -1.6803296734348432e-12,
    "Q_MV0102": 0.0005501889123651386,
    "U_LV0103": 0.9720526977453865,
    "P_LV0103": 0.3345089843723253,
    "Q_LV0103": -0.15597936558347208,
    "U_MV0103": 0.9861655786150408,
    "P_MV0103": -6.618768131588653e-13,
    "Q_MV0103": 0.0002751778811386286,
    "U_LV0201": 0.9716258857810447,
    "P_LV0201": 0.31607422066807705,
    "Q_LV0201": -0.15599744505573487,
    "U_MV0201": 0.9861389025002708,
    "P_MV0201": -2.300261224410323e-12,
    "Q_MV0201": 0.0006879074858044482,
    "U_LV0202": 0.972146980509473,
    "P_LV0202": 0.32676420262608596,
    "Q_LV0202": -0.15600335811585758,
    "U_MV0202": 0.9864246878666049,
    "P_MV0202": -1.551368906368343e-12,
    "Q_MV0202": 0.0005506450064979327,
    "U_LV0203": 0.9721890327770252,
    "P_LV0203": 0.32203756097831093,
    "Q_LV0203": -0.15600296825054943,
    "U_MV0203": 0.9865660522869735,
    "P_MV0203": 1.9127529524161534e-12,
    "Q_MV0203": 0.00027540142158518515,
    "P_LV0101_MV0101": 0.3349657653371121,
    "Q_LV0101_MV0101": -0.15597809291279963,
    "P_MV0101_LV0101": -0.3309483958422872,
    "Q_MV0101_LV0101": 0.17606494038692444,
    "P_MV0101_POIMV": 0.9795732801070891,
    "Q_MV0101_POIMV": -0.5260094837058513,
    "P_POIMV_MV0101": -0.9791297825261485,
    "Q_POIMV_MV0101": 0.5263097398320783,
    "P_LV0102_MV0102": 0.32238485859078725,
    "Q_LV0102_MV0102": -0.15597800660751074,
    "P_MV0102_LV0102": -0.3186110368477293,
    "Q_MV0102_LV0102": 0.1748471153228006,
    "P_MV0102_MV0101": 0.6490148136674622,
    "Q_MV0102_MV0101": -0.35009295188848455,
    "P_MV0101_MV0102": -0.648624884266034,
    "Q_MV0101_MV0102": 0.35035694135901674,
    "P_LV0103_MV0103": 0.3345089843723253,
    "Q_LV0103_MV0103": -0.15597936558347208,
    "P_MV0103_LV0103": -0.33050421675894465,
    "Q_MV0103_LV0103": 0.17600320365037544,
    "P_MV0103_MV0102": 0.33050421675828273,
    "Q_MV0103_MV0102": -0.17572802576923682,
    "P_MV0102_MV0103": -0.33040377682141325,
    "Q_MV0102_MV0103": 0.1757960254780491,
    "P_LV0201_MV0201": 0.31607422066807705,
    "Q_LV0201_MV0201": -0.15599744505573487,
    "P_MV0201_LV0201": -0.3124186582624691,
    "Q_MV0201_LV0201": 0.17427525708377478,
    "P_MV0201_POIMV": 0.9531272489106889,
    "Q_MV0201_POIMV": -0.5231745583188223,
    "P_POIMV_MV0201": -0.9518560338986817,
    "Q_POIMV_MV0201": 0.5240351945691873,
    "P_LV0202_MV0202": 0.32676420262608596,
    "Q_LV0202_MV0202": -0.15600335811585758,
    "P_MV0202_LV0202": -0.3229105219961189,
    "Q_MV0202_LV0202": 0.17527176126569305,
    "P_MV0202_MV0201": 0.641090489440683,
    "Q_MV0202_MV0201": -0.3493286561237851,
    "P_MV0201_MV0202": -0.6407085906505201,
    "Q_MV0201_MV0202": 0.34958720872085197,
    "P_LV0203_MV0203": 0.32203756097831093,
    "Q_LV0203_MV0203": -0.15600296825054943,
    "P_MV0203_LV0203": -0.31827434551348627,
    "Q_MV0203_LV0203": 0.17481904557467268,
    "P_MV0203_MV0202": 0.318274345515399,
    "Q_MV0203_MV0202": -0.17454364415308748,
    "P_MV0202_MV0203": -0.3181799674461155,
    "Q_MV0202_MV0203": 0.17460753986459,
    "P_POIMV_POI": 1.9309858164284952,
    "Q_POIMV_POI": -1.0497953161797358,
    "P_POI_POIMV": -1.930985816428495,
    "Q_POI_POIMV": 1.1145600282962655
}