{
    "U_POIMV": 0.9855045632688197,
    "P_POIMV": 4.377394731942423e-12,
    "Q_POIMV": 0.0005496182208153673,
    "U_POI": 0.9997004323487131,
    "P_POI": -5.779224679554452e-13,
    "Q_POI": 1.6819051431364785e-13,
    "U_LV0101": 0.971614217875501,
    "P_LV0101": 0.3349657653369836,
    "Q_LV0101": -0.15597809291278156,
    "U_MV0101": 0.9857249417295882,
    "P_MV0101": -9.90985471209389e-13,
    "Q_MV0101": 0.00041239804035360155,
    "U_LV0102": 0.9716404776211426,
    "P_LV0102": 0.3223848585906244,
    "Q_LV0102": -0.1559780066075226,
    "U_MV0102": 0.9860160798959242,
    "P_MV0102": -3.6932272015029524e-14,
    "Q_MV0102": 0.0005501889124934849,
    "U_LV0103": 0.9720526977453929,
    "P_LV0103": 0.3345089843721829,
    "Q_LV0103": -0.1559793655834445,
    "U_MV0103": 0.9861655786150463,
    "P_MV0103": -7.604920734185919e-13,
    "Q_MV0103": 0.0002751778809850587,
    "U_LV0201": 0.9716258857810491,
    "P_LV0201": 0.31607422066820984,
    "Q_LV0201": -0.1559974450557435,
    "U_MV0201": 0.9861389025002737,
    "P_MV0201": -9.293559567899267e-13,
    "Q_MV0201": 0.0006879074859296711,
    "U_LV0202": 0.9721469805094699,
    "P_LV0202": 0.32676420262620587,
    "Q_LV0202": -0.1560033581159028,
    "U_MV0202": 0.9864246878666058,
    "P_MV0202": -1.0230545838670692e-12,
    "Q_MV0202": 0.0005506450067629083,
    "U_LV0203": 0.9721890327770212,
    "P_LV0203": 0.32203756097844255,
    "Q_LV0203": -0.15600296825058488,
    "U_MV0203": 0.9865660522869717,
    "P_MV0203": -1.7652375133821453e-12,
    "Q_MV0203": 0.00027540142152960277,
    "P_LV0101_MV0101": 0.3349657653369836,
    "Q_LV0101_MV0101": -0.15597809291278156,
    "P_MV0101_LV0101": -0.33094839584216135,
    "Q_MV0101_LV0101": 0.1760649403868927,
    "P_MV0101_POIMV": 0.9795732801084488,
    "Q_MV0101_POIMV": -0.5260094837055357,
    "P_POIMV_MV0101": -0.9791297825275073,
    "Q_POIMV_MV0101": 0.5263097398317631,
    "P_LV0102_MV0102": 0.3223848585906244,
    "Q_LV0102_MV0102": -0.1559780066075226,
    "P_MV0102_LV0102": -0.3186110368475694,
    "Q_MV0102_LV0102": 0.17484711532279754,
    "P_MV0102_MV0101": 0.6490148136687078,
    "Q_MV0102_MV0101": -0.35009295188846357,
    "P_MV0101_MV0102": -0.6486248842672785,
    "Q_MV0101_MV0102": 0.3503569413589965,
    "P_LV0103_MV0103": 0.3345089843721829,
    "Q_LV0103_MV0103": -0.1559793655834445,
    "P_MV0103_LV0103": -0.3305042167588053,
    "Q_MV0103_LV0103": 0.17600320365033234,
    "P_MV0103_MV0102": 0.3305042167580448,
    "Q_MV0103_MV0102": -0.1757280257693473,
    "P_MV0102_MV0103": -0.33040377682117544,
    "Q_MV0102_MV0103": 0.1757960254781595,
    "P_LV0201_MV0201": 0.31607422066820984,
    "Q_LV0201_MV0201": -0.1559974450557435,
    "P_MV0201_LV0201": -0.3124186582625994,
    "Q_MV0201_LV0201": 0.17427525708379596,
    "P_MV0201_POIMV": 0.9531272489092907,
    "Q_MV0201_POIMV": -0.5231745583186145,
    "P_POIMV_MV0201": -0.9518560338972866,
    "Q_POIMV_MV0201": 0.5240351945689775,
    "P_LV0202_MV0202": 0.32676420262620587,
    "Q_LV0202_MV0202": -0.1560033581159028,
    "P_MV0202_LV0202": -0.32291052199623604,
    "Q_MV0202_LV0202": 0.175271761265752,
    "P_MV0202_MV0201": 0.6410904894377809,
    "Q_MV0202_MV0201": -0.3493286561236833,
    "P_MV0201_MV0202": -0.6407085906476206,
    "Q_MV0201_MV0202": 0.3495872087207483,
    "P_LV0203_MV0203": 0.32203756097844255,
    "Q_LV0203_MV0203": -0.15600296825058488,
    "P_MV0203_LV0203": -0.31827434551361505,
    "Q_MV0203_LV0203": 0.17481904557472236,
    "P_MV0203_MV0202": 0.3182743455118498,
    "Q_MV0203_MV0202": -0.17454364415319276,
    "P_MV0202_MV0203": -0.3181799674425679,
    "Q_MV0202_MV0203": 0.17460753986469418,
    "P_POIMV_POI": 1.9309858164291713,
    "Q_POIMV_POI": -1.0497953161799252,
    "P_POI_POIMV": -1.930985816429171,
    "Q_POI_POIMV": 1.1145600282964945
}