{
    "U_POIMV": 0.9843133371029984,
    "P_POIMV": 5.223619038821439e-12,
    "Q_POIMV": 0.000548290329244926,
    "U_POI": 0.9996759040555326,
    "P_POI": -1.1685746828691574e-12,
    "Q_POI": -6.686908902127546e-13,
    "U_LV0101": 0.9685643638802298,
    "P_LV0101": 0.33748432683247676,
    "Q_LV0101": -0.16872618665936379,
    "U_MV0101": 0.9845205209152251,
    "P_MV0101": -5.848277828009129e-13,
    "Q_MV0101": 0.0004113908680654856,
    "U_LV0102": 0.9679055957908629,
    "P_LV0102": 0.2945681766595028,
    "Q_LV0102": -0.16872252684159783,
    "U_MV0102": 0.9847900477806791,
    "P_MV0102": -2.5489199893028006e-12,
    "Q_MV0102": 0.0005488215306451053,
    "U_LV0103": 0.9692364173332186,
    "P_LV0103": 0.3489242528110017,
    "Q_LV0103": -0.16872890348175548,
    "U_MV0103": 0.9849424638300054,
    "P_MV0103": -9.12213680233532e-13,
    "Q_MV0103": 0.0002744957124524061,
    "U_LV0201": 0.9692589335471719,
    "P_LV0201": 0.3486420130128394,
    "Q_LV0201": -0.16874915634870827,
    "U_MV0201": 0.9849733006746832,
    "P_MV0201": -9.35515427598792e-13,
    "Q_MV0201": 0.0006862822531838794,
    "U_LV0202": 0.9690317244200707,
    "P_LV0202": 0.32414000436652235,
    "Q_LV0202": -0.16874159187534385,
    "U_MV0202": 0.9852615856483761,
    "P_MV0202": -2.201480670276681e-12,
    "Q_MV0202": 0.0005493472302934682,
    "U_LV0203": 0.969701349607068,
    "P_LV0203": 0.34835578745915197,
    "Q_LV0203": -0.16875245611930467,
    "U_MV0203": 0.9854135644486872,
    "P_MV0203": -1.4819652403909333e-13,
    "Q_MV0203": 0.00027475835928530366,
    "P_LV0101_MV0101": 0.33748432683247676,
    "Q_LV0101_MV0101": -0.16872618665936379,
    "P_MV0101_LV0101": -0.3332689023881571,
    "Q_MV0101_LV0101": 0.1898033088809621,
    "P_MV0101_POIMV": 0.9683993174862252,
    "Q_MV0101_POIMV": -0.5656540653990181,
    "P_POIMV_MV0101": -0.9679469979380212,
    "Q_POIMV_MV0101": 0.5659602941614668,
    "P_LV0102_MV0102": 0.2945681766595028,
    "Q_LV0102_MV0102": -0.16872252684159783,
    "P_MV0102_LV0102": -0.291151325301469,
    "Q_MV0102_LV0102": 0.18580678363176711,
    "P_MV0102_MV0101": 0.6355223777250792,
    "Q_MV0102_MV0101": -0.3759967813843795,
    "P_MV0101_MV0102": -0.635130415098653,
    "Q_MV0101_MV0102": 0.37626214738612146,
    "P_LV0103_MV0103": 0.3489242528110017,
    "Q_LV0103_MV0103": -0.16872890348175548,
    "P_MV0103_LV0103": -0.3444824548054008,
    "Q_MV0103_LV0103": 0.19093789350976015,
    "P_MV0103_MV0102": 0.3444824548044886,
    "Q_MV0103_MV0102": -0.19066339779730776,
    "P_MV0102_MV0103": -0.3443710524261591,
    "Q_MV0102_MV0103": 0.19073881928325748,
    "P_LV0201_MV0201": 0.3486420130128394,
    "Q_LV0201_MV0201": -0.16874915634870827,
    "P_MV0201_LV0201": -0.344206040603076,
    "Q_MV0201_LV0201": 0.190929018397525,
    "P_MV0201_POIMV": 1.0077948220849273,
    "Q_MV0201_POIMV": -0.5691539309574027,
    "P_POIMV_MV0201": -1.0063509136643443,
    "Q_POIMV_MV0201": 0.5701314838632634,
    "P_LV0202_MV0202": 0.32414000436652235,
    "Q_LV0202_MV0202": -0.16874159187534385,
    "P_MV0202_LV0202": -0.32018966506017643,
    "Q_MV0202_LV0202": 0.18849328840707352,
    "P_MV0202_MV0201": 0.6640083798076957,
    "Q_MV0202_MV0201": -0.37862711892849604,
    "P_MV0201_MV0202": -0.6635887814827868,
    "Q_MV0201_MV0202": 0.3789111948130617,
    "P_LV0203_MV0203": 0.34835578745915197,
    "Q_LV0203_MV0203": -0.16875245611930467,
    "P_MV0203_LV0203": -0.343929722296291,
    "Q_MV0203_LV0203": 0.19088278193361,
    "P_MV0203_MV0202": 0.34392972229614277,
    "Q_MV0203_MV0202": -0.19060802357432466,
    "P_MV0202_MV0203": -0.3438187147497207,
    "Q_MV0202_MV0203": 0.190683177751716,
    "P_POIMV_POI": 1.974297911607589,
    "Q_POIMV_POI": -1.1355434876954855,
    "P_POI_POIMV": -1.9742979116075887,
    "Q_POI_POIMV": 1.2052565801756459
}