{
    "090neg": {
        "08": {
            "P": {
                "Precision": 0.0,
                "Accuracy": 0.9714285714285715,
                "Recall": 0.0,
                "norm2": 0.0009204567647625877,
                "norminf": 0.0007666708462310933
            },
            "Q": {
                "Precision": 0.0,
                "Accuracy": 0.9714285714285715,
                "Recall": 0.0,
                "norm2": 0.00022966583399887093,
                "norminf": 0.00012773185567965028
            },
            "U": {
                "Precision": 0.0,
                "Accuracy": 0.9714285714285715,
                "Recall": 0.0,
                "norm2": 0.0034583240043003487,
                "norminf": 0.0009273708401634728
            },
            "I": {
                "Precision": 0.0,
                "Accuracy": 0.9714285714285715,
                "Recall": 0.0,
                "norm2": 0.0004892686979129987,
                "norminf": 0.0003303080607715281
            }
        },
        "10": {
            "P": {
                "Precision": 0.07,
                "Accuracy": 0.9734285714285715,
                "Recall": 0.07,
                "norm2": 0.002304165249129543,
                "norminf": 0.0020435246520554952
            },
            "Q": {
                "Precision": 0.0,
                "Accuracy": 0.9714285714285715,
                "Recall": 0.0,
                "norm2": 0.0007977514487311066,
                "norminf": 0.00044891750183183586
            },
            "U": {
                "Precision": 0.0,
                "Accuracy": 0.9714285714285715,
                "Recall": 0.0,
                "norm2": 0.0033863939889359727,
                "norminf": 0.0009957669492939125
            },
            "I": {
                "Precision": 0.0,
                "Accuracy": 0.9714285714285715,
                "Recall": 0.0,
                "norm2": 0.0013419321094557063,
                "norminf": 0.0010428584825243647
            }
        },
        "13": {
            "P": {
                "Precision": 1.0,
                "Accuracy": 1.0,
                "Recall": 1.0,
                "norm2": 0.001708782299961345,
                "norminf": 0.0016396905356231917
            },
            "Q": {
                "Precision": 0.0,
                "Accuracy": 0.9714285714285715,
                "Recall": 0.0,
                "norm2": 0.0011757147794195998,
                "norminf": 0.0007723655624560588
            },
            "U": {
                "Precision": 0.54,
                "Accuracy": 0.986857142857143,
                "Recall": 0.54,
                "norm2": 0.002991522187122077,
                "norminf": 0.0010310652535147524
            },
            "I": {
                "Precision": 0.51,
                "Accuracy": 0.9825714285714287,
                "Recall": 0.6,
                "norm2": 0.00153571221919516,
                "norminf": 0.0013909617804209028
            }
        }
    },
    "090pos": {
        "08": {
            "P": {
                "Precision": 0.0,
                "Accuracy": 0.9714285714285715,
                "Recall": 0.0,
                "norm2": 0.0006411349692380616,
                "norminf": 0.00019343601165133117
            },
            "Q": {
                "Precision": 0.0,
                "Accuracy": 0.9714285714285715,
                "Recall": 0.0,
                "norm2": 0.0002909504373426148,
                "norminf": 0.000268747260286375
            },
            "U": {
                "Precision": 0.0,
                "Accuracy": 0.9714285714285715,
                "Recall": 0.0,
                "norm2": 0.00361047518565771,
                "norminf": 0.0009622612031743261
            },
            "I": {
                "Precision": 0.0,
                "Accuracy": 0.9714285714285715,
                "Recall": 0.0,
                "norm2": 0.0005433593307677158,
                "norminf": 0.00019676913794927086
            }
        },
        "10": {
            "P": {
                "Precision": 0.09,
                "Accuracy": 0.9740000000000001,
                "Recall": 0.09,
                "norm2": 0.0021887807184017586,
                "norminf": 0.0006541154873976285
            },
            "Q": {
                "Precision": 0.0,
                "Accuracy": 0.9714285714285715,
                "Recall": 0.0,
                "norm2": 0.0006740553574881162,
                "norminf": 0.0006422833842233722
            },
            "U": {
                "Precision": 0.0,
                "Accuracy": 0.9714285714285715,
                "Recall": 0.0,
                "norm2": 0.0034449959352821796,
                "norminf": 0.0009900348621191602
            },
            "I": {
                "Precision": 0.0,
                "Accuracy": 0.9714285714285715,
                "Recall": 0.0,
                "norm2": 0.0016607881385610783,
                "norminf": 0.0005227694014899886
            }
        },
        "13": {
            "P": {
                "Precision": 1.0,
                "Accuracy": 1.0,
                "Recall": 1.0,
                "norm2": 0.0014367254594378285,
                "norminf": 0.0005913000220412945
            },
            "Q": {
                "Precision": 0.0,
                "Accuracy": 0.9714285714285715,
                "Recall": 0.0,
                "norm2": 0.0010881668289945445,
                "norminf": 0.0010734973160606255
            },
            "U": {
                "Precision": 0.51,
                "Accuracy": 0.9860000000000002,
                "Recall": 0.51,
                "norm2": 0.0030737313519864544,
                "norminf": 0.0010015217915826512
            },
            "I": {
                "Precision": 0.525,
                "Accuracy": 0.9808571428571428,
                "Recall": 0.64,
                "norm2": 0.001910422280699747,
                "norminf": 0.0008874631970652324
            }
        }
    }
}