{
    "090neg": {
        "08": {
            "P": {
                "Precision": 0.01,
                "Accuracy": 0.9717142857142858,
                "Recall": 0.01,
                "norm2": 0.0009347125214831788,
                "norminf": 0.0006778643838938836
            },
            "Q": {
                "Precision": 0.0,
                "Accuracy": 0.9714285714285715,
                "Recall": 0.0,
                "norm2": 0.00022388696918492377,
                "norminf": 0.00011714069374763381
            },
            "U": {
                "Precision": 0.0,
                "Accuracy": 0.9714285714285715,
                "Recall": 0.0,
                "norm2": 0.003485763788093101,
                "norminf": 0.000936234912416396
            },
            "I": {
                "Precision": 0.0,
                "Accuracy": 0.9714285714285715,
                "Recall": 0.0,
                "norm2": 0.000503712822920435,
                "norminf": 0.0003624901424839122
            }
        },
        "10": {
            "P": {
                "Precision": 0.11,
                "Accuracy": 0.9745714285714286,
                "Recall": 0.11,
                "norm2": 0.0023128499373649344,
                "norminf": 0.00189536784839628
            },
            "Q": {
                "Precision": 0.0,
                "Accuracy": 0.9714285714285715,
                "Recall": 0.0,
                "norm2": 0.0007954680783235545,
                "norminf": 0.00043324364465300745
            },
            "U": {
                "Precision": 0.0,
                "Accuracy": 0.9714285714285715,
                "Recall": 0.0,
                "norm2": 0.0033770878509926635,
                "norminf": 0.0009952388613093843
            },
            "I": {
                "Precision": 0.0,
                "Accuracy": 0.9714285714285715,
                "Recall": 0.0,
                "norm2": 0.0014377820068282301,
                "norminf": 0.0011522573497554612
            }
        },
        "13": {
            "P": {
                "Precision": 1.0,
                "Accuracy": 1.0,
                "Recall": 1.0,
                "norm2": 0.001584696730276922,
                "norminf": 0.0014914254909645663
            },
            "Q": {
                "Precision": 0.0,
                "Accuracy": 0.9714285714285715,
                "Recall": 0.0,
                "norm2": 0.001131619100947092,
                "norminf": 0.0007278837035577468
            },
            "U": {
                "Precision": 0.0,
                "Accuracy": 0.9714285714285715,
                "Recall": 0.0,
                "norm2": 0.0032942482035423215,
                "norminf": 0.0011373203209100202
            },
            "I": {
                "Precision": 0.22166666666666668,
                "Accuracy": 0.9694285714285713,
                "Recall": 0.45,
                "norm2": 0.0017366630420477677,
                "norminf": 0.0016048625844004628
            }
        }
    },
    "090pos": {
        "08": {
            "P": {
                "Precision": 0.0,
                "Accuracy": 0.9714285714285715,
                "Recall": 0.0,
                "norm2": 0.0006721142586247585,
                "norminf": 0.00020174243519001102
            },
            "Q": {
                "Precision": 0.0,
                "Accuracy": 0.9714285714285715,
                "Recall": 0.0,
                "norm2": 0.0002916830869128015,
                "norminf": 0.00026113138367166665
            },
            "U": {
                "Precision": 0.0,
                "Accuracy": 0.9714285714285715,
                "Recall": 0.0,
                "norm2": 0.003605970697525776,
                "norminf": 0.0009638569886392756
            },
            "I": {
                "Precision": 0.0,
                "Accuracy": 0.9714285714285715,
                "Recall": 0.0,
                "norm2": 0.0005522995317664893,
                "norminf": 0.00019586431188282072
            }
        },
        "10": {
            "P": {
                "Precision": 0.04,
                "Accuracy": 0.9725714285714289,
                "Recall": 0.04,
                "norm2": 0.0024769512263163275,
                "norminf": 0.000743608148975674
            },
            "Q": {
                "Precision": 0.0,
                "Accuracy": 0.9714285714285715,
                "Recall": 0.0,
                "norm2": 0.0006773010420385588,
                "norminf": 0.0006376390746352855
            },
            "U": {
                "Precision": 0.0,
                "Accuracy": 0.9714285714285715,
                "Recall": 0.0,
                "norm2": 0.0033477531125540444,
                "norminf": 0.0009627186964397261
            },
            "I": {
                "Precision": 0.2,
                "Accuracy": 0.9711428571428571,
                "Recall": 0.37,
                "norm2": 0.0016214251213085118,
                "norminf": 0.0005370906458392621
            }
        },
        "13": {
            "P": {
                "Precision": 1.0,
                "Accuracy": 1.0,
                "Recall": 1.0,
                "norm2": 0.001376391506093399,
                "norminf": 0.0005046489410138655
            },
            "Q": {
                "Precision": 0.0,
                "Accuracy": 0.9714285714285715,
                "Recall": 0.0,
                "norm2": 0.0010097208025678947,
                "norminf": 0.0009927690814295741
            },
            "U": {
                "Precision": 0.61,
                "Accuracy": 0.9888571428571429,
                "Recall": 0.61,
                "norm2": 0.003120066915292706,
                "norminf": 0.0010141802663812883
            },
            "I": {
                "Precision": 0.22,
                "Accuracy": 0.968285714285714,
                "Recall": 0.38,
                "norm2": 0.001992043297005957,
                "norminf": 0.0009344359123762657
            }
        }
    }
}