{
    "090neg": {
        "08": {
            "P": {
                "Precision": 0.31,
                "Accuracy": 0.9802857142857145,
                "Recall": 0.31,
                "F1": 0.31,
                "norm2": 7.719064049510025e-05,
                "norminf": 0.0008293718321822485,
                "z": 0.002568142193004079
            },
            "Q": {
                "Precision": 0.0,
                "Accuracy": 0.9714285714285715,
                "Recall": 0.0,
                "F1": 0.0,
                "norm2": 2.460177028456839e-05,
                "norminf": 0.00018935684595982938,
                "z": 0.0018127351749077714
            },
            "U": {
                "Precision": 0.0,
                "Accuracy": 0.9714285714285715,
                "Recall": 0.0,
                "F1": 0.0,
                "norm2": 0.0003863690788875456,
                "norminf": 0.0015560880841032554,
                "z": 0.0015538969245152202
            },
            "I": {
                "Precision": 0.0,
                "Accuracy": 0.9714285714285715,
                "Recall": 0.0,
                "F1": 0.0,
                "norm2": 5.5836588827613986e-05,
                "norminf": 0.0006063529986591664,
                "z": 0.00045926432123378504
            }
        },
        "10": {
            "P": {
                "Precision": 0.86,
                "Accuracy": 0.9960000000000001,
                "Recall": 0.86,
                "F1": 0.86,
                "norm2": 0.00010175875938023915,
                "norminf": 0.0012638812684677603,
                "z": 0.004406274528977429
            },
            "Q": {
                "Precision": 0.0,
                "Accuracy": 0.9714285714285715,
                "Recall": 0.0,
                "F1": 0.0,
                "norm2": 8.709935738779614e-05,
                "norminf": 0.000707740930255093,
                "z": 0.006396759303945783
            },
            "U": {
                "Precision": 0.0,
                "Accuracy": 0.9714285714285715,
                "Recall": 0.0,
                "F1": 0.0,
                "norm2": 0.0003684332830412236,
                "norminf": 0.0016336430001953606,
                "z": 0.0016325480237687883
            },
            "I": {
                "Precision": 0.02,
                "Accuracy": 0.9720000000000002,
                "Recall": 0.02,
                "F1": 0.02,
                "norm2": 0.0001566396040556596,
                "norminf": 0.001894079702904683,
                "z": 0.005530073556338856
            }
        },
        "13": {
            "P": {
                "Precision": 1.0,
                "Accuracy": 1.0,
                "Recall": 1.0,
                "F1": 1.0,
                "norm2": 0.00010483108500825651,
                "norminf": 0.0014801756936279854,
                "z": 0.005903146343766357
            },
            "Q": {
                "Precision": 0.12,
                "Accuracy": 0.974857142857143,
                "Recall": 0.12,
                "F1": 0.12,
                "norm2": 0.00012702176129398546,
                "norminf": 0.0012165476476495175,
                "z": 0.010058011833233946
            },
            "U": {
                "Precision": 0.0,
                "Accuracy": 0.9714285714285715,
                "Recall": 0.0,
                "F1": 0.0,
                "norm2": 0.0003732218410255222,
                "norminf": 0.0019362158907951766,
                "z": 0.0019347998452005
            },
            "I": {
                "Precision": 0.7,
                "Accuracy": 0.9828571428571428,
                "Recall": 1.0,
                "F1": 0.8,
                "norm2": 0.00014526521366755115,
                "norminf": 0.002043533923268038,
                "z": 0.013433223459335009
            }
        }
    },
    "090pos": {
        "08": {
            "P": {
                "Precision": 0.0,
                "Accuracy": 0.9714285714285715,
                "Recall": 0.0,
                "F1": 0.0,
                "norm2": 8.173790697196808e-05,
                "norminf": 0.0003684717029057816,
                "z": 0.0038910725212331554
            },
            "Q": {
                "Precision": 0.0,
                "Accuracy": 0.9714285714285715,
                "Recall": 0.0,
                "F1": 0.0,
                "norm2": 3.17987978887903e-05,
                "norminf": 0.0004280747148391839,
                "z": 0.002935489039516856
            },
            "U": {
                "Precision": 0.0,
                "Accuracy": 0.9714285714285715,
                "Recall": 0.0,
                "F1": 0.0,
                "norm2": 0.0003983693517069336,
                "norminf": 0.0015875248180541313,
                "z": 0.0015867688920592161
            },
            "I": {
                "Precision": 0.0,
                "Accuracy": 0.9714285714285715,
                "Recall": 0.0,
                "F1": 0.0,
                "norm2": 6.207566528652311e-05,
                "norminf": 0.00033423453934144475,
                "z": 0.0006775938249186826
            }
        },
        "10": {
            "P": {
                "Precision": 0.94,
                "Accuracy": 0.9982857142857142,
                "Recall": 0.94,
                "F1": 0.94,
                "norm2": 8.683469997544757e-05,
                "norminf": 0.00039109509843582746,
                "z": 0.0034352167566836095
            },
            "Q": {
                "Precision": 0.0,
                "Accuracy": 0.9714285714285715,
                "Recall": 0.0,
                "F1": 0.0,
                "norm2": 7.234642377255607e-05,
                "norminf": 0.001018400673222728,
                "z": 0.00714085427854445
            },
            "U": {
                "Precision": 0.0,
                "Accuracy": 0.9714285714285715,
                "Recall": 0.0,
                "F1": 0.0,
                "norm2": 0.0003804964563594762,
                "norminf": 0.0016388596326210125,
                "z": 0.00163754659273869
            },
            "I": {
                "Precision": 0.73,
                "Accuracy": 0.9845714285714284,
                "Recall": 1.0,
                "F1": 0.8200000000000002,
                "norm2": 0.00013712815964050343,
                "norminf": 0.0007827560996672988,
                "z": 0.004435687038061467
            }
        },
        "13": {
            "P": {
                "Precision": 1.0,
                "Accuracy": 1.0,
                "Recall": 1.0,
                "F1": 1.0,
                "norm2": 9.094087163607349e-05,
                "norminf": 0.0005002417461660525,
                "z": 0.004860078068737647
            },
            "Q": {
                "Precision": 0.0,
                "Accuracy": 0.9714285714285715,
                "Recall": 0.0,
                "F1": 0.0,
                "norm2": 0.00011176492480177285,
                "norminf": 0.0016459616458842975,
                "z": 0.01254633016496502
            },
            "U": {
                "Precision": 1.0,
                "Accuracy": 1.0,
                "Recall": 1.0,
                "F1": 1.0,
                "norm2": 0.00022186459551394697,
                "norminf": 0.0010804618617829887,
                "z": 0.0010794294932443328
            },
            "I": {
                "Precision": 0.945,
                "Accuracy": 0.9968571428571427,
                "Recall": 1.0,
                "F1": 0.9633333333333333,
                "norm2": 0.0001564520479984265,
                "norminf": 0.0010701349998320398,
                "z": 0.011684534838586924
            }
        }
    }
}