{
    "090neg": {
        "08": {
            "P": {
                "Precision": 0.0,
                "Accuracy": 0.9714285714285715,
                "Recall": 0.0,
                "norm2": 0.00030823674585117757,
                "norminf": 0.00023218632094562208
            },
            "Q": {
                "Precision": 0.0,
                "Accuracy": 0.9714285714285715,
                "Recall": 0.0,
                "norm2": 7.403465130660979e-05,
                "norminf": 3.900450679327316e-05
            },
            "U": {
                "Precision": 0.0,
                "Accuracy": 0.9714285714285715,
                "Recall": 0.0,
                "norm2": 0.0011130175753905572,
                "norminf": 0.0002988765777072466
            },
            "I": {
                "Precision": 0.0,
                "Accuracy": 0.9714285714285715,
                "Recall": 0.0,
                "norm2": 0.00016526838623586612,
                "norminf": 0.00011765020881879807
            }
        },
        "10": {
            "P": {
                "Precision": 0.0,
                "Accuracy": 0.9714285714285715,
                "Recall": 0.0,
                "norm2": 0.0008222801997376245,
                "norminf": 0.0006909472878293855
            },
            "Q": {
                "Precision": 0.0,
                "Accuracy": 0.9714285714285715,
                "Recall": 0.0,
                "norm2": 0.0002564655587927752,
                "norminf": 0.0001403297212443233
            },
            "U": {
                "Precision": 0.0,
                "Accuracy": 0.9714285714285715,
                "Recall": 0.0,
                "norm2": 0.0010795234951979954,
                "norminf": 0.0003182297094166464
            },
            "I": {
                "Precision": 0.0,
                "Accuracy": 0.9714285714285715,
                "Recall": 0.0,
                "norm2": 0.00045889505819839404,
                "norminf": 0.00036478959377067246
            }
        },
        "13": {
            "P": {
                "Precision": 0.29,
                "Accuracy": 0.9797142857142856,
                "Recall": 0.29,
                "norm2": 0.000987660626482283,
                "norminf": 0.0009313226613048831
            },
            "Q": {
                "Precision": 0.0,
                "Accuracy": 0.9714285714285715,
                "Recall": 0.0,
                "norm2": 0.00040282571504796967,
                "norminf": 0.00026037187475569487
            },
            "U": {
                "Precision": 0.0,
                "Accuracy": 0.9714285714285715,
                "Recall": 0.0,
                "norm2": 0.0011308219401240747,
                "norminf": 0.0003903698883375706
            },
            "I": {
                "Precision": 0.0,
                "Accuracy": 0.9714285714285715,
                "Recall": 0.0,
                "norm2": 0.0005719971696570473,
                "norminf": 0.0005244707624152023
            }
        }
    },
    "090pos": {
        "08": {
            "P": {
                "Precision": 0.0,
                "Accuracy": 0.9714285714285715,
                "Recall": 0.0,
                "norm2": 0.00025356830489910273,
                "norminf": 7.644010213524455e-05
            },
            "Q": {
                "Precision": 0.0,
                "Accuracy": 0.9714285714285715,
                "Recall": 0.0,
                "norm2": 9.217887974875213e-05,
                "norminf": 8.415022377494807e-05
            },
            "U": {
                "Precision": 0.0,
                "Accuracy": 0.9714285714285715,
                "Recall": 0.0,
                "norm2": 0.0012871076621533807,
                "norminf": 0.0003423849511346622
            },
            "I": {
                "Precision": 0.0,
                "Accuracy": 0.9714285714285715,
                "Recall": 0.0,
                "norm2": 0.00018130480183778388,
                "norminf": 6.459801919852736e-05
            }
        },
        "10": {
            "P": {
                "Precision": 0.0,
                "Accuracy": 0.9714285714285715,
                "Recall": 0.0,
                "norm2": 0.0008581242770554616,
                "norminf": 0.0002574482288697766
            },
            "Q": {
                "Precision": 0.0,
                "Accuracy": 0.9714285714285715,
                "Recall": 0.0,
                "norm2": 0.0002039019691242496,
                "norminf": 0.00019286456313795774
            },
            "U": {
                "Precision": 0.0,
                "Accuracy": 0.9714285714285715,
                "Recall": 0.0,
                "norm2": 0.0011610720243689743,
                "norminf": 0.00033350327529336533
            },
            "I": {
                "Precision": 0.0,
                "Accuracy": 0.9714285714285715,
                "Recall": 0.0,
                "norm2": 0.000574526706466905,
                "norminf": 0.00018427585376929346
            }
        },
        "13": {
            "P": {
                "Precision": 0.33,
                "Accuracy": 0.9808571428571429,
                "Recall": 0.33,
                "norm2": 0.0008908128470810083,
                "norminf": 0.00033028838038414945
            },
            "Q": {
                "Precision": 0.0,
                "Accuracy": 0.9714285714285715,
                "Recall": 0.0,
                "norm2": 0.00035899921048319634,
                "norminf": 0.00035326197513400713
            },
            "U": {
                "Precision": 0.0,
                "Accuracy": 0.9714285714285715,
                "Recall": 0.0,
                "norm2": 0.001149846194249868,
                "norminf": 0.00037321683611701183
            },
            "I": {
                "Precision": 0.0,
                "Accuracy": 0.9714285714285715,
                "Recall": 0.0,
                "norm2": 0.000730967724044768,
                "norminf": 0.0003382954226903001
            }
        }
    }
}