{
    "090neg": {
        "08": {
            "P": {
                "Precision": 0.0,
                "Accuracy": 0.9714285714285715,
                "Recall": 0.0,
                "norm2": 0.0002961884056383419,
                "norminf": 0.00024045147605886164
            },
            "Q": {
                "Precision": 0.0,
                "Accuracy": 0.9714285714285715,
                "Recall": 0.0,
                "norm2": 7.391573099531576e-05,
                "norminf": 3.9508714165755744e-05
            },
            "U": {
                "Precision": 0.0,
                "Accuracy": 0.9714285714285715,
                "Recall": 0.0,
                "norm2": 0.0012099366185788223,
                "norminf": 0.0003246807906710347
            },
            "I": {
                "Precision": 0.0,
                "Accuracy": 0.9714285714285715,
                "Recall": 0.0,
                "norm2": 0.00016793596745116906,
                "norminf": 0.00011637375341434163
            }
        },
        "10": {
            "P": {
                "Precision": 0.0,
                "Accuracy": 0.9714285714285715,
                "Recall": 0.0,
                "norm2": 0.0009027801940646354,
                "norminf": 0.0007870123830246711
            },
            "Q": {
                "Precision": 0.0,
                "Accuracy": 0.9714285714285715,
                "Recall": 0.0,
                "norm2": 0.0002830425476318359,
                "norminf": 0.00015882756609536197
            },
            "U": {
                "Precision": 0.0,
                "Accuracy": 0.9714285714285715,
                "Recall": 0.0,
                "norm2": 0.0010973797107288624,
                "norminf": 0.0003251810199515115
            },
            "I": {
                "Precision": 0.0,
                "Accuracy": 0.9714285714285715,
                "Recall": 0.0,
                "norm2": 0.0004329366395369297,
                "norminf": 0.00033977610516217505
            }
        },
        "13": {
            "P": {
                "Precision": 0.24,
                "Accuracy": 0.9782857142857143,
                "Recall": 0.24,
                "norm2": 0.0010093182322468586,
                "norminf": 0.0009665307569733494
            },
            "Q": {
                "Precision": 0.0,
                "Accuracy": 0.9714285714285715,
                "Recall": 0.0,
                "norm2": 0.0004036171674462806,
                "norminf": 0.00026357943324224585
            },
            "U": {
                "Precision": 0.0,
                "Accuracy": 0.9714285714285715,
                "Recall": 0.0,
                "norm2": 0.0011388858453300786,
                "norminf": 0.00039321160480580654
            },
            "I": {
                "Precision": 0.0,
                "Accuracy": 0.9714285714285715,
                "Recall": 0.0,
                "norm2": 0.0005808190996634457,
                "norminf": 0.0005295538050750881
            }
        }
    },
    "090pos": {
        "08": {
            "P": {
                "Precision": 0.0,
                "Accuracy": 0.9714285714285715,
                "Recall": 0.0,
                "norm2": 0.0002645202195025911,
                "norminf": 7.970637054580897e-05
            },
            "Q": {
                "Precision": 0.0,
                "Accuracy": 0.9714285714285715,
                "Recall": 0.0,
                "norm2": 9.262196231997259e-05,
                "norminf": 8.490139334522695e-05
            },
            "U": {
                "Precision": 0.0,
                "Accuracy": 0.9714285714285715,
                "Recall": 0.0,
                "norm2": 0.001200926716618767,
                "norminf": 0.00031943066148469866
            },
            "I": {
                "Precision": 0.0,
                "Accuracy": 0.9714285714285715,
                "Recall": 0.0,
                "norm2": 0.00018074152627769565,
                "norminf": 6.491867981790466e-05
            }
        },
        "10": {
            "P": {
                "Precision": 0.0,
                "Accuracy": 0.9714285714285715,
                "Recall": 0.0,
                "norm2": 0.0007731003612247755,
                "norminf": 0.00023126193087725122
            },
            "Q": {
                "Precision": 0.0,
                "Accuracy": 0.9714285714285715,
                "Recall": 0.0,
                "norm2": 0.00021537505555242452,
                "norminf": 0.00020448406133151796
            },
            "U": {
                "Precision": 0.0,
                "Accuracy": 0.9714285714285715,
                "Recall": 0.0,
                "norm2": 0.0010147662016158888,
                "norminf": 0.000291870139123227
            },
            "I": {
                "Precision": 0.0,
                "Accuracy": 0.9714285714285715,
                "Recall": 0.0,
                "norm2": 0.0005340430878922819,
                "norminf": 0.00016903425287431384
            }
        },
        "13": {
            "P": {
                "Precision": 0.38,
                "Accuracy": 0.9822857142857143,
                "Recall": 0.38,
                "norm2": 0.0010024722475204053,
                "norminf": 0.0004092186680696841
            },
            "Q": {
                "Precision": 0.0,
                "Accuracy": 0.9714285714285715,
                "Recall": 0.0,
                "norm2": 0.0003375865079729644,
                "norminf": 0.00033269757999023766
            },
            "U": {
                "Precision": 0.0,
                "Accuracy": 0.9714285714285715,
                "Recall": 0.0,
                "norm2": 0.0011338927890326633,
                "norminf": 0.00036904691843385294
            },
            "I": {
                "Precision": 0.0,
                "Accuracy": 0.9714285714285715,
                "Recall": 0.0,
                "norm2": 0.0007287918781370149,
                "norminf": 0.0003352607825290499
            }
        }
    }
}