{
    "090neg": {
        "08": {
            "P": {
                "Precision": 0.12,
                "Accuracy": 0.9748571428571431,
                "Recall": 0.12,
                "norm2": 0.001283623858160493,
                "norminf": 0.0010987357913726725
            },
            "Q": {
                "Precision": 0.0,
                "Accuracy": 0.9714285714285715,
                "Recall": 0.0,
                "norm2": 0.00038808161259188176,
                "norminf": 0.0002172185645730529
            },
            "U": {
                "Precision": 0.0,
                "Accuracy": 0.9714285714285715,
                "Recall": 0.0,
                "norm2": 0.00603247910524561,
                "norminf": 0.0016190941686569415
            },
            "I": {
                "Precision": 0.0,
                "Accuracy": 0.9714285714285715,
                "Recall": 0.0,
                "norm2": 0.0008119987208513956,
                "norminf": 0.0005387551898511988
            }
        },
        "10": {
            "P": {
                "Precision": 0.97,
                "Accuracy": 0.9991428571428571,
                "Recall": 0.97,
                "norm2": 0.0013404072733923132,
                "norminf": 0.0011734468938170161
            },
            "Q": {
                "Precision": 0.0,
                "Accuracy": 0.9714285714285715,
                "Recall": 0.0,
                "norm2": 0.0013802778985111364,
                "norminf": 0.0007884645384493006
            },
            "U": {
                "Precision": 0.0,
                "Accuracy": 0.9714285714285715,
                "Recall": 0.0,
                "norm2": 0.0056196157362697445,
                "norminf": 0.001658305963940383
            },
            "I": {
                "Precision": 0.45,
                "Accuracy": 0.9842857142857145,
                "Recall": 0.45,
                "norm2": 0.0016881495762310658,
                "norminf": 0.001289088292012154
            }
        },
        "13": {
            "P": {
                "Precision": 1.0,
                "Accuracy": 1.0,
                "Recall": 1.0,
                "norm2": 0.0016932457674404087,
                "norminf": 0.0016245710713015237
            },
            "Q": {
                "Precision": 0.0,
                "Accuracy": 0.9714285714285715,
                "Recall": 0.0,
                "norm2": 0.00199636544373903,
                "norminf": 0.0013212964373852199
            },
            "U": {
                "Precision": 1.0,
                "Accuracy": 1.0,
                "Recall": 1.0,
                "norm2": 0.003253525215719844,
                "norminf": 0.0011213128056533983
            },
            "I": {
                "Precision": 1.0,
                "Accuracy": 1.0,
                "Recall": 1.0,
                "norm2": 0.0016016489765495682,
                "norminf": 0.0014269391211438288
            }
        }
    },
    "090pos": {
        "08": {
            "P": {
                "Precision": 0.0,
                "Accuracy": 0.9714285714285715,
                "Recall": 0.0,
                "norm2": 0.00105222186828418,
                "norminf": 0.00032997151820299606
            },
            "Q": {
                "Precision": 0.0,
                "Accuracy": 0.9714285714285715,
                "Recall": 0.0,
                "norm2": 0.0004941938904715549,
                "norminf": 0.00045658375728730105
            },
            "U": {
                "Precision": 0.0,
                "Accuracy": 0.9714285714285715,
                "Recall": 0.0,
                "norm2": 0.005975194387895208,
                "norminf": 0.0015945934615551672
            },
            "I": {
                "Precision": 0.0,
                "Accuracy": 0.9714285714285715,
                "Recall": 0.0,
                "norm2": 0.0008822010414732246,
                "norminf": 0.0003200751639278554
            }
        },
        "10": {
            "P": {
                "Precision": 0.71,
                "Accuracy": 0.9917142857142859,
                "Recall": 0.71,
                "norm2": 0.0018296090502764725,
                "norminf": 0.0005472609819016272
            },
            "Q": {
                "Precision": 0.0,
                "Accuracy": 0.9714285714285715,
                "Recall": 0.0,
                "norm2": 0.0011429208437405333,
                "norminf": 0.001093950955509706
            },
            "U": {
                "Precision": 0.0,
                "Accuracy": 0.9714285714285715,
                "Recall": 0.0,
                "norm2": 0.005684461607014471,
                "norminf": 0.00163610002733646
            },
            "I": {
                "Precision": 0.0,
                "Accuracy": 0.9714285714285715,
                "Recall": 0.0,
                "norm2": 0.002749447419087229,
                "norminf": 0.0008454706431838522
            }
        },
        "13": {
            "P": {
                "Precision": 1.0,
                "Accuracy": 1.0,
                "Recall": 1.0,
                "norm2": 0.0014210151086434379,
                "norminf": 0.0005838999677882262
            },
            "Q": {
                "Precision": 0.0,
                "Accuracy": 0.9714285714285715,
                "Recall": 0.0,
                "norm2": 0.0017890251365910129,
                "norminf": 0.001766275346771975
            },
            "U": {
                "Precision": 1.0,
                "Accuracy": 1.0,
                "Recall": 1.0,
                "norm2": 0.003331204655392041,
                "norminf": 0.00108444611367849
            },
            "I": {
                "Precision": 1.0,
                "Accuracy": 1.0,
                "Recall": 1.0,
                "norm2": 0.002077562076105255,
                "norminf": 0.0009850425462812674
            }
        }
    }
}