{
  "irrad_LV0101": 601.8298652437959,
  "irrad_LV0102": 710.153967423427,
  "irrad_LV0103": 596.6961895224462,
  "irrad_LV0201": 688.8672453426386,
  "irrad_LV0202": 739.7110347944766,
  "irrad_LV0203": 566.4465282648151
}