{
  "P_LV0101": 0.1805140517558311,
  "Q_LV0101": 0.08228685981669262,
  "U_LV0101": 1.022059589351275,
  "I_LV0101_MV0101": 0.19410277417973826,
  "P_LV0102": 0.21300499930848646,
  "Q_LV0102": 0.08228685981669288,
  "U_LV0102": 1.0231594302533307,
  "I_LV0102_MV0102": 0.22317811320405373,
  "P_LV0103": 0.17897424680699228,
  "Q_LV0103": 0.0822868598166913,
  "U_LV0103": 1.0225167388726224,
  "I_LV0103_MV0103": 0.19264676145074452,
  "P_LV0201": 0.20662021737373354,
  "Q_LV0201": 0.08228685981669243,
  "U_LV0201": 1.0231943101283925,
  "I_LV0201_MV0201": 0.21736133489851464,
  "P_LV0202": 0.22187040512713394,
  "Q_LV0202": 0.08228685981669229,
  "U_LV0202": 1.0238835083534485,
  "I_LV0202_MV0202": 0.23111821491540815,
  "P_LV0203": 0.16990110299475494,
  "Q_LV0203": 0.08228685981669188,
  "U_LV0203": 1.0228135134813487,
  "I_LV0203_MV0203": 0.18456835076900616,
  "P_POIMV_MV0101": -0.5687560206406488,
  "Q_POIMV_MV0101": -0.2306582455980788,
  "U_POIMV": 1.0059672890632039,
  "I_POIMV_MV0101": 0.610107337413442,
  "P_POIMV_MV0201": -0.5940861320900694,
  "Q_POIMV_MV0201": -0.2293451876034851,
  "I_POIMV_MV0201": 0.6330407629387107,
  "P_POI_POIMV": -1.162832152730497,
  "Q_POI_POIMV": -0.44044843822302937,
  "U_POI": 1.0001190409944796,
  "I_POI_POIMV": 1.2433042233618778
}