{
  "P_LV0101": 0.000535,
  "Q_LV0101": 0.001587,
  "U_LV0101": 0.002510,
  "I_LV0101_MV0101": 0.000377,
  "P_LV0102": 0.000478,
  "Q_LV0102": 0.001419,
  "U_LV0102": 0.002509,
  "I_LV0102_MV0102": 0.000337,
  "P_LV0103": 0.000463,
  "Q_LV0103": 0.001375,
  "U_LV0103": 0.002509,
  "I_LV0103_MV0103": 0.000327,
  "P_LV0201": 0.000411,
  "Q_LV0201": 0.001220,
  "U_LV0201": 0.002508,
  "I_LV0201_MV0201": 0.000290,
  "P_LV0202": 0.000475,
  "Q_LV0202": 0.001408,
  "U_LV0202": 0.002510,
  "I_LV0202_MV0202": 0.000334,
  "P_LV0203": 0.000446,
  "Q_LV0203": 0.001323,
  "U_LV0203": 0.002509,
  "I_LV0203_MV0203": 0.000314,
  "P_POIMV_MV0101": 0.001472,
  "Q_POIMV_MV0101": 0.004363,
  "U_POIMV": 0.002499,
  "I_POIMV_MV0101": 0.001040,
  "P_POIMV_MV0201": 0.001328,
  "Q_POIMV_MV0201": 0.003935,
  "I_POIMV_MV0201": 0.000938,
  "P_POI_POIMV": 0.002805,
  "Q_POI_POIMV": 0.008298,
  "U_POI": 0.002500,
  "I_POI_POIMV": 0.001978
}
