{
  "irrad_LV0101": 1092.1530713428842,
  "irrad_LV0102": 1111.4202175123305,
  "irrad_LV0103": 1090.7373757218295,
  "irrad_LV0201": 1066.4483602903142,
  "irrad_LV0202": 1062.9631394366227,
  "irrad_LV0203": 1034.013085040026
}