{
  "irrad_LV0101": 1089.3345284671852,
  "irrad_LV0102": 1091.1054088852309,
  "irrad_LV0103": 1193.7584719138572,
  "irrad_LV0201": 1247.636206089893,
  "irrad_LV0202": 1109.111749970899,
  "irrad_LV0203": 1211.6408669223254
}