{
  "irrad_LV0101": 999.9260970941147,
  "irrad_LV0102": 1083.0586626604409,
  "irrad_LV0103": 1100.5860241874532,
  "irrad_LV0201": 1104.4485489383235,
  "irrad_LV0202": 1028.4570381098645,
  "irrad_LV0203": 1119.828018088138
}