{
  "P_LV0101": 0.32673717408736774,
  "Q_LV0101": -4.855745104918156e-16,
  "U_LV0101": 1.0066847860979882,
  "I_LV0101_MV0101": 0.18738913910161892,
  "P_LV0102": 0.32726833549675893,
  "Q_LV0102": -2.5706325665139963e-16,
  "U_LV0102": 1.0071520944448156,
  "I_LV0102_MV0102": 0.18760668089604765,
  "P_LV0103": 0.35805830024026253,
  "Q_LV0103": -2.7894867085904696e-16,
  "U_LV0103": 1.008033223922991,
  "I_LV0103_MV0103": 0.2050776215736003,
  "P_LV0201": 0.3629367078446528,
  "Q_LV0201": -5.653827633021587e-16,
  "U_LV0201": 1.0081575217907028,
  "I_LV0201_MV0201": 0.20784609690826517,
  "P_LV0202": 0.3326691934042586,
  "Q_LV0202": -3.7785669331596877e-16,
  "U_LV0202": 1.0079905372648994,
  "I_LV0202_MV0202": 0.19054409864223693,
  "P_LV0203": 0.3631917104581704,
  "Q_LV0203": 2.635482900137751e-16,
  "U_LV0203": 1.0088658623838065,
  "I_LV0203_MV0203": 0.2078460969082653,
  "P_POIMV_MV0101": -1.001937581461334,
  "Q_POIMV_MV0101": 0.046065107362665,
  "U_POIMV": 0.9983479550344831,
  "I_POIMV_MV0101": 0.5800382412149804,
  "P_POIMV_MV0201": -1.0469969617186052,
  "Q_POIMV_MV0201": 0.05063895780835992,
  "I_POIMV_MV0201": 0.6061920440972395,
  "P_POI_POIMV": -2.048924543179555,
  "Q_POI_POIMV": 0.1511044892981772,
  "U_POI": 0.9999589836459413,
  "I_POI_POIMV": 1.1862083326702635
}