{
  "P_LV0101": 0.2999198306148099,
  "Q_LV0101": 4.231455051568275e-16,
  "U_LV0101": 1.0063114329452083,
  "I_LV0101_MV0101": 0.29803877884704505,
  "P_LV0102": 0.3248547783631337,
  "Q_LV0102": 4.2974883580294394e-16,
  "U_LV0102": 1.00728400050775,
  "I_LV0102_MV0102": 0.32250564706615165,
  "P_LV0103": 0.3301119701851922,
  "Q_LV0103": -4.590826825069759e-16,
  "U_LV0103": 1.0076153507393062,
  "I_LV0103_MV0103": 0.3276170514303726,
  "P_LV0201": 0.33127050357320265,
  "Q_LV0201": -5.278878537948433e-16,
  "U_LV0201": 1.0076399395165414,
  "I_LV0201_MV0201": 0.3287588061784688,
  "P_LV0202": 0.3084774580450693,
  "Q_LV0202": 4.297735211034909e-16,
  "U_LV0202": 1.0075831965341215,
  "I_LV0202_MV0202": 0.3061558183047992,
  "P_LV0203": 0.335883452265874,
  "Q_LV0203": 2.989408790608518e-16,
  "U_LV0203": 1.0083901642837463,
  "I_LV0203_MV0203": 0.33308878265829783,
  "P_POIMV_MV0101": -0.9458657459658752,
  "Q_POIMV_MV0101": 0.04088118976528676,
  "U_POIMV": 0.9985700966589217,
  "I_POIMV_MV0101": 0.9481044929058128,
  "P_POIMV_MV0201": -0.9656016623076766,
  "Q_POIMV_MV0201": 0.04279195126201785,
  "I_POIMV_MV0201": 0.9679334402435328,
  "P_POI_POIMV": -1.9114574082725808,
  "Q_POI_POIMV": 0.13090921147795598,
  "U_POI": 0.9999644651123064,
  "I_POI_POIMV": 1.9160030121583933
}