{
  "P_LV0101": 0.32758257346669867,
  "Q_LV0101": -8.461489714186958e-16,
  "U_LV0101": 1.0069078099051993,
  "I_LV0101_MV0101": 0.18783237662108856,
  "P_LV0102": 0.33336159976910695,
  "Q_LV0102": -3.1335338305746058e-16,
  "U_LV0102": 1.0074701366329892,
  "I_LV0102_MV0102": 0.19103931954490447,
  "P_LV0103": 0.32715794689469246,
  "Q_LV0103": -1.284694765074022e-15,
  "U_LV0103": 1.00755705905199,
  "I_LV0103_MV0103": 0.1874680217961031,
  "P_LV0201": 0.31987265109614216,
  "Q_LV0201": 6.535291071629581e-16,
  "U_LV0201": 1.007364312570887,
  "I_LV0201_MV0201": 0.18332847303816047,
  "P_LV0202": 0.3188272869926027,
  "Q_LV0202": 2.0167220124560003e-16,
  "U_LV0202": 1.007761801615418,
  "I_LV0202_MV0202": 0.18265727047315092,
  "P_LV0203": 0.31014394985783883,
  "Q_LV0203": 5.577765358506635e-16,
  "U_LV0203": 1.0077826928695466,
  "I_LV0203_MV0203": 0.17767887284122658,
  "P_POIMV_MV0101": -0.9784835460072827,
  "Q_POIMV_MV0101": 0.04375883451484697,
  "U_POIMV": 0.9985619821251539,
  "I_POIMV_MV0101": 0.5663067362299027,
  "P_POIMV_MV0201": -0.9393673126630802,
  "Q_POIMV_MV0201": 0.040360132363275625,
  "I_POIMV_MV0201": 0.5436260704895634,
  "P_POI_POI_MV": -1.9178408586699127,
  "Q_POI_POI_MV": 0.13167599405596775,
  "U_POI": 0.9999642568528724,
  "I_POI_POI_MV": 1.1099123561400097
}