{
  "irrad_LV0101": 1216.3284569925263,
  "irrad_LV0102": 1117.0882656936403,
  "irrad_LV0103": 1108.3696589376416,
  "irrad_LV0201": 1110.5897466487463,
  "irrad_LV0202": 1119.9236219957286,
  "irrad_LV0203": 1128.464560452954
}