{
  "P_LV0101": 0.036327354539481486,
  "Q_LV0101": 4.3705612341836e-17,
  "U_LV0101": 1.0090931816522635,
  "I_LV0101_MV0101": 0.02078460969082653,
  "P_LV0102": 0.03350616854608347,
  "Q_LV0102": -1.6374872977659974e-17,
  "U_LV0102": 1.008951503901888,
  "I_LV0102_MV0102": 0.019173166752596848,
  "P_LV0103": 0.033244660913763914,
  "Q_LV0103": 4.465622973426663e-18,
  "U_LV0103": 1.0091175656332598,
  "I_LV0103_MV0103": 0.019020394234872503,
  "P_LV0201": 0.0333112506679667,
  "Q_LV0201": 4.123663313957315e-18,
  "U_LV0201": 1.0091285053897865,
  "I_LV0201_MV0201": 0.019058285874864883,
  "P_LV0202": 0.033591212789285674,
  "Q_LV0202": -1.2299552121150797e-18,
  "U_LV0202": 1.0096355562089832,
  "I_LV0202_MV0202": 0.019208808195227398,
  "P_LV0203": 0.03384739140316793,
  "Q_LV0203": 5.127724245451842e-17,
  "U_LV0203": 1.0099141380966492,
  "I_LV0203_MV0203": 0.01934996233918994,
  "P_POIMV_MV0101": -0.10203592091343694,
  "Q_POIMV_MV0101": 0.004762000861717297,
  "U_POIMV": 0.9999990663642077,
  "I_POIMV_MV0101": 0.05897464226826646,
  "P_POIMV_MV0201": -0.09968462079736184,
  "Q_POIMV_MV0201": 0.004551728270328681,
  "I_POIMV_MV0201": 0.05761296279945797,
  "P_POI_POI_MV": -0.20171954171083756,
  "Q_POI_POI_MV": 0.009257148951292038,
  "U_POI": 0.999999068935639,
  "I_POI_POI_MV": 0.11658551117223734
}