{
  "irrad_LV0101": 260.9853850617666,
  "irrad_LV0102": 231.22496738316153,
  "irrad_LV0103": 284.2236276323717,
  "irrad_LV0201": 297.1417743048955,
  "irrad_LV0202": 254.9361387899252,
  "irrad_LV0203": 262.36538296277956
}