{
  "P_LV0101": 0.07828047763543738,
  "Q_LV0101": 0.038113435975580465,
  "U_LV0101": 1.010421140105433,
  "I_LV0101_MV0101": 0.049749066338173005,
  "P_LV0102": 0.06935407851941033,
  "Q_LV0102": 0.03811343597558108,
  "U_LV0102": 1.0103299689414613,
  "I_LV0102_MV0102": 0.04522246633053003,
  "P_LV0103": 0.08525060252348267,
  "Q_LV0103": 0.03811343597558095,
  "U_LV0103": 1.0108191263364852,
  "I_LV0103_MV0103": 0.05333737224631899,
  "P_LV0201": 0.08912529723656198,
  "Q_LV0201": 0.03811343597558182,
  "U_LV0201": 1.0109261284099926,
  "I_LV0201_MV0201": 0.05535927068459336,
  "P_LV0202": 0.07646605462710657,
  "Q_LV0202": 0.038113435975580194,
  "U_LV0202": 1.010740337995245,
  "I_LV0202_MV0202": 0.04880361896505199,
  "P_LV0203": 0.07869439696199897,
  "Q_LV0203": 0.03811343597558117,
  "U_LV0203": 1.0108698090545722,
  "I_LV0203_MV0203": 0.049939644785512154,
  "P_POIMV_MV0101": -0.23222200858072028,
  "Q_POIMV_MV0101": -0.11251956487467396,
  "U_POIMV": 1.0029700110565465,
  "I_POIMV_MV0101": 0.14854172972422103,
  "P_POIMV_MV0201": -0.24352352499965946,
  "Q_POIMV_MV0201": -0.11253057041125203,
  "I_POIMV_MV0201": 0.15442500751963656,
  "P_POI_POIMV": -0.475735533580211,
  "Q_POI_POIMV": -0.2220310090019666,
  "U_POI": 1.0000600290073642,
  "I_POI_POIMV": 0.3030890843797549
}