{
  "P_LV0101": 0.08250470250255823,
  "Q_LV0101": 0.05520816974138092,
  "U_LV0101": 1.0141818563352243,
  "I_LV0101_MV0101": 0.09788401415152304,
  "P_LV0102": 0.0569011449642026,
  "Q_LV0102": 0.055208169741380785,
  "U_LV0102": 1.0136615562558853,
  "I_LV0102_MV0102": 0.07821377316294416,
  "P_LV0103": 0.08333190178513646,
  "Q_LV0103": 0.05520816974138118,
  "U_LV0103": 1.0144323403398265,
  "I_LV0103_MV0103": 0.09853858914147036,
  "P_LV0201": 0.07376406776897218,
  "Q_LV0201": 0.05520816974138004,
  "U_LV0201": 1.01424339782389,
  "I_LV0201_MV0201": 0.09084229889468126,
  "P_LV0202": 0.0934727389664925,
  "Q_LV0202": 0.055208169741380195,
  "U_LV0202": 1.0149434928704364,
  "I_LV0202_MV0202": 0.10696080902880682,
  "P_LV0203": 0.11399060499182395,
  "Q_LV0203": 0.055208169741379924,
  "U_LV0203": 1.015566997799281,
  "I_LV0203_MV0203": 0.12471479286266225,
  "P_POIMV_MV0101": -0.221977198543982,
  "Q_POIMV_MV0101": -0.16334331496545929,
  "U_POIMV": 1.0042937803341532,
  "I_POIMV_MV0101": 0.2744208900427122,
  "P_POIMV_MV0201": -0.28009138067079675,
  "Q_POIMV_MV0201": -0.16219416191233904,
  "I_POIMV_MV0201": 0.3222798039720091,
  "P_POI_POIMV": -0.502058579214029,
  "Q_POI_POIMV": -0.3214812829614857,
  "U_POI": 1.0000869171270794,
  "I_POI_POIMV": 0.5961134601329299
}