{
  "P_LV0101": 0.000137,
  "Q_LV0101": 0.000192,
  "U_LV0101": 0.002523,
  "I_LV0101_MV0101": 0.000036,
  "P_LV0102": 0.000137,
  "Q_LV0102": 0.000209,
  "U_LV0102": 0.002524,
  "I_LV0102_MV0102": 0.000038,
  "P_LV0103": 0.000137,
  "Q_LV0103": 0.000224,
  "U_LV0103": 0.002525,
  "I_LV0103_MV0103": 0.000040,
  "P_LV0201": 0.000137,
  "Q_LV0201": 0.000203,
  "U_LV0201": 0.002524,
  "I_LV0201_MV0201": 0.000037,
  "P_LV0202": 0.000137,
  "Q_LV0202": 0.000165,
  "U_LV0202": 0.002523,
  "I_LV0202_MV0202": 0.000033,
  "P_LV0203": 0.000138,
  "Q_LV0203": 0.000245,
  "U_LV0203": 0.002526,
  "I_LV0203_MV0203": 0.000043,
  "P_POIMV_MV0101": 0.000404,
  "Q_POIMV_MV0101": 0.000623,
  "U_POIMV": 0.002500,
  "I_POIMV_MV0101": 0.000114,
  "P_POIMV_MV0201": 0.000405,
  "Q_POIMV_MV0201": 0.000614,
  "I_POIMV_MV0201": 0.000113,
  "P_POI_POI_MV": 0.000810,
  "Q_POI_POI_MV": 0.001237,
  "U_POI": 0.002500,
  "I_POI_POI_MV": 0.000227
}
