{
  "irrad_LV0101": 912.3775163112962,
  "irrad_LV0102": 889.6309767315269,
  "irrad_LV0103": 1024.0530698468765,
  "irrad_LV0201": 856.8069426584862,
  "irrad_LV0202": 951.433886508521,
  "irrad_LV0203": 909.7407408353994
}