{
  "P_LV0101": 0.002020,
  "Q_LV0101": 0.003556,
  "U_LV0101": 0.002429,
  "I_LV0101_MV0101": 0.000951,
  "P_LV0102": 0.001994,
  "Q_LV0102": 0.003426,
  "U_LV0102": 0.002429,
  "I_LV0102_MV0102": 0.000921,
  "P_LV0103": 0.002019,
  "Q_LV0103": 0.003551,
  "U_LV0103": 0.002430,
  "I_LV0103_MV0103": 0.000949,
  "P_LV0201": 0.001981,
  "Q_LV0201": 0.003361,
  "U_LV0201": 0.002429,
  "I_LV0201_MV0201": 0.000907,
  "P_LV0202": 0.002003,
  "Q_LV0202": 0.003471,
  "U_LV0202": 0.002430,
  "I_LV0202_MV0202": 0.000931,
  "P_LV0203": 0.001993,
  "Q_LV0203": 0.003422,
  "U_LV0203": 0.002430,
  "I_LV0203_MV0203": 0.000920,
  "P_POIMV_MV0101": 0.006515,
  "Q_POIMV_MV0101": 0.010436,
  "U_POIMV": 0.002464,
  "I_POIMV_MV0101": 0.002820,
  "P_POIMV_MV0201": 0.006444,
  "Q_POIMV_MV0201": 0.010154,
  "I_POIMV_MV0201": 0.002756,
  "P_POI_POIMV": 0.013536,
  "Q_POI_POIMV": 0.020632,
  "U_POI": 0.002499,
  "I_POI_POIMV": 0.005575
}
