{
  "irrad_LV0101": 28.179548554475968,
  "irrad_LV0102": 26.11936784305535,
  "irrad_LV0103": -50.00904073219849,
  "irrad_LV0201": -69.14548166414576,
  "irrad_LV0202": -9.707091853784258,
  "irrad_LV0203": 22.427015863776933
}