{
  "P_LV0101": 0.000054,
  "Q_LV0101": 0.000181,
  "U_LV0101": 0.002499,
  "I_LV0101_MV0101": 0.000050,
  "P_LV0102": 0.000078,
  "Q_LV0102": 0.000246,
  "U_LV0102": 0.002499,
  "I_LV0102_MV0102": 0.000064,
  "P_LV0103": 0.000062,
  "Q_LV0103": 0.000204,
  "U_LV0103": 0.002501,
  "I_LV0103_MV0103": 0.000055,
  "P_LV0201": 0.000067,
  "Q_LV0201": 0.000215,
  "U_LV0201": 0.002499,
  "I_LV0201_MV0201": 0.000057,
  "P_LV0202": 0.000062,
  "Q_LV0202": 0.000205,
  "U_LV0202": 0.002499,
  "I_LV0202_MV0202": 0.000056,
  "P_LV0203": 0.000093,
  "Q_LV0203": 0.000295,
  "U_LV0203": 0.002498,
  "I_LV0203_MV0203": 0.000077,
  "P_POIMV_MV0101": 0.000113,
  "Q_POIMV_MV0101": 0.000370,
  "U_POIMV": 0.002500,
  "I_POIMV_MV0101": 0.000103,
  "P_POIMV_MV0201": 0.000213,
  "Q_POIMV_MV0201": 0.000673,
  "I_POIMV_MV0201": 0.000176,
  "P_POI_POIMV": 0.000363,
  "Q_POI_POIMV": 0.001184,
  "U_POI": 0.002500,
  "I_POI_POIMV": 0.000323
}
