{
  "irrad_LV0101": 1120.968332273377,
  "irrad_LV0102": 1171.514887102742,
  "irrad_LV0103": 1155.2877188932628,
  "irrad_LV0201": 1066.6313695781523,
  "irrad_LV0202": 1078.618663247236,
  "irrad_LV0203": 1123.8359845223054
}