{
  "irrad_LV0101": 1066.6387083586164,
  "irrad_LV0102": 1163.642638370414,
  "irrad_LV0103": 1104.2334401868648,
  "irrad_LV0201": 1114.7181608310098,
  "irrad_LV0202": 1172.5551299321808,
  "irrad_LV0203": 1141.1733919299008
}