{
  "irrad_LV0101": 1113.163423696583,
  "irrad_LV0102": 1101.8208231705244,
  "irrad_LV0103": 1071.0064286091622,
  "irrad_LV0201": 1113.8556963201484,
  "irrad_LV0202": 1086.1673075574417,
  "irrad_LV0203": 1074.2689968023217
}