{
  "P_LV0101": 0.31992974447591194,
  "Q_LV0101": 0.16577659186283314,
  "U_LV0101": 1.0416761037426805,
  "I_LV0101_MV0101": 0.34591261501457143,
  "P_LV0102": 0.34902529697989937,
  "Q_LV0102": 0.16577659186283242,
  "U_LV0102": 1.0428657225783138,
  "I_LV0102_MV0102": 0.37051201069932915,
  "P_LV0103": 0.331205983424675,
  "Q_LV0103": 0.16577659186283242,
  "U_LV0103": 1.0427843494254763,
  "I_LV0103_MV0103": 0.3551810264941511,
  "P_LV0201": 0.33435079147476393,
  "Q_LV0201": 0.1657765918628337,
  "U_LV0201": 1.0428683208143599,
  "I_LV0201_MV0201": 0.35785158556277663,
  "P_LV0202": 0.35169852749896396,
  "Q_LV0202": 0.1657765918628334,
  "U_LV0202": 1.0438191319428498,
  "I_LV0202_MV0202": 0.37248853980298274,
  "P_LV0203": 0.342285826326953,
  "Q_LV0203": 0.16577659186283322,
  "U_LV0203": 1.0439193531982012,
  "I_LV0203_MV0203": 0.3643170170593794,
  "P_POIMV_MV0101": -0.988663659803251,
  "Q_POIMV_MV0101": -0.44484815317491666,
  "U_POIMV": 1.0113195646878164,
  "I_POIMV_MV0101": 1.071999059872008,
  "P_POIMV_MV0201": -1.0155112256568373,
  "Q_POIMV_MV0201": -0.44226794756286836,
  "I_POIMV_MV0201": 1.0952412700091492,
  "P_POI_POIMV": -2.0041648854585854,
  "Q_POI_POIMV": -0.826526598901637,
  "U_POI": 1.0002233098731668,
  "I_POI_POIMV": 2.167423534034484
}