{
  "P_LV0101": 0.3362254803800299,
  "Q_LV0101": 0.16325801201152096,
  "U_LV0101": 1.0415316926423575,
  "I_LV0101_MV0101": 0.3588615119743961,
  "P_LV0102": 0.35138651498712914,
  "Q_LV0102": 0.16325801201152038,
  "U_LV0102": 1.0424383653773326,
  "I_LV0102_MV0102": 0.3716867506973848,
  "P_LV0103": 0.3465193057454776,
  "Q_LV0103": 0.16325801201152185,
  "U_LV0103": 1.042633967102974,
  "I_LV0103_MV0103": 0.3673887259480289,
  "P_LV0201": 0.31992754326744244,
  "Q_LV0201": 0.16325801201152054,
  "U_LV0201": 1.042024219698859,
  "I_LV0201_MV0201": 0.34468985969502025,
  "P_LV0202": 0.32352303607157035,
  "Q_LV0202": 0.16325801201152143,
  "U_LV0202": 1.0426704528885058,
  "I_LV0202_MV0202": 0.34755130338825707,
  "P_LV0203": 0.3370856097228487,
  "Q_LV0203": 0.16325801201152107,
  "U_LV0203": 1.0432425681497361,
  "I_LV0203_MV0203": 0.35901484256244737,
  "P_POIMV_MV0101": -1.0220713609546692,
  "Q_POIMV_MV0101": -0.434651327551137,
  "U_POIMV": 1.0111504868800405,
  "I_POIMV_MV0101": 1.0984059399242085,
  "P_POIMV_MV0201": -0.9687049652148971,
  "Q_POIMV_MV0201": -0.4391106405813048,
  "I_POIMV_MV0201": 1.0518536922738757,
  "P_POI_POIMV": -1.990766326168562,
  "Q_POI_POIMV": -0.8141331557958438,
  "U_POI": 1.000219961919786,
  "I_POI_POIMV": 2.1503322907099456
}