{
  "irrad_LV0101": 390.68836003381756,
  "irrad_LV0102": 327.79673231299523,
  "irrad_LV0103": 427.5063152164809,
  "irrad_LV0201": 381.07002662509586,
  "irrad_LV0202": 303.91520982937755,
  "irrad_LV0203": 370.02111865023545
}