{
  "P_LV0101": 0.000414,
  "Q_LV0101": 0.001229,
  "U_LV0101": 0.002508,
  "I_LV0101_MV0101": 0.000292,
  "P_LV0102": 0.000348,
  "Q_LV0102": 0.001031,
  "U_LV0102": 0.002507,
  "I_LV0102_MV0102": 0.000245,
  "P_LV0103": 0.000453,
  "Q_LV0103": 0.001345,
  "U_LV0103": 0.002509,
  "I_LV0103_MV0103": 0.000319,
  "P_LV0201": 0.000404,
  "Q_LV0201": 0.001199,
  "U_LV0201": 0.002508,
  "I_LV0201_MV0201": 0.000285,
  "P_LV0202": 0.000322,
  "Q_LV0202": 0.000956,
  "U_LV0202": 0.002507,
  "I_LV0202_MV0202": 0.000227,
  "P_LV0203": 0.000392,
  "Q_LV0203": 0.001164,
  "U_LV0203": 0.002508,
  "I_LV0203_MV0203": 0.000277,
  "P_POIMV_MV0101": 0.001212,
  "Q_POIMV_MV0101": 0.003593,
  "U_POIMV": 0.002500,
  "I_POIMV_MV0101": 0.000857,
  "P_POIMV_MV0201": 0.001116,
  "Q_POIMV_MV0201": 0.003308,
  "I_POIMV_MV0201": 0.000789,
  "P_POI_POIMV": 0.002330,
  "Q_POI_POIMV": 0.006900,
  "U_POI": 0.002500,
  "I_POI_POIMV": 0.001645
}
