{
  "P_LV0101": 0.05437015587706549,
  "Q_LV0101": 0.02013728611637477,
  "U_LV0101": 1.0059252095056448,
  "I_LV0101_MV0101": 0.057637997638401134,
  "P_LV0102": 0.021915075342810637,
  "Q_LV0102": 0.020137286116375466,
  "U_LV0102": 1.0051228979877334,
  "I_LV0102_MV0102": 0.02961037919465298,
  "P_LV0103": 0.05150100224505621,
  "Q_LV0103": 0.020137286116374793,
  "U_LV0103": 1.0059638368327724,
  "I_LV0103_MV0103": 0.05497011943905612,
  "P_LV0201": 0.053681764163046514,
  "Q_LV0201": 0.020137286116374588,
  "U_LV0201": 1.0060583978209878,
  "I_LV0201_MV0201": 0.05698921231051537,
  "P_LV0202": 0.06596381731944939,
  "Q_LV0202": 0.020137286116374054,
  "U_LV0202": 1.0064762233041773,
  "I_LV0202_MV0202": 0.06852530563112644,
  "P_LV0203": 0.04157829245294624,
  "Q_LV0203": 0.02013728611637497,
  "U_LV0203": 1.0058669951185026,
  "I_LV0203_MV0203": 0.04592863962103982,
  "P_POIMV_MV0101": -0.12757173457634963,
  "Q_POIMV_MV0101": -0.06067724752870163,
  "U_POIMV": 1.0016088763902917,
  "I_POIMV_MV0101": 0.14103976781788355,
  "P_POIMV_MV0201": -0.1609032142939668,
  "Q_POIMV_MV0201": -0.060549671610147016,
  "I_POIMV_MV0201": 0.17164274491371825,
  "P_POI_POIMV": -0.2884649488698006,
  "Q_POI_POIMV": -0.12052210482715964,
  "U_POI": 1.0000325870815816,
  "I_POI_POIMV": 0.31261995269527904
}