{
  "P_LV0101": 0.000290,
  "Q_LV0101": 0.000585,
  "U_LV0101": 0.002515,
  "I_LV0101_MV0101": 0.000148,
  "P_LV0102": 0.000278,
  "Q_LV0102": 0.000298,
  "U_LV0102": 0.002513,
  "I_LV0102_MV0102": 0.000099,
  "P_LV0103": 0.000288,
  "Q_LV0103": 0.000566,
  "U_LV0103": 0.002515,
  "I_LV0103_MV0103": 0.000145,
  "P_LV0201": 0.000290,
  "Q_LV0201": 0.000581,
  "U_LV0201": 0.002515,
  "I_LV0201_MV0201": 0.000147,
  "P_LV0202": 0.000315,
  "Q_LV0202": 0.000695,
  "U_LV0202": 0.002516,
  "I_LV0202_MV0202": 0.000171,
  "P_LV0203": 0.000283,
  "Q_LV0203": 0.000490,
  "U_LV0203": 0.002515,
  "I_LV0203_MV0203": 0.000133,
  "P_POIMV_MV0101": 0.000852,
  "Q_POIMV_MV0101": 0.001492,
  "U_POIMV": 0.002504,
  "I_POIMV_MV0101": 0.000403,
  "P_POIMV_MV0201": 0.000869,
  "Q_POIMV_MV0201": 0.001738,
  "I_POIMV_MV0201": 0.000442,
  "P_POI_POIMV": 0.001713,
  "Q_POI_POIMV": 0.003242,
  "U_POI": 0.002500,
  "I_POI_POIMV": 0.000850
}
