{
  "P_LV0101": 0.005747744311420483,
  "Q_LV0101": 0.005147323823383832,
  "U_LV0101": 1.0013377459754706,
  "I_LV0101_MV0101": 0.0077053585368319424,
  "P_LV0102": 0.002622604757953978,
  "Q_LV0102": 0.005147323823384231,
  "U_LV0102": 1.001264485067872,
  "I_LV0102_MV0102": 0.005769641128902735,
  "P_LV0103": 0.008771450249642548,
  "Q_LV0103": 0.005147323823384839,
  "U_LV0103": 1.0014430133841408,
  "I_LV0103_MV0103": 0.010155560826300092,
  "P_LV0201": -0.0030629091419508555,
  "Q_LV0201": 0.005147323823384622,
  "U_LV0201": 1.0011011055608734,
  "I_LV0201_MV0201": 0.005983099359738265,
  "P_LV0202": -0.0023263893429475166,
  "Q_LV0202": 0.005147323823385312,
  "U_LV0202": 1.0011326016796356,
  "I_LV0202_MV0202": 0.005642240389329101,
  "P_LV0203": 0.010627893651700413,
  "Q_LV0203": 0.005147323823385063,
  "U_LV0203": 1.001500843266816,
  "I_LV0203_MV0203": 0.011791074169835537,
  "P_POIMV_MV0101": -0.01713591071393239,
  "Q_POIMV_MV0101": -0.01668897072704567,
  "U_POIMV": 1.0004546556420761,
  "I_POIMV_MV0101": 0.02390902051337825,
  "P_POIMV_MV0201": -0.00523229198597619,
  "Q_POIMV_MV0201": -0.016970621646692052,
  "I_POIMV_MV0201": 0.017750839315022478,
  "P_POI_POIMV": -0.022358202699323367,
  "Q_POI_POIMV": -0.03420427041100993,
  "U_POI": 1.000009249300964,
  "I_POI_POIMV": 0.040863069553837617
}