{
  "P_LV0101": 0.000118,
  "Q_LV0101": 0.000130,
  "U_LV0101": 0.002503,
  "I_LV0101_MV0101": 0.000046,
  "P_LV0102": 0.000124,
  "Q_LV0102": 0.000072,
  "U_LV0102": 0.002503,
  "I_LV0102_MV0102": 0.000038,
  "P_LV0103": 0.000112,
  "Q_LV0103": 0.000172,
  "U_LV0103": 0.002504,
  "I_LV0103_MV0103": 0.000053,
  "P_LV0201": 0.000124,
  "Q_LV0201": 0.000081,
  "U_LV0201": 0.002503,
  "I_LV0201_MV0201": 0.000039,
  "P_LV0202": 0.000125,
  "Q_LV0202": 0.000067,
  "U_LV0202": 0.002503,
  "I_LV0202_MV0202": 0.000038,
  "P_LV0203": 0.000107,
  "Q_LV0203": 0.000189,
  "U_LV0203": 0.002504,
  "I_LV0203_MV0203": 0.000056,
  "P_POIMV_MV0101": 0.000376,
  "Q_POIMV_MV0101": 0.000385,
  "U_POIMV": 0.002501,
  "I_POIMV_MV0101": 0.000142,
  "P_POIMV_MV0201": 0.000404,
  "Q_POIMV_MV0201": 0.000172,
  "I_POIMV_MV0201": 0.000117,
  "P_POI_POIMV": 0.000794,
  "Q_POI_POIMV": 0.000560,
  "U_POI": 0.002500,
  "I_POI_POIMV": 0.000258
}
