{
  "irrad_LV0101": -45.00614142888365,
  "irrad_LV0102": 66.15790704094267,
  "irrad_LV0103": 26.23654235821096,
  "irrad_LV0201": -51.708244631492015,
  "irrad_LV0202": 56.0185130505011,
  "irrad_LV0203": -28.231308177505515
}