{
  "P_LV0101": -0.013499231946445027,
  "Q_LV0101": -6.338125578091018e-16,
  "U_LV0101": 0.9996712129693192,
  "I_LV0101_MV0101": 0.013503671778592399,
  "P_LV0102": 0.019843534768432293,
  "Q_LV0102": -3.343191608967669e-16,
  "U_LV0102": 1.000614831982734,
  "I_LV0102_MV0102": 0.01983134182521762,
  "P_LV0103": 0.007869440914544196,
  "Q_LV0103": -1.3144799376578344e-16,
  "U_LV0103": 1.000291303449046,
  "I_LV0103_MV0103": 0.007867149186851908,
  "P_LV0201": -0.015509474166475894,
  "Q_LV0201": -6.992785257736746e-18,
  "U_LV0201": 0.9996030577593444,
  "I_LV0201_MV0201": 0.015515632976594813,
  "P_LV0202": 0.016802304684541573,
  "Q_LV0202": 8.739251089083757e-16,
  "U_LV0202": 1.0005063245257395,
  "I_LV0202_MV0202": 0.01679380157092581,
  "P_LV0203": -0.008467754958329698,
  "Q_LV0203": 4.941345262596318e-16,
  "U_LV0203": 0.9998008204075229,
  "I_LV0203_MV0203": 0.008469441898315512,
  "P_POIMV_MV0101": -0.014195385545690442,
  "Q_POIMV_MV0101": -0.0011844617406495672,
  "U_POIMV": 1.0000428461855413,
  "I_POIMV_MV0101": 0.014244105220045584,
  "P_POIMV_MV0201": 0.0071915934402113635,
  "Q_POIMV_MV0201": -0.001473686053941492,
  "I_POIMV_MV0201": 0.007340718565921663,
  "P_POI_POIMV": -0.006993792104905619,
  "Q_POI_POIMV": -0.0032233295160040143,
  "U_POI": 1.0000008716394753,
  "I_POI_POIMV": 0.007700836174979911
}