{
  "irrad_LV0101": -3.978902593879015,
  "irrad_LV0102": -48.42993600074875,
  "irrad_LV0103": 80.75369304102837,
  "irrad_LV0201": -13.484234515928824,
  "irrad_LV0202": 85.05962800298121,
  "irrad_LV0203": 72.1765311524818
}