{
  "P_LV0101": 0.000009,
  "Q_LV0101": 0.000032,
  "U_LV0101": 0.002500,
  "I_LV0101_MV0101": 0.000009,
  "P_LV0102": 0.000067,
  "Q_LV0102": 0.000215,
  "U_LV0102": 0.002499,
  "I_LV0102_MV0102": 0.000057,
  "P_LV0103": 0.000104,
  "Q_LV0103": 0.000327,
  "U_LV0103": 0.002502,
  "I_LV0103_MV0103": 0.000085,
  "P_LV0201": 0.000031,
  "Q_LV0201": 0.000104,
  "U_LV0201": 0.002500,
  "I_LV0201_MV0201": 0.000029,
  "P_LV0202": 0.000109,
  "Q_LV0202": 0.000342,
  "U_LV0202": 0.002502,
  "I_LV0202_MV0202": 0.000088,
  "P_LV0203": 0.000094,
  "Q_LV0203": 0.000297,
  "U_LV0203": 0.002502,
  "I_LV0203_MV0203": 0.000077,
  "P_POIMV_MV0101": 0.000074,
  "Q_POIMV_MV0101": 0.000228,
  "U_POIMV": 0.002500,
  "I_POIMV_MV0101": 0.000064,
  "P_POIMV_MV0201": 0.000202,
  "Q_POIMV_MV0201": 0.000644,
  "I_POIMV_MV0201": 0.000170,
  "P_POI_POIMV": 0.000330,
  "Q_POI_POIMV": 0.001077,
  "U_POI": 0.002500,
  "I_POI_POIMV": 0.000297
}
