{
  "P_LV0101": 0.001918,
  "Q_LV0101": 0.003622,
  "U_LV0101": 0.002593,
  "I_LV0101_MV0101": 0.000892,
  "P_LV0102": 0.001948,
  "Q_LV0102": 0.003762,
  "U_LV0102": 0.002595,
  "I_LV0102_MV0102": 0.000922,
  "P_LV0103": 0.001878,
  "Q_LV0103": 0.003435,
  "U_LV0103": 0.002595,
  "I_LV0103_MV0103": 0.000852,
  "P_LV0201": 0.001902,
  "Q_LV0201": 0.003549,
  "U_LV0201": 0.002595,
  "I_LV0201_MV0201": 0.000876,
  "P_LV0202": 0.001841,
  "Q_LV0202": 0.003251,
  "U_LV0202": 0.002595,
  "I_LV0202_MV0202": 0.000813,
  "P_LV0203": 0.001813,
  "Q_LV0203": 0.003114,
  "U_LV0203": 0.002595,
  "I_LV0203_MV0203": 0.000784,
  "P_POIMV_MV0101": 0.005303,
  "Q_POIMV_MV0101": 0.010676,
  "U_POIMV": 0.002524,
  "I_POIMV_MV0101": 0.002667,
  "P_POIMV_MV0201": 0.005161,
  "Q_POIMV_MV0201": 0.009782,
  "I_POIMV_MV0201": 0.002474,
  "P_POI_POIMV": 0.010034,
  "Q_POI_POIMV": 0.020433,
  "U_POI": 0.002500,
  "I_POI_POIMV": 0.005141
}
