{
  "irrad_LV0101": 1104.339225567663,
  "irrad_LV0102": 1057.4998406034604,
  "irrad_LV0103": 1058.037470843172,
  "irrad_LV0201": 1090.9285280594752,
  "irrad_LV0202": 1099.652976150637,
  "irrad_LV0203": 1008.3012050491357
}