{
  "irrad_LV0101": 1039.606185475212,
  "irrad_LV0102": 1039.1652974616318,
  "irrad_LV0103": 1064.7518670116528,
  "irrad_LV0201": 1010.2340633417455,
  "irrad_LV0202": 1040.237034681655,
  "irrad_LV0203": 1140.3394730472353
}