{
  "P_LV0101": 0.3388387267485599,
  "Q_LV0101": -0.1656980464214412,
  "U_LV0101": 0.9693947188796483,
  "I_LV0101_MV0101": 0.22464233871754888,
  "P_LV0102": 0.3288908681006077,
  "Q_LV0102": -0.16569804642144087,
  "U_LV0102": 0.9694730770660946,
  "I_LV0102_MV0102": 0.21931764229593562,
  "P_LV0103": 0.3342570850312056,
  "Q_LV0103": -0.16569804642144098,
  "U_LV0103": 0.9697352612771367,
  "I_LV0103_MV0103": 0.222116224322753,
  "P_LV0201": 0.3177340666053577,
  "Q_LV0201": -0.16569804642144115,
  "U_LV0201": 0.9693368883396797,
  "I_LV0201_MV0201": 0.21343486997355476,
  "P_LV0202": 0.29709969751310406,
  "Q_LV0202": -0.1656980464214412,
  "U_LV0202": 0.9691590355858967,
  "I_LV0202_MV0202": 0.202654465814859,
  "P_LV0203": 0.3421236502862402,
  "Q_LV0203": -0.16569804642144087,
  "U_LV0203": 0.9702874408260879,
  "I_LV0203_MV0203": 0.22619320291398295,
  "P_POIMV_MV0101": -0.9886880233609645,
  "Q_POIMV_MV0101": 0.5581427287781935,
  "U_POIMV": 0.984652280199978,
  "I_POIMV_MV0101": 0.6657137720122893,
  "P_POIMV_MV0201": -0.9436925009221113,
  "Q_POIMV_MV0201": 0.5542009314318079,
  "I_POIMV_MV0201": 0.6416961837279858,
  "P_POI_POI_MV": -1.9323705242830793,
  "Q_POI_POI_MV": 1.1785435621145552,
  "U_POI": 0.9996810638878604,
  "I_POI_POI_MV": 1.3071967675887894
}