{
  "P_LV0101": 0.35006365771733633,
  "Q_LV0101": -0.15437595543545532,
  "U_LV0101": 0.9723990492148235,
  "I_LV0101_MV0101": 0.39345145333756826,
  "P_LV0102": 0.3066332107051981,
  "Q_LV0102": -0.1543759554354549,
  "U_LV0102": 0.9717419286563656,
  "I_LV0102_MV0102": 0.35328455513894,
  "P_LV0103": 0.31603468993768197,
  "Q_LV0103": -0.1543759554354548,
  "U_LV0103": 0.9720879767142679,
  "I_LV0103_MV0103": 0.36182334777984776,
  "P_LV0201": 0.3082167967360696,
  "Q_LV0201": -0.1543759554354557,
  "U_LV0201": 0.9718928687972817,
  "I_LV0201_MV0201": 0.35468579299966563,
  "P_LV0202": 0.2989881949266367,
  "Q_LV0202": -0.1543759554354554,
  "U_LV0202": 0.9719617364288521,
  "I_LV0202_MV0202": 0.34619730047850217,
  "P_LV0203": 0.31874645797374707,
  "Q_LV0203": -0.15437595543545496,
  "U_LV0203": 0.972536683636973,
  "I_LV0203_MV0203": 0.36416387889605034,
  "P_POIMV_MV0101": -0.9604529116224967,
  "Q_POIMV_MV0101": 0.5195000640051148,
  "U_POIMV": 0.9857358543338289,
  "I_POIMV_MV0101": 1.1077489445158548,
  "P_POIMV_MV0201": -0.9138158104086642,
  "Q_POIMV_MV0201": 0.5152531094295796,
  "I_POIMV_MV0201": 1.0642492901274805,
  "P_POI_POIMV": -1.8742587220302698,
  "Q_POI_POIMV": 1.09560957526719,
  "U_POI": 0.9997035125290399,
  "I_POI_POIMV": 2.1716358246880083
}