{
  "P_LV0101": 0.03118215555729088,
  "Q_LV0101": -0.01656554496847597,
  "U_LV0101": 0.9844259083788949,
  "I_LV0101_MV0101": 0.020708326291589706,
  "P_LV0102": 0.031168931474157405,
  "Q_LV0102": -0.016565544968475978,
  "U_LV0102": 0.9846892915718514,
  "I_LV0102_MV0102": 0.02069594021907034,
  "P_LV0103": 0.0319363801513904,
  "Q_LV0103": -0.016565544968475975,
  "U_LV0103": 0.9849909788345603,
  "I_LV0103_MV0103": 0.02108788022388655,
  "P_LV0201": 0.030301162259819447,
  "Q_LV0201": -0.016565544968475933,
  "U_LV0201": 0.9846438155772037,
  "I_LV0201_MV0201": 0.020248999043823147,
  "P_LV0202": 0.03120107737438214,
  "Q_LV0202": -0.016565544968475933,
  "U_LV0202": 0.9851211544085279,
  "I_LV0202_MV0202": 0.020703505433935582,
  "P_LV0203": 0.034203569903178334,
  "Q_LV0203": -0.016565544968475922,
  "U_LV0203": 0.9859138079805956,
  "I_LV0203_MV0203": 0.022255089791372796,
  "P_POIMV_MV0101": -0.09311603516084688,
  "Q_POIMV_MV0101": 0.055052202709390485,
  "U_POIMV": 0.9999888866240343,
  "I_POIMV_MV0101": 0.06245425289594465,
  "P_POIMV_MV0201": -0.09442017988229168,
  "Q_POIMV_MV0201": 0.05521668861310047,
  "I_POIMV_MV0201": 0.06315145550413732,
  "P_POI_POI_MV": -0.18753521504314663,
  "Q_POI_POI_MV": 0.11021231394261122,
  "U_POI": 0.9999889172389042,
  "I_POI_POI_MV": 0.12558829540980976
}