{
  "P_LV0101": 0.000267,
  "Q_LV0101": 0.000437,
  "U_LV0101": 0.002461,
  "I_LV0101_MV0101": 0.000074,
  "P_LV0102": 0.000267,
  "Q_LV0102": 0.000437,
  "U_LV0102": 0.002462,
  "I_LV0102_MV0102": 0.000074,
  "P_LV0103": 0.000268,
  "Q_LV0103": 0.000446,
  "U_LV0103": 0.002462,
  "I_LV0103_MV0103": 0.000076,
  "P_LV0201": 0.000265,
  "Q_LV0201": 0.000426,
  "U_LV0201": 0.002462,
  "I_LV0201_MV0201": 0.000073,
  "P_LV0202": 0.000267,
  "Q_LV0202": 0.000437,
  "U_LV0202": 0.002463,
  "I_LV0202_MV0202": 0.000074,
  "P_LV0203": 0.000271,
  "Q_LV0203": 0.000474,
  "U_LV0203": 0.002465,
  "I_LV0203_MV0203": 0.000079,
  "P_POIMV_MV0101": 0.000863,
  "Q_POIMV_MV0101": 0.001308,
  "U_POIMV": 0.002500,
  "I_POIMV_MV0101": 0.000224,
  "P_POIMV_MV0201": 0.000866,
  "Q_POIMV_MV0201": 0.001324,
  "I_POIMV_MV0201": 0.000226,
  "P_POI_POI_MV": 0.001728,
  "Q_POI_POI_MV": 0.002633,
  "U_POI": 0.002500,
  "I_POI_POI_MV": 0.000450
}
