{
  "P_LV0101": 0.000213,
  "Q_LV0101": 0.000384,
  "U_LV0101": 0.002560,
  "I_LV0101_MV0101": 0.000062,
  "P_LV0102": 0.000208,
  "Q_LV0102": 0.000352,
  "U_LV0102": 0.002559,
  "I_LV0102_MV0102": 0.000058,
  "P_LV0103": 0.000210,
  "Q_LV0103": 0.000367,
  "U_LV0103": 0.002561,
  "I_LV0103_MV0103": 0.000059,
  "P_LV0201": 0.000213,
  "Q_LV0201": 0.000387,
  "U_LV0201": 0.002561,
  "I_LV0201_MV0201": 0.000062,
  "P_LV0202": 0.000207,
  "Q_LV0202": 0.000342,
  "U_LV0202": 0.002561,
  "I_LV0202_MV0202": 0.000056,
  "P_LV0203": 0.000210,
  "Q_LV0203": 0.000368,
  "U_LV0203": 0.002562,
  "I_LV0203_MV0203": 0.000060,
  "P_POIMV_MV0101": 0.000592,
  "Q_POIMV_MV0101": 0.001092,
  "U_POIMV": 0.002500,
  "I_POIMV_MV0101": 0.000179,
  "P_POIMV_MV0201": 0.000591,
  "Q_POIMV_MV0201": 0.001085,
  "I_POIMV_MV0201": 0.000178,
  "P_POI_POI_MV": 0.001184,
  "Q_POI_POI_MV": 0.002177,
  "U_POI": 0.002500,
  "I_POI_POI_MV": 0.000357
}
