{
  "irrad_LV0101": 528.4085862886459,
  "irrad_LV0102": 507.0263033673069,
  "irrad_LV0103": 531.1505530475603,
  "irrad_LV0201": 515.4615592256224,
  "irrad_LV0202": 425.87891712710507,
  "irrad_LV0203": 554.5515016180424
}