{
  "irrad_LV0101": 843.2355712353354,
  "irrad_LV0102": 977.5416881951372,
  "irrad_LV0103": 936.1443453306641,
  "irrad_LV0201": 857.6948961250259,
  "irrad_LV0202": 931.9956844045016,
  "irrad_LV0203": 877.3102866124862
}