{
  "P_LV0101": 0.000213,
  "Q_LV0101": 0.000363,
  "U_LV0101": 0.002472,
  "I_LV0101_MV0101": 0.000061,
  "P_LV0102": 0.000221,
  "Q_LV0102": 0.000414,
  "U_LV0102": 0.002474,
  "I_LV0102_MV0102": 0.000068,
  "P_LV0103": 0.000218,
  "Q_LV0103": 0.000399,
  "U_LV0103": 0.002474,
  "I_LV0103_MV0103": 0.000066,
  "P_LV0201": 0.000214,
  "Q_LV0201": 0.000369,
  "U_LV0201": 0.002473,
  "I_LV0201_MV0201": 0.000062,
  "P_LV0202": 0.000218,
  "Q_LV0202": 0.000397,
  "U_LV0202": 0.002475,
  "I_LV0202_MV0202": 0.000066,
  "P_LV0203": 0.000215,
  "Q_LV0203": 0.000376,
  "U_LV0203": 0.002474,
  "I_LV0203_MV0203": 0.000063,
  "P_POIMV_MV0101": 0.000695,
  "Q_POIMV_MV0101": 0.001168,
  "U_POIMV": 0.002500,
  "I_POIMV_MV0101": 0.000195,
  "P_POIMV_MV0201": 0.000689,
  "Q_POIMV_MV0201": 0.001133,
  "I_POIMV_MV0201": 0.000191,
  "P_POI_POI_MV": 0.001384,
  "Q_POI_POI_MV": 0.002301,
  "U_POI": 0.002500,
  "I_POI_POI_MV": 0.000386
}
