{
  "irrad_LV0101": 305.9963235673524,
  "irrad_LV0102": 318.1968832120805,
  "irrad_LV0103": 320.06696425469653,
  "irrad_LV0201": 454.06332195104994,
  "irrad_LV0202": 307.12431504608867,
  "irrad_LV0203": 361.7362621582761
}