{
  "irrad_LV0101": 374.5696429193989,
  "irrad_LV0102": 354.10516130948645,
  "irrad_LV0103": 524.3782939267494,
  "irrad_LV0201": 333.0065499743283,
  "irrad_LV0202": 282.39834326236655,
  "irrad_LV0203": 264.3004537684745
}