{
  "irrad_LV0101": 359.7695768721845,
  "irrad_LV0102": 361.09694543690904,
  "irrad_LV0103": 344.6868683738684,
  "irrad_LV0201": 396.53247289706076,
  "irrad_LV0202": 331.44795563557835,
  "irrad_LV0203": 301.2852353537115
}