{
  "P_LV0101": 0.10791000541884198,
  "Q_LV0101": 1.2642802926609304e-15,
  "U_LV0101": 1.002874552223626,
  "I_LV0101_MV0101": 0.06212329402384718,
  "P_LV0102": 0.10830813899716595,
  "Q_LV0102": -1.3322676295750564e-16,
  "U_LV0102": 1.0030303969104981,
  "I_LV0102_MV0102": 0.0623428097473909,
  "P_LV0103": 0.10338606770867162,
  "Q_LV0103": 6.853703630633536e-16,
  "U_LV0103": 1.0029755178790187,
  "I_LV0103_MV0103": 0.05951289234684827,
  "P_LV0201": 0.1189367418753993,
  "Q_LV0201": 7.001653543730996e-16,
  "U_LV0201": 1.0033640146550655,
  "I_LV0201_MV0201": 0.06843793372628121,
  "P_LV0202": 0.09941516178119239,
  "Q_LV0202": -6.765175690107207e-16,
  "U_LV0202": 1.0029964823997883,
  "I_LV0202_MV0202": 0.05722589403162371,
  "P_LV0203": 0.09036809521886431,
  "Q_LV0203": -5.236724469531848e-16,
  "U_LV0203": 1.0028252071513546,
  "I_LV0203_MV0203": 0.052027056887582315,
  "P_POIMV_MV0101": -0.31858971755787024,
  "Q_POIMV_MV0101": 0.0034796444845142105,
  "U_POIMV": 0.9998870733645863,
  "I_POIMV_MV0101": 0.18396960496361858,
  "P_POIMV_MV0201": -0.3077015546715529,
  "Q_POIMV_MV0201": 0.002974546497796382,
  "I_POIMV_MV0201": 0.17767994084776362,
  "P_POI_POIMV": -0.6262812722286326,
  "Q_POI_POIMV": 0.010997157060046447,
  "U_POI": 0.9999970118355942,
  "I_POI_POIMV": 0.36164048179827873
}