{
  "P_LV0101": 0.1134438119444847,
  "Q_LV0101": -3.851086116668484e-17,
  "U_LV0101": 1.0030002495261778,
  "I_LV0101_MV0101": 0.06530089638062059,
  "P_LV0102": 0.10529052190179598,
  "Q_LV0102": 2.5526159195319114e-16,
  "U_LV0102": 1.0029451813924954,
  "I_LV0102_MV0102": 0.06061100077146545,
  "P_LV0103": 0.11733278443764823,
  "Q_LV0103": 2.676151730060073e-16,
  "U_LV0103": 1.0033326107098208,
  "I_LV0103_MV0103": 0.06751710644780048,
  "P_LV0201": 0.10968281872017038,
  "Q_LV0201": -4.338193424100051e-16,
  "U_LV0201": 1.0031336165154097,
  "I_LV0201_MV0201": 0.0631275872635403,
  "P_LV0202": 0.109087583308602,
  "Q_LV0202": 3.727668028005421e-16,
  "U_LV0202": 1.0032727067521556,
  "I_LV0202_MV0202": 0.06277629717682119,
  "P_LV0203": 0.11538609497996259,
  "Q_LV0203": 5.631464430567608e-16,
  "U_LV0203": 1.0035122740073228,
  "I_LV0203_MV0203": 0.06638503058003954,
  "P_POIMV_MV0101": -0.334942760397098,
  "Q_POIMV_MV0101": 0.003989494389998072,
  "U_POIMV": 0.999866024144335,
  "I_POIMV_MV0101": 0.1934189233428078,
  "P_POIMV_MV0201": -0.3329686664142173,
  "Q_POIMV_MV0201": 0.003689895184265879,
  "I_POIMV_MV0201": 0.19227711344670842,
  "P_POI_POI_MV": -0.6679014268107212,
  "Q_POI_POI_MV": 0.012924345285682648,
  "U_POI": 0.9999964887189535,
  "I_POI_POI_MV": 0.3856866122200744
}