{
  "P_LV0101": 0.000066,
  "Q_LV0101": 0.000224,
  "U_LV0101": 0.002506,
  "I_LV0101_MV0101": 0.000036,
  "P_LV0102": 0.000068,
  "Q_LV0102": 0.000231,
  "U_LV0102": 0.002507,
  "I_LV0102_MV0102": 0.000037,
  "P_LV0103": 0.000069,
  "Q_LV0103": 0.000232,
  "U_LV0103": 0.002507,
  "I_LV0103_MV0103": 0.000037,
  "P_LV0201": 0.000088,
  "Q_LV0201": 0.000296,
  "U_LV0201": 0.002510,
  "I_LV0201_MV0201": 0.000047,
  "P_LV0202": 0.000067,
  "Q_LV0202": 0.000225,
  "U_LV0202": 0.002507,
  "I_LV0202_MV0202": 0.000036,
  "P_LV0203": 0.000075,
  "Q_LV0203": 0.000254,
  "U_LV0203": 0.002509,
  "I_LV0203_MV0203": 0.000040,
  "P_POIMV_MV0101": 0.000203,
  "Q_POIMV_MV0101": 0.000684,
  "U_POIMV": 0.002500,
  "I_POIMV_MV0101": 0.000110,
  "P_POIMV_MV0201": 0.000231,
  "Q_POIMV_MV0201": 0.000777,
  "I_POIMV_MV0201": 0.000124,
  "P_POI_POI_MV": 0.000435,
  "Q_POI_POI_MV": 0.001464,
  "U_POI": 0.002500,
  "I_POI_POI_MV": 0.000235
}
