{
  "irrad_LV0101": 202.97813793920307,
  "irrad_LV0102": 145.6086695370682,
  "irrad_LV0103": 138.64563048699955,
  "irrad_LV0201": 173.16036900527683,
  "irrad_LV0202": 148.77793799879097,
  "irrad_LV0203": 104.18782415737222
}