{
  "P_LV0101": 0.06088166808142166,
  "Q_LV0101": -0.015135213039978366,
  "U_LV0101": 0.9983920161930506,
  "I_LV0101_MV0101": 0.06283581547088031,
  "P_LV0102": 0.043674155150583066,
  "Q_LV0102": -0.015135213039977781,
  "U_LV0102": 0.9979765607136736,
  "I_LV0102_MV0102": 0.04631607709837845,
  "P_LV0103": 0.04158564731132386,
  "Q_LV0103": -0.015135213039978218,
  "U_LV0103": 0.9979420817337348,
  "I_LV0103_MV0103": 0.04434553313015051,
  "P_LV0201": 0.05193806691533171,
  "Q_LV0201": -0.015135213039977752,
  "U_LV0201": 0.9982150236626103,
  "I_LV0201_MV0201": 0.05419514246394482,
  "P_LV0202": 0.044624751862655146,
  "Q_LV0202": -0.015135213039977575,
  "U_LV0202": 0.998057397904217,
  "I_LV0202_MV0202": 0.047213295063571414,
  "P_LV0203": 0.031250304061684636,
  "Q_LV0203": -0.015135213039978224,
  "U_LV0203": 0.9977100333208471,
  "I_LV0203_MV0203": 0.034802256075310394,
  "P_POIMV_MV0101": -0.1459023675415665,
  "Q_POIMV_MV0101": 0.04526495714753764,
  "U_POIMV": 0.9988029754411581,
  "I_POIMV_MV0101": 0.1529456969095768,
  "P_POIMV_MV0201": -0.127611328075659,
  "Q_POIMV_MV0201": 0.0447551675999307,
  "I_POIMV_MV0201": 0.13539400434301452,
  "P_POI_POIMV": -0.2735036956164476,
  "Q_POI_POIMV": 0.09053636983435354,
  "U_POI": 0.9999755141219946,
  "I_POI_POIMV": 0.2881061794509707
}