{
  "P_LV0101": 0.002220,
  "Q_LV0101": 0.003882,
  "U_LV0101": 0.002609,
  "I_LV0101_MV0101": 0.000968,
  "P_LV0102": 0.002240,
  "Q_LV0102": 0.003985,
  "U_LV0102": 0.002611,
  "I_LV0102_MV0102": 0.000989,
  "P_LV0103": 0.002179,
  "Q_LV0103": 0.003677,
  "U_LV0103": 0.002611,
  "I_LV0103_MV0103": 0.000924,
  "P_LV0201": 0.002169,
  "Q_LV0201": 0.003622,
  "U_LV0201": 0.002610,
  "I_LV0201_MV0201": 0.000913,
  "P_LV0202": 0.002207,
  "Q_LV0202": 0.003817,
  "U_LV0202": 0.002613,
  "I_LV0202_MV0202": 0.000953,
  "P_LV0203": 0.002198,
  "Q_LV0203": 0.003775,
  "U_LV0203": 0.002613,
  "I_LV0203_MV0203": 0.000944,
  "P_POIMV_MV0101": 0.006100,
  "Q_POIMV_MV0101": 0.011374,
  "U_POIMV": 0.002529,
  "I_POIMV_MV0101": 0.002882,
  "P_POIMV_MV0201": 0.006052,
  "Q_POIMV_MV0201": 0.011041,
  "I_POIMV_MV0201": 0.002811,
  "P_POI_POIMV": 0.011606,
  "Q_POI_POIMV": 0.022383,
  "U_POI": 0.002501,
  "I_POI_POIMV": 0.005694
}
