{
  "P_LV0101": 0.017598750359855312,
  "Q_LV0101": -2.959927497064401e-17,
  "U_LV0101": 1.0047133039245904,
  "I_LV0101_MV0101": 0.010112977720086111,
  "P_LV0102": 0.013485402932058538,
  "Q_LV0102": -1.0053425877031047e-16,
  "U_LV0102": 1.0038683545193727,
  "I_LV0102_MV0102": 0.007755798833485706,
  "P_LV0103": 0.010816295171511186,
  "Q_LV0103": -2.5699443447333908e-17,
  "U_LV0103": 1.0032680502423044,
  "I_LV0103_MV0103": 0.006224449116463165,
  "P_LV0201": 0.012927058103924235,
  "Q_LV0201": -3.4348669116593886e-17,
  "U_LV0201": 1.0038076796244408,
  "I_LV0201_MV0201": 0.007435129883567859,
  "P_LV0202": 0.012295749724600975,
  "Q_LV0202": 1.3100674696326276e-16,
  "U_LV0202": 1.0038195455134549,
  "I_LV0202_MV0202": 0.0070719428059706855,
  "P_LV0203": 0.012615103261994682,
  "Q_LV0203": 3.1355700025168974e-17,
  "U_LV0203": 1.0039864703691663,
  "I_LV0203_MV0203": 0.007254413758672934,
  "P_POIMV_MV0101": -0.04172184107184762,
  "Q_POIMV_MV0101": 0.0007182290227945032,
  "U_POIMV": 0.9999998812299797,
  "I_POIMV_MV0101": 0.024091687978533935,
  "P_POIMV_MV0201": -0.03768606374400463,
  "Q_POIMV_MV0201": 0.0005159284945861486,
  "I_POIMV_MV0201": 0.021760100491156745,
  "P_POI_POI_MV": -0.07940690481591897,
  "Q_POI_POI_MV": 0.0011775682214647532,
  "U_POI": 0.999999881557082,
  "I_POI_POI_MV": 0.0458506441007565
}