{
  "P_LV0101": 0.0008166706305013772,
  "Q_LV0101": 1.184041882677755e-16,
  "U_LV0101": 1.0000676184151365,
  "I_LV0101_MV0101": 0.000816615412261424,
  "P_LV0102": -0.008088627115199908,
  "Q_LV0102": -9.161377990742329e-17,
  "U_LV0102": 0.9998242391028374,
  "I_LV0102_MV0102": 0.008090049029475419,
  "P_LV0103": 0.014221065671089498,
  "Q_LV0103": 4.806823884241639e-16,
  "U_LV0103": 1.000452526119491,
  "I_LV0103_MV0103": 0.014214633178297336,
  "P_LV0201": 0.02786358252946812,
  "Q_LV0201": -3.948367468618885e-16,
  "U_LV0201": 1.000823757381066,
  "I_LV0201_MV0201": 0.02784064858969869,
  "P_LV0202": 0.007390187236655581,
  "Q_LV0202": 1.7724982383379126e-16,
  "U_LV0202": 1.0002533284717527,
  "I_LV0202_MV0202": 0.0073883155659644284,
  "P_LV0203": -0.02118288001966577,
  "Q_LV0203": -1.5151470995072413e-16,
  "U_LV0203": 0.9994408770614253,
  "I_LV0203_MV0203": 0.021194730479653853,
  "P_POIMV_MV0101": -0.006941475132407504,
  "Q_POIMV_MV0101": -0.0012360439864096406,
  "U_POIMV": 1.000042229876421,
  "I_POIMV_MV0101": 0.007050367604804249,
  "P_POIMV_MV0201": -0.014034710131568318,
  "Q_POIMV_MV0201": -0.0013783271448915002,
  "I_POIMV_MV0201": 0.014101633894893773,
  "P_POI_POIMV": -0.02096618526332421,
  "Q_POI_POIMV": -0.0031744694151711883,
  "U_POI": 1.0000008584126285,
  "I_POI_POIMV": 0.02120512694091604
}