{
  "P_LV0101": 0.000066,
  "Q_LV0101": 0.000214,
  "U_LV0101": 0.002499,
  "I_LV0101_MV0101": 0.000057,
  "P_LV0102": 0.000087,
  "Q_LV0102": 0.000276,
  "U_LV0102": 0.002502,
  "I_LV0102_MV0102": 0.000072,
  "P_LV0103": 0.000051,
  "Q_LV0103": 0.000171,
  "U_LV0103": 0.002501,
  "I_LV0103_MV0103": 0.000047,
  "P_LV0201": 0.000070,
  "Q_LV0201": 0.000221,
  "U_LV0201": 0.002499,
  "I_LV0201_MV0201": 0.000058,
  "P_LV0202": 0.000075,
  "Q_LV0202": 0.000238,
  "U_LV0202": 0.002501,
  "I_LV0202_MV0202": 0.000062,
  "P_LV0203": 0.000053,
  "Q_LV0203": 0.000178,
  "U_LV0203": 0.002500,
  "I_LV0203_MV0203": 0.000049,
  "P_POIMV_MV0101": 0.000109,
  "Q_POIMV_MV0101": 0.000354,
  "U_POIMV": 0.002500,
  "I_POIMV_MV0101": 0.000099,
  "P_POIMV_MV0201": 0.000069,
  "Q_POIMV_MV0201": 0.000193,
  "I_POIMV_MV0201": 0.000055,
  "P_POI_POIMV": 0.000103,
  "Q_POI_POIMV": 0.000189,
  "U_POI": 0.002500,
  "I_POI_POIMV": 0.000058
}
