{
  "P_LV0101": 0.027336522262121923,
  "Q_LV0101": -7.8616511863693e-17,
  "U_LV0101": 1.0071046407743847,
  "I_LV0101_MV0101": 0.015671408757096574,
  "P_LV0102": 0.02623454100158342,
  "Q_LV0102": 2.3876869244203058e-17,
  "U_LV0102": 1.007224014716227,
  "I_LV0102_MV0102": 0.015037885403871956,
  "P_LV0103": 0.028271766566567522,
  "Q_LV0103": 6.574480622090148e-18,
  "U_LV0103": 1.0078667967314674,
  "I_LV0103_MV0103": 0.016195306850676012,
  "P_LV0201": 0.02598490068663826,
  "Q_LV0201": -2.491908564528637e-17,
  "U_LV0201": 1.0073498524224176,
  "I_LV0201_MV0201": 0.014892928579102283,
  "P_LV0202": 0.028091503248126568,
  "Q_LV0202": 1.1012186252482057e-16,
  "U_LV0202": 1.0081930352561261,
  "I_LV0202_MV0202": 0.01608683694003784,
  "P_LV0203": 0.02765126645088084,
  "Q_LV0203": -3.156578480068997e-17,
  "U_LV0203": 1.0082808641632266,
  "I_LV0203_MV0203": 0.015833352289293966,
  "P_POIMV_MV0101": -0.08118225844972926,
  "Q_POIMV_MV0101": 0.0029640391493899187,
  "U_POIMV": 0.9999994086790442,
  "I_POIMV_MV0101": 0.04690185646555371,
  "P_POIMV_MV0201": -0.08102297932691727,
  "Q_POIMV_MV0201": 0.002955560773528987,
  "I_POIMV_MV0201": 0.046809779222403695,
  "P_POI_POI_MV": -0.16220423777668852,
  "Q_POI_POI_MV": 0.005863016936928034,
  "U_POI": 0.99999941030766,
  "I_POI_POI_MV": 0.09370987281809781
}