{
  "P_LV0101": 0.000155,
  "Q_LV0101": 0.000489,
  "U_LV0101": 0.002522,
  "I_LV0101_MV0101": 0.000073,
  "P_LV0102": 0.000159,
  "Q_LV0102": 0.000501,
  "U_LV0102": 0.002524,
  "I_LV0102_MV0102": 0.000074,
  "P_LV0103": 0.000153,
  "Q_LV0103": 0.000482,
  "U_LV0103": 0.002524,
  "I_LV0103_MV0103": 0.000072,
  "P_LV0201": 0.000152,
  "Q_LV0201": 0.000480,
  "U_LV0201": 0.002523,
  "I_LV0201_MV0201": 0.000071,
  "P_LV0202": 0.000151,
  "Q_LV0202": 0.000477,
  "U_LV0202": 0.002524,
  "I_LV0202_MV0202": 0.000071,
  "P_LV0203": 0.000144,
  "Q_LV0203": 0.000457,
  "U_LV0203": 0.002524,
  "I_LV0203_MV0203": 0.000068,
  "P_POIMV_MV0101": 0.000466,
  "Q_POIMV_MV0101": 0.001456,
  "U_POIMV": 0.002500,
  "I_POIMV_MV0101": 0.000219,
  "P_POIMV_MV0201": 0.000447,
  "Q_POIMV_MV0201": 0.001399,
  "I_POIMV_MV0201": 0.000210,
  "P_POI_POI_MV": 0.000913,
  "Q_POI_POI_MV": 0.002855,
  "U_POI": 0.002500,
  "I_POI_POI_MV": 0.000429
}
