{
  "irrad_LV0101": 1094.5848116926534,
  "irrad_LV0102": 1044.3816360850196,
  "irrad_LV0103": 1166.2726285833924,
  "irrad_LV0201": 1078.8051862299299,
  "irrad_LV0202": 1088.3159545030096,
  "irrad_LV0203": 1094.3627728218573
}