{
  "irrad_LV0101": 612.1400967317361,
  "irrad_LV0102": 691.2265135315247,
  "irrad_LV0103": 695.9640216352778,
  "irrad_LV0201": 691.2954780891424,
  "irrad_LV0202": 773.018777325708,
  "irrad_LV0203": 661.6517206211411
}