{
  "irrad_LV0101": 663.7203642262842,
  "irrad_LV0102": 634.034763157345,
  "irrad_LV0103": 629.4721623410757,
  "irrad_LV0201": 642.6818870166138,
  "irrad_LV0202": 672.1188748372078,
  "irrad_LV0203": 712.8856187155423
}