{
  "irrad_LV0101": 645.8176494486486,
  "irrad_LV0102": 705.4456942097221,
  "irrad_LV0103": 686.3059757846157,
  "irrad_LV0201": 625.2803349396145,
  "irrad_LV0202": 608.7392559383002,
  "irrad_LV0203": 643.7444993527994
}