{
  "P_LV0101": 0.019103066672675115,
  "Q_LV0101": -3.9107402842589276e-17,
  "U_LV0101": 1.0051325400141284,
  "I_LV0101_MV0101": 0.010972842134492351,
  "P_LV0102": 0.020875008438846474,
  "Q_LV0102": 2.9109640720179714e-17,
  "U_LV0102": 1.005824880830544,
  "I_LV0102_MV0102": 0.011982395714402903,
  "P_LV0103": 0.01930802098057106,
  "Q_LV0103": 3.469063492299968e-17,
  "U_LV0103": 1.0055848266341232,
  "I_LV0103_MV0103": 0.011085580067834099,
  "P_LV0201": 0.021993766365113066,
  "Q_LV0201": 1.185981350497836e-17,
  "U_LV0201": 1.0062232974686744,
  "I_LV0201_MV0201": 0.01261957158350041,
  "P_LV0202": 0.01905204106394198,
  "Q_LV0202": -2.8417330354691136e-17,
  "U_LV0202": 1.005787261112159,
  "I_LV0202_MV0202": 0.010936409181317011,
  "P_LV0203": 0.018947307422732415,
  "Q_LV0203": 3.539342804306173e-17,
  "U_LV0203": 1.0058907830222505,
  "I_LV0203_MV0203": 0.010875169775455808,
  "P_POIMV_MV0101": -0.05893788923509646,
  "Q_POIMV_MV0101": 0.0015020058968389094,
  "U_POIMV": 0.9999996996634177,
  "I_POIMV_MV0101": 0.03403886453796571,
  "P_POIMV_MV0201": -0.0596125665911984,
  "Q_POIMV_MV0201": 0.0015324195950654484,
  "I_POIMV_MV0201": 0.03442871157141952,
  "P_POI_POI_MV": -0.1185494558262249,
  "Q_POI_POI_MV": 0.0029778392054140568,
  "U_POI": 0.999999700490595,
  "I_POI_POI_MV": 0.0684661703007099
}