{
  "P_LV0101": 0.000107,
  "Q_LV0101": 0.000352,
  "U_LV0101": 0.002513,
  "I_LV0101_MV0101": 0.000055,
  "P_LV0102": 0.000111,
  "Q_LV0102": 0.000363,
  "U_LV0102": 0.002515,
  "I_LV0102_MV0102": 0.000056,
  "P_LV0103": 0.000107,
  "Q_LV0103": 0.000354,
  "U_LV0103": 0.002514,
  "I_LV0103_MV0103": 0.000055,
  "P_LV0201": 0.000113,
  "Q_LV0201": 0.000368,
  "U_LV0201": 0.002516,
  "I_LV0201_MV0201": 0.000057,
  "P_LV0202": 0.000107,
  "Q_LV0202": 0.000352,
  "U_LV0202": 0.002514,
  "I_LV0202_MV0202": 0.000055,
  "P_LV0203": 0.000107,
  "Q_LV0203": 0.000351,
  "U_LV0203": 0.002515,
  "I_LV0203_MV0203": 0.000055,
  "P_POIMV_MV0101": 0.000325,
  "Q_POIMV_MV0101": 0.001063,
  "U_POIMV": 0.002500,
  "I_POIMV_MV0101": 0.000167,
  "P_POIMV_MV0201": 0.000326,
  "Q_POIMV_MV0201": 0.001067,
  "I_POIMV_MV0201": 0.000167,
  "P_POI_POI_MV": 0.000651,
  "Q_POI_POI_MV": 0.002131,
  "U_POI": 0.002500,
  "I_POI_POI_MV": 0.000334
}
