{
  "irrad_LV0101": 875.4168034096049,
  "irrad_LV0102": 744.1175510241086,
  "irrad_LV0103": 748.9494633814429,
  "irrad_LV0201": 839.1619921810766,
  "irrad_LV0202": 829.7744754722262,
  "irrad_LV0203": 777.5879920243818
}