{
  "irrad_LV0101": 736.2029367036359,
  "irrad_LV0102": 730.6335123528983,
  "irrad_LV0103": 798.3958011656642,
  "irrad_LV0201": 847.0943985725766,
  "irrad_LV0202": 818.3329622048556,
  "irrad_LV0203": 821.0513398717222
}