{
  "P_LV0101": 0.23296381414737186,
  "Q_LV0101": 0.12750031373389073,
  "U_LV0101": 1.0325298662186042,
  "I_LV0101_MV0101": 0.14849744362695058,
  "P_LV0102": 0.22509434598628889,
  "Q_LV0102": 0.12750031373389084,
  "U_LV0102": 1.0327697750894953,
  "I_LV0102_MV0102": 0.14461925901301528,
  "P_LV0103": 0.23767620988719118,
  "Q_LV0103": 0.12750031373388984,
  "U_LV0103": 1.03326889435717,
  "I_LV0103_MV0103": 0.15070633339832265,
  "P_LV0201": 0.25183548170684883,
  "Q_LV0201": 0.12750031373389062,
  "U_LV0201": 1.0336253529142534,
  "I_LV0201_MV0201": 0.15766812572288152,
  "P_LV0202": 0.22425530060851648,
  "Q_LV0202": 0.12750031373389065,
  "U_LV0202": 1.0334370030357043,
  "I_LV0202_MV0202": 0.14411820848841542,
  "P_LV0203": 0.26325520239588546,
  "Q_LV0203": 0.1275003137338897,
  "U_LV0203": 1.0345429132826085,
  "I_LV0203_MV0203": 0.163239522409593,
  "P_POIMV_MV0101": -0.6898246592138548,
  "Q_POIMV_MV0101": -0.35613778332458423,
  "U_POIMV": 1.0091762987905244,
  "I_POIMV_MV0101": 0.4441402258224975,
  "P_POIMV_MV0201": -0.7323905984894736,
  "Q_POIMV_MV0201": -0.35334353206002334,
  "I_POIMV_MV0201": 0.46521573776795977,
  "P_POI_POI_MV": -1.4222052577034974,
  "Q_POI_POI_MV": -0.6777515864700945,
  "U_POI": 1.00018316783396,
  "I_POI_POI_MV": 0.9094148314774838
}