{
  "P_LV0101": 0.26257426439711673,
  "Q_LV0101": 0.11295907186660407,
  "U_LV0101": 1.0301653103720918,
  "I_LV0101_MV0101": 0.1601978777483138,
  "P_LV0102": 0.22319210440574405,
  "Q_LV0102": 0.11295907186660328,
  "U_LV0102": 1.0296753259134253,
  "I_LV0102_MV0102": 0.14026123147333697,
  "P_LV0103": 0.22464139784849832,
  "Q_LV0103": 0.11295907186660369,
  "U_LV0103": 1.0299077656529854,
  "I_LV0103_MV0103": 0.14095495257617258,
  "P_LV0201": 0.25169992390912294,
  "Q_LV0201": 0.11295907186660394,
  "U_LV0201": 1.030566471078294,
  "I_LV0201_MV0201": 0.1545580582490067,
  "P_LV0202": 0.2488842133987219,
  "Q_LV0202": 0.11295907186660452,
  "U_LV0202": 1.0309227717632656,
  "I_LV0202_MV0202": 0.15306734966849106,
  "P_LV0203": 0.23323129532653075,
  "Q_LV0203": 0.11295907186660313,
  "U_LV0203": 1.0307742509472884,
  "I_LV0203_MV0203": 0.1451510314444242,
  "P_POIMV_MV0101": -0.7045629596245817,
  "Q_POIMV_MV0101": -0.31272573300043405,
  "U_POIMV": 1.0080581581341945,
  "I_POIMV_MV0101": 0.4414915823613242,
  "P_POIMV_MV0201": -0.7272421958740551,
  "Q_POIMV_MV0201": -0.3113761635025867,
  "I_POIMV_MV0201": 0.45308967754234186,
  "P_POI_POIMV": -1.4317951554976391,
  "Q_POI_POIMV": -0.5934087167729558,
  "U_POI": 1.0001603669469494,
  "I_POI_POIMV": 0.8946882138482518
}