{
  "P_LV0101": 0.2472959881679824,
  "Q_LV0101": 0.10325229437691683,
  "U_LV0101": 1.027850447712369,
  "I_LV0101_MV0101": 0.26072442057160233,
  "P_LV0102": 0.2383948947847235,
  "Q_LV0102": 0.1032522943769172,
  "U_LV0102": 1.0280462735309353,
  "I_LV0102_MV0102": 0.2527069724868152,
  "P_LV0103": 0.22016801539957914,
  "Q_LV0103": 0.10325229437691616,
  "U_LV0103": 1.0278228813742973,
  "I_LV0103_MV0103": 0.23659414172036075,
  "P_LV0201": 0.24341116392027895,
  "Q_LV0201": 0.10325229437691506,
  "U_LV0201": 1.028349450566718,
  "I_LV0201_MV0201": 0.25711595498362855,
  "P_LV0202": 0.22864363709362104,
  "Q_LV0202": 0.10325229437691677,
  "U_LV0202": 1.028400204688163,
  "I_LV0202_MV0202": 0.24394818378112518,
  "P_LV0203": 0.21318930799469626,
  "Q_LV0203": 0.10325229437691594,
  "U_LV0203": 1.0282332048425766,
  "I_LV0203_MV0203": 0.23037284515555168,
  "P_POIMV_MV0101": -0.700239400812734,
  "Q_POIMV_MV0101": -0.2846927705343205,
  "U_POIMV": 1.0073717199683891,
  "I_POIMV_MV0101": 0.7503687444515762,
  "P_POIMV_MV0201": -0.6795262707921665,
  "Q_POIMV_MV0201": -0.28601097819409915,
  "I_POIMV_MV0201": 0.7318688855942185,
  "P_POI_POIMV": -1.379755671604472,
  "Q_POI_POIMV": -0.542663897966122,
  "U_POI": 1.0001466542600037,
  "I_POI_POIMV": 1.4824187018577966
}