{
  "P_LV0101": 0.000209,
  "Q_LV0101": 0.000339,
  "U_LV0101": 0.002555,
  "I_LV0101_MV0101": 0.000057,
  "P_LV0102": 0.000209,
  "Q_LV0102": 0.000339,
  "U_LV0102": 0.002556,
  "I_LV0102_MV0102": 0.000057,
  "P_LV0103": 0.000202,
  "Q_LV0103": 0.000347,
  "U_LV0103": 0.002558,
  "I_LV0103_MV0103": 0.000057,
  "P_LV0201": 0.000205,
  "Q_LV0201": 0.000366,
  "U_LV0201": 0.002559,
  "I_LV0201_MV0201": 0.000059,
  "P_LV0202": 0.000203,
  "Q_LV0202": 0.000355,
  "U_LV0202": 0.002560,
  "I_LV0202_MV0202": 0.000058,
  "P_LV0203": 0.000203,
  "Q_LV0203": 0.000356,
  "U_LV0203": 0.002560,
  "I_LV0203_MV0203": 0.000058,
  "P_POIMV_MV0101": 0.000585,
  "Q_POIMV_MV0101": 0.001013,
  "U_POIMV": 0.002500,
  "I_POIMV_MV0101": 0.000170,
  "P_POIMV_MV0201": 0.000575,
  "Q_POIMV_MV0201": 0.001065,
  "I_POIMV_MV0201": 0.000174,
  "P_POI_POI_MV": 0.001142,
  "Q_POI_POI_MV": 0.002045,
  "U_POI": 0.002500,
  "I_POI_POI_MV": 0.000338
}
