{
  "irrad_LV0101": 739.7620811812201,
  "irrad_LV0102": 675.125467680719,
  "irrad_LV0103": 714.246189795327,
  "irrad_LV0201": 698.3198560942145,
  "irrad_LV0202": 722.6424425806989,
  "irrad_LV0203": 708.7926214366059
}