{
  "P_LV0101": 0.22188571608232371,
  "Q_LV0101": 0.10296526886293017,
  "U_LV0101": 1.0273038259281375,
  "I_LV0101_MV0101": 0.238110840979807,
  "P_LV0102": 0.20249848113673893,
  "Q_LV0102": 0.10296526886292943,
  "U_LV0102": 1.027224890732293,
  "I_LV0102_MV0102": 0.22115196284537997,
  "P_LV0103": 0.21423242865970069,
  "Q_LV0103": 0.1029652688629303,
  "U_LV0103": 1.027685703436888,
  "I_LV0103_MV0103": 0.231288393505137,
  "P_LV0201": 0.20945545232131532,
  "Q_LV0201": 0.10296526886293103,
  "U_LV0201": 1.027580203312683,
  "I_LV0201_MV0201": 0.22713112111368994,
  "P_LV0202": 0.21675081748914118,
  "Q_LV0202": 0.10296526886293034,
  "U_LV0202": 1.0281263848930098,
  "I_LV0202_MV0202": 0.23339940634773543,
  "P_LV0203": 0.21259667447431913,
  "Q_LV0203": 0.10296526886293023,
  "U_LV0203": 1.0282178790914616,
  "I_LV0203_MV0203": 0.2297358682407,
  "P_POIMV_MV0101": -0.633850519173393,
  "Q_POIMV_MV0101": -0.28785782922750514,
  "U_POIMV": 1.007464292266829,
  "I_POIMV_MV0101": 0.6909949325441291,
  "P_POIMV_MV0201": -0.6337048909437044,
  "Q_POIMV_MV0201": -0.28795311146927816,
  "I_POIMV_MV0201": 0.6909024422331054,
  "P_POI_POIMV": -1.267545410116382,
  "Q_POI_POIMV": -0.5515120524805752,
  "U_POI": 1.000149057097532,
  "I_POI_POIMV": 1.3821242312001558
}