{
  "P_LV0101": 0.001335,
  "Q_LV0101": 0.002355,
  "U_LV0101": 0.002568,
  "I_LV0101_MV0101": 0.000595,
  "P_LV0102": 0.001296,
  "Q_LV0102": 0.002155,
  "U_LV0102": 0.002568,
  "I_LV0102_MV0102": 0.000553,
  "P_LV0103": 0.001319,
  "Q_LV0103": 0.002276,
  "U_LV0103": 0.002569,
  "I_LV0103_MV0103": 0.000578,
  "P_LV0201": 0.001309,
  "Q_LV0201": 0.002227,
  "U_LV0201": 0.002569,
  "I_LV0201_MV0201": 0.000568,
  "P_LV0202": 0.001324,
  "Q_LV0202": 0.002302,
  "U_LV0202": 0.002570,
  "I_LV0202_MV0202": 0.000583,
  "P_LV0203": 0.001316,
  "Q_LV0203": 0.002259,
  "U_LV0203": 0.002571,
  "I_LV0203_MV0203": 0.000574,
  "P_POIMV_MV0101": 0.003760,
  "Q_POIMV_MV0101": 0.006725,
  "U_POIMV": 0.002519,
  "I_POIMV_MV0101": 0.001727,
  "P_POIMV_MV0201": 0.003760,
  "Q_POIMV_MV0201": 0.006724,
  "I_POIMV_MV0201": 0.001727,
  "P_POI_POIMV": 0.007317,
  "Q_POI_POIMV": 0.013436,
  "U_POI": 0.002500,
  "I_POI_POIMV": 0.003455
}
