{
  "irrad_LV0101": 581.6371187532235,
  "irrad_LV0102": 657.5984276792093,
  "irrad_LV0103": 718.3402587908552,
  "irrad_LV0201": 715.9281020140234,
  "irrad_LV0202": 741.741649760072,
  "irrad_LV0203": 679.3013210410293
}