{
  "P_LV0101": 0.17445739904449542,
  "Q_LV0101": -0.09868111072906978,
  "U_LV0101": 0.9820918701736485,
  "I_LV0101_MV0101": 0.20408772522267382,
  "P_LV0102": 0.19724138575368183,
  "Q_LV0102": -0.09868111072906896,
  "U_LV0102": 0.9828361323222214,
  "I_LV0102_MV0102": 0.2244011919311152,
  "P_LV0103": 0.215460411890894,
  "Q_LV0103": -0.09868111072906914,
  "U_LV0103": 0.9833726492109499,
  "I_LV0103_MV0103": 0.24099047286044947,
  "P_LV0201": 0.21473690476969154,
  "Q_LV0201": -0.09868111072906945,
  "U_LV0201": 0.9833820698985728,
  "I_LV0201_MV0201": 0.24031944589995322,
  "P_LV0202": 0.22247947183545888,
  "Q_LV0202": -0.0986811107290692,
  "U_LV0202": 0.983763340151776,
  "I_LV0202_MV0202": 0.24739951510789007,
  "P_LV0203": 0.2037509949336447,
  "Q_LV0203": -0.09868111072906897,
  "U_LV0203": 0.9834107560967531,
  "I_LV0203_MV0203": 0.23020898741160678,
  "P_POIMV_MV0101": -0.5826432510800714,
  "Q_POIMV_MV0101": 0.3158711451808358,
  "U_POIMV": 0.9913638118024807,
  "I_POIMV_MV0101": 0.6685312385654438,
  "P_POIMV_MV0201": -0.6354573089616906,
  "Q_POIMV_MV0201": 0.3188914992779246,
  "I_POIMV_MV0201": 0.7171773491332931,
  "P_POI_POIMV": -1.2180905600414718,
  "Q_POI_POIMV": 0.659192987174265,
  "U_POI": 0.9998216571643318,
  "I_POI_POIMV": 1.3852669103378064
}