{
  "P_LV0101": 0.001205,
  "Q_LV0101": 0.001863,
  "U_LV0101": 0.002455,
  "I_LV0101_MV0101": 0.000510,
  "P_LV0102": 0.001248,
  "Q_LV0102": 0.002098,
  "U_LV0102": 0.002457,
  "I_LV0102_MV0102": 0.000561,
  "P_LV0103": 0.001285,
  "Q_LV0103": 0.002287,
  "U_LV0103": 0.002458,
  "I_LV0103_MV0103": 0.000602,
  "P_LV0201": 0.001284,
  "Q_LV0201": 0.002279,
  "U_LV0201": 0.002458,
  "I_LV0201_MV0201": 0.000601,
  "P_LV0202": 0.001300,
  "Q_LV0202": 0.002359,
  "U_LV0202": 0.002459,
  "I_LV0202_MV0202": 0.000618,
  "P_LV0203": 0.001261,
  "Q_LV0203": 0.002165,
  "U_LV0203": 0.002459,
  "I_LV0203_MV0203": 0.000576,
  "P_POIMV_MV0101": 0.003901,
  "Q_POIMV_MV0101": 0.006212,
  "U_POIMV": 0.002478,
  "I_POIMV_MV0101": 0.001671,
  "P_POIMV_MV0201": 0.004029,
  "Q_POIMV_MV0201": 0.006759,
  "I_POIMV_MV0201": 0.001793,
  "P_POI_POIMV": 0.008145,
  "Q_POI_POIMV": 0.012986,
  "U_POI": 0.002500,
  "I_POI_POIMV": 0.003463
}
