{
  "irrad_LV0101": 4.98235382216907,
  "irrad_LV0102": -52.57056681281785,
  "irrad_LV0103": 5.989717971081051,
  "irrad_LV0201": -15.187446763594457,
  "irrad_LV0202": 55.9203908747354,
  "irrad_LV0203": 44.675180515516544
}