{
  "P_LV0101": 0.000012,
  "Q_LV0101": 0.000040,
  "U_LV0101": 0.002500,
  "I_LV0101_MV0101": 0.000011,
  "P_LV0102": 0.000071,
  "Q_LV0102": 0.000225,
  "U_LV0102": 0.002499,
  "I_LV0102_MV0102": 0.000059,
  "P_LV0103": 0.000014,
  "Q_LV0103": 0.000048,
  "U_LV0103": 0.002500,
  "I_LV0103_MV0103": 0.000013,
  "P_LV0201": 0.000034,
  "Q_LV0201": 0.000115,
  "U_LV0201": 0.002500,
  "I_LV0201_MV0201": 0.000032,
  "P_LV0202": 0.000075,
  "Q_LV0202": 0.000238,
  "U_LV0202": 0.002501,
  "I_LV0202_MV0202": 0.000062,
  "P_LV0203": 0.000066,
  "Q_LV0203": 0.000214,
  "U_LV0203": 0.002501,
  "I_LV0203_MV0203": 0.000057,
  "P_POIMV_MV0101": 0.000100,
  "Q_POIMV_MV0101": 0.000319,
  "U_POIMV": 0.002500,
  "I_POIMV_MV0101": 0.000089,
  "P_POIMV_MV0201": 0.000164,
  "Q_POIMV_MV0201": 0.000536,
  "I_POIMV_MV0201": 0.000148,
  "P_POI_POIMV": 0.000136,
  "Q_POI_POIMV": 0.000353,
  "U_POI": 0.002500,
  "I_POI_POIMV": 0.000101
}
