{
  "irrad_LV0101": 276.70228493844826,
  "irrad_LV0102": 190.42360879019327,
  "irrad_LV0103": 256.8267133542744,
  "irrad_LV0201": 277.05454470774396,
  "irrad_LV0202": 104.18031265622844,
  "irrad_LV0203": 141.3285879596913
}