{
  "P_LV0101": 0.05216082008466283,
  "Q_LV0101": 0.02076060255565372,
  "U_LV0101": 1.006004878071873,
  "I_LV0101_MV0101": 0.055805377965437504,
  "P_LV0102": 0.07077091797182518,
  "Q_LV0102": 0.020760602555654765,
  "U_LV0102": 1.0066186521526874,
  "I_LV0102_MV0102": 0.07326820182907462,
  "P_LV0103": 0.07889159165049832,
  "Q_LV0103": 0.020760602555654435,
  "U_LV0103": 1.006894738085738,
  "I_LV0103_MV0103": 0.08101887977337675,
  "P_LV0201": 0.05486926506086642,
  "Q_LV0201": 0.020760602555654255,
  "U_LV0201": 1.0062160355084522,
  "I_LV0201_MV0201": 0.05830306880832198,
  "P_LV0202": 0.07544878134711652,
  "Q_LV0202": 0.020760602555654793,
  "U_LV0202": 1.0068587660173745,
  "I_LV0202_MV0202": 0.0777198687024581,
  "P_LV0203": 0.04286527983810458,
  "Q_LV0203": 0.020760602555654657,
  "U_LV0203": 1.00603670248131,
  "I_LV0203_MV0203": 0.04734229734515083,
  "P_POIMV_MV0101": -0.20136874694230755,
  "Q_POIMV_MV0101": -0.06144513482081493,
  "U_POIMV": 1.0016357826636544,
  "I_POIMV_MV0101": 0.21019091356458927,
  "P_POIMV_MV0201": -0.17281126443015182,
  "Q_POIMV_MV0201": -0.06218946739926423,
  "I_POIMV_MV0201": 0.18336078949008608,
  "P_POI_POIMV": -0.37417001137231465,
  "Q_POI_POIMV": -0.1221851447598965,
  "U_POI": 1.0000330346895616,
  "I_POI_POIMV": 0.39360153865251113
}