{
  "P_LV0101": 0.08299463597424167,
  "Q_LV0101": 0.02053059755023102,
  "U_LV0101": 1.0067682135866383,
  "I_LV0101_MV0101": 0.04902946225748227,
  "P_LV0102": 0.057116037534562056,
  "Q_LV0102": 0.020530597550230584,
  "U_LV0102": 1.0062013335376465,
  "I_LV0102_MV0102": 0.0348256629276976,
  "P_LV0103": 0.07703311733779296,
  "Q_LV0103": 0.020530597550230623,
  "U_LV0103": 1.0067873745132425,
  "I_LV0103_MV0103": 0.045717251793353744,
  "P_LV0201": 0.08310029347297743,
  "Q_LV0201": 0.020530597550230567,
  "U_LV0201": 1.00688759853476,
  "I_LV0201_MV0201": 0.04908246246830909,
  "P_LV0202": 0.031248051047029598,
  "Q_LV0202": 0.02053059755023047,
  "U_LV0202": 1.0055848230867421,
  "I_LV0202_MV0202": 0.021466729342085784,
  "P_LV0203": 0.042390378934085676,
  "Q_LV0203": 0.020530597550229568,
  "U_LV0203": 1.0059234490062807,
  "I_LV0203_MV0203": 0.02703331032995001,
  "P_POIMV_MV0101": -0.2166326807198402,
  "Q_POIMV_MV0101": -0.060467761831432654,
  "U_POIMV": 1.0016154866799118,
  "I_POIMV_MV0101": 0.12964441309928848,
  "P_POIMV_MV0201": -0.15640272393557098,
  "Q_POIMV_MV0201": -0.061629224499824886,
  "I_POIMV_MV0201": 0.09690009791634455,
  "P_POI_POI_MV": -0.37302540465491846,
  "Q_POI_POI_MV": -0.12066345089760944,
  "U_POI": 1.0000326232564605,
  "I_POI_POI_MV": 0.22634604223397514
}