{
  "P_LV0101": 0.050391742174923836,
  "Q_LV0101": 0.04417688026936651,
  "U_LV0101": 1.0109982750451414,
  "I_LV0101_MV0101": 0.0662853355256818,
  "P_LV0102": 0.06582580037321377,
  "Q_LV0102": 0.04417688026936465,
  "U_LV0102": 1.0115489753739955,
  "I_LV0102_MV0102": 0.07837057577100869,
  "P_LV0103": 0.08465829293394922,
  "Q_LV0103": 0.044176880269365906,
  "U_LV0103": 1.0121169435870503,
  "I_LV0103_MV0103": 0.09434827026508534,
  "P_LV0201": 0.08178339066742525,
  "Q_LV0201": 0.04417688026936621,
  "U_LV0201": 1.0120454164377737,
  "I_LV0201_MV0201": 0.09184592202325564,
  "P_LV0202": 0.053274371492310006,
  "Q_LV0202": 0.044176880269367065,
  "U_LV0202": 1.0114398326642637,
  "I_LV0202_MV0202": 0.06842528502807316,
  "P_LV0203": 0.09121384266397649,
  "Q_LV0203": 0.044176880269366246,
  "U_LV0203": 1.0125110617698525,
  "I_LV0203_MV0203": 0.10009640180516083,
  "P_POIMV_MV0101": -0.20028901839032187,
  "Q_POIMV_MV0101": -0.1310819343066214,
  "U_POIMV": 1.0034606375922714,
  "I_POIMV_MV0101": 0.2385448326389318,
  "P_POIMV_MV0201": -0.22553169892967162,
  "Q_POIMV_MV0201": -0.13081969658060189,
  "I_POIMV_MV0201": 0.25982739375159924,
  "P_POI_POIMV": -0.4258107173194877,
  "Q_POI_POIMV": -0.2592360010307857,
  "U_POI": 1.000070090193771,
  "I_POI_POIMV": 0.4984809299434933
}