{
  "P_LV0101": 0.06917927605167053,
  "Q_LV0101": 0.016200614220900692,
  "U_LV0101": 1.0054684606566469,
  "I_LV0101_MV0101": 0.04079816019852884,
  "P_LV0102": 0.06969948372740328,
  "Q_LV0102": 0.016200614220899627,
  "U_LV0102": 1.0055853183511954,
  "I_LV0102_MV0102": 0.04108428167482706,
  "P_LV0103": 0.05768175415843859,
  "Q_LV0103": 0.016200614220900123,
  "U_LV0103": 1.0053158182082431,
  "I_LV0103_MV0103": 0.0344082501351509,
  "P_LV0201": 0.06029500699399578,
  "Q_LV0201": 0.016200614220899738,
  "U_LV0201": 1.00535318179317,
  "I_LV0201_MV0201": 0.035854091597335006,
  "P_LV0202": 0.06395466215058013,
  "Q_LV0202": 0.016200614220901,
  "U_LV0202": 1.0055324797704777,
  "I_LV0202_MV0202": 0.037880925165570796,
  "P_LV0203": 0.03345008220577506,
  "Q_LV0203": 0.01620061422090055,
  "U_LV0203": 1.0047495948059588,
  "I_LV0203_MV0203": 0.021356801586025598,
  "P_POIMV_MV0101": -0.19615387561566422,
  "Q_POIMV_MV0101": -0.047969291173558304,
  "U_POIMV": 1.0012812504863182,
  "I_POIMV_MV0101": 0.11643754288121484,
  "P_POIMV_MV0201": -0.15739844394090596,
  "Q_POIMV_MV0201": -0.04881449795749404,
  "I_POIMV_MV0201": 0.0950222232273817,
  "P_POI_POIMV": -0.353542319557586,
  "Q_POI_POIMV": -0.09560471980785223,
  "U_POI": 1.0000258478716166,
  "I_POI_POIMV": 0.2114438462576275
}