{
  "P_LV0101": 0.000084,
  "Q_LV0101": 0.000185,
  "U_LV0101": 0.002514,
  "I_LV0101_MV0101": 0.000031,
  "P_LV0102": 0.000091,
  "Q_LV0102": 0.000228,
  "U_LV0102": 0.002516,
  "I_LV0102_MV0102": 0.000037,
  "P_LV0103": 0.000088,
  "Q_LV0103": 0.000213,
  "U_LV0103": 0.002515,
  "I_LV0103_MV0103": 0.000035,
  "P_LV0201": 0.000083,
  "Q_LV0201": 0.000179,
  "U_LV0201": 0.002514,
  "I_LV0201_MV0201": 0.000030,
  "P_LV0202": 0.000078,
  "Q_LV0202": 0.000139,
  "U_LV0202": 0.002513,
  "I_LV0202_MV0202": 0.000024,
  "P_LV0203": 0.000078,
  "Q_LV0203": 0.000139,
  "U_LV0203": 0.002513,
  "I_LV0203_MV0203": 0.000025,
  "P_POIMV_MV0101": 0.000258,
  "Q_POIMV_MV0101": 0.000625,
  "U_POIMV": 0.002500,
  "I_POIMV_MV0101": 0.000104,
  "P_POIMV_MV0201": 0.000238,
  "Q_POIMV_MV0201": 0.000457,
  "I_POIMV_MV0201": 0.000080,
  "P_POI_POI_MV": 0.000496,
  "Q_POI_POI_MV": 0.001088,
  "U_POI": 0.002500,
  "I_POI_POI_MV": 0.000185
}
