{
  "irrad_LV0101": 871.8394470948112,
  "irrad_LV0102": 901.0182640269045,
  "irrad_LV0103": 863.2170809076041,
  "irrad_LV0201": 807.0833841782312,
  "irrad_LV0202": 885.4069684232487,
  "irrad_LV0203": 772.0822990792799
}