{
  "irrad_LV0101": 894.2967115741515,
  "irrad_LV0102": 811.4963900050444,
  "irrad_LV0103": 849.360114746634,
  "irrad_LV0201": 901.3930102519165,
  "irrad_LV0202": 785.3290708695656,
  "irrad_LV0203": 852.3385122873268
}