{
  "irrad_LV0101": 793.4142449394315,
  "irrad_LV0102": 872.7953538941222,
  "irrad_LV0103": 854.1068533108371,
  "irrad_LV0201": 864.8760114218534,
  "irrad_LV0202": 831.3281867105878,
  "irrad_LV0203": 824.3248145623953
}