{
  "P_LV0101": 0.2379782532340632,
  "Q_LV0101": 0.11974846181351359,
  "U_LV0101": 1.0309716053751599,
  "I_LV0101_MV0101": 0.2584050084976026,
  "P_LV0102": 0.26178798159388383,
  "Q_LV0102": 0.11974846181351456,
  "U_LV0102": 1.0319527133011344,
  "I_LV0102_MV0102": 0.2789624788014989,
  "P_LV0103": 0.25618251540426,
  "Q_LV0103": 0.11974846181351424,
  "U_LV0103": 1.0320502272120795,
  "I_LV0103_MV0103": 0.27400625366111386,
  "P_LV0201": 0.2594126381962407,
  "Q_LV0201": 0.11974846181351356,
  "U_LV0201": 1.032110318626538,
  "I_LV0201_MV0201": 0.2768286556822972,
  "P_LV0202": 0.2493502366506283,
  "Q_LV0202": 0.11974846181351391,
  "U_LV0202": 1.03231994487624,
  "I_LV0202_MV0202": 0.2679536263647185,
  "P_LV0203": 0.24724963122136448,
  "Q_LV0203": 0.11974846181351446,
  "U_LV0203": 1.0324891520311654,
  "I_LV0203_MV0203": 0.2660771901842612,
  "P_POIMV_MV0101": -0.7493512208877746,
  "Q_POIMV_MV0101": -0.32969663645212677,
  "U_POIMV": 1.0085035554618245,
  "I_POIMV_MV0101": 0.8117710634395281,
  "P_POIMV_MV0201": -0.7489857190354314,
  "Q_POIMV_MV0201": -0.32974919669140945,
  "I_POIMV_MV0201": 0.811460343755901,
  "P_POI_POIMV": -1.4983269399226664,
  "Q_POI_POIMV": -0.625703729479028,
  "U_POI": 1.0001690900568645,
  "I_POI_POIMV": 1.62345230727607
}