{
  "P_LV0101": 0.2512999670376442,
  "Q_LV0101": 0.10847569671490684,
  "U_LV0101": 1.0289592063636417,
  "I_LV0101_MV0101": 0.15358053901362317,
  "P_LV0102": 0.25786706836952,
  "Q_LV0102": 0.10847569671490749,
  "U_LV0102": 1.0295442332679352,
  "I_LV0102_MV0102": 0.1568812163931862,
  "P_LV0103": 0.25924411602673797,
  "Q_LV0103": 0.10847569671490831,
  "U_LV0103": 1.0297944029653203,
  "I_LV0103_MV0103": 0.15755502406595887,
  "P_LV0201": 0.2231870313536949,
  "Q_LV0201": 0.10847569671490874,
  "U_LV0201": 1.0289193008477642,
  "I_LV0201_MV0201": 0.13924380520802832,
  "P_LV0202": 0.2632086909767665,
  "Q_LV0202": 0.10847569671490788,
  "U_LV0202": 1.0302403266753495,
  "I_LV0202_MV0202": 0.1595387047919718,
  "P_LV0203": 0.22397428412073933,
  "Q_LV0203": 0.10847569671490831,
  "U_LV0203": 1.0295533773824344,
  "I_LV0203_MV0203": 0.13955524153528076,
  "P_POIMV_MV0101": -0.7618376790367165,
  "Q_POIMV_MV0101": -0.29596522113411083,
  "U_POIMV": 1.0076767661945707,
  "I_POIMV_MV0101": 0.4682780249804807,
  "P_POIMV_MV0201": -0.7041792020195317,
  "Q_POIMV_MV0201": -0.2996496895179348,
  "I_POIMV_MV0201": 0.4384703924320051,
  "P_POI_POIMV": -1.4660068810560245,
  "Q_POI_POIMV": -0.5640723280571365,
  "U_POI": 1.0001524327554998,
  "I_POI_POIMV": 0.9067527644428044
}