{
  "P_LV0101": 0.2615012649993615,
  "Q_LV0101": 0.11215926789401155,
  "U_LV0101": 1.0299076351536665,
  "I_LV0101_MV0101": 0.27627652209470926,
  "P_LV0102": 0.2702532176259067,
  "Q_LV0102": 0.11215926789401225,
  "U_LV0102": 1.0305501380220752,
  "I_LV0102_MV0102": 0.2839289110525793,
  "P_LV0103": 0.2589150552645808,
  "Q_LV0103": 0.11215926789401094,
  "U_LV0103": 1.0305199186029608,
  "I_LV0103_MV0103": 0.27380773678104825,
  "P_LV0201": 0.24207820215735365,
  "Q_LV0201": 0.1121592678940116,
  "U_LV0201": 1.0300950173270709,
  "I_LV0201_MV0201": 0.25900399104020866,
  "P_LV0202": 0.26557073444366674,
  "Q_LV0202": 0.11215926789401207,
  "U_LV0202": 1.0310479613974768,
  "I_LV0202_MV0202": 0.2796026505085185,
  "P_LV0203": 0.231579906788607,
  "Q_LV0203": 0.11215926789401215,
  "U_LV0203": 1.0304889486411364,
  "I_LV0203_MV0203": 0.24969797869467913,
  "P_POIMV_MV0101": -0.7837153411237523,
  "Q_POIMV_MV0101": -0.30521595690242975,
  "U_POIMV": 1.0079024133282328,
  "I_POIMV_MV0101": 0.834456619362464,
  "P_POIMV_MV0201": -0.7325725077578227,
  "Q_POIMV_MV0201": -0.30862583812779576,
  "I_POIMV_MV0201": 0.7886965648645359,
  "P_POI_POIMV": -1.5162778488805948,
  "Q_POI_POIMV": -0.5801093974223477,
  "U_POI": 1.0001567626272148,
  "I_POI_POIMV": 1.6232064832047364
}