{
  "P_LV0101": 0.2687244760108387,
  "Q_LV0101": 0.11671336955778634,
  "U_LV0101": 1.03099519454208,
  "I_LV0101_MV0101": 0.16406448122082976,
  "P_LV0102": 0.24980854693987178,
  "Q_LV0102": 0.11671336955778533,
  "U_LV0102": 1.0310018197154645,
  "I_LV0102_MV0102": 0.15440520191274837,
  "P_LV0103": 0.23933188987192525,
  "Q_LV0103": 0.11671336955778519,
  "U_LV0103": 1.0309763029251027,
  "I_LV0103_MV0103": 0.14911427117066647,
  "P_LV0201": 0.2708183196866541,
  "Q_LV0201": 0.11671336955778727,
  "U_LV0201": 1.0317199290749401,
  "I_LV0201_MV0201": 0.16502461843199423,
  "P_LV0202": 0.2701466511871586,
  "Q_LV0202": 0.1167133695577865,
  "U_LV0202": 1.0321459069830434,
  "I_LV0202_MV0202": 0.16461154554077542,
  "P_LV0203": 0.24098294996644948,
  "Q_LV0203": 0.11671336955778557,
  "U_LV0203": 1.0317070764911838,
  "I_LV0203_MV0203": 0.14983965701499039,
  "P_POIMV_MV0101": -0.7513138633501057,
  "Q_POIMV_MV0101": -0.3207053282333163,
  "U_POIMV": 1.0082392197405499,
  "I_POIMV_MV0101": 0.4677828517898551,
  "P_POIMV_MV0201": -0.7745735649473318,
  "Q_POIMV_MV0201": -0.3190730428852362,
  "I_POIMV_MV0201": 0.4797044488001362,
  "P_POI_POI_MV": -1.5258774282974485,
  "Q_POI_POI_MV": -0.6052783470508984,
  "U_POI": 1.0001635654845242,
  "I_POI_POI_MV": 0.947590367167205
}