{
  "irrad_LV0101": 944.3795457574743,
  "irrad_LV0102": 991.2097513552443,
  "irrad_LV0103": 1052.320959417715,
  "irrad_LV0201": 1018.9376035350623,
  "irrad_LV0202": 1059.32304107109,
  "irrad_LV0203": 1035.5120712033922
}