{
  "P_LV0101": 0.001001,
  "Q_LV0101": 0.002971,
  "U_LV0101": 0.002515,
  "I_LV0101_MV0101": 0.000704,
  "P_LV0102": 0.001051,
  "Q_LV0102": 0.003118,
  "U_LV0102": 0.002517,
  "I_LV0102_MV0102": 0.000738,
  "P_LV0103": 0.001116,
  "Q_LV0103": 0.003310,
  "U_LV0103": 0.002519,
  "I_LV0103_MV0103": 0.000783,
  "P_LV0201": 0.001081,
  "Q_LV0201": 0.003205,
  "U_LV0201": 0.002518,
  "I_LV0201_MV0201": 0.000759,
  "P_LV0202": 0.001123,
  "Q_LV0202": 0.003332,
  "U_LV0202": 0.002520,
  "I_LV0202_MV0202": 0.000788,
  "P_LV0203": 0.001098,
  "Q_LV0203": 0.003258,
  "U_LV0203": 0.002520,
  "I_LV0203_MV0203": 0.000770,
  "P_POIMV_MV0101": 0.003163,
  "Q_POIMV_MV0101": 0.009317,
  "U_POIMV": 0.002497,
  "I_POIMV_MV0101": 0.002225,
  "P_POIMV_MV0201": 0.003295,
  "Q_POIMV_MV0201": 0.009700,
  "I_POIMV_MV0201": 0.002317,
  "P_POI_POIMV": 0.006527,
  "Q_POI_POIMV": 0.019019,
  "U_POI": 0.002500,
  "I_POI_POIMV": 0.004542
}
