{
  "P_LV0101": 0.000275,
  "Q_LV0101": 0.000486,
  "U_LV0101": 0.002578,
  "I_LV0101_MV0101": 0.000077,
  "P_LV0102": 0.000276,
  "Q_LV0102": 0.000497,
  "U_LV0102": 0.002581,
  "I_LV0102_MV0102": 0.000079,
  "P_LV0103": 0.000278,
  "Q_LV0103": 0.000512,
  "U_LV0103": 0.002582,
  "I_LV0103_MV0103": 0.000080,
  "P_LV0201": 0.000275,
  "Q_LV0201": 0.000485,
  "U_LV0201": 0.002581,
  "I_LV0201_MV0201": 0.000077,
  "P_LV0202": 0.000273,
  "Q_LV0202": 0.000475,
  "U_LV0202": 0.002582,
  "I_LV0202_MV0202": 0.000076,
  "P_LV0203": 0.000274,
  "Q_LV0203": 0.000478,
  "U_LV0203": 0.002583,
  "I_LV0203_MV0203": 0.000076,
  "P_POIMV_MV0101": 0.000758,
  "Q_POIMV_MV0101": 0.001473,
  "U_POIMV": 0.002500,
  "I_POIMV_MV0101": 0.000236,
  "P_POIMV_MV0201": 0.000754,
  "Q_POIMV_MV0201": 0.001417,
  "I_POIMV_MV0201": 0.000229,
  "P_POI_POI_MV": 0.001512,
  "Q_POI_POI_MV": 0.002891,
  "U_POI": 0.002500,
  "I_POI_POI_MV": 0.000466
}
