{
  "irrad_LV0101": 1206.0694490786257,
  "irrad_LV0102": 1104.4784671037846,
  "irrad_LV0103": 1149.9195384336165,
  "irrad_LV0201": 1174.835761547891,
  "irrad_LV0202": 1149.4445475501693,
  "irrad_LV0203": 1147.715365740212
}