{
  "irrad_LV0101": 554.519472563535,
  "irrad_LV0102": 527.7297517343587,
  "irrad_LV0103": 504.5638311851891,
  "irrad_LV0201": 546.9851416818466,
  "irrad_LV0202": 433.0002014094723,
  "irrad_LV0203": 549.3866543308217
}