{
  "irrad_LV0101": 551.17799826353,
  "irrad_LV0102": 440.5244802991389,
  "irrad_LV0103": 464.01852101186023,
  "irrad_LV0201": 458.58126032271826,
  "irrad_LV0202": 413.7739429157429,
  "irrad_LV0203": 498.64388594655986
}