{
  "irrad_LV0101": 444.2272386944613,
  "irrad_LV0102": 594.9914378277001,
  "irrad_LV0103": 581.6898383361162,
  "irrad_LV0201": 497.94021624066414,
  "irrad_LV0202": 382.92134997103165,
  "irrad_LV0203": 519.6581979541085
}