{
  "P_LV0101": 0.1332424051846579,
  "Q_LV0101": 0.07548998741087536,
  "U_LV0101": 1.0196510702112291,
  "I_LV0101_MV0101": 0.1501899683332957,
  "P_LV0102": 0.17846292017894005,
  "Q_LV0102": 0.07548998741087562,
  "U_LV0102": 1.021055258047951,
  "I_LV0102_MV0102": 0.1897766275554258,
  "P_LV0103": 0.17447321186147988,
  "Q_LV0103": 0.07548998741087512,
  "U_LV0103": 1.0211112816111965,
  "I_LV0103_MV0103": 0.18617391680529558,
  "P_LV0201": 0.14935318294542468,
  "Q_LV0201": 0.0754899874108759,
  "U_LV0201": 1.0204116847245104,
  "I_LV0201_MV0201": 0.16399976647543843,
  "P_LV0202": 0.11485419448083141,
  "Q_LV0202": 0.07548998741087538,
  "U_LV0202": 1.0198094453547675,
  "I_LV0202_MV0202": 0.13477195430543232,
  "P_LV0203": 0.15586731775570828,
  "Q_LV0203": 0.07548998741087515,
  "U_LV0203": 1.0209607664501232,
  "I_LV0203_MV0203": 0.16963032695136804,
  "P_POIMV_MV0101": -0.4833694290571202,
  "Q_POIMV_MV0101": -0.2146613608338157,
  "U_POIMV": 1.0056493893062441,
  "I_POIMV_MV0101": 0.5259196998836834,
  "P_POIMV_MV0201": -0.4177098246368587,
  "Q_POIMV_MV0201": -0.2175789523546996,
  "I_POIMV_MV0201": 0.46833413203035335,
  "P_POI_POIMV": -0.9010692536934753,
  "Q_POI_POIMV": -0.41994730257511037,
  "U_POI": 1.0001135181806222,
  "I_POI_POIMV": 0.9940106635485011
}