{
  "P_LV0101": 0.14368921379648072,
  "Q_LV0101": 0.07669912902755492,
  "U_LV0101": 1.0201717669088157,
  "I_LV0101_MV0101": 0.0921784389016324,
  "P_LV0102": 0.1497860255179716,
  "Q_LV0102": 0.07669912902755455,
  "U_LV0102": 1.0205875471282728,
  "I_LV0102_MV0102": 0.09519739681319161,
  "P_LV0103": 0.14227005662374773,
  "Q_LV0103": 0.07669912902755352,
  "U_LV0103": 1.0205343575796837,
  "I_LV0103_MV0103": 0.0914381929814383,
  "P_LV0201": 0.14306977202496013,
  "Q_LV0201": 0.0766991290275528,
  "U_LV0201": 1.0205609038970473,
  "I_LV0201_MV0201": 0.09183429506803835,
  "P_LV0202": 0.1403044746913242,
  "Q_LV0202": 0.07669912902755478,
  "U_LV0202": 1.020763900981729,
  "I_LV0202_MV0202": 0.0904405750126417,
  "P_LV0203": 0.1583638827578027,
  "Q_LV0203": 0.07669912902755427,
  "U_LV0203": 1.0213459195494616,
  "I_LV0203_MV0203": 0.09946725806719414,
  "P_POIMV_MV0101": -0.4334132559608861,
  "Q_POIMV_MV0101": -0.22046985629958726,
  "U_POIMV": 1.0057671289975112,
  "I_POIMV_MV0101": 0.2791356298460574,
  "P_POIMV_MV0201": -0.4391833503751741,
  "Q_POIMV_MV0201": -0.22039543919044036,
  "I_POIMV_MV0201": 0.2820727184996767,
  "P_POI_POI_MV": -0.8725866063361739,
  "Q_POI_POI_MV": -0.42912863972833293,
  "U_POI": 1.000116002244011,
  "I_POI_POI_MV": 0.5613493978141046
}