{
  "P_LV0101": 0.1583016537991601,
  "Q_LV0101": 0.07623586867300584,
  "U_LV0101": 1.0204303600270632,
  "I_LV0101_MV0101": 0.17218457276020044,
  "P_LV0102": 0.15477724744569837,
  "Q_LV0102": 0.07623586867300343,
  "U_LV0102": 1.0205954154776817,
  "I_LV0102_MV0102": 0.16905207860478075,
  "P_LV0103": 0.11382231027681262,
  "Q_LV0103": 0.0762358686730051,
  "U_LV0103": 1.0196954545264014,
  "I_LV0103_MV0103": 0.13434820632575803,
  "P_LV0201": 0.11847481448176372,
  "Q_LV0201": 0.0762358686730039,
  "U_LV0201": 1.01985424096176,
  "I_LV0201_MV0201": 0.13814091900089281,
  "P_LV0202": 0.1638716217842642,
  "Q_LV0202": 0.07623586867300533,
  "U_LV0202": 1.021254859042075,
  "I_LV0202_MV0202": 0.17697528504427862,
  "P_LV0203": 0.15740736982989423,
  "Q_LV0203": 0.0762358686730046,
  "U_LV0203": 1.0212389525660976,
  "I_LV0203_MV0203": 0.1712597009243549,
  "P_POIMV_MV0101": -0.4246270780799932,
  "Q_POIMV_MV0101": -0.21929752965661464,
  "U_POIMV": 1.0057346369349731,
  "I_POIMV_MV0101": 0.4751866446371802,
  "P_POIMV_MV0201": -0.4371866463461629,
  "Q_POIMV_MV0201": -0.21897164328407825,
  "I_POIMV_MV0201": 0.4861708238628883,
  "P_POI_POIMV": -0.8618037244246415,
  "Q_POI_POIMV": -0.4268018465636487,
  "U_POI": 1.0001153738694375,
  "I_POI_POIMV": 0.9615883225020901
}