{
  "P_LV0101": 0.016632367808699734,
  "Q_LV0101": 0.007980859684772856,
  "U_LV0101": 1.0154771449230249,
  "I_LV0101_MV0101": 0.010488640399414951,
  "P_LV0102": 0.015828831571706378,
  "Q_LV0102": 0.007980859684772775,
  "U_LV0102": 1.0155645448800443,
  "I_LV0102_MV0102": 0.010077823365694903,
  "P_LV0103": 0.015133988324056926,
  "Q_LV0103": 0.007980859684772782,
  "U_LV0103": 1.015533806191954,
  "I_LV0103_MV0103": 0.009727021650854916,
  "P_LV0201": 0.01640638158347781,
  "Q_LV0201": 0.007980859684772778,
  "U_LV0201": 1.0158363438296452,
  "I_LV0201_MV0201": 0.010369282328306782,
  "P_LV0202": 0.012987494519875943,
  "Q_LV0202": 0.007980859684772856,
  "U_LV0202": 1.0152693328131395,
  "I_LV0202_MV0202": 0.008668567302774838,
  "P_LV0203": 0.016478413033501272,
  "Q_LV0203": 0.00798085968477282,
  "U_LV0203": 1.0162736506893817,
  "I_LV0203_MV0203": 0.010401634326056619,
  "P_POIMV_MV0101": -0.047320213578927905,
  "Q_POIMV_MV0101": -0.0227808173534072,
  "U_POIMV": 1.0000046079023293,
  "I_POIMV_MV0101": 0.030321295233331262,
  "P_POIMV_MV0201": -0.045592833791999965,
  "Q_POIMV_MV0201": -0.02286144335621998,
  "I_POIMV_MV0201": 0.029446720882115328,
  "P_POI_POI_MV": -0.09291204737096441,
  "Q_POI_POI_MV": -0.045698847621679306,
  "U_POI": 1.0000045952082628,
  "I_POI_POI_MV": 0.05977997069959153
}