{
  "P_LV0101": 0.29928400954653933,
  "Q_LV0101": -0.0035799522673031024,
  "U_LV0101": 1.0062191824627744,
  "I_LV0101_MV0101": 0.2974554900273572,
  "P_LV0102": 0.3993181043300375,
  "Q_LV0102": -0.0023525400613706106,
  "U_LV0102": 1.00445584372195,
  "I_LV0102_MV0102": 0.19878714696628394,
  "P_LV0103": 0.2971360381861575,
  "Q_LV0103": -0.003682236617797477,
  "U_LV0103": 1.0066868934590854,
  "I_LV0103_MV0103": 0.29518498272260085,
  "P_LV0201": 0.20160245482441186,
  "Q_LV0201": -0.0023525400613706106,
  "U_LV0201": 1.0045182590263644,
  "I_LV0201_MV0201": 0.20070932378173797,
  "P_LV0202": 0.2021138765768837,
  "Q_LV0202": -0.0023525400613706106,
  "U_LV0202": 1.0048036307402297,
  "I_LV0202_MV0202": 0.20116126309294727,
  "P_LV0203": 0.20405727923627684,
  "Q_LV0203": -0.0023525400613706106,
  "U_LV0203": 1.0049867917581228,
  "I_LV0203_MV0203": 0.20305823068752799,
  "P_POIMV_MV0101": -0.7896541543534394,
  "Q_POIMV_MV0101": 0.03852577853029747,
  "U_POIMV": 0.9990431456291045,
  "I_POIMV_MV0101": 0.7913506041067431,
  "P_POIMV_MV0201": -0.6038599719133466,
  "Q_POIMV_MV0201": 0.022799533461621203,
  "I_POIMV_MV0201": 0.6048690034791712,
  "P_POI_POIMV": -1.3935141263128064,
  "Q_POI_POIMV": 0.08614202646385194,
  "U_POI": 1.0,
  "I_POI_POIMV": 1.3961740826117075
}