{
  "P_LV0101": 0.29570405727923627,
  "Q_LV0101": -0.005318786225707466,
  "U_LV0101": 1.005810420510573,
  "I_LV0101_MV0101": 0.29404337190561014,
  "P_LV0102": 0.39481759290828505,
  "Q_LV0102": -0.0034776679168087286,
  "U_LV0102": 1.0041521807411322,
  "I_LV0102_MV0102": 0.1966230121051873,
  "P_LV0103": 0.29488578247528124,
  "Q_LV0103": -0.005318786225707466,
  "U_LV0103": 1.0063148953446446,
  "I_LV0103_MV0103": 0.2930829572432312,
  "P_LV0201": 0.19924991476304124,
  "Q_LV0201": -0.0034776679168087286,
  "U_LV0201": 1.0042110259539658,
  "I_LV0201_MV0201": 0.19844460632582853,
  "P_LV0202": 0.19955676781452436,
  "Q_LV0202": -0.0034776679168087286,
  "U_LV0202": 1.00448761461289,
  "I_LV0202_MV0202": 0.19869539972957403,
  "P_LV0203": 0.2021138765768837,
  "Q_LV0203": -0.0034776679168087286,
  "U_LV0203": 1.0046836379167743,
  "I_LV0203_MV0203": 0.20120143888685885,
  "P_POIMV_MV0101": -0.7816958822919579,
  "Q_POIMV_MV0101": 0.04245019785510727,
  "U_POIMV": 0.9989562422885017,
  "I_POIMV_MV0101": 0.7836656252932626,
  "P_POIMV_MV0201": -0.5970915180548061,
  "Q_POIMV_MV0201": 0.025800860309543847,
  "I_POIMV_MV0201": 0.5982731494642419,
  "P_POI_POIMV": -1.3787874003899625,
  "Q_POI_POIMV": 0.09255118271408501,
  "U_POI": 1.0,
  "I_POI_POIMV": 1.381890160937506
}