{
  "P_LV0101": 0.009512444595976815,
  "Q_LV0101": -0.003068530514831231,
  "U_LV0101": 0.9997049811542335,
  "I_LV0101_MV0101": 0.009998072499971618,
  "P_LV0102": 0.014933515172178656,
  "Q_LV0102": -0.002045687009887487,
  "U_LV0102": 0.9998026834673018,
  "I_LV0102_MV0102": 0.007743446539835625,
  "P_LV0103": 0.012580975110808046,
  "Q_LV0103": -0.002863961813842482,
  "U_LV0103": 0.9998375714204816,
  "I_LV0103_MV0103": 0.012904933477469882,
  "P_LV0201": 0.0070576201841118305,
  "Q_LV0201": -0.002045687009887487,
  "U_LV0201": 0.9997899314847897,
  "I_LV0201_MV0201": 0.007349661915697864,
  "P_LV0202": 0.007262188885100579,
  "Q_LV0202": -0.002045687009887487,
  "U_LV0202": 0.9998041728410758,
  "I_LV0202_MV0202": 0.007546292056507274,
  "P_LV0203": 0.007262188885100579,
  "Q_LV0203": -0.002045687009887487,
  "U_LV0203": 0.9998083996362453,
  "I_LV0203_MV0203": 0.007546260153932323,
  "P_POIMV_MV0101": -0.029550381814600526,
  "Q_POIMV_MV0101": 0.006751037469285726,
  "U_POIMV": 0.9998592602652747,
  "I_POIMV_MV0101": 0.030316006509560012,
  "P_POIMV_MV0201": -0.02157663123065991,
  "Q_POIMV_MV0201": 0.004604978568149383,
  "I_POIMV_MV0201": 0.022065672069186512,
  "P_POI_POIMV": -0.051127013087605186,
  "Q_POI_POIMV": 0.010825832067647659,
  "U_POI": 1.0,
  "I_POI_POIMV": 0.0522605980373078
}