{
  "P_LV0101": 0.16948516876917832,
  "Q_LV0101": -0.0159563586771224,
  "U_LV0101": 1.0011866228817243,
  "I_LV0101_MV0101": 0.17003286089808348,
  "P_LV0102": 0.21520627344016366,
  "Q_LV0102": -0.010535288100920559,
  "U_LV0102": 1.0005576781403183,
  "I_LV0102_MV0102": 0.10805739377519133,
  "P_LV0103": 0.14861916126832594,
  "Q_LV0103": -0.015854074326628026,
  "U_LV0103": 1.0009458272611038,
  "I_LV0103_MV0103": 0.14932116046585042,
  "P_LV0201": 0.11108080463689056,
  "Q_LV0201": -0.010535288100920559,
  "U_LV0201": 1.0006670050835071,
  "I_LV0201_MV0201": 0.11150491340301634,
  "P_LV0202": 0.10913740197749744,
  "Q_LV0202": -0.010535288100920559,
  "U_LV0202": 1.0007589369439334,
  "I_LV0202_MV0202": 0.10956157050595654,
  "P_LV0203": 0.11077395158540743,
  "Q_LV0203": -0.010535288100920559,
  "U_LV0203": 1.0008720608532558,
  "I_LV0203_MV0203": 0.11117685635660149,
  "P_POIMV_MV0101": -0.4238353674704303,
  "Q_POIMV_MV0101": 0.04989346593648737,
  "U_POIMV": 0.9988489278388591,
  "I_POIMV_MV0101": 0.42725376713294855,
  "P_POIMV_MV0201": -0.3298121400714361,
  "Q_POIMV_MV0201": 0.03526955504374007,
  "I_POIMV_MV0201": 0.3320748547177717,
  "P_POI_POIMV": -0.7536475075426902,
  "Q_POI_POIMV": 0.09210450885133263,
  "U_POI": 1.0,
  "I_POI_POIMV": 0.759254770268883
}