{
  "P_LV0101": 0.0877599727241732,
  "Q_LV0101": -0.013092396863279917,
  "U_LV0101": 0.9997898385920589,
  "I_LV0101_MV0101": 0.0887498394772472,
  "P_LV0102": 0.1268325946130242,
  "Q_LV0102": -0.00869416979202182,
  "U_LV0102": 0.9998669091035026,
  "I_LV0102_MV0102": 0.06401801445165323,
  "P_LV0103": 0.10248891919536311,
  "Q_LV0103": -0.013092396863279917,
  "U_LV0103": 1.0003399393447094,
  "I_LV0103_MV0103": 0.10328666488430796,
  "P_LV0201": 0.06167746334810774,
  "Q_LV0201": -0.00869416979202182,
  "U_LV0201": 0.9998145166688928,
  "I_LV0201_MV0201": 0.06229877777778305,
  "P_LV0202": 0.06300715990453461,
  "Q_LV0202": -0.00869416979202182,
  "U_LV0202": 0.9999294422295608,
  "I_LV0202_MV0202": 0.06360866080695733,
  "P_LV0203": 0.0634162973065121,
  "Q_LV0203": -0.00869416979202182,
  "U_LV0203": 0.9999801859120206,
  "I_LV0203_MV0203": 0.06401076255159859,
  "P_POIMV_MV0101": -0.25298648088239833,
  "Q_POIMV_MV0101": 0.036785904126806615,
  "U_POIMV": 0.9991696263485823,
  "I_POIMV_MV0101": 0.2558594073601236,
  "P_POIMV_MV0201": -0.187715088453853,
  "Q_POIMV_MV0201": 0.02623330255796176,
  "I_POIMV_MV0201": 0.18969680432837935,
  "P_POI_POIMV": -0.4407015693366064,
  "Q_POI_POIMV": 0.06503819697230832,
  "U_POI": 1.0,
  "I_POI_POIMV": 0.44547484809039056
}