{
  "P_LV0101": 0.010228435049437436,
  "Q_LV0101": -0.007159904534606205,
  "U_LV0101": 0.9990585588522889,
  "I_LV0101_MV0101": 0.01249716140840555,
  "P_LV0102": 0.011455847255369928,
  "Q_LV0102": -0.004602795772246846,
  "U_LV0102": 0.999292132117239,
  "I_LV0102_MV0102": 0.007353323154844451,
  "P_LV0103": 0.0,
  "Q_LV0103": 0.0,
  "U_LV0103": 0.999773201007207,
  "I_LV0103_MV0103": 4.784164644966297e-19,
  "P_LV0201": 0.006443914081145584,
  "Q_LV0201": -0.0048073644732355945,
  "U_LV0201": 0.9992857822516319,
  "I_LV0201_MV0201": 0.008045322066850028,
  "P_LV0202": 0.0,
  "Q_LV0202": 0.0,
  "U_LV0202": 0.9997778552126232,
  "I_LV0202_MV0202": 4.3057481804696676e-19,
  "P_LV0203": 0.006137061029662462,
  "Q_LV0203": -0.004602795772246846,
  "U_LV0203": 0.9993104822499737,
  "I_LV0203_MV0203": 0.007676619434274647,
  "P_POIMV_MV0101": -0.0159503582784968,
  "Q_POIMV_MV0101": 0.0105193025321833,
  "U_POIMV": 0.9997677721745954,
  "I_POIMV_MV0101": 0.01911123420197805,
  "P_POIMV_MV0201": -0.012577234394088534,
  "Q_POIMV_MV0201": 0.00787199565666831,
  "I_POIMV_MV0201": 0.014841072351799272,
  "P_POI_POIMV": -0.02852759269572722,
  "Q_POI_POIMV": 0.017840396552327123,
  "U_POI": 1.0,
  "I_POI_POIMV": 0.03364674269758656
}