{
  "P_LV0101": 0.04480054551653597,
  "Q_LV0101": -0.006853051483123082,
  "U_LV0101": 0.9999153741146208,
  "I_LV0101_MV0101": 0.04532549859914981,
  "P_LV0102": 0.050528469144220926,
  "Q_LV0102": -0.004602795772246846,
  "U_LV0102": 0.9997332596803904,
  "I_LV0102_MV0102": 0.0256869462066824,
  "P_LV0103": 0.03099215819979543,
  "Q_LV0103": -0.006853051483123082,
  "U_LV0103": 0.9995947103545457,
  "I_LV0103_MV0103": 0.03175366538504615,
  "P_LV0201": 0.02741220593249233,
  "Q_LV0201": -0.004602795772246846,
  "U_LV0201": 0.999801372846141,
  "I_LV0201_MV0201": 0.0278014703410455,
  "P_LV0202": 0.026184793726559834,
  "Q_LV0202": -0.004602795772246846,
  "U_LV0202": 0.9998005231306822,
  "I_LV0202_MV0202": 0.026591562676767683,
  "P_LV0203": 0.026389362427548586,
  "Q_LV0203": -0.004602795772246846,
  "U_LV0203": 0.9998223992910441,
  "I_LV0203_MV0203": 0.02679251970766529,
  "P_POIMV_MV0101": -0.10094688487203735,
  "Q_POIMV_MV0101": 0.017557952267323488,
  "U_POIMV": 0.9996122173411308,
  "I_POIMV_MV0101": 0.1025022063526134,
  "P_POIMV_MV0201": -0.07991598501871787,
  "Q_POIMV_MV0201": 0.012564620822265107,
  "I_POIMV_MV0201": 0.08092906120871732,
  "P_POI_POIMV": -0.18086287562693323,
  "Q_POI_POIMV": 0.0299947558249405,
  "U_POI": 1.0,
  "I_POI_POIMV": 0.18333320800400923
}