{
  "P_LV0101": 0.014728946471189908,
  "Q_LV0101": -0.004091374019774974,
  "U_LV0101": 0.9996450697310773,
  "I_LV0101_MV0101": 0.015292062405356553,
  "P_LV0102": 0.0243436754176611,
  "Q_LV0102": -0.0027616774633481074,
  "U_LV0102": 0.9997797344412306,
  "I_LV0102_MV0102": 0.012483955442693073,
  "P_LV0103": 0.02086600750085237,
  "Q_LV0103": -0.0039890896692806,
  "U_LV0103": 0.9998605738580523,
  "I_LV0103_MV0103": 0.021246858023188386,
  "P_LV0201": 0.011353562904875552,
  "Q_LV0201": -0.0027616774633481074,
  "U_LV0201": 0.9997539751308676,
  "I_LV0201_MV0201": 0.011687491460292956,
  "P_LV0202": 0.011558131605864302,
  "Q_LV0202": -0.0027616774633481074,
  "U_LV0202": 0.9997735711514351,
  "I_LV0202_MV0202": 0.011886178562918188,
  "P_LV0203": 0.011660415956358678,
  "Q_LV0203": -0.0027616774633481074,
  "U_LV0203": 0.9997833375977409,
  "I_LV0203_MV0203": 0.011985591521645361,
  "P_POIMV_MV0101": -0.04774150089173476,
  "Q_POIMV_MV0101": 0.009687431179886073,
  "U_POIMV": 0.9997922102366877,
  "I_POIMV_MV0101": 0.048724570273692695,
  "P_POIMV_MV0201": -0.034558613203515484,
  "Q_POIMV_MV0201": 0.006789070429704451,
  "I_POIMV_MV0201": 0.03522647959884723,
  "P_POI_POIMV": -0.0823001143665884,
  "Q_POI_POIMV": 0.016002360062534946,
  "U_POI": 1.0,
  "I_POI_POIMV": 0.08384142384480685
}