{
  "P_LV0101": 0.1511762700306853,
  "Q_LV0101": -0.01544493692465053,
  "U_LV0101": 1.000864216158008,
  "I_LV0101_MV0101": 0.15183197298038809,
  "P_LV0102": 0.18963518581657005,
  "Q_LV0102": -0.01033071939993181,
  "U_LV0102": 1.0002918838143657,
  "I_LV0102_MV0102": 0.09535088578580166,
  "P_LV0103": 0.1296965564268667,
  "Q_LV0103": -0.01544493692465053,
  "U_LV0103": 1.0005523978899675,
  "I_LV0103_MV0103": 0.13054083996674795,
  "P_LV0201": 0.09849982952608251,
  "Q_LV0201": -0.01033071939993181,
  "U_LV0201": 1.0004073222052539,
  "I_LV0201_MV0201": 0.09899976899614818,
  "P_LV0202": 0.09686327991817252,
  "Q_LV0202": -0.01033071939993181,
  "U_LV0202": 1.0004899554492803,
  "I_LV0202_MV0202": 0.09736491668113603,
  "P_LV0203": 0.09809069212410501,
  "Q_LV0203": -0.01033071939993181,
  "U_LV0203": 1.0005844327820352,
  "I_LV0203_MV0203": 0.09857558667349778,
  "P_POIMV_MV0101": -0.37422705230363895,
  "Q_POIMV_MV0101": 0.04684653660741945,
  "U_POIMV": 0.9989216349381081,
  "I_POIMV_MV0101": 0.37755497075607297,
  "P_POIMV_MV0201": -0.2925239367681339,
  "Q_POIMV_MV0201": 0.03354984751878964,
  "I_POIMV_MV0201": 0.2947594413703767,
  "P_POI_POIMV": -0.6667509890723206,
  "Q_POI_POIMV": 0.08571586642594599,
  "U_POI": 1.0,
  "I_POI_POIMV": 0.6722381208962107
}