{
  "P_LV0101": 0.1783839072621889,
  "Q_LV0101": -0.015240368223661779,
  "U_LV0101": 1.0014905913630425,
  "I_LV0101_MV0101": 0.17876729094751725,
  "P_LV0102": 0.24589157858847596,
  "Q_LV0102": -0.01012615069894306,
  "U_LV0102": 1.0010322524702662,
  "I_LV0102_MV0102": 0.1232348836645345,
  "P_LV0103": 0.19055574497101943,
  "Q_LV0103": -0.015342652574156153,
  "U_LV0103": 1.002094038115546,
  "I_LV0103_MV0103": 0.19077292053040026,
  "P_LV0201": 0.12304807364473234,
  "Q_LV0201": -0.01012615069894306,
  "U_LV0201": 1.0010365618091788,
  "I_LV0201_MV0201": 0.12333618705851866,
  "P_LV0202": 0.1240709171496761,
  "Q_LV0202": -0.010228435049437436,
  "U_LV0202": 1.0012099632613747,
  "I_LV0202_MV0202": 0.12434137198603427,
  "P_LV0203": 0.1251960450051142,
  "Q_LV0203": -0.01012615069894306,
  "U_LV0203": 1.0013338116629311,
  "I_LV0203_MV0203": 0.12543758077152364,
  "P_POIMV_MV0101": -0.48938625577773054,
  "Q_POIMV_MV0101": 0.05116166448679503,
  "U_POIMV": 0.998814637132009,
  "I_POIMV_MV0101": 0.4926372266596286,
  "P_POIMV_MV0201": -0.3708260539178215,
  "Q_POIMV_MV0201": 0.03550750705582688,
  "I_POIMV_MV0201": 0.37296423867286155,
  "P_POI_POIMV": -0.8602123096966651,
  "Q_POI_POIMV": 0.09585921903199719,
  "U_POI": 1.0,
  "I_POI_POIMV": 0.865536947580573
}