{
  "P_LV0101": 0.29856801909307873,
  "Q_LV0101": -0.005011933174224344,
  "U_LV0101": 1.0059255915410297,
  "I_LV0101_MV0101": 0.2968510645727998,
  "P_LV0102": 0.39809069212410503,
  "Q_LV0102": -0.0032730992158199793,
  "U_LV0102": 1.004231515762679,
  "I_LV0102_MV0102": 0.19823342777393024,
  "P_LV0103": 0.29570405727923627,
  "Q_LV0103": -0.005011933174224344,
  "U_LV0103": 1.0063879996547065,
  "I_LV0103_MV0103": 0.2938692913246665,
  "P_LV0201": 0.20088646437095126,
  "Q_LV0201": -0.0032730992158199793,
  "U_LV0201": 1.0042911124249256,
  "I_LV0201_MV0201": 0.20005467028330684,
  "P_LV0202": 0.2009887487214456,
  "Q_LV0202": -0.0032730992158199793,
  "U_LV0202": 1.0045647086473855,
  "I_LV0202_MV0202": 0.20010199086047545,
  "P_LV0203": 0.20323900443232187,
  "Q_LV0203": -0.0032730992158199793,
  "U_LV0203": 1.0047542330006718,
  "I_LV0203_MV0203": 0.20230356057292645,
  "P_POIMV_MV0101": -0.7869332837511955,
  "Q_POIMV_MV0101": 0.04201799734460584,
  "U_POIMV": 0.9989646382524631,
  "I_POIMV_MV0101": 0.7888710195632701,
  "P_POIMV_MV0201": -0.6012325322092289,
  "Q_POIMV_MV0201": 0.02542055951742665,
  "I_POIMV_MV0201": 0.6023933874218736,
  "P_POI_POIMV": -1.3881658160058619,
  "Q_POI_POIMV": 0.09207541407922433,
  "U_POI": 1.0,
  "I_POI_POIMV": 1.3912160919875391
}