{
  "P_LV0101": 0.06188203204909648,
  "Q_LV0101": -0.00889873849301057,
  "U_LV0101": 0.9999644309697682,
  "I_LV0101_MV0101": 0.06252080657454276,
  "P_LV0102": 0.07118990794408456,
  "Q_LV0102": -0.005830207978179339,
  "U_LV0102": 0.9997356205579904,
  "I_LV0102_MV0102": 0.03607880466716906,
  "P_LV0103": 0.04469826116604159,
  "Q_LV0103": -0.009001022843504944,
  "U_LV0103": 0.9995670952986125,
  "I_LV0103_MV0103": 0.04561528085377584,
  "P_LV0201": 0.03815206273440164,
  "Q_LV0201": -0.0059324923286737125,
  "U_LV0201": 0.9998022695311897,
  "I_LV0201_MV0201": 0.038618181772365257,
  "P_LV0202": 0.03682236617797477,
  "Q_LV0202": -0.0059324923286737125,
  "U_LV0202": 0.9998121678427919,
  "I_LV0202_MV0202": 0.037304205513374725,
  "P_LV0203": 0.03672008182748039,
  "Q_LV0203": -0.0059324923286737125,
  "U_LV0203": 0.9998322210351002,
  "I_LV0203_MV0203": 0.03720246188123459,
  "P_POIMV_MV0101": -0.14195940070480992,
  "Q_POIMV_MV0101": 0.023479427715799098,
  "U_POIMV": 0.9994765473146213,
  "I_POIMV_MV0101": 0.14396335254900317,
  "P_POIMV_MV0201": -0.11155783493791249,
  "Q_POIMV_MV0201": 0.01684733731549001,
  "I_POIMV_MV0201": 0.11288188438489179,
  "P_POI_POIMV": -0.25351725731197805,
  "Q_POI_POIMV": 0.040619817510278614,
  "U_POI": 1.0,
  "I_POI_POIMV": 0.25675079226665687
}