{
  "P_LV0101": 0.26072280941016024,
  "Q_LV0101": -0.009819297647459937,
  "U_LV0101": 1.0042609700424463,
  "I_LV0101_MV0101": 0.2598006474667177,
  "P_LV0102": 0.353290146607569,
  "Q_LV0102": -0.006443914081145584,
  "U_LV0102": 1.003057718005316,
  "I_LV0102_MV0102": 0.17622372696723987,
  "P_LV0103": 0.26737129219229455,
  "Q_LV0103": -0.009819297647459937,
  "U_LV0103": 1.0048781294650226,
  "I_LV0103_MV0103": 0.26625272462963867,
  "P_LV0201": 0.17705421070576202,
  "Q_LV0201": -0.006546198431639959,
  "U_LV0201": 1.0030614399711166,
  "I_LV0201_MV0201": 0.17663442947547525,
  "P_LV0202": 0.17756563245823387,
  "Q_LV0202": -0.006546198431639959,
  "U_LV0202": 1.0033113595694465,
  "I_LV0202_MV0202": 0.1770998175632954,
  "P_LV0203": 0.18012274122059327,
  "Q_LV0203": -0.006443914081145584,
  "U_LV0203": 1.0035068690053963,
  "I_LV0203_MV0203": 0.17960810818162543,
  "P_POIMV_MV0101": -0.6996747306373623,
  "Q_POIMV_MV0101": 0.048586754891273204,
  "U_POIMV": 0.9988354410608024,
  "I_POIMV_MV0101": 0.7021774074855359,
  "P_POIMV_MV0201": -0.5317000857343495,
  "Q_POIMV_MV0201": 0.031428017282577915,
  "I_POIMV_MV0201": 0.5332491080236119,
  "P_POI_POIMV": -1.2313748163896983,
  "Q_POI_POIMV": 0.09932191300410537,
  "U_POI": 1.0,
  "I_POI_POIMV": 1.2353739437277922
}