{
  "P_LV0101": 0.07456529151039891,
  "Q_LV0101": -0.009921581997954313,
  "U_LV0101": 1.000088998325991,
  "I_LV0101_MV0101": 0.0752157771089423,
  "P_LV0102": 0.0873508353221957,
  "Q_LV0102": -0.006648482782134333,
  "U_LV0102": 0.9997839395457018,
  "I_LV0102_MV0102": 0.0441880963414109,
  "P_LV0103": 0.05554040231844528,
  "Q_LV0103": -0.010023866348448688,
  "U_LV0103": 0.999666152875645,
  "I_LV0103_MV0103": 0.05645654501755108,
  "P_LV0201": 0.04633481077395159,
  "Q_LV0201": -0.006648482782134333,
  "U_LV0201": 0.9998693980483018,
  "I_LV0201_MV0201": 0.04681548075486766,
  "P_LV0202": 0.0451073985680191,
  "Q_LV0202": -0.006648482782134333,
  "U_LV0202": 0.9998933753121573,
  "I_LV0202_MV0202": 0.045599593709144,
  "P_LV0203": 0.04551653596999659,
  "Q_LV0203": -0.006648482782134333,
  "U_LV0203": 0.999932920282124,
  "I_LV0203_MV0203": 0.04600262088402576,
  "P_POIMV_MV0101": -0.17346116240859044,
  "Q_POIMV_MV0101": 0.02683495661055028,
  "U_POIMV": 0.9993981696692201,
  "I_POIMV_MV0101": 0.17563031262529868,
  "P_POIMV_MV0201": -0.13675403484976212,
  "Q_POIMV_MV0201": 0.01929607805983905,
  "I_POIMV_MV0201": 0.13819183784765013,
  "P_POI_POIMV": -0.31021524451099525,
  "Q_POI_POIMV": 0.04684746941874698,
  "U_POI": 1.0,
  "I_POI_POIMV": 0.31373266217905493
}