{
  "P_LV0101": 0.12540061370610295,
  "Q_LV0101": -0.01503579952267303,
  "U_LV0101": 1.0003227554351632,
  "I_LV0101_MV0101": 0.1262580586454277,
  "P_LV0102": 0.17715649505625639,
  "Q_LV0102": -0.010023866348448688,
  "U_LV0102": 1.0002215494298816,
  "I_LV0102_MV0102": 0.08912386817962509,
  "P_LV0103": 0.139618138424821,
  "Q_LV0103": -0.01503579952267303,
  "U_LV0103": 1.0009137576897407,
  "I_LV0103_MV0103": 0.14029722682477977,
  "P_LV0201": 0.08765768837367882,
  "Q_LV0201": -0.010023866348448688,
  "U_LV0201": 1.0001945441426783,
  "I_LV0201_MV0201": 0.08821179236648093,
  "P_LV0202": 0.08857824752812819,
  "Q_LV0202": -0.009921581997954313,
  "U_LV0202": 1.0003463120463327,
  "I_LV0202_MV0202": 0.08910131311717046,
  "P_LV0203": 0.08929423798158882,
  "Q_LV0203": -0.010023866348448688,
  "U_LV0203": 1.0004076501432653,
  "I_LV0203_MV0203": 0.08981848457640393,
  "P_POIMV_MV0101": -0.3522923608186097,
  "Q_POIMV_MV0101": 0.04493917437955709,
  "U_POIMV": 0.9989749339273064,
  "I_POIMV_MV0101": 0.35551148650597625,
  "P_POIMV_MV0201": -0.2647669758957844,
  "Q_POIMV_MV0201": 0.031788442883044526,
  "I_POIMV_MV0201": 0.2669420727632184,
  "P_POI_POIMV": -0.61705933671398,
  "Q_POI_POIMV": 0.08120657891508767,
  "U_POI": 1.0,
  "I_POI_POIMV": 0.6223798948270977
}