{
  "P_LV0101": 0.01544493692465053,
  "Q_LV0101": -0.0034776679168087286,
  "U_LV0101": 0.9997872708413232,
  "I_LV0101_MV0101": 0.01583499038845356,
  "P_LV0102": 0.01738833958404364,
  "Q_LV0102": -0.002250255710876236,
  "U_LV0102": 0.9997833693688541,
  "I_LV0102_MV0102": 0.008982605063205048,
  "P_LV0103": 0.01104670985339243,
  "Q_LV0103": -0.0034776679168087286,
  "U_LV0103": 0.9996838622976502,
  "I_LV0103_MV0103": 0.011584852850902752,
  "P_LV0201": 0.009410160245482442,
  "Q_LV0201": -0.0023525400613706106,
  "U_LV0201": 0.9997918787718408,
  "I_LV0201_MV0201": 0.009701790294233074,
  "P_LV0202": 0.009001022843504944,
  "Q_LV0202": -0.0023525400613706106,
  "U_LV0202": 0.9997913298723586,
  "I_LV0202_MV0202": 0.00930532052091002,
  "P_LV0203": 0.00889873849301057,
  "Q_LV0203": -0.0021479713603818618,
  "U_LV0203": 0.9998222509170147,
  "I_LV0203_MV0203": 0.009155933959105994,
  "P_POIMV_MV0101": -0.035172047716579544,
  "Q_POIMV_MV0101": 0.007997916460470123,
  "U_POIMV": 0.9998334054196912,
  "I_POIMV_MV0101": 0.036075936702063466,
  "P_POIMV_MV0201": -0.027301473234391065,
  "Q_POIMV_MV0201": 0.005334718584581472,
  "I_POIMV_MV0201": 0.027822429068022157,
  "P_POI_POIMV": -0.06247352104297306,
  "Q_POI_POIMV": 0.01281987777679303,
  "U_POI": 1.0,
  "I_POI_POIMV": 0.06377530946783959
}