{
  "P_LV0101": 0.030946622908711044,
  "Q_LV0101": 0.010679964102000061,
  "U_LV0101": 1.0032553253286218,
  "I_LV0101_MV0101": 0.03263144503306658,
  "P_LV0102": 0.04429515280996208,
  "Q_LV0102": 0.010679964102000158,
  "U_LV0102": 1.0036725085505303,
  "I_LV0102_MV0102": 0.04539776026582969,
  "P_LV0103": 0.0239546651889409,
  "Q_LV0103": 0.010679964101998809,
  "U_LV0103": 1.0031449259523508,
  "I_LV0103_MV0103": 0.02614538643471507,
  "P_LV0201": -0.01063858148787752,
  "Q_LV0201": 0.010679964101999126,
  "U_LV0201": 1.002117531906215,
  "I_LV0201_MV0201": 0.015042663233235542,
  "P_LV0202": 0.01202759772817432,
  "Q_LV0202": 0.010679964101999815,
  "U_LV0202": 1.0027793840224537,
  "I_LV0202_MV0202": 0.016040340498120642,
  "P_LV0203": 0.022051366219543362,
  "Q_LV0203": 0.010679964101999298,
  "U_LV0203": 1.0030740523945745,
  "I_LV0203_MV0203": 0.024426429896400793,
  "P_POIMV_MV0101": -0.09908278967645856,
  "Q_POIMV_MV0101": -0.032781272724605515,
  "U_POIMV": 1.0008856810150621,
  "I_POIMV_MV0101": 0.10427244582611017,
  "P_POIMV_MV0201": -0.023407069799986857,
  "Q_POIMV_MV0201": -0.03344683982635388,
  "I_POIMV_MV0201": 0.040787667354552255,
  "P_POI_POIMV": -0.12247985947567733,
  "Q_POI_POIMV": -0.06654204606957137,
  "U_POI": 1.000017993206059,
  "I_POI_POIMV": 0.1393860133062955
}