{
  "P_LV0101": 0.000187,
  "Q_LV0101": 0.000398,
  "U_LV0101": 0.002508,
  "I_LV0101_MV0101": 0.000106,
  "P_LV0102": 0.000211,
  "Q_LV0102": 0.000520,
  "U_LV0102": 0.002509,
  "I_LV0102_MV0102": 0.000132,
  "P_LV0103": 0.000175,
  "Q_LV0103": 0.000323,
  "U_LV0103": 0.002508,
  "I_LV0103_MV0103": 0.000090,
  "P_LV0201": 0.000160,
  "Q_LV0201": 0.000160,
  "U_LV0201": 0.002505,
  "I_LV0201_MV0201": 0.000056,
  "P_LV0202": 0.000161,
  "Q_LV0202": 0.000178,
  "U_LV0202": 0.002507,
  "I_LV0202_MV0202": 0.000060,
  "P_LV0203": 0.000172,
  "Q_LV0203": 0.000301,
  "U_LV0203": 0.002508,
  "I_LV0203_MV0203": 0.000085,
  "P_POIMV_MV0101": 0.000577,
  "Q_POIMV_MV0101": 0.001255,
  "U_POIMV": 0.002502,
  "I_POIMV_MV0101": 0.000334,
  "P_POIMV_MV0201": 0.000539,
  "Q_POIMV_MV0201": 0.000403,
  "I_POIMV_MV0201": 0.000171,
  "P_POI_POIMV": 0.001048,
  "Q_POI_POIMV": 0.001690,
  "U_POI": 0.002500,
  "I_POI_POIMV": 0.000491
}
