{
  "irrad_LV0101": 1190.4009844652817,
  "irrad_LV0102": 1124.6358319655485,
  "irrad_LV0103": 1188.6238100662245,
  "irrad_LV0201": 1216.1992859064883,
  "irrad_LV0202": 1192.6386896735933,
  "irrad_LV0203": 1106.267889243433
}