{
  "P_LV0101": 0.002090,
  "Q_LV0101": 0.003709,
  "U_LV0101": 0.002427,
  "I_LV0101_MV0101": 0.000991,
  "P_LV0102": 0.002065,
  "Q_LV0102": 0.003583,
  "U_LV0102": 0.002427,
  "I_LV0102_MV0102": 0.000962,
  "P_LV0103": 0.002090,
  "Q_LV0103": 0.003710,
  "U_LV0103": 0.002428,
  "I_LV0103_MV0103": 0.000991,
  "P_LV0201": 0.002090,
  "Q_LV0201": 0.003710,
  "U_LV0201": 0.002428,
  "I_LV0201_MV0201": 0.000991,
  "P_LV0202": 0.002090,
  "Q_LV0202": 0.003711,
  "U_LV0202": 0.002429,
  "I_LV0202_MV0202": 0.000990,
  "P_LV0203": 0.002054,
  "Q_LV0203": 0.003526,
  "U_LV0203": 0.002428,
  "I_LV0203_MV0203": 0.000949,
  "P_POIMV_MV0101": 0.006770,
  "Q_POIMV_MV0101": 0.010896,
  "U_POIMV": 0.002462,
  "I_POIMV_MV0101": 0.002942,
  "P_POIMV_MV0201": 0.006757,
  "Q_POIMV_MV0201": 0.010834,
  "I_POIMV_MV0201": 0.002928,
  "P_POI_POIMV": 0.014164,
  "Q_POI_POIMV": 0.021776,
  "U_POI": 0.002499,
  "I_POI_POIMV": 0.005869
}
