{
  "irrad_LV0101": -25.01234516937467,
  "irrad_LV0102": -67.13604665479946,
  "irrad_LV0103": -16.353032565380527,
  "irrad_LV0201": 8.623342024042234,
  "irrad_LV0202": -11.515180618118778,
  "irrad_LV0203": 5.724600606498369
}