{
  "P_LV0101": -0.004429034104983234,
  "Q_LV0101": -6.806800809848779e-16,
  "U_LV0101": 0.9999147180844641,
  "I_LV0101_MV0101": 0.004429411853710816,
  "P_LV0102": 0.005533793693057143,
  "Q_LV0102": -1.5829757018609645e-16,
  "U_LV0102": 1.0001847551785497,
  "I_LV0102_MV0102": 0.005532771484873581,
  "P_LV0103": -0.015519911231884002,
  "Q_LV0103": -4.495121942763462e-16,
  "U_LV0103": 0.9995870440807475,
  "I_LV0103_MV0103": 0.015526322918837562,
  "P_LV0201": 0.010443928451733623,
  "Q_LV0201": 1.1745317558395088e-15,
  "U_LV0201": 1.0003206374459783,
  "I_LV0201_MV0201": 0.010440580810567993,
  "P_LV0202": 0.007009701852865353,
  "Q_LV0202": 3.6825297980733214e-16,
  "U_LV0202": 1.0002109262115852,
  "I_LV0202_MV0202": 0.007008223634804122,
  "P_LV0203": -0.028913976792280322,
  "Q_LV0203": 4.491789372253343e-16,
  "U_LV0203": 0.9991847339088376,
  "I_LV0203_MV0203": 0.028937568610729335,
  "P_POIMV_MV0101": 0.0144235544798903,
  "Q_POIMV_MV0101": -0.00123269779714974,
  "U_POIMV": 1.0000426831060816,
  "I_POIMV_MV0101": 0.014475516558179649,
  "P_POIMV_MV0201": 0.011489058902384386,
  "Q_POIMV_MV0201": -0.0014173199512583778,
  "I_POIMV_MV0201": 0.01157565684296167,
  "P_POI_POIMV": 0.025922613382714947,
  "Q_POI_POIMV": -0.0032070877855403523,
  "U_POI": 1.0000008672246674,
  "I_POI_POIMV": 0.026120224219890506
}