{
  "P_LV0101": 0.000033,
  "Q_LV0101": 0.000112,
  "U_LV0101": 0.002500,
  "I_LV0101_MV0101": 0.000031,
  "P_LV0102": 0.000040,
  "Q_LV0102": 0.000134,
  "U_LV0102": 0.002500,
  "I_LV0102_MV0102": 0.000037,
  "P_LV0103": 0.000070,
  "Q_LV0103": 0.000222,
  "U_LV0103": 0.002499,
  "I_LV0103_MV0103": 0.000058,
  "P_LV0201": 0.000060,
  "Q_LV0201": 0.000198,
  "U_LV0201": 0.002501,
  "I_LV0201_MV0201": 0.000054,
  "P_LV0202": 0.000047,
  "Q_LV0202": 0.000158,
  "U_LV0202": 0.002501,
  "I_LV0202_MV0202": 0.000044,
  "P_LV0203": 0.000121,
  "Q_LV0203": 0.000379,
  "U_LV0203": 0.002498,
  "I_LV0203_MV0203": 0.000097,
  "P_POIMV_MV0101": 0.000111,
  "Q_POIMV_MV0101": 0.000359,
  "U_POIMV": 0.002500,
  "I_POIMV_MV0101": 0.000100,
  "P_POIMV_MV0201": 0.000095,
  "Q_POIMV_MV0201": 0.000298,
  "I_POIMV_MV0201": 0.000084,
  "P_POI_POIMV": 0.000211,
  "Q_POI_POIMV": 0.000658,
  "U_POI": 0.002500,
  "I_POI_POIMV": 0.000185
}
