{
  "P_LV0101": 0.000101,
  "Q_LV0101": 0.000318,
  "U_LV0101": 0.002498,
  "I_LV0101_MV0101": 0.000082,
  "P_LV0102": 0.000019,
  "Q_LV0102": 0.000065,
  "U_LV0102": 0.002500,
  "I_LV0102_MV0102": 0.000018,
  "P_LV0103": 0.000070,
  "Q_LV0103": 0.000224,
  "U_LV0103": 0.002501,
  "I_LV0103_MV0103": 0.000058,
  "P_LV0201": 0.000060,
  "Q_LV0201": 0.000198,
  "U_LV0201": 0.002499,
  "I_LV0201_MV0201": 0.000054,
  "P_LV0202": 0.000081,
  "Q_LV0202": 0.000257,
  "U_LV0202": 0.002501,
  "I_LV0202_MV0202": 0.000067,
  "P_LV0203": 0.000083,
  "Q_LV0203": 0.000262,
  "U_LV0203": 0.002499,
  "I_LV0203_MV0203": 0.000068,
  "P_POIMV_MV0101": 0.000052,
  "Q_POIMV_MV0101": 0.000143,
  "U_POIMV": 0.002500,
  "I_POIMV_MV0101": 0.000041,
  "P_POIMV_MV0201": 0.000092,
  "Q_POIMV_MV0201": 0.000284,
  "I_POIMV_MV0201": 0.000080,
  "P_POI_POIMV": 0.000154,
  "Q_POI_POIMV": 0.000436,
  "U_POI": 0.002500,
  "I_POI_POIMV": 0.000124
}
