{
  "irrad_LV0101": 1152.5453108005527,
  "irrad_LV0102": 1190.173454709296,
  "irrad_LV0103": 1176.6318214583132,
  "irrad_LV0201": 1235.3937887856766,
  "irrad_LV0202": 1125.2816224815467,
  "irrad_LV0203": 1202.1666029197047
}