{
  "irrad_LV0101": 1121.3564094601024,
  "irrad_LV0102": 1144.5472656439592,
  "irrad_LV0103": 1141.5688306589816,
  "irrad_LV0201": 1086.9449307156697,
  "irrad_LV0202": 1130.9296576807726,
  "irrad_LV0203": 1179.2860975976646
}