{
  "irrad_LV0101": 1241.6619784244695,
  "irrad_LV0102": 1202.9094546773456,
  "irrad_LV0103": 1141.4999288127203,
  "irrad_LV0201": 1152.9470861842842,
  "irrad_LV0202": 1133.4569954163571,
  "irrad_LV0203": 1121.3439591527872
}