{
  "irrad_LV0101": 1205.2899992194448,
  "irrad_LV0102": 1145.7490965386683,
  "irrad_LV0103": 1192.0335315843715,
  "irrad_LV0201": 1101.5095913006908,
  "irrad_LV0202": 1137.6442972775453,
  "irrad_LV0203": 1072.938341165882
}