{
  "P_LV0101": 0.34985955890274645,
  "Q_LV0101": -0.15586418570156044,
  "U_LV0101": 0.9718321080631845,
  "I_LV0101_MV0101": 0.22753924403830675,
  "P_LV0102": 0.3436582723059038,
  "Q_LV0102": -0.15586418570156066,
  "U_LV0102": 0.9720220034654593,
  "I_LV0102_MV0102": 0.22413522560739682,
  "P_LV0103": 0.3500347408592861,
  "Q_LV0103": -0.15586418570156113,
  "U_LV0103": 0.9723187246091283,
  "I_LV0103_MV0103": 0.22752038931583085,
  "P_LV0201": 0.33038898674968503,
  "Q_LV0201": -0.15586418570156096,
  "U_LV0201": 0.9718517558569152,
  "I_LV0201_MV0201": 0.21701986825253775,
  "P_LV0202": 0.34122730262861745,
  "Q_LV0202": -0.1558641857015613,
  "U_LV0202": 0.9723830355856663,
  "I_LV0202_MV0202": 0.22273830247400078,
  "P_LV0203": 0.32181926892174967,
  "Q_LV0203": -0.15586418570156074,
  "U_LV0203": 0.9721115319330145,
  "I_LV0203_MV0203": 0.21236982639100888,
  "P_POIMV_MV0101": -1.0297215480925388,
  "Q_POIMV_MV0101": 0.5311165387615802,
  "U_POIMV": 0.9853756685113895,
  "I_POIMV_MV0101": 0.6788601707909253,
  "P_POIMV_MV0201": -0.9797958785466108,
  "Q_POIMV_MV0201": 0.5264003773305603,
  "I_POIMV_MV0201": 0.65168762113747,
  "P_POI_POIMV": -2.00950742663855,
  "Q_POI_POIMV": 1.1261010264925062,
  "U_POI": 0.9996952429480885,
  "I_POI_POIMV": 1.330345734110036
}