{
  "P_LV0101": 0.33634188102648416,
  "Q_LV0101": -0.1690536620359245,
  "U_LV0101": 0.96841798789544,
  "I_LV0101_MV0101": 0.38871360566431723,
  "P_LV0102": 0.3432977927470481,
  "Q_LV0102": -0.16905366203592495,
  "U_LV0102": 0.9688682990780207,
  "I_LV0102_MV0102": 0.39496081898425284,
  "P_LV0103": 0.3424044350091236,
  "Q_LV0103": -0.16905366203592437,
  "U_LV0103": 0.9690003603278152,
  "I_LV0103_MV0103": 0.3940801100019255,
  "P_LV0201": 0.32602043336527375,
  "Q_LV0201": -0.16905366203592478,
  "U_LV0201": 0.9686377221662956,
  "I_LV0201_MV0201": 0.3791349552563081,
  "P_LV0202": 0.3392133002174833,
  "Q_LV0202": -0.16905366203592495,
  "U_LV0202": 0.9692241664418488,
  "I_LV0202_MV0202": 0.39103958728323657,
  "P_LV0203": 0.3490515008263684,
  "Q_LV0203": -0.16905366203592528,
  "U_LV0203": 0.9695875022954676,
  "I_LV0203_MV0203": 0.40000013687330815,
  "P_POIMV_MV0101": -1.0081751253096627,
  "Q_POIMV_MV0101": 0.5708412436654271,
  "U_POIMV": 0.9842279790564828,
  "I_POIMV_MV0101": 1.1771324623436181,
  "P_POIMV_MV0201": -0.9996231797389328,
  "Q_POIMV_MV0201": 0.5704138140119994,
  "I_POIMV_MV0201": 1.169363916100637,
  "P_POI_POIMV": -2.007788305048238,
  "Q_POI_POIMV": 1.2123826058013947,
  "U_POI": 0.9996718964450779,
  "I_POI_POIMV": 2.3462090890444096
}