{
  "P_LV0101": 0.34923971745869997,
  "Q_LV0101": -0.1628959991259101,
  "U_LV0101": 0.9701103262741666,
  "I_LV0101_MV0101": 0.22934357109519182,
  "P_LV0102": 0.3493530705096427,
  "Q_LV0102": -0.1628959991259103,
  "U_LV0102": 0.9704251958601187,
  "I_LV0102_MV0102": 0.22933027630371605,
  "P_LV0103": 0.34238376845174523,
  "Q_LV0103": -0.16289599912591088,
  "U_LV0103": 0.970432101638076,
  "I_LV0103_MV0103": 0.22557756052854266,
  "P_LV0201": 0.3458172516960348,
  "Q_LV0201": -0.16289599912591068,
  "U_LV0201": 0.9704897790734566,
  "I_LV0201_MV0201": 0.2274103310905844,
  "P_LV0202": 0.3399713549454935,
  "Q_LV0202": -0.16289599912591077,
  "U_LV0202": 0.9706682985718086,
  "I_LV0202_MV0202": 0.22422779537523965,
  "P_LV0203": 0.33633814665644224,
  "Q_LV0203": -0.16289599912591016,
  "U_LV0203": 0.9707409734793283,
  "I_LV0203_MV0203": 0.22226425748299997,
  "P_POIMV_MV0101": -1.0269423867598562,
  "Q_POIMV_MV0101": 0.5531797122914668,
  "U_POIMV": 0.9847188868102964,
  "I_POIMV_MV0101": 0.6839042212559636,
  "P_POIMV_MV0201": -1.0075678402141648,
  "Q_POIMV_MV0201": 0.5515727661738197,
  "I_POIMV_MV0201": 0.6734719876932777,
  "P_POI_POI_MV": -2.0345002269733525,
  "Q_POI_POI_MV": 1.1761575801610888,
  "U_POI": 0.9996816946816868,
  "I_POI_POI_MV": 1.3572097863584598
}