{
  "P_LV0101": 0.000279,
  "Q_LV0101": 0.000488,
  "U_LV0101": 0.002461,
  "I_LV0101_MV0101": 0.000081,
  "P_LV0102": 0.000279,
  "Q_LV0102": 0.000488,
  "U_LV0102": 0.002462,
  "I_LV0102_MV0102": 0.000081,
  "P_LV0103": 0.000278,
  "Q_LV0103": 0.000481,
  "U_LV0103": 0.002462,
  "I_LV0103_MV0103": 0.000080,
  "P_LV0201": 0.000279,
  "Q_LV0201": 0.000488,
  "U_LV0201": 0.002462,
  "I_LV0201_MV0201": 0.000081,
  "P_LV0202": 0.000278,
  "Q_LV0202": 0.000477,
  "U_LV0202": 0.002463,
  "I_LV0202_MV0202": 0.000080,
  "P_LV0203": 0.000279,
  "Q_LV0203": 0.000488,
  "U_LV0203": 0.002464,
  "I_LV0203_MV0203": 0.000081,
  "P_POIMV_MV0101": 0.000910,
  "Q_POIMV_MV0101": 0.001443,
  "U_POIMV": 0.002500,
  "I_POIMV_MV0101": 0.000243,
  "P_POIMV_MV0201": 0.000910,
  "Q_POIMV_MV0201": 0.001438,
  "I_POIMV_MV0201": 0.000243,
  "P_POI_POI_MV": 0.001819,
  "Q_POI_POI_MV": 0.002881,
  "U_POI": 0.002500,
  "I_POI_POI_MV": 0.000486
}
