{
  "irrad_LV0101": -81.7932746556833,
  "irrad_LV0102": 48.85096252774698,
  "irrad_LV0103": 19.693863442845316,
  "irrad_LV0201": -46.98927422635482,
  "irrad_LV0202": -50.22892845513787,
  "irrad_LV0203": -33.93398187431636
}