{
  "P_LV0101": 0.000105,
  "Q_LV0101": 0.000331,
  "U_LV0101": 0.002498,
  "I_LV0101_MV0101": 0.000086,
  "P_LV0102": 0.000067,
  "Q_LV0102": 0.000215,
  "U_LV0102": 0.002501,
  "I_LV0102_MV0102": 0.000057,
  "P_LV0103": 0.000042,
  "Q_LV0103": 0.000140,
  "U_LV0103": 0.002501,
  "I_LV0103_MV0103": 0.000039,
  "P_LV0201": 0.000067,
  "Q_LV0201": 0.000215,
  "U_LV0201": 0.002499,
  "I_LV0201_MV0201": 0.000057,
  "P_LV0202": 0.000068,
  "Q_LV0202": 0.000216,
  "U_LV0202": 0.002499,
  "I_LV0202_MV0202": 0.000056,
  "P_LV0203": 0.000059,
  "Q_LV0203": 0.000196,
  "U_LV0203": 0.002499,
  "I_LV0203_MV0203": 0.000054,
  "P_POIMV_MV0101": 0.000044,
  "Q_POIMV_MV0101": 0.000108,
  "U_POIMV": 0.002500,
  "I_POIMV_MV0101": 0.000031,
  "P_POIMV_MV0201": 0.000198,
  "Q_POIMV_MV0201": 0.000638,
  "I_POIMV_MV0201": 0.000171,
  "P_POI_POIMV": 0.000297,
  "Q_POI_POIMV": 0.000968,
  "U_POI": 0.002500,
  "I_POI_POIMV": 0.000268
}
