{
  "irrad_LV0101": 545.6825190848879,
  "irrad_LV0102": 636.3269870923439,
  "irrad_LV0103": 583.9663439847027,
  "irrad_LV0201": 610.1277423998896,
  "irrad_LV0202": 690.5928346883309,
  "irrad_LV0203": 633.1050449055117
}