{
  "irrad_LV0101": 608.8225617227033,
  "irrad_LV0102": 715.2473662222875,
  "irrad_LV0103": 565.668828565639,
  "irrad_LV0201": 610.1947329451291,
  "irrad_LV0202": 537.4500109450287,
  "irrad_LV0203": 629.1197417252474
}