{
  "irrad_LV0101": 671.27870081787,
  "irrad_LV0102": 639.39249081489,
  "irrad_LV0103": 667.4914528962585,
  "irrad_LV0201": 585.4463734239049,
  "irrad_LV0202": 703.9393103345539,
  "irrad_LV0203": 607.2558595257462
}