{
  "P_LV0101": 0.19825004456584033,
  "Q_LV0101": 0.09184785446945845,
  "U_LV0101": 1.0245500964131038,
  "I_LV0101_MV0101": 0.12312417303677209,
  "P_LV0102": 0.15319805028504963,
  "Q_LV0102": 0.09184785446945821,
  "U_LV0102": 1.0237733786982353,
  "I_LV0102_MV0102": 0.10073246960753976,
  "P_LV0103": 0.16756956413418936,
  "Q_LV0103": 0.09184785446945791,
  "U_LV0103": 1.0242741200205998,
  "I_LV0103_MV0103": 0.10771156036292319,
  "P_LV0201": 0.17785266083127205,
  "Q_LV0201": 0.09184785446945934,
  "U_LV0201": 1.0245851029694266,
  "I_LV0201_MV0201": 0.11279451620589108,
  "P_LV0202": 0.1975780623466644,
  "Q_LV0202": 0.09184785446945876,
  "U_LV0202": 1.0253923577241242,
  "I_LV0202_MV0202": 0.12267983401818498,
  "P_LV0203": 0.18964208643792654,
  "Q_LV0203": 0.09184785446945751,
  "U_LV0203": 1.025373781315349,
  "I_LV0203_MV0203": 0.11864498331109975,
  "P_POIMV_MV0101": -0.5157116784457685,
  "Q_POIMV_MV0101": -0.2613010014358679,
  "U_POIMV": 1.0067796084157428,
  "I_POIMV_MV0101": 0.33153704400570805,
  "P_POIMV_MV0201": -0.5610397574456556,
  "Q_POIMV_MV0201": -0.25931736897081237,
  "I_POIMV_MV0201": 0.3544401872098034,
  "P_POI_POI_MV": -1.0767414358908687,
  "Q_POI_POI_MV": -0.502809093162341,
  "U_POI": 1.0001359071043172,
  "I_POI_POI_MV": 0.6860042101682512
}