{
  "P_LV0101": 0.20134467420113322,
  "Q_LV0101": 0.08821517176339669,
  "U_LV0101": 1.0238183679888668,
  "I_LV0101_MV0101": 0.12396157440350951,
  "P_LV0102": 0.19178066068970076,
  "Q_LV0102": 0.08821517176339583,
  "U_LV0102": 1.0239353611504463,
  "I_LV0102_MV0102": 0.11902765933510553,
  "P_LV0103": 0.2002087194956336,
  "Q_LV0103": 0.08821517176339684,
  "U_LV0103": 1.0243066979685282,
  "I_LV0103_MV0103": 0.12331628238986551,
  "P_LV0201": 0.1755999544982631,
  "Q_LV0201": 0.08821517176339594,
  "U_LV0201": 1.0237018509759728,
  "I_LV0201_MV0201": 0.11082981677674261,
  "P_LV0202": 0.2111409626493368,
  "Q_LV0202": 0.0882151717633968,
  "U_LV0202": 1.024880280287428,
  "I_LV0202_MV0202": 0.12890688132720116,
  "P_LV0203": 0.18214153531755503,
  "Q_LV0203": 0.08821517176339617,
  "U_LV0203": 1.0243614562052183,
  "I_LV0203_MV0203": 0.11406505845848688,
  "P_POIMV_MV0101": -0.5893102625791471,
  "Q_POIMV_MV0101": -0.24709456373102512,
  "U_POIMV": 1.006434956162698,
  "I_POIMV_MV0101": 0.3665775380721379,
  "P_POIMV_MV0201": -0.5648459770054615,
  "Q_POIMV_MV0201": -0.2483937562330425,
  "I_POIMV_MV0201": 0.35397603857701404,
  "P_POI_POIMV": -1.1541462395836057,
  "Q_POI_POIMV": -0.4757748840370368,
  "U_POI": 1.0001285922252021,
  "I_POI_POIMV": 0.7206512239504621
}