{
  "P_LV0101": 0.1636731046114484,
  "Q_LV0101": 0.09197024516853475,
  "U_LV0101": 1.0237375876195496,
  "I_LV0101_MV0101": 0.1833897097629652,
  "P_LV0102": 0.19086118738073626,
  "Q_LV0102": 0.09197024516853446,
  "U_LV0102": 1.024713250150668,
  "I_LV0102_MV0102": 0.20675480465610863,
  "P_LV0103": 0.17515603151235404,
  "Q_LV0103": 0.09197024516853582,
  "U_LV0103": 1.0244994873955833,
  "I_LV0103_MV0103": 0.19310275252367767,
  "P_LV0201": 0.18300293360254996,
  "Q_LV0201": 0.09197024516853558,
  "U_LV0201": 1.0247278028460036,
  "I_LV0201_MV0201": 0.19987119747923715,
  "P_LV0202": 0.20713779408842747,
  "Q_LV0202": 0.09197024516853508,
  "U_LV0202": 1.025642290562563,
  "I_LV0202_MV0202": 0.22097136597143963,
  "P_LV0203": 0.18989479160635486,
  "Q_LV0203": 0.09197024516853551,
  "U_LV0203": 1.0254067354214926,
  "I_LV0203_MV0203": 0.20576636139338503,
  "P_POIMV_MV0101": -0.5262764956680712,
  "Q_POIMV_MV0101": -0.2612418038245323,
  "U_POIMV": 1.006768525191066,
  "I_POIMV_MV0101": 0.5835992364398371,
  "P_POIMV_MV0201": -0.5758254785929466,
  "Q_POIMV_MV0201": -0.25889613062435046,
  "I_POIMV_MV0201": 0.6271049222387727,
  "P_POI_POIMV": -1.1020919742604498,
  "Q_POI_POIMV": -0.5016251078372989,
  "U_POI": 1.0001355850031406,
  "I_POI_POIMV": 1.2107175354227226
}