{
  "P_LV0101": 0.000190,
  "Q_LV0101": 0.000329,
  "U_LV0101": 0.002544,
  "I_LV0101_MV0101": 0.000056,
  "P_LV0102": 0.000182,
  "Q_LV0102": 0.000349,
  "U_LV0102": 0.002546,
  "I_LV0102_MV0102": 0.000057,
  "P_LV0103": 0.000194,
  "Q_LV0103": 0.000317,
  "U_LV0103": 0.002544,
  "I_LV0103_MV0103": 0.000055,
  "P_LV0201": 0.000190,
  "Q_LV0201": 0.000329,
  "U_LV0201": 0.002545,
  "I_LV0201_MV0201": 0.000056,
  "P_LV0202": 0.000196,
  "Q_LV0202": 0.000309,
  "U_LV0202": 0.002544,
  "I_LV0202_MV0202": 0.000054,
  "P_LV0203": 0.000189,
  "Q_LV0203": 0.000334,
  "U_LV0203": 0.002546,
  "I_LV0203_MV0203": 0.000056,
  "P_POIMV_MV0101": 0.000540,
  "Q_POIMV_MV0101": 0.000992,
  "U_POIMV": 0.002500,
  "I_POIMV_MV0101": 0.000168,
  "P_POIMV_MV0201": 0.000551,
  "Q_POIMV_MV0201": 0.000966,
  "I_POIMV_MV0201": 0.000166,
  "P_POI_POI_MV": 0.001092,
  "Q_POI_POI_MV": 0.001959,
  "U_POI": 0.002500,
  "I_POI_POI_MV": 0.000335
}
