{
  "P_LV0101": 0.002179,
  "Q_LV0101": 0.003720,
  "U_LV0101": 0.002608,
  "I_LV0101_MV0101": 0.000933,
  "P_LV0102": 0.002139,
  "Q_LV0102": 0.003510,
  "U_LV0102": 0.002609,
  "I_LV0102_MV0102": 0.000890,
  "P_LV0103": 0.002180,
  "Q_LV0103": 0.003727,
  "U_LV0103": 0.002610,
  "I_LV0103_MV0103": 0.000934,
  "P_LV0201": 0.002219,
  "Q_LV0201": 0.003922,
  "U_LV0201": 0.002612,
  "I_LV0201_MV0201": 0.000974,
  "P_LV0202": 0.002163,
  "Q_LV0202": 0.003639,
  "U_LV0202": 0.002612,
  "I_LV0202_MV0202": 0.000915,
  "P_LV0203": 0.002185,
  "Q_LV0203": 0.003753,
  "U_LV0203": 0.002613,
  "I_LV0203_MV0203": 0.000939,
  "P_POIMV_MV0101": 0.005998,
  "Q_POIMV_MV0101": 0.010799,
  "U_POIMV": 0.002529,
  "I_POIMV_MV0101": 0.002758,
  "P_POIMV_MV0201": 0.006041,
  "Q_POIMV_MV0201": 0.011140,
  "I_POIMV_MV0201": 0.002830,
  "P_POI_POIMV": 0.011509,
  "Q_POI_POIMV": 0.021907,
  "U_POI": 0.002501,
  "I_POI_POIMV": 0.005588
}
