{
  "P_LV0101": -0.017127641078177533,
  "Q_LV0101": 0.005436245987417242,
  "U_LV0101": 1.0007515377069651,
  "I_LV0101_MV0101": 0.01795617023668569,
  "P_LV0102": -0.006615712207073202,
  "Q_LV0102": 0.005436245987416646,
  "U_LV0102": 1.001052689715424,
  "I_LV0102_MV0102": 0.008553729861954932,
  "P_LV0103": 0.008635167610033788,
  "Q_LV0103": 0.005436245987417022,
  "U_LV0103": 1.001484181217052,
  "I_LV0103_MV0103": 0.010188744485232007,
  "P_LV0201": 0.008067970765530527,
  "Q_LV0201": 0.005436245987416448,
  "U_LV0201": 1.001497363884663,
  "I_LV0201_MV0201": 0.009714016793892914,
  "P_LV0202": 0.010124491310731808,
  "Q_LV0202": 0.005436245987416555,
  "U_LV0202": 1.001574388669764,
  "I_LV0202_MV0202": 0.011473589374746974,
  "P_LV0203": 0.011224443264337148,
  "Q_LV0203": 0.005436245987417303,
  "U_LV0203": 1.0016151546125547,
  "I_LV0203_MV0203": 0.012451492541430001,
  "P_POIMV_MV0101": 0.0151224170695059,
  "Q_POIMV_MV0101": -0.01751364905180708,
  "U_POIMV": 1.0004768124438685,
  "I_POIMV_MV0101": 0.023128017222199742,
  "P_POIMV_MV0201": -0.029404563493017122,
  "Q_POIMV_MV0201": -0.017812525144961455,
  "I_POIMV_MV0201": 0.034362597528049155,
  "P_POI_POIMV": -0.014272146422786904,
  "Q_POI_POIMV": -0.035873211150828865,
  "U_POI": 1.0000097006126327,
  "I_POI_POIMV": 0.03860767440677937
}