{
  "irrad_LV0101": -22.281982520361275,
  "irrad_LV0102": 84.0906367295893,
  "irrad_LV0103": 33.77284303449451,
  "irrad_LV0201": -62.21632900948184,
  "irrad_LV0202": 52.92462831942989,
  "irrad_LV0203": 38.0390892202782
}