{
  "irrad_LV0101": 1164.5894702038281,
  "irrad_LV0102": 1176.5338769875623,
  "irrad_LV0103": 1128.9746947276958,
  "irrad_LV0201": 1197.1358024209276,
  "irrad_LV0202": 1123.3460009015203,
  "irrad_LV0203": 1162.8588253409578
}