{
  "irrad_LV0101": 1186.0370268129677,
  "irrad_LV0102": 1209.114592900776,
  "irrad_LV0103": 1067.5075562043442,
  "irrad_LV0201": 1194.5626199443407,
  "irrad_LV0202": 1130.8971007354423,
  "irrad_LV0203": 1190.4799069770836
}