{
  "P_LV0101": 0.3495212103022287,
  "Q_LV0101": 4.811096660528031e-16,
  "U_LV0101": 1.007105909319403,
  "I_LV0101_MV0101": 0.3470550684569345,
  "P_LV0102": 0.3628293857987855,
  "Q_LV0102": -3.9123510358090285e-17,
  "U_LV0102": 1.0078594049966267,
  "I_LV0102_MV0102": 0.3599999999999999,
  "P_LV0103": 0.3585239512990547,
  "Q_LV0103": -6.610387267898835e-16,
  "U_LV0103": 1.008008959951178,
  "I_LV0103_MV0103": 0.355675361572599,
  "P_LV0201": 0.3339919659905214,
  "Q_LV0201": 2.413470486316838e-16,
  "U_LV0201": 1.0074696026363592,
  "I_LV0201_MV0201": 0.331515675625872,
  "P_LV0202": 0.3568640553450257,
  "Q_LV0202": -8.586272048091431e-16,
  "U_LV0202": 1.0084199785870853,
  "I_LV0202_MV0202": 0.353884356639814,
  "P_LV0203": 0.3567588765257694,
  "Q_LV0203": -8.410047695447488e-17,
  "U_LV0203": 1.0086545588893239,
  "I_LV0203_MV0203": 0.35369777827466825,
  "P_POIMV_MV0101": -1.0595759124685173,
  "Q_POIMV_MV0101": 0.051596080926401555,
  "U_POIMV": 0.9982716642198175,
  "I_POIMV_MV0101": 1.0626680522247434,
  "P_POIMV_MV0201": -1.0360431184137724,
  "Q_POIMV_MV0201": 0.04953773741812029,
  "I_POIMV_MV0201": 1.0390225296821307,
  "P_POI_POIMV": -2.0956090308817714,
  "Q_POI_POIMV": 0.15808218832717102,
  "U_POI": 0.9999570895259382,
  "I_POI_POIMV": 2.1016532175792726
}