{
  "P_LV0101": 0.03288903062570258,
  "Q_LV0101": -1.4804703809698234e-17,
  "U_LV0101": 1.0083774999432653,
  "I_LV0101_MV0101": 0.018830736193740528,
  "P_LV0102": 0.035641036374235956,
  "Q_LV0102": 3.9331699514628514e-17,
  "U_LV0102": 1.0094187429527703,
  "I_LV0102_MV0102": 0.020385357502545567,
  "P_LV0103": 0.03464016189216164,
  "Q_LV0103": -4.9900620806476995e-17,
  "U_LV0103": 1.0094413969295568,
  "I_LV0103_MV0103": 0.019812449592462464,
  "P_LV0201": 0.0360228594225968,
  "Q_LV0201": -1.4951129465918538e-17,
  "U_LV0201": 1.009745641909344,
  "I_LV0201_MV0201": 0.020597075858915726,
  "P_LV0202": 0.03529208205442139,
  "Q_LV0202": -7.873185853098211e-17,
  "U_LV0202": 1.0100612707812757,
  "I_LV0202_MV0202": 0.0201729277854817,
  "P_LV0203": 0.03501315073609851,
  "Q_LV0203": -1.9306520756095602e-17,
  "U_LV0203": 1.0102357020986807,
  "I_LV0203_MV0203": 0.02001003524293266,
  "P_POIMV_MV0101": -0.10212288576053652,
  "Q_POIMV_MV0101": 0.004770143708896057,
  "U_POIMV": 0.9999990120070088,
  "I_POIMV_MV0101": 0.059025019327341846,
  "P_POIMV_MV0201": -0.10514375164724754,
  "Q_POIMV_MV0201": 0.005082549532900771,
  "I_POIMV_MV0201": 0.06077571531520969,
  "P_POI_POI_MV": -0.20726563740773996,
  "Q_POI_POI_MV": 0.009796114405617118,
  "U_POI": 0.9999990147281529,
  "I_POI_POI_MV": 0.1197985714291357
}