{
  "P_LV0101": 0.3557423145754316,
  "Q_LV0101": 8.314144284188826e-16,
  "U_LV0101": 1.0072649124868474,
  "I_LV0101_MV0101": 0.20390655778446753,
  "P_LV0102": 0.3626642458383237,
  "Q_LV0102": 9.423595660514546e-16,
  "U_LV0102": 1.007861690469562,
  "I_LV0102_MV0102": 0.20775102570141027,
  "P_LV0103": 0.3201903484340223,
  "Q_LV0103": 2.5088286001435857e-16,
  "U_LV0103": 1.0071867264803265,
  "I_LV0103_MV0103": 0.18354291116039023,
  "P_LV0201": 0.3582994980065701,
  "Q_LV0201": 3.6963471676490356e-16,
  "U_LV0201": 1.0080229661198024,
  "I_LV0201_MV0201": 0.2052178557209732,
  "P_LV0202": 0.3392035350222782,
  "Q_LV0202": 1.6685766159560552e-15,
  "U_LV0202": 1.008088925436848,
  "I_LV0202_MV0202": 0.19426783422932603,
  "P_LV0203": 0.3570749209251767,
  "Q_LV0203": 2.7800395759468876e-16,
  "U_LV0203": 1.0086973232316423,
  "I_LV0203_MV0203": 0.20437974501263953,
  "P_POIMV_MV0101": -1.0279669917817955,
  "Q_POIMV_MV0101": 0.048588795550358554,
  "U_POIMV": 0.9983123818967558,
  "I_POIMV_MV0101": 0.5951640422715625,
  "P_POIMV_MV0201": -1.0428789930153926,
  "Q_POIMV_MV0201": 0.05018058745389453,
  "I_POIMV_MV0201": 0.6038221082149204,
  "P_POI_POIMV": -2.070835984796468,
  "Q_POI_POIMV": 0.1543583751818005,
  "U_POI": 0.9999581003669539,
  "I_POI_POIMV": 1.1989647707966264
}