{
  "P_LV0101": 0.34930929161102614,
  "Q_LV0101": -1.2193631401195126e-15,
  "U_LV0101": 1.007146443762298,
  "I_LV0101_MV0101": 0.20024278970661943,
  "P_LV0102": 0.35289192083710863,
  "Q_LV0102": -2.9848056171999344e-16,
  "U_LV0102": 1.0076806683540462,
  "I_LV0102_MV0102": 0.2021892965585447,
  "P_LV0103": 0.3386269247248854,
  "Q_LV0103": 3.2694509946663276e-16,
  "U_LV0103": 1.0076088293710064,
  "I_LV0103_MV0103": 0.19403000494429112,
  "P_LV0201": 0.3590713034977577,
  "Q_LV0201": 3.655132977037518e-16,
  "U_LV0201": 1.008043557410953,
  "I_LV0201_MV0201": 0.2056557102206501,
  "P_LV0202": 0.336938643057035,
  "Q_LV0202": 6.876658772221911e-16,
  "U_LV0202": 1.0080394139129802,
  "I_LV0202_MV0202": 0.1929801688152637,
  "P_LV0203": 0.3487901985344129,
  "Q_LV0203": 3.15890912768778e-16,
  "U_LV0203": 1.0085186653495268,
  "I_LV0203_MV0203": 0.199673166132979,
  "P_POIMV_MV0101": -1.0301636719191265,
  "Q_POIMV_MV0101": 0.04868380499738123,
  "U_POIMV": 0.9983264762196172,
  "I_POIMV_MV0101": 0.5964271971504113,
  "P_POIMV_MV0201": -1.033321069883641,
  "Q_POIMV_MV0201": 0.04923180677957362,
  "I_POIMV_MV0201": 0.5982661466530516,
  "P_POI_POI_MV": -2.0634747418025134,
  "Q_POI_POI_MV": 0.15310321983633912,
  "U_POI": 0.9999584409231342,
  "I_POI_POI_MV": 1.1946721290267879
}