{
  "irrad_LV0101": -29.158988765783477,
  "irrad_LV0102": 9.686497021496814,
  "irrad_LV0103": -19.562030978365634,
  "irrad_LV0201": 4.836393428439304,
  "irrad_LV0202": -3.6343642006878776,
  "irrad_LV0203": 28.38330027491378
}