{
  "P_LV0101": -0.008746005326741463,
  "Q_LV0101": 0.004123200574661958,
  "U_LV0101": 1.0007010267599072,
  "I_LV0101_MV0101": 0.009662424495165295,
  "P_LV0102": 0.0029053872624996064,
  "Q_LV0102": 0.004123200574662094,
  "U_LV0102": 1.0010272979342285,
  "I_LV0102_MV0102": 0.005038835720326312,
  "P_LV0103": -0.005867474640939261,
  "Q_LV0103": 0.004123200574662486,
  "U_LV0103": 1.0007815540436573,
  "I_LV0103_MV0103": 0.007165734309609529,
  "P_LV0201": 0.0014506375041710405,
  "Q_LV0201": 0.004123200574662412,
  "U_LV0201": 1.0010047447821298,
  "I_LV0201_MV0201": 0.0043665545189426735,
  "P_LV0202": -0.0010900984569065038,
  "Q_LV0202": 0.0041232005746622185,
  "U_LV0202": 1.0009436964289835,
  "I_LV0202_MV0202": 0.004260846886034575,
  "P_LV0203": 0.008513343771584948,
  "Q_LV0203": 0.004123200574662431,
  "U_LV0203": 1.0012174568559695,
  "I_LV0203_MV0203": 0.009447768606652907,
  "P_POIMV_MV0101": 0.01171303120736411,
  "Q_POIMV_MV0101": -0.013620070521938032,
  "U_POIMV": 1.0003732857772791,
  "I_POIMV_MV0101": 0.017957188984258906,
  "P_POIMV_MV0201": -0.008869925354588304,
  "Q_POIMV_MV0201": -0.013909216165416183,
  "I_POIMV_MV0201": 0.016490567317688085,
  "P_POI_POIMV": 0.002853105852896358,
  "Q_POI_POIMV": -0.02808523824023723,
  "U_POI": 1.0000075946585312,
  "I_POI_POIMV": 0.02822957164877996
}