{
    "090neg": {
        "08": {
            "P": {
                "Precision": 0.0,
                "Accuracy": 0.9642857142857127,
                "Recall": 0.0,
                "F1": 0.0,
                "norm2": 9.701756873214757e-05,
                "norminf": 0.001274206254950666,
                "z": 0.004686951600544688
            },
            "Q": {
                "Precision": 0.0,
                "Accuracy": 0.9642857142857127,
                "Recall": 0.0,
                "F1": 0.0,
                "norm2": 2.9117934070544208e-05,
                "norminf": 0.00021582969766516081,
                "z": 0.002109479392740052
            },
            "U": {
                "Precision": 0.0,
                "Accuracy": 0.9642857142857127,
                "Recall": 0.0,
                "F1": 0.0,
                "norm2": 5.646269200968179e-06,
                "norminf": 6.014715235438506e-05,
                "z": 4.39923664828409e-05
            },
            "I": {
                "Precision": 0.0,
                "Accuracy": 0.9642857142857127,
                "Recall": 0.0,
                "F1": 0.0,
                "norm2": 0.004562553364367765,
                "norminf": 0.018232048901768737,
                "z": 0.018232740981354613
            }
        },
        "10": {
            "P": {
                "Precision": 1.0,
                "Accuracy": 1.0,
                "Recall": 1.0,
                "F1": 1.0,
                "norm2": 0.00014967437359755627,
                "norminf": 0.002198596939306917,
                "z": 0.008607197537017577
            },
            "Q": {
                "Precision": 0.0,
                "Accuracy": 0.9642857142857127,
                "Recall": 0.0,
                "F1": 0.0,
                "norm2": 0.0001055372793039511,
                "norminf": 0.0007904953654604196,
                "z": 0.007499486954051111
            },
            "U": {
                "Precision": 0.0,
                "Accuracy": 0.9642857142857127,
                "Recall": 0.0,
                "F1": 0.0,
                "norm2": 1.597002294109514e-05,
                "norminf": 0.0001880317775658713,
                "z": 0.0005488714913107122
            },
            "I": {
                "Precision": 1.0,
                "Accuracy": 1.0,
                "Recall": 1.0,
                "F1": 1.0,
                "norm2": 0.0002511097003023823,
                "norminf": 0.0010895781138652216,
                "z": 0.001089581303464584
            }
        },
        "13": {
            "P": {
                "Precision": 1.0,
                "Accuracy": 1.0,
                "Recall": 1.0,
                "F1": 1.0,
                "norm2": 0.00012960866774175186,
                "norminf": 0.0018874583712720527,
                "z": 0.007934302929508134
            },
            "Q": {
                "Precision": 0.0,
                "Accuracy": 0.9642857142857127,
                "Recall": 0.0,
                "F1": 0.0,
                "norm2": 0.0001546281075350326,
                "norminf": 0.0013793379359862213,
                "z": 0.011987289498825373
            },
            "U": {
                "Precision": 0.0,
                "Accuracy": 0.9642857142857127,
                "Recall": 0.0,
                "F1": 0.0,
                "norm2": 2.0648745671723908e-05,
                "norminf": 0.00028522968242269855,
                "z": 0.001595896731405374
            },
            "I": {
                "Precision": 1.0,
                "Accuracy": 1.0,
                "Recall": 1.0,
                "F1": 1.0,
                "norm2": 0.000254810282377874,
                "norminf": 0.0012899036521876984,
                "z": 0.0012899553009944854
            }
        }
    },
    "090pos": {
        "08": {
            "P": {
                "Precision": 0.0,
                "Accuracy": 0.9642857142857127,
                "Recall": 0.0,
                "F1": 0.0,
                "norm2": 4.836398934696727e-05,
                "norminf": 0.0002187628937746533,
                "z": 0.0036283430099661863
            },
            "Q": {
                "Precision": 0.0,
                "Accuracy": 0.9642857142857127,
                "Recall": 0.0,
                "F1": 0.0,
                "norm2": 3.531912940867035e-05,
                "norminf": 0.00047182233213140636,
                "z": 0.0033416923330172937
            },
            "U": {
                "Precision": 0.0,
                "Accuracy": 0.9642857142857127,
                "Recall": 0.0,
                "F1": 0.0,
                "norm2": 5.236152815496895e-06,
                "norminf": 2.5173078675448935e-05,
                "z": 4.72878646621611e-05
            },
            "I": {
                "Precision": 0.0,
                "Accuracy": 0.9642857142857127,
                "Recall": 0.0,
                "F1": 0.0,
                "norm2": 0.00456823416749997,
                "norminf": 0.017957697608252637,
                "z": 0.0179576817228825
            }
        },
        "10": {
            "P": {
                "Precision": 1.0,
                "Accuracy": 1.0,
                "Recall": 1.0,
                "F1": 1.0,
                "norm2": 0.0001050448040566851,
                "norminf": 0.0004664587768532169,
                "z": 0.004230820054631707
            },
            "Q": {
                "Precision": 0.0,
                "Accuracy": 0.9642857142857127,
                "Recall": 0.0,
                "F1": 0.0,
                "norm2": 8.039247617918494e-05,
                "norminf": 0.0011732495552496246,
                "z": 0.008545953506952758
            },
            "U": {
                "Precision": 0.0,
                "Accuracy": 0.9642857142857127,
                "Recall": 0.0,
                "F1": 0.0,
                "norm2": 2.2328090329836293e-05,
                "norminf": 9.56764249499753e-05,
                "z": 0.0005390480955763322
            },
            "I": {
                "Precision": 0.0,
                "Accuracy": 0.9642857142857127,
                "Recall": 0.0,
                "F1": 0.0,
                "norm2": 0.004322520116136514,
                "norminf": 0.018791447860357146,
                "z": 0.018791471236398693
            }
        },
        "13": {
            "P": {
                "Precision": 1.0,
                "Accuracy": 1.0,
                "Recall": 1.0,
                "F1": 1.0,
                "norm2": 0.00012044536057382904,
                "norminf": 0.0006407288238933728,
                "z": 0.006525833173050839
            },
            "Q": {
                "Precision": 0.0,
                "Accuracy": 0.9642857142857127,
                "Recall": 0.0,
                "F1": 0.0,
                "norm2": 0.000128476717047448,
                "norminf": 0.001914639705067096,
                "z": 0.01502691302161201
            },
            "U": {
                "Precision": 0.0,
                "Accuracy": 0.9642857142857127,
                "Recall": 0.0,
                "F1": 0.0,
                "norm2": 2.741431957816529e-05,
                "norminf": 0.00016420290908173208,
                "z": 0.0014062156526350833
            },
            "I": {
                "Precision": 0.34,
                "Accuracy": 0.9764285714285702,
                "Recall": 0.34,
                "F1": 0.34,
                "norm2": 0.0031272700782418224,
                "norminf": 0.015348163606088996,
                "z": 0.015348169686315985
            }
        }
    }
}