{
    "090neg": {
        "08": {
            "P": {
                "Precision": 0.31,
                "Accuracy": 0.9753571428571416,
                "Recall": 0.31,
                "F1": 0.31,
                "norm2": 8.832623205879808e-05,
                "norminf": 0.0009273742791084072,
                "z": 0.0028450093019231977
            },
            "Q": {
                "Precision": 0.0,
                "Accuracy": 0.9642857142857127,
                "Recall": 0.0,
                "F1": 0.0,
                "norm2": 2.84684503196472e-05,
                "norminf": 0.0001928505842942607,
                "z": 0.001951993346191614
            },
            "U": {
                "Precision": 0.0,
                "Accuracy": 0.9642857142857127,
                "Recall": 0.0,
                "F1": 0.0,
                "norm2": 5.557443151709274e-06,
                "norminf": 5.9255323017045614e-05,
                "z": 4.397499617167167e-05
            },
            "I": {
                "Precision": 0.0,
                "Accuracy": 0.9642857142857127,
                "Recall": 0.0,
                "F1": 0.0,
                "norm2": 0.004447263754616362,
                "norminf": 0.01783829249176477,
                "z": 0.017837600412178908
            }
        },
        "10": {
            "P": {
                "Precision": 0.99,
                "Accuracy": 0.9996428571428573,
                "Recall": 0.99,
                "F1": 0.99,
                "norm2": 9.275158197541887e-05,
                "norminf": 0.0011587383169453247,
                "z": 0.004136810239020238
            },
            "Q": {
                "Precision": 0.0,
                "Accuracy": 0.9642857142857127,
                "Recall": 0.0,
                "F1": 0.0,
                "norm2": 0.00010106221548026857,
                "norminf": 0.0007024634323127677,
                "z": 0.0068432325334085295
            },
            "U": {
                "Precision": 0.0,
                "Accuracy": 0.9642857142857127,
                "Recall": 0.0,
                "F1": 0.0,
                "norm2": 1.61190307400875e-05,
                "norminf": 0.00019035839291990487,
                "z": 0.0005535874724517145
            },
            "I": {
                "Precision": 0.0,
                "Accuracy": 0.9642857142857127,
                "Recall": 0.0,
                "F1": 0.0,
                "norm2": 0.0043347569819168884,
                "norminf": 0.018934973232743096,
                "z": 0.01893497004314374
            }
        },
        "13": {
            "P": {
                "Precision": 1.0,
                "Accuracy": 1.0,
                "Recall": 1.0,
                "F1": 1.0,
                "norm2": 0.00011704470782773994,
                "norminf": 0.0016647736732004802,
                "z": 0.006693810662045909
            },
            "Q": {
                "Precision": 0.0,
                "Accuracy": 0.9642857142857127,
                "Recall": 0.0,
                "F1": 0.0,
                "norm2": 0.00014471608629788244,
                "norminf": 0.0012310651311936394,
                "z": 0.010847631464658605
            },
            "U": {
                "Precision": 0.0,
                "Accuracy": 0.9642857142857127,
                "Recall": 0.0,
                "F1": 0.0,
                "norm2": 2.0911895551312897e-05,
                "norminf": 0.00028934625452544993,
                "z": 0.001613058603107601
            },
            "I": {
                "Precision": 0.79,
                "Accuracy": 0.9924999999999997,
                "Recall": 0.79,
                "F1": 0.79,
                "norm2": 0.0009355379526208972,
                "norminf": 0.004809620980208348,
                "z": 0.004809569331401561
            }
        }
    },
    "090pos": {
        "08": {
            "P": {
                "Precision": 0.0,
                "Accuracy": 0.9642857142857127,
                "Recall": 0.0,
                "F1": 0.0,
                "norm2": 5.165722066572223e-05,
                "norminf": 0.00023119069616530207,
                "z": 0.0031090631059692065
            },
            "Q": {
                "Precision": 0.0,
                "Accuracy": 0.9642857142857127,
                "Recall": 0.0,
                "F1": 0.0,
                "norm2": 3.526906833069626e-05,
                "norminf": 0.0004360193704927795,
                "z": 0.0029590196555550445
            },
            "U": {
                "Precision": 0.0,
                "Accuracy": 0.9642857142857127,
                "Recall": 0.0,
                "F1": 0.0,
                "norm2": 5.391549618237848e-06,
                "norminf": 2.5642299159860383e-05,
                "z": 4.860726550419898e-05
            },
            "I": {
                "Precision": 0.0,
                "Accuracy": 0.9642857142857127,
                "Recall": 0.0,
                "F1": 0.0,
                "norm2": 0.0045166763339226515,
                "norminf": 0.017718305418639276,
                "z": 0.017718321304009407
            }
        },
        "10": {
            "P": {
                "Precision": 1.0,
                "Accuracy": 1.0,
                "Recall": 1.0,
                "F1": 1.0,
                "norm2": 9.925141586516776e-05,
                "norminf": 0.0004392743746399108,
                "z": 0.0035437193248784894
            },
            "Q": {
                "Precision": 0.0,
                "Accuracy": 0.9642857142857127,
                "Recall": 0.0,
                "F1": 0.0,
                "norm2": 7.588392103961379e-05,
                "norminf": 0.001085121877974482,
                "z": 0.007771715745052314
            },
            "U": {
                "Precision": 0.0,
                "Accuracy": 0.9642857142857127,
                "Recall": 0.0,
                "F1": 0.0,
                "norm2": 2.2624943913584077e-05,
                "norminf": 9.69343861423888e-05,
                "z": 0.0005459569575049608
            },
            "I": {
                "Precision": 1.0,
                "Accuracy": 1.0,
                "Recall": 1.0,
                "F1": 1.0,
                "norm2": 0.00025605789251884005,
                "norminf": 0.0011000957004503676,
                "z": 0.0011000723244088207
            }
        },
        "13": {
            "P": {
                "Precision": 1.0,
                "Accuracy": 1.0,
                "Recall": 1.0,
                "F1": 1.0,
                "norm2": 0.00011285517848018505,
                "norminf": 0.0005179204883026278,
                "z": 0.0055712490467135336
            },
            "Q": {
                "Precision": 0.0,
                "Accuracy": 0.9642857142857127,
                "Recall": 0.0,
                "F1": 0.0,
                "norm2": 0.00011911400499784587,
                "norminf": 0.0017676635451409962,
                "z": 0.013735440896238937
            },
            "U": {
                "Precision": 0.0,
                "Accuracy": 0.9642857142857127,
                "Recall": 0.0,
                "F1": 0.0,
                "norm2": 2.8199643573517316e-05,
                "norminf": 0.00016894622054438145,
                "z": 0.0014449953787527654
            },
            "I": {
                "Precision": 1.0,
                "Accuracy": 1.0,
                "Recall": 1.0,
                "F1": 1.0,
                "norm2": 0.00026177443514410184,
                "norminf": 0.0012457495970878397,
                "z": 0.001245743516860851
            }
        }
    }
}