{
    "090neg": {
        "08": {
            "P": {
                "Precision": 0.0,
                "Accuracy": 0.9589285714285702,
                "Recall": 0.0,
                "F1": 0.0,
                "norm2": 0.0001298988461650041,
                "norminf": 0.001776566669558337,
                "z": 0.006867803192668539
            },
            "Q": {
                "Precision": 0.0,
                "Accuracy": 0.9642857142857127,
                "Recall": 0.0,
                "F1": 0.0,
                "norm2": 4.125556180533133e-05,
                "norminf": 0.0003099245749812485,
                "z": 0.0030153341656353454
            },
            "U": {
                "Precision": 0.0,
                "Accuracy": 0.9642857142857127,
                "Recall": 0.0,
                "F1": 0.0,
                "norm2": 7.953563525500626e-06,
                "norminf": 8.400257549418089e-05,
                "z": 6.136652682601734e-05
            },
            "I": {
                "Precision": 0.0,
                "Accuracy": 0.9642857142857127,
                "Recall": 0.0,
                "F1": 0.0,
                "norm2": 0.006295073265993888,
                "norminf": 0.02514267529827012,
                "z": 0.025143367377855972
            }
        },
        "10": {
            "P": {
                "Precision": 1.0,
                "Accuracy": 1.0,
                "Recall": 1.0,
                "F1": 1.0,
                "norm2": 0.00011099864461388194,
                "norminf": 0.0015657151773070066,
                "z": 0.00597441991387123
            },
            "Q": {
                "Precision": 0.0,
                "Accuracy": 0.9642857142857127,
                "Recall": 0.0,
                "F1": 0.0,
                "norm2": 0.0001497211267380219,
                "norminf": 0.0011386239456527046,
                "z": 0.010746183363684885
            },
            "U": {
                "Precision": 0.0,
                "Accuracy": 0.9642857142857127,
                "Recall": 0.0,
                "F1": 0.0,
                "norm2": 2.2560490294214446e-05,
                "norminf": 0.0002654589135923102,
                "z": 0.0007754151358254037
            },
            "I": {
                "Precision": 1.0,
                "Accuracy": 1.0,
                "Recall": 1.0,
                "F1": 1.0,
                "norm2": 0.000251103062563552,
                "norminf": 0.0010895492952747955,
                "z": 0.001089552484874158
            }
        },
        "13": {
            "P": {
                "Precision": 1.0,
                "Accuracy": 1.0,
                "Recall": 1.0,
                "F1": 1.0,
                "norm2": 0.0001292054824480304,
                "norminf": 0.0018814646259445655,
                "z": 0.007908600013317713
            },
            "Q": {
                "Precision": 0.285,
                "Accuracy": 0.972142857142856,
                "Recall": 0.35,
                "F1": 0.30666666666666675,
                "norm2": 0.00021324252669602142,
                "norminf": 0.001928076893886397,
                "z": 0.01667952675681991
            },
            "U": {
                "Precision": 0.0,
                "Accuracy": 0.9642857142857127,
                "Recall": 0.0,
                "F1": 0.0,
                "norm2": 2.969529736776335e-05,
                "norminf": 0.0004100378020025941,
                "z": 0.0022961158538991923
            },
            "I": {
                "Precision": 1.0,
                "Accuracy": 1.0,
                "Recall": 1.0,
                "F1": 1.0,
                "norm2": 0.0002548028701483683,
                "norminf": 0.001289864377490607,
                "z": 0.001289916026297394
            }
        }
    },
    "090pos": {
        "08": {
            "P": {
                "Precision": 0.0,
                "Accuracy": 0.9642857142857127,
                "Recall": 0.0,
                "F1": 0.0,
                "norm2": 6.647448136893572e-05,
                "norminf": 0.0003013438977057159,
                "z": 0.005214340584686261
            },
            "Q": {
                "Precision": 0.0,
                "Accuracy": 0.9642857142857127,
                "Recall": 0.0,
                "F1": 0.0,
                "norm2": 4.989377919990126e-05,
                "norminf": 0.0006757940308802901,
                "z": 0.0048238829498105686
            },
            "U": {
                "Precision": 0.0,
                "Accuracy": 0.9642857142857127,
                "Recall": 0.0,
                "F1": 0.0,
                "norm2": 7.147098250511957e-06,
                "norminf": 3.442530361662088e-05,
                "z": 6.4549104117505e-05
            },
            "I": {
                "Precision": 0.0,
                "Accuracy": 0.9642857142857127,
                "Recall": 0.0,
                "F1": 0.0,
                "norm2": 0.00629333311889847,
                "norminf": 0.024750457250645716,
                "z": 0.024750441365275596
            }
        },
        "10": {
            "P": {
                "Precision": 1.0,
                "Accuracy": 1.0,
                "Recall": 1.0,
                "F1": 1.0,
                "norm2": 0.00010452521023800796,
                "norminf": 0.00046414699894275824,
                "z": 0.00420776005630552
            },
            "Q": {
                "Precision": 0.0,
                "Accuracy": 0.9642857142857127,
                "Recall": 0.0,
                "F1": 0.0,
                "norm2": 0.00011329427931909672,
                "norminf": 0.0016589873859099314,
                "z": 0.012123907775702906
            },
            "U": {
                "Precision": 0.0,
                "Accuracy": 0.9642857142857127,
                "Recall": 0.0,
                "F1": 0.0,
                "norm2": 3.189089452877461e-05,
                "norminf": 0.0001366574967508649,
                "z": 0.0007699060652137654
            },
            "I": {
                "Precision": 0.0,
                "Accuracy": 0.9642857142857127,
                "Recall": 0.0,
                "F1": 0.0,
                "norm2": 0.0061749471051360015,
                "norminf": 0.026984854479037125,
                "z": 0.026984877855078672
            }
        },
        "13": {
            "P": {
                "Precision": 1.0,
                "Accuracy": 1.0,
                "Recall": 1.0,
                "F1": 1.0,
                "norm2": 0.00012008450408510945,
                "norminf": 0.0006385442486808967,
                "z": 0.006504882953573066
            },
            "Q": {
                "Precision": 0.0,
                "Accuracy": 0.9499999999999996,
                "Recall": 0.0,
                "F1": 0.0,
                "norm2": 0.00018173026241435658,
                "norminf": 0.0027086653295161577,
                "z": 0.021349043320862862
            },
            "U": {
                "Precision": 0.0,
                "Accuracy": 0.9642857142857127,
                "Recall": 0.0,
                "F1": 0.0,
                "norm2": 3.910098007400907e-05,
                "norminf": 0.00023419374013141202,
                "z": 0.0020059712456896874
            },
            "I": {
                "Precision": 0.0,
                "Accuracy": 0.9642857142857127,
                "Recall": 0.0,
                "F1": 0.0,
                "norm2": 0.006093856788392097,
                "norminf": 0.030266611381142602,
                "z": 0.03026661746136959
            }
        }
    }
}