{
  "irrad_LV0101": 55.09361747698025,
  "irrad_LV0102": -24.790073863751875,
  "irrad_LV0103": 67.288389913698,
  "irrad_LV0201": -6.813670600918588,
  "irrad_LV0202": 22.996796519332886,
  "irrad_LV0203": 31.42212613254005
}