{
  "P_LV0101": 0.016524889659018292,
  "Q_LV0101": -0.004564646368530257,
  "U_LV0101": 0.999508211650891,
  "I_LV0101_MV0101": 0.017152179719725397,
  "P_LV0102": -0.007435584265429259,
  "Q_LV0102": -0.004564646368530763,
  "U_LV0102": 0.9988492222891294,
  "I_LV0102_MV0102": 0.008734953699385444,
  "P_LV0103": 0.02018261405908692,
  "Q_LV0103": -0.004564646368530608,
  "U_LV0103": 0.9996254664583641,
  "I_LV0103_MV0103": 0.02070011637609862,
  "P_LV0201": -0.0020437059683024454,
  "Q_LV0201": -0.004564646368530441,
  "U_LV0201": 0.9989938050138648,
  "I_LV0201_MV0201": 0.00500631021767561,
  "P_LV0202": 0.006897705077210717,
  "Q_LV0202": -0.00456464636853038,
  "U_LV0202": 0.9992494216295943,
  "I_LV0202_MV0202": 0.008277508573260862,
  "P_LV0203": 0.009424815268464374,
  "Q_LV0203": -0.004564646368530325,
  "U_LV0203": 0.999323798155402,
  "I_LV0203_MV0203": 0.010479102953707325,
  "P_POIMV_MV0101": -0.029248913356695994,
  "Q_POIMV_MV0101": 0.012532956500535875,
  "U_POIMV": 0.9996789481842203,
  "I_POIMV_MV0101": 0.03183118630895357,
  "P_POIMV_MV0201": -0.01427248786853852,
  "Q_POIMV_MV0201": 0.012167370522661258,
  "I_POIMV_MV0201": 0.018760991002620325,
  "P_POI_POIMV": -0.04351140122535453,
  "Q_POI_POIMV": 0.0241670417090063,
  "U_POI": 0.9999934647172055,
  "I_POI_POIMV": 0.04977268650003306
}