{
  "P_LV0101": 0.000098,
  "Q_LV0101": 0.000234,
  "U_LV0101": 0.002499,
  "I_LV0101_MV0101": 0.000063,
  "P_LV0102": 0.000105,
  "Q_LV0102": 0.000157,
  "U_LV0102": 0.002497,
  "I_LV0102_MV0102": 0.000050,
  "P_LV0103": 0.000109,
  "Q_LV0103": 0.000280,
  "U_LV0103": 0.002499,
  "I_LV0103_MV0103": 0.000074,
  "P_LV0201": 0.000114,
  "Q_LV0201": 0.000060,
  "U_LV0201": 0.002497,
  "I_LV0201_MV0201": 0.000034,
  "P_LV0202": 0.000106,
  "Q_LV0202": 0.000149,
  "U_LV0202": 0.002498,
  "I_LV0202_MV0202": 0.000048,
  "P_LV0203": 0.000102,
  "Q_LV0203": 0.000180,
  "U_LV0203": 0.002498,
  "I_LV0203_MV0203": 0.000054,
  "P_POIMV_MV0101": 0.000289,
  "Q_POIMV_MV0101": 0.000555,
  "U_POIMV": 0.002499,
  "I_POIMV_MV0101": 0.000163,
  "P_POIMV_MV0201": 0.000301,
  "Q_POIMV_MV0201": 0.000344,
  "I_POIMV_MV0201": 0.000122,
  "P_POI_POIMV": 0.000583,
  "Q_POI_POIMV": 0.000936,
  "U_POI": 0.002500,
  "I_POI_POIMV": 0.000291
}
