{
  "P_LV0101": 0.002084,
  "Q_LV0101": 0.003573,
  "U_LV0101": 0.002604,
  "I_LV0101_MV0101": 0.000897,
  "P_LV0102": 0.002115,
  "Q_LV0102": 0.003730,
  "U_LV0102": 0.002606,
  "I_LV0102_MV0102": 0.000929,
  "P_LV0103": 0.002105,
  "Q_LV0103": 0.003680,
  "U_LV0103": 0.002607,
  "I_LV0103_MV0103": 0.000918,
  "P_LV0201": 0.002052,
  "Q_LV0201": 0.003405,
  "U_LV0201": 0.002605,
  "I_LV0201_MV0201": 0.000862,
  "P_LV0202": 0.002059,
  "Q_LV0202": 0.003442,
  "U_LV0202": 0.002607,
  "I_LV0202_MV0202": 0.000869,
  "P_LV0203": 0.002086,
  "Q_LV0203": 0.003582,
  "U_LV0203": 0.002608,
  "I_LV0203_MV0203": 0.000898,
  "P_POIMV_MV0101": 0.005817,
  "Q_POIMV_MV0101": 0.010829,
  "U_POIMV": 0.002528,
  "I_POIMV_MV0101": 0.002746,
  "P_POIMV_MV0201": 0.005739,
  "Q_POIMV_MV0201": 0.010278,
  "I_POIMV_MV0201": 0.002630,
  "P_POI_POIMV": 0.011066,
  "Q_POI_POIMV": 0.021077,
  "U_POI": 0.002501,
  "I_POI_POIMV": 0.005376
}
