{
  "irrad_LV0101": 36.35100084026541,
  "irrad_LV0102": 83.45952040394005,
  "irrad_LV0103": 29.419763022762208,
  "irrad_LV0201": 59.52413245164632,
  "irrad_LV0202": 127.33324841846563,
  "irrad_LV0203": 65.94566011506255
}