{
  "irrad_LV0101": 40.22815909244267,
  "irrad_LV0102": 57.449819813626554,
  "irrad_LV0103": -79.1352435524355,
  "irrad_LV0201": -53.691168562729416,
  "irrad_LV0202": -10.804377103776181,
  "irrad_LV0203": 20.5524775159679
}