{
  "P_LV0101": 0.000064,
  "Q_LV0101": 0.000209,
  "U_LV0101": 0.002501,
  "I_LV0101_MV0101": 0.000056,
  "P_LV0102": 0.000077,
  "Q_LV0102": 0.000243,
  "U_LV0102": 0.002501,
  "I_LV0102_MV0102": 0.000064,
  "P_LV0103": 0.000102,
  "Q_LV0103": 0.000322,
  "U_LV0103": 0.002498,
  "I_LV0103_MV0103": 0.000083,
  "P_LV0201": 0.000072,
  "Q_LV0201": 0.000229,
  "U_LV0201": 0.002499,
  "I_LV0201_MV0201": 0.000060,
  "P_LV0202": 0.000025,
  "Q_LV0202": 0.000086,
  "U_LV0202": 0.002500,
  "I_LV0202_MV0202": 0.000024,
  "P_LV0203": 0.000043,
  "Q_LV0203": 0.000145,
  "U_LV0203": 0.002501,
  "I_LV0203_MV0203": 0.000040,
  "P_POIMV_MV0101": 0.000053,
  "Q_POIMV_MV0101": 0.000149,
  "U_POIMV": 0.002500,
  "I_POIMV_MV0101": 0.000042,
  "P_POIMV_MV0201": 0.000106,
  "Q_POIMV_MV0201": 0.000334,
  "I_POIMV_MV0201": 0.000094,
  "P_POI_POIMV": 0.000105,
  "Q_POI_POIMV": 0.000207,
  "U_POI": 0.002500,
  "I_POI_POIMV": 0.000062
}
