{
  "irrad_LV0101": 991.8574348192155,
  "irrad_LV0102": 1047.33291816694,
  "irrad_LV0103": 1050.6308866039715,
  "irrad_LV0201": 997.2419106929611,
  "irrad_LV0202": 1000.2733030908174,
  "irrad_LV0203": 922.5501605813266
}