{
  "irrad_LV0101": 955.6781887078686,
  "irrad_LV0102": 997.904288221702,
  "irrad_LV0103": 1049.9787436364318,
  "irrad_LV0201": 1043.448356346829,
  "irrad_LV0202": 921.967089973888,
  "irrad_LV0203": 1047.3262697349762
}