{
  "P_LV0101": 0.03145363317236217,
  "Q_LV0101": 0.013691607273719474,
  "U_LV0101": 1.0266936426784503,
  "I_LV0101_MV0101": 0.01929070929960922,
  "P_LV0102": 0.030743007592393626,
  "Q_LV0102": 0.013691607273719453,
  "U_LV0102": 1.0270728392583865,
  "I_LV0102_MV0102": 0.018917990057388496,
  "P_LV0103": 0.03137605176387289,
  "Q_LV0103": 0.013691607273719531,
  "U_LV0103": 1.0274752179783877,
  "I_LV0103_MV0103": 0.019236072032981624,
  "P_LV0201": 0.032046139111375764,
  "Q_LV0201": 0.013691607273719387,
  "U_LV0201": 1.027586537522101,
  "I_LV0201_MV0201": 0.019579633285599005,
  "P_LV0202": 0.030002095538773206,
  "Q_LV0202": 0.013691607273719554,
  "U_LV0202": 1.0276564409095996,
  "I_LV0202_MV0202": 0.018527771997841096,
  "P_LV0203": 0.02826963117511092,
  "Q_LV0203": 0.01369160727371948,
  "U_LV0203": 1.0275282613888361,
  "I_LV0203_MV0203": 0.017649127070974026,
  "P_POIMV_MV0101": -0.09258322787584916,
  "Q_POIMV_MV0101": -0.03656957160146135,
  "U_POIMV": 1.000007405228392,
  "I_POIMV_MV0101": 0.05747127078237316,
  "P_POIMV_MV0201": -0.08932123533210756,
  "Q_POIMV_MV0201": -0.03681633062639378,
  "I_POIMV_MV0201": 0.055778093211242746,
  "P_POI_POI_MV": -0.1819034632079685,
  "Q_POI_POI_MV": -0.07344248238950968,
  "U_POI": 1.000007384827852,
  "I_POI_POI_MV": 0.11325796480766533
}