{
  "P_LV0101": 0.3112619647045561,
  "Q_LV0101": 0.15108244695305095,
  "U_LV0101": 1.0386940212760885,
  "I_LV0101_MV0101": 0.3331021470641208,
  "P_LV0102": 0.3162935074172876,
  "Q_LV0102": 0.15108244695305023,
  "U_LV0102": 1.0393388469003622,
  "I_LV0102_MV0102": 0.3372572781631071,
  "P_LV0103": 0.3065357683707568,
  "Q_LV0103": 0.15108244695304915,
  "U_LV0103": 1.0393979573639596,
  "I_LV0103_MV0103": 0.32879191119219253,
  "P_LV0201": 0.3030896071395114,
  "Q_LV0201": 0.1510824469530497,
  "U_LV0201": 1.0393181506653681,
  "I_LV0201_MV0201": 0.3258462892543484,
  "P_LV0202": 0.30966194473253644,
  "Q_LV0202": 0.15108244695304987,
  "U_LV0202": 1.0399952988396008,
  "I_LV0202_MV0202": 0.3313019791177371,
  "P_LV0203": 0.311946213984249,
  "Q_LV0203": 0.15108244695305043,
  "U_LV0203": 1.0403129600639431,
  "I_LV0203_MV0203": 0.3331756093912729,
  "P_POIMV_MV0101": -0.9241133631492175,
  "Q_POIMV_MV0101": -0.40783034888522707,
  "U_POIMV": 1.0104527052940093,
  "I_POIMV_MV0101": 0.9996553969884767,
  "P_POIMV_MV0201": -0.9142035591172544,
  "Q_POIMV_MV0201": -0.4084762825312964,
  "I_POIMV_MV0201": 0.9909515285626128,
  "P_POI_POIMV": -1.8383069222659347,
  "Q_POI_POIMV": -0.7652778754877545,
  "U_POI": 1.000206777602128,
  "I_POI_POIMV": 1.9908247838273485
}