{
  "P_LV0101": 0.001007,
  "Q_LV0101": 0.002988,
  "U_LV0101": 0.002516,
  "I_LV0101_MV0101": 0.000708,
  "P_LV0102": 0.000906,
  "Q_LV0102": 0.002688,
  "U_LV0102": 0.002515,
  "I_LV0102_MV0102": 0.000637,
  "P_LV0103": 0.000959,
  "Q_LV0103": 0.002845,
  "U_LV0103": 0.002517,
  "I_LV0103_MV0103": 0.000674,
  "P_LV0201": 0.000806,
  "Q_LV0201": 0.002390,
  "U_LV0201": 0.002514,
  "I_LV0201_MV0201": 0.000566,
  "P_LV0202": 0.000976,
  "Q_LV0202": 0.002895,
  "U_LV0202": 0.002518,
  "I_LV0202_MV0202": 0.000685,
  "P_LV0203": 0.000955,
  "Q_LV0203": 0.002832,
  "U_LV0203": 0.002518,
  "I_LV0203_MV0203": 0.000670,
  "P_POIMV_MV0101": 0.002866,
  "Q_POIMV_MV0101": 0.008453,
  "U_POIMV": 0.002498,
  "I_POIMV_MV0101": 0.002018,
  "P_POIMV_MV0201": 0.002728,
  "Q_POIMV_MV0201": 0.008050,
  "I_POIMV_MV0201": 0.001922,
  "P_POI_POIMV": 0.005638,
  "Q_POI_POIMV": 0.016505,
  "U_POI": 0.002500,
  "I_POI_POIMV": 0.003940
}
