{
  "P_LV0101": -0.010611061048983971,
  "Q_LV0101": -1.8642074147293724e-16,
  "U_LV0101": 0.9997463296302972,
  "I_LV0101_MV0101": 0.010613753443743981,
  "P_LV0102": 0.018164383643303406,
  "Q_LV0102": -6.008747316772312e-16,
  "U_LV0102": 1.0005475079441186,
  "I_LV0102_MV0102": 0.01815444394102464,
  "P_LV0103": -0.01272035028719718,
  "Q_LV0103": -6.003035752142881e-17,
  "U_LV0103": 0.9996826318569401,
  "I_LV0103_MV0103": 0.012724388602779616,
  "P_LV0201": 0.008450244103060995,
  "Q_LV0201": 1.16092419856553e-16,
  "U_LV0201": 1.0002771493087186,
  "I_LV0201_MV0201": 0.008447902772647434,
  "P_LV0202": -0.007110554496122047,
  "Q_LV0202": 5.493036936430471e-17,
  "U_LV0202": 0.9998385231144609,
  "I_LV0202_MV0202": 0.007111702871752657,
  "P_LV0203": -0.0029465399112348976,
  "Q_LV0203": 1.0325872745522961e-16,
  "U_LV0203": 0.9999527009683352,
  "I_LV0203_MV0203": 0.002946679286311767,
  "P_POIMV_MV0101": 0.005183953280948117,
  "Q_POIMV_MV0101": -0.0011893903817963292,
  "U_POIMV": 1.000043768845755,
  "I_POIMV_MV0101": 0.005318415646963252,
  "P_POIMV_MV0201": 0.0016105611314287671,
  "Q_POIMV_MV0201": -0.0015381636431470724,
  "I_POIMV_MV0201": 0.002226975618513648,
  "P_POI_POIMV": 0.006804514411977514,
  "Q_POI_POIMV": -0.0032927649072007625,
  "U_POI": 1.0000008904160247,
  "I_POI_POIMV": 0.007559339610949861
}