{
  "P_LV0101": 0.001787,
  "Q_LV0101": 0.003268,
  "U_LV0101": 0.002588,
  "I_LV0101_MV0101": 0.000813,
  "P_LV0102": 0.001784,
  "Q_LV0102": 0.003254,
  "U_LV0102": 0.002590,
  "I_LV0102_MV0102": 0.000809,
  "P_LV0103": 0.001730,
  "Q_LV0103": 0.002986,
  "U_LV0103": 0.002589,
  "I_LV0103_MV0103": 0.000753,
  "P_LV0201": 0.001811,
  "Q_LV0201": 0.003383,
  "U_LV0201": 0.002591,
  "I_LV0201_MV0201": 0.000836,
  "P_LV0202": 0.001754,
  "Q_LV0202": 0.003107,
  "U_LV0202": 0.002591,
  "I_LV0202_MV0202": 0.000778,
  "P_LV0203": 0.001725,
  "Q_LV0203": 0.002962,
  "U_LV0203": 0.002591,
  "I_LV0203_MV0203": 0.000747,
  "P_POIMV_MV0101": 0.004942,
  "Q_POIMV_MV0101": 0.009394,
  "U_POIMV": 0.002523,
  "I_POIMV_MV0101": 0.002375,
  "P_POIMV_MV0201": 0.004931,
  "Q_POIMV_MV0201": 0.009332,
  "I_POIMV_MV0201": 0.002362,
  "P_POI_POIMV": 0.009502,
  "Q_POI_POIMV": 0.018705,
  "U_POI": 0.002500,
  "I_POI_POIMV": 0.004738
}
