{
    "090neg": {
        "08": {
            "P": {
                "Precision": 0.0,
                "Accuracy": 0.965517241379312,
                "Recall": 0.0,
                "norm2": 0.0002584697986417555,
                "norminf": 0.00021818416641730342
            },
            "Q": {
                "Precision": 0.0,
                "Accuracy": 0.965517241379312,
                "Recall": 0.0,
                "norm2": 8.004023160671071e-05,
                "norminf": 4.358333594336572e-05
            },
            "U": {
                "Precision": 0.0,
                "Accuracy": 0.965517241379312,
                "Recall": 0.0,
                "norm2": 1.5532486102390128e-05,
                "norminf": 1.1582816233526305e-05
            },
            "I": {
                "Precision": 0.0,
                "Accuracy": 0.965517241379312,
                "Recall": 0.0,
                "norm2": 0.013055012545165884,
                "norminf": 0.00350023185475001
            }
        },
        "10": {
            "P": {
                "Precision": 0.0,
                "Accuracy": 0.965517241379312,
                "Recall": 0.0,
                "norm2": 0.0008169065531153836,
                "norminf": 0.000732263633025595
            },
            "Q": {
                "Precision": 0.0,
                "Accuracy": 0.965517241379312,
                "Recall": 0.0,
                "norm2": 0.0003025655435354423,
                "norminf": 0.00016664053920105836
            },
            "U": {
                "Precision": 0.0,
                "Accuracy": 0.965517241379312,
                "Recall": 0.0,
                "norm2": 4.299039519915832e-05,
                "norminf": 3.5150751097271503e-05
            },
            "I": {
                "Precision": 0.0,
                "Accuracy": 0.965517241379312,
                "Recall": 0.0,
                "norm2": 0.011982677088184053,
                "norminf": 0.0035197743019144846
            }
        },
        "13": {
            "P": {
                "Precision": 0.1,
                "Accuracy": 0.9689655172413808,
                "Recall": 0.1,
                "norm2": 0.001146422063208728,
                "norminf": 0.0011182639351572088
            },
            "Q": {
                "Precision": 0.0,
                "Accuracy": 0.965517241379312,
                "Recall": 0.0,
                "norm2": 0.0004196512617554569,
                "norminf": 0.00027075974367213096
            },
            "U": {
                "Precision": 0.0,
                "Accuracy": 0.965517241379312,
                "Recall": 0.0,
                "norm2": 6.105711446440906e-05,
                "norminf": 5.727300900583154e-05
            },
            "I": {
                "Precision": 0.62,
                "Accuracy": 0.9868965517241389,
                "Recall": 0.62,
                "norm2": 0.003325953958718766,
                "norminf": 0.001162650908594217
            }
        }
    },
    "090pos": {
        "08": {
            "P": {
                "Precision": 0.0,
                "Accuracy": 0.965517241379312,
                "Recall": 0.0,
                "norm2": 0.00013157942145009045,
                "norminf": 3.9688475346288946e-05
            },
            "Q": {
                "Precision": 0.0,
                "Accuracy": 0.965517241379312,
                "Recall": 0.0,
                "norm2": 0.00010650492628005421,
                "norminf": 9.495309901157656e-05
            },
            "U": {
                "Precision": 0.0,
                "Accuracy": 0.965517241379312,
                "Recall": 0.0,
                "norm2": 1.46540001928608e-05,
                "norminf": 5.649094353490369e-06
            },
            "I": {
                "Precision": 0.0,
                "Accuracy": 0.965517241379312,
                "Recall": 0.0,
                "norm2": 0.012235612434874565,
                "norminf": 0.0032108079671556732
            }
        },
        "10": {
            "P": {
                "Precision": 0.0,
                "Accuracy": 0.965517241379312,
                "Recall": 0.0,
                "norm2": 0.0008868592240339916,
                "norminf": 0.0002625170388516662
            },
            "Q": {
                "Precision": 0.0,
                "Accuracy": 0.965517241379312,
                "Recall": 0.0,
                "norm2": 0.0002397577452465633,
                "norminf": 0.00023344356078927264
            },
            "U": {
                "Precision": 0.0,
                "Accuracy": 0.965517241379312,
                "Recall": 0.0,
                "norm2": 6.04373295822749e-05,
                "norminf": 1.977542838340174e-05
            },
            "I": {
                "Precision": 0.0,
                "Accuracy": 0.965517241379312,
                "Recall": 0.0,
                "norm2": 0.010923107302263915,
                "norminf": 0.0031821033652487474
            }
        },
        "13": {
            "P": {
                "Precision": 0.25,
                "Accuracy": 0.9741379310344841,
                "Recall": 0.25,
                "norm2": 0.0010516271809058967,
                "norminf": 0.0004361521357688836
            },
            "Q": {
                "Precision": 0.0,
                "Accuracy": 0.965517241379312,
                "Recall": 0.0,
                "norm2": 0.0003603504370755819,
                "norminf": 0.0003578957826103357
            },
            "U": {
                "Precision": 0.0,
                "Accuracy": 0.965517241379312,
                "Recall": 0.0,
                "norm2": 7.859891519309525e-05,
                "norminf": 3.670346136797731e-05
            },
            "I": {
                "Precision": 0.85,
                "Accuracy": 0.9948275862068968,
                "Recall": 0.85,
                "norm2": 0.0031724875566710477,
                "norminf": 0.0010360643696954574
            }
        }
    }
}