{
    "090neg": {
        "08": {
            "P": {
                "Precision": 1.0,
                "Accuracy": 1.0,
                "Recall": 1.0,
                "norm2": 0.0007546053926269866,
                "norminf": 0.0005796558608037639
            },
            "Q": {
                "Precision": 0.0,
                "Accuracy": 0.965517241379312,
                "Recall": 0.0,
                "norm2": 0.0005555801690871391,
                "norminf": 0.0002851341212675329
            },
            "U": {
                "Precision": 0.0,
                "Accuracy": 0.965517241379312,
                "Recall": 0.0,
                "norm2": 0.00010930676946923989,
                "norminf": 8.228991287722809e-05
            },
            "I": {
                "Precision": 0.0,
                "Accuracy": 0.965517241379312,
                "Recall": 0.0,
                "norm2": 0.08312227508903575,
                "norminf": 0.022384713615144443
            }
        },
        "10": {
            "P": {
                "Precision": 1.0,
                "Accuracy": 1.0,
                "Recall": 1.0,
                "norm2": 0.0012975564619168744,
                "norminf": 0.0011160058224299807
            },
            "Q": {
                "Precision": 0.0,
                "Accuracy": 0.965517241379312,
                "Recall": 0.0,
                "norm2": 0.001972153261274371,
                "norminf": 0.001029759204454298
            },
            "U": {
                "Precision": 0.0,
                "Accuracy": 0.965517241379312,
                "Recall": 0.0,
                "norm2": 0.0003204722440226842,
                "norminf": 0.0002626089940639098
            },
            "I": {
                "Precision": 0.14,
                "Accuracy": 0.9703448275862082,
                "Recall": 0.14,
                "norm2": 0.06734791930625837,
                "norminf": 0.02003103359241691
            }
        },
        "13": {
            "P": {
                "Precision": 1.0,
                "Accuracy": 1.0,
                "Recall": 1.0,
                "norm2": 0.001711767904894044,
                "norminf": 0.00164254859157116
            },
            "Q": {
                "Precision": 0.0,
                "Accuracy": 0.965517241379312,
                "Recall": 0.0,
                "norm2": 0.0027663442025691307,
                "norminf": 0.0017288588432797646
            },
            "U": {
                "Precision": 0.0,
                "Accuracy": 0.965517241379312,
                "Recall": 0.0,
                "norm2": 0.00043391796403159086,
                "norminf": 0.00040747852747252125
            },
            "I": {
                "Precision": 1.0,
                "Accuracy": 1.0,
                "Recall": 1.0,
                "norm2": 0.0033043502490663953,
                "norminf": 0.0011585709972379565
            }
        }
    },
    "090pos": {
        "08": {
            "P": {
                "Precision": 0.0,
                "Accuracy": 0.965517241379312,
                "Recall": 0.0,
                "norm2": 0.0009840350411182582,
                "norminf": 0.00029472645308314504
            },
            "Q": {
                "Precision": 0.0,
                "Accuracy": 0.965517241379312,
                "Recall": 0.0,
                "norm2": 0.0006968053846419832,
                "norminf": 0.0005862729211870387
            },
            "U": {
                "Precision": 0.0,
                "Accuracy": 0.965517241379312,
                "Recall": 0.0,
                "norm2": 0.00010056710699850987,
                "norminf": 3.8472203746824364e-05
            },
            "I": {
                "Precision": 0.0,
                "Accuracy": 0.965517241379312,
                "Recall": 0.0,
                "norm2": 0.08511311355640988,
                "norminf": 0.022294713270274394
            }
        },
        "10": {
            "P": {
                "Precision": 1.0,
                "Accuracy": 1.0,
                "Recall": 1.0,
                "norm2": 0.0013329075990297949,
                "norminf": 0.0003943705008032028
            },
            "Q": {
                "Precision": 0.0,
                "Accuracy": 0.965517241379312,
                "Recall": 0.0,
                "norm2": 0.0015467890916250465,
                "norminf": 0.0014849795231390893
            },
            "U": {
                "Precision": 0.0,
                "Accuracy": 0.965517241379312,
                "Recall": 0.0,
                "norm2": 0.0004282544069811383,
                "norminf": 0.00014049647269264386
            },
            "I": {
                "Precision": 1.0,
                "Accuracy": 1.0,
                "Recall": 1.0,
                "norm2": 0.0033207497652137587,
                "norminf": 0.0009638902527744486
            }
        },
        "13": {
            "P": {
                "Precision": 1.0,
                "Accuracy": 1.0,
                "Recall": 1.0,
                "norm2": 0.001531445811480624,
                "norminf": 0.0005655333496313997
            },
            "Q": {
                "Precision": 0.53,
                "Accuracy": 0.9837931034482768,
                "Recall": 0.53,
                "norm2": 0.002379768381026789,
                "norminf": 0.002357760554854895
            },
            "U": {
                "Precision": 0.0,
                "Accuracy": 0.965517241379312,
                "Recall": 0.0,
                "norm2": 0.0005417288578163265,
                "norminf": 0.00025300798050276185
            },
            "I": {
                "Precision": 1.0,
                "Accuracy": 1.0,
                "Recall": 1.0,
                "norm2": 0.0033909704925884914,
                "norminf": 0.0011038176962276558
            }
        }
    }
}