{
    "090neg": {
        "08": {
            "P": {
                "Precision": 0.0,
                "Accuracy": 0.965517241379312,
                "Recall": 0.0,
                "norm2": 0.0008570929592173069,
                "norminf": 0.0007480027037820891
            },
            "Q": {
                "Precision": 0.0,
                "Accuracy": 0.965517241379312,
                "Recall": 0.0,
                "norm2": 0.00024584868625249576,
                "norminf": 0.00013661548458044126
            },
            "U": {
                "Precision": 0.0,
                "Accuracy": 0.965517241379312,
                "Recall": 0.0,
                "norm2": 4.5942154323883637e-05,
                "norminf": 3.4259778337993874e-05
            },
            "I": {
                "Precision": 0.0,
                "Accuracy": 0.965517241379312,
                "Recall": 0.0,
                "norm2": 0.03539925097882218,
                "norminf": 0.00948442554424652
            }
        },
        "10": {
            "P": {
                "Precision": 0.31,
                "Accuracy": 0.9762068965517254,
                "Recall": 0.31,
                "norm2": 0.0022246575820768825,
                "norminf": 0.0020888902569470725
            },
            "Q": {
                "Precision": 0.0,
                "Accuracy": 0.965517241379312,
                "Recall": 0.0,
                "norm2": 0.0008853041049872231,
                "norminf": 0.0004931148255900153
            },
            "U": {
                "Precision": 0.0,
                "Accuracy": 0.965517241379312,
                "Recall": 0.0,
                "norm2": 0.00013591042265691277,
                "norminf": 0.00011107083048629062
            },
            "I": {
                "Precision": 0.0,
                "Accuracy": 0.965517241379312,
                "Recall": 0.0,
                "norm2": 0.03404138964182448,
                "norminf": 0.009978313452328367
            }
        },
        "13": {
            "P": {
                "Precision": 1.0,
                "Accuracy": 1.0,
                "Recall": 1.0,
                "norm2": 0.0019317946815673615,
                "norminf": 0.0018886461526930087
            },
            "Q": {
                "Precision": 0.0,
                "Accuracy": 0.965517241379312,
                "Recall": 0.0,
                "norm2": 0.0012497323571580856,
                "norminf": 0.0008116286563141684
            },
            "U": {
                "Precision": 0.0,
                "Accuracy": 0.965517241379312,
                "Recall": 0.0,
                "norm2": 0.00017934811976006386,
                "norminf": 0.00016819114904114029
            },
            "I": {
                "Precision": 1.0,
                "Accuracy": 1.0,
                "Recall": 1.0,
                "norm2": 0.003303979843392555,
                "norminf": 0.0011552394326578364
            }
        }
    },
    "090pos": {
        "08": {
            "P": {
                "Precision": 0.0,
                "Accuracy": 0.965517241379312,
                "Recall": 0.0,
                "norm2": 0.0003945622006000409,
                "norminf": 0.00011919346908122353
            },
            "Q": {
                "Precision": 0.0,
                "Accuracy": 0.965517241379312,
                "Recall": 0.0,
                "norm2": 0.0003161535923321995,
                "norminf": 0.00028520090799326157
            },
            "U": {
                "Precision": 0.0,
                "Accuracy": 0.965517241379312,
                "Recall": 0.0,
                "norm2": 4.225722996115109e-05,
                "norminf": 1.631559033887786e-05
            },
            "I": {
                "Precision": 0.0,
                "Accuracy": 0.965517241379312,
                "Recall": 0.0,
                "norm2": 0.03598944830598598,
                "norminf": 0.009448269154045112
            }
        },
        "10": {
            "P": {
                "Precision": 0.26,
                "Accuracy": 0.974482758620691,
                "Recall": 0.26,
                "norm2": 0.0022083598649827165,
                "norminf": 0.0006593459004696034
            },
            "Q": {
                "Precision": 0.0,
                "Accuracy": 0.965517241379312,
                "Recall": 0.0,
                "norm2": 0.0007252386409851084,
                "norminf": 0.000708028722985945
            },
            "U": {
                "Precision": 0.0,
                "Accuracy": 0.965517241379312,
                "Recall": 0.0,
                "norm2": 0.00018597363444142342,
                "norminf": 6.081260193211646e-05
            },
            "I": {
                "Precision": 0.0,
                "Accuracy": 0.965517241379312,
                "Recall": 0.0,
                "norm2": 0.03496239326926479,
                "norminf": 0.010232710914716432
            }
        },
        "13": {
            "P": {
                "Precision": 1.0,
                "Accuracy": 1.0,
                "Recall": 1.0,
                "norm2": 0.0016658569695036669,
                "norminf": 0.0007005046591887121
            },
            "Q": {
                "Precision": 0.0,
                "Accuracy": 0.965517241379312,
                "Recall": 0.0,
                "norm2": 0.0011206952116904268,
                "norminf": 0.0011134058975812522
            },
            "U": {
                "Precision": 0.0,
                "Accuracy": 0.965517241379312,
                "Recall": 0.0,
                "norm2": 0.0002326613452754564,
                "norminf": 0.00010864376406581444
            },
            "I": {
                "Precision": 1.0,
                "Accuracy": 1.0,
                "Recall": 1.0,
                "norm2": 0.003393192536959206,
                "norminf": 0.0011081869049303595
            }
        }
    }
}