{
    "090neg": {
        "08": {
            "P": {
                "Precision": 0.0,
                "Accuracy": 0.965517241379312,
                "Recall": 0.0,
                "norm2": 0.00033078075567972466,
                "norminf": 0.00026209540330388026
            },
            "Q": {
                "Precision": 0.0,
                "Accuracy": 0.965517241379312,
                "Recall": 0.0,
                "norm2": 8.230023410764425e-05,
                "norminf": 4.3924836945063996e-05
            },
            "U": {
                "Precision": 0.0,
                "Accuracy": 0.965517241379312,
                "Recall": 0.0,
                "norm2": 1.690980439698172e-05,
                "norminf": 1.2609903886859897e-05
            },
            "I": {
                "Precision": 0.0,
                "Accuracy": 0.965517241379312,
                "Recall": 0.0,
                "norm2": 0.010523165963990616,
                "norminf": 0.002824867098075835
            }
        },
        "10": {
            "P": {
                "Precision": 0.0,
                "Accuracy": 0.965517241379312,
                "Recall": 0.0,
                "norm2": 0.0008685836942723123,
                "norminf": 0.0007504401060351651
            },
            "Q": {
                "Precision": 0.0,
                "Accuracy": 0.965517241379312,
                "Recall": 0.0,
                "norm2": 0.0003037908312762178,
                "norminf": 0.00016442432669244389
            },
            "U": {
                "Precision": 0.0,
                "Accuracy": 0.965517241379312,
                "Recall": 0.0,
                "norm2": 4.9344933574549596e-05,
                "norminf": 4.037581126884682e-05
            },
            "I": {
                "Precision": 0.0,
                "Accuracy": 0.965517241379312,
                "Recall": 0.0,
                "norm2": 0.011862356574458612,
                "norminf": 0.0034975866309293556
            }
        },
        "13": {
            "P": {
                "Precision": 0.0,
                "Accuracy": 0.965517241379312,
                "Recall": 0.0,
                "norm2": 0.0010515298024157957,
                "norminf": 0.0010108744462322071
            },
            "Q": {
                "Precision": 0.0,
                "Accuracy": 0.965517241379312,
                "Recall": 0.0,
                "norm2": 0.00041627089773094665,
                "norminf": 0.0002657929160852712
            },
            "U": {
                "Precision": 0.0,
                "Accuracy": 0.965517241379312,
                "Recall": 0.0,
                "norm2": 5.745537732464985e-05,
                "norminf": 5.39134775183514e-05
            },
            "I": {
                "Precision": 0.0,
                "Accuracy": 0.965517241379312,
                "Recall": 0.0,
                "norm2": 0.0114857179265319,
                "norminf": 0.004046915646843515
            }
        }
    },
    "090pos": {
        "08": {
            "P": {
                "Precision": 0.0,
                "Accuracy": 0.965517241379312,
                "Recall": 0.0,
                "norm2": 0.00014245328438732533,
                "norminf": 4.286943942467092e-05
            },
            "Q": {
                "Precision": 0.0,
                "Accuracy": 0.965517241379312,
                "Recall": 0.0,
                "norm2": 0.00010399783779360112,
                "norminf": 9.110453013582376e-05
            },
            "U": {
                "Precision": 0.0,
                "Accuracy": 0.965517241379312,
                "Recall": 0.0,
                "norm2": 1.4660154520861908e-05,
                "norminf": 5.637426102271803e-06
            },
            "I": {
                "Precision": 0.0,
                "Accuracy": 0.965517241379312,
                "Recall": 0.0,
                "norm2": 0.011479824460535283,
                "norminf": 0.003010616054968349
            }
        },
        "10": {
            "P": {
                "Precision": 0.0,
                "Accuracy": 0.965517241379312,
                "Recall": 0.0,
                "norm2": 0.0008023746549789441,
                "norminf": 0.00023741468628707852
            },
            "Q": {
                "Precision": 0.0,
                "Accuracy": 0.965517241379312,
                "Recall": 0.0,
                "norm2": 0.00024392424307158013,
                "norminf": 0.00023646738752038487
            },
            "U": {
                "Precision": 0.0,
                "Accuracy": 0.965517241379312,
                "Recall": 0.0,
                "norm2": 6.577527788087026e-05,
                "norminf": 2.1540607437608995e-05
            },
            "I": {
                "Precision": 0.0,
                "Accuracy": 0.965517241379312,
                "Recall": 0.0,
                "norm2": 0.01094626747360679,
                "norminf": 0.003170093056639944
            }
        },
        "13": {
            "P": {
                "Precision": 0.33,
                "Accuracy": 0.9768965517241393,
                "Recall": 0.33,
                "norm2": 0.0010294776552846714,
                "norminf": 0.0003838889121207467
            },
            "Q": {
                "Precision": 0.0,
                "Accuracy": 0.965517241379312,
                "Recall": 0.0,
                "norm2": 0.0003878184289208559,
                "norminf": 0.00038489801204464767
            },
            "U": {
                "Precision": 0.0,
                "Accuracy": 0.965517241379312,
                "Recall": 0.0,
                "norm2": 7.923964316446746e-05,
                "norminf": 3.700412218917925e-05
            },
            "I": {
                "Precision": 0.87,
                "Accuracy": 0.9955172413793104,
                "Recall": 0.87,
                "norm2": 0.0031644361645046808,
                "norminf": 0.0010301135592500033
            }
        }
    }
}