{
    "090neg": {
        "08": {
            "P": {
                "Precision": 0.35,
                "Accuracy": 0.9775862068965531,
                "Recall": 0.35,
                "norm2": 0.0012005058323437804,
                "norminf": 0.0008832385359950867
            },
            "Q": {
                "Precision": 0.0,
                "Accuracy": 0.965517241379312,
                "Recall": 0.0,
                "norm2": 0.000397355210947625,
                "norminf": 0.00020621476818478258
            },
            "U": {
                "Precision": 0.0,
                "Accuracy": 0.965517241379312,
                "Recall": 0.0,
                "norm2": 7.914839537858805e-05,
                "norminf": 5.9114556234673986e-05
            },
            "I": {
                "Precision": 0.0,
                "Accuracy": 0.965517241379312,
                "Recall": 0.0,
                "norm2": 0.05865764609129074,
                "norminf": 0.01577716172026351
            }
        },
        "10": {
            "P": {
                "Precision": 0.98,
                "Accuracy": 0.9993103448275862,
                "Recall": 0.98,
                "norm2": 0.0013362582296013736,
                "norminf": 0.0011484327602734878
            },
            "Q": {
                "Precision": 0.0,
                "Accuracy": 0.965517241379312,
                "Recall": 0.0,
                "norm2": 0.0014096212608509808,
                "norminf": 0.000745453260926523
            },
            "U": {
                "Precision": 0.0,
                "Accuracy": 0.965517241379312,
                "Recall": 0.0,
                "norm2": 0.00022575327288974659,
                "norminf": 0.00018489498716022122
            },
            "I": {
                "Precision": 0.0,
                "Accuracy": 0.965517241379312,
                "Recall": 0.0,
                "norm2": 0.05576707935907641,
                "norminf": 0.016533730124439913
            }
        },
        "13": {
            "P": {
                "Precision": 1.0,
                "Accuracy": 1.0,
                "Recall": 1.0,
                "norm2": 0.0017135163582455305,
                "norminf": 0.0016443691303593333
            },
            "Q": {
                "Precision": 0.0,
                "Accuracy": 0.965517241379312,
                "Recall": 0.0,
                "norm2": 0.0020210907870233203,
                "norminf": 0.0012721486144146043
            },
            "U": {
                "Precision": 0.0,
                "Accuracy": 0.965517241379312,
                "Recall": 0.0,
                "norm2": 0.0003112797048986444,
                "norminf": 0.00029223906619012973
            },
            "I": {
                "Precision": 0.97,
                "Accuracy": 0.9989655172413794,
                "Recall": 0.97,
                "norm2": 0.004541946279618877,
                "norminf": 0.001601047386433
            }
        }
    },
    "090pos": {
        "08": {
            "P": {
                "Precision": 0.0,
                "Accuracy": 0.965517241379312,
                "Recall": 0.0,
                "norm2": 0.0006909021249457102,
                "norminf": 0.0002072816714258674
            },
            "Q": {
                "Precision": 0.0,
                "Accuracy": 0.965517241379312,
                "Recall": 0.0,
                "norm2": 0.0004912854373197274,
                "norminf": 0.00041952890414022505
            },
            "U": {
                "Precision": 0.0,
                "Accuracy": 0.965517241379312,
                "Recall": 0.0,
                "norm2": 7.080761585856814e-05,
                "norminf": 2.7138168714064824e-05
            },
            "I": {
                "Precision": 0.0,
                "Accuracy": 0.965517241379312,
                "Recall": 0.0,
                "norm2": 0.060270104756720365,
                "norminf": 0.015793522869692194
            }
        },
        "10": {
            "P": {
                "Precision": 1.0,
                "Accuracy": 1.0,
                "Recall": 1.0,
                "norm2": 0.0013290989211587254,
                "norminf": 0.00039325357300233453
            },
            "Q": {
                "Precision": 0.0,
                "Accuracy": 0.965517241379312,
                "Recall": 0.0,
                "norm2": 0.0011315980992745098,
                "norminf": 0.001090062838662964
            },
            "U": {
                "Precision": 0.0,
                "Accuracy": 0.965517241379312,
                "Recall": 0.0,
                "norm2": 0.0003062529024134966,
                "norminf": 0.00010041190256285582
            },
            "I": {
                "Precision": 1.0,
                "Accuracy": 1.0,
                "Recall": 1.0,
                "norm2": 0.00332079272999726,
                "norminf": 0.0009639047774905674
            }
        },
        "13": {
            "P": {
                "Precision": 1.0,
                "Accuracy": 1.0,
                "Recall": 1.0,
                "norm2": 0.0015315415104076655,
                "norminf": 0.0005661801436349711
            },
            "Q": {
                "Precision": 0.0,
                "Accuracy": 0.965517241379312,
                "Recall": 0.0,
                "norm2": 0.001757369513306594,
                "norminf": 0.0017416975233987752
            },
            "U": {
                "Precision": 0.0,
                "Accuracy": 0.965517241379312,
                "Recall": 0.0,
                "norm2": 0.0003751133006809286,
                "norminf": 0.00017518502228654586
            },
            "I": {
                "Precision": 1.0,
                "Accuracy": 1.0,
                "Recall": 1.0,
                "norm2": 0.003391006874515345,
                "norminf": 0.0011038373412956726
            }
        }
    }
}