{
  "irrad_LV0101": 572.1995902627157,
  "irrad_LV0102": 630.6937017414579,
  "irrad_LV0103": 688.366192437652,
  "irrad_LV0201": 681.041012304263,
  "irrad_LV0202": 812.6742320547393,
  "irrad_LV0203": 615.9951647833225
}