{
  "P_LV0101": -0.004325661973851971,
  "Q_LV0101": -5.466084654021334e-16,
  "U_LV0101": 0.9999238118132456,
  "I_LV0101_MV0101": 0.004325991563305094,
  "P_LV0102": 0.00650459916555138,
  "Q_LV0102": -1.6697398011613978e-16,
  "U_LV0102": 1.0002264198646231,
  "I_LV0102_MV0102": 0.0065031267284778906,
  "P_LV0103": -0.004164957056145746,
  "Q_LV0103": -3.967891166943514e-16,
  "U_LV0103": 0.9999275449731255,
  "I_LV0103_MV0103": 0.0041652588500876685,
  "P_LV0201": 0.011717383677775514,
  "Q_LV0201": -3.7065052129899765e-16,
  "U_LV0201": 1.0003943030573659,
  "I_LV0201_MV0201": 0.011712765298608064,
  "P_LV0202": 0.004887389470348897,
  "Q_LV0202": 4.976930546625166e-16,
  "U_LV0202": 1.000214427813685,
  "I_LV0202_MV0202": 0.004886341702780651,
  "P_LV0203": 0.006962220821325654,
  "Q_LV0203": 5.239774514032228e-16,
  "U_LV0203": 1.0002767834068218,
  "I_LV0203_MV0203": 0.006960294327349248,
  "P_POIMV_MV0101": 0.0019882147580574383,
  "Q_POIMV_MV0101": -0.0012625065005522629,
  "U_POIMV": 1.0000445538203036,
  "I_POIMV_MV0101": 0.0023550852103731926,
  "P_POIMV_MV0201": -0.023560459200894,
  "Q_POIMV_MV0201": -0.0015268932767185106,
  "I_POIMV_MV0201": 0.023608832524757612,
  "P_POI_POIMV": -0.021562244442344575,
  "Q_POI_POIMV": -0.0033491557824163465,
  "U_POI": 1.0000009056497239,
  "I_POI_POIMV": 0.021820778340890353
}