{
  "P_LV0101": 0.000033,
  "Q_LV0101": 0.000110,
  "U_LV0101": 0.002500,
  "I_LV0101_MV0101": 0.000031,
  "P_LV0102": 0.000045,
  "Q_LV0102": 0.000150,
  "U_LV0102": 0.002501,
  "I_LV0102_MV0102": 0.000042,
  "P_LV0103": 0.000031,
  "Q_LV0103": 0.000107,
  "U_LV0103": 0.002500,
  "I_LV0103_MV0103": 0.000030,
  "P_LV0201": 0.000063,
  "Q_LV0201": 0.000207,
  "U_LV0201": 0.002501,
  "I_LV0201_MV0201": 0.000056,
  "P_LV0202": 0.000036,
  "Q_LV0202": 0.000121,
  "U_LV0202": 0.002501,
  "I_LV0202_MV0202": 0.000034,
  "P_LV0203": 0.000047,
  "Q_LV0203": 0.000157,
  "U_LV0203": 0.002501,
  "I_LV0203_MV0203": 0.000044,
  "P_POIMV_MV0101": 0.000037,
  "Q_POIMV_MV0101": 0.000054,
  "U_POIMV": 0.002500,
  "I_POIMV_MV0101": 0.000018,
  "P_POIMV_MV0201": 0.000156,
  "Q_POIMV_MV0201": 0.000511,
  "I_POIMV_MV0201": 0.000141,
  "P_POI_POIMV": 0.000188,
  "Q_POI_POIMV": 0.000564,
  "U_POI": 0.002500,
  "I_POI_POIMV": 0.000159
}
