{
  "P_LV0101": 0.000096,
  "Q_LV0101": 0.000060,
  "U_LV0101": 0.002498,
  "I_LV0101_MV0101": 0.000030,
  "P_LV0102": 0.000093,
  "Q_LV0102": 0.000145,
  "U_LV0102": 0.002498,
  "I_LV0102_MV0102": 0.000046,
  "P_LV0103": 0.000162,
  "Q_LV0103": 0.000478,
  "U_LV0103": 0.002495,
  "I_LV0103_MV0103": 0.000121,
  "P_LV0201": 0.000090,
  "Q_LV0201": 0.000187,
  "U_LV0201": 0.002497,
  "I_LV0201_MV0201": 0.000054,
  "P_LV0202": 0.000123,
  "Q_LV0202": 0.000352,
  "U_LV0202": 0.002496,
  "I_LV0202_MV0202": 0.000092,
  "P_LV0203": 0.000092,
  "Q_LV0203": 0.000163,
  "U_LV0203": 0.002497,
  "I_LV0203_MV0203": 0.000049,
  "P_POIMV_MV0101": 0.000256,
  "Q_POIMV_MV0101": 0.000574,
  "U_POIMV": 0.002499,
  "I_POIMV_MV0101": 0.000164,
  "P_POIMV_MV0201": 0.000242,
  "Q_POIMV_MV0201": 0.000632,
  "I_POIMV_MV0201": 0.000169,
  "P_POI_POIMV": 0.000495,
  "Q_POI_POIMV": 0.001235,
  "U_POI": 0.002500,
  "I_POI_POIMV": 0.000341
}
