{
  "irrad_LV0101": 441.624415894956,
  "irrad_LV0102": 489.1084709332449,
  "irrad_LV0103": 228.90738527559887,
  "irrad_LV0201": 454.7966223312104,
  "irrad_LV0202": 451.3857216739167,
  "irrad_LV0203": 313.4324980359225
}