{
  "irrad_LV0101": 17.238004814638046,
  "irrad_LV0102": 52.95775536010766,
  "irrad_LV0103": -71.26675260209619,
  "irrad_LV0201": -24.471474359271784,
  "irrad_LV0202": -131.14416862314803,
  "irrad_LV0203": 99.9741085201354
}