{
  "P_LV0101": 0.000112,
  "Q_LV0101": 0.000351,
  "U_LV0101": 0.002502,
  "I_LV0101_MV0101": 0.000091,
  "P_LV0102": 0.000007,
  "Q_LV0102": 0.000022,
  "U_LV0102": 0.002500,
  "I_LV0102_MV0102": 0.000006,
  "P_LV0103": 0.000052,
  "Q_LV0103": 0.000174,
  "U_LV0103": 0.002500,
  "I_LV0103_MV0103": 0.000048,
  "P_LV0201": 0.000042,
  "Q_LV0201": 0.000141,
  "U_LV0201": 0.002500,
  "I_LV0201_MV0201": 0.000039,
  "P_LV0202": 0.000043,
  "Q_LV0202": 0.000145,
  "U_LV0202": 0.002500,
  "I_LV0202_MV0202": 0.000040,
  "P_LV0203": 0.000052,
  "Q_LV0203": 0.000175,
  "U_LV0203": 0.002501,
  "I_LV0203_MV0203": 0.000048,
  "P_POIMV_MV0101": 0.000126,
  "Q_POIMV_MV0101": 0.000414,
  "U_POIMV": 0.002500,
  "I_POIMV_MV0101": 0.000115,
  "P_POIMV_MV0201": 0.000052,
  "Q_POIMV_MV0201": 0.000107,
  "I_POIMV_MV0201": 0.000032,
  "P_POI_POIMV": 0.000137,
  "Q_POI_POIMV": 0.000359,
  "U_POI": 0.002500,
  "I_POI_POIMV": 0.000103
}
