{
  "irrad_LV0101": -29.687730069762658,
  "irrad_LV0102": -48.18627659191896,
  "irrad_LV0103": -102.45137611596876,
  "irrad_LV0201": 1.3684578726732466,
  "irrad_LV0202": 58.35567579682848,
  "irrad_LV0203": 26.465357922430904
}