{
  "P_LV0101": 0.000055,
  "Q_LV0101": 0.000183,
  "U_LV0101": 0.002499,
  "I_LV0101_MV0101": 0.000050,
  "P_LV0102": 0.000067,
  "Q_LV0102": 0.000215,
  "U_LV0102": 0.002499,
  "I_LV0102_MV0102": 0.000057,
  "P_LV0103": 0.000128,
  "Q_LV0103": 0.000398,
  "U_LV0103": 0.002498,
  "I_LV0103_MV0103": 0.000102,
  "P_LV0201": 0.000003,
  "Q_LV0201": 0.000011,
  "U_LV0201": 0.002500,
  "I_LV0201_MV0201": 0.000003,
  "P_LV0202": 0.000078,
  "Q_LV0202": 0.000247,
  "U_LV0202": 0.002501,
  "I_LV0202_MV0202": 0.000064,
  "P_LV0203": 0.000051,
  "Q_LV0203": 0.000171,
  "U_LV0203": 0.002501,
  "I_LV0203_MV0203": 0.000047,
  "P_POIMV_MV0101": 0.000241,
  "Q_POIMV_MV0101": 0.000761,
  "U_POIMV": 0.002500,
  "I_POIMV_MV0101": 0.000198,
  "P_POIMV_MV0201": 0.000165,
  "Q_POIMV_MV0201": 0.000539,
  "I_POIMV_MV0201": 0.000149,
  "P_POI_POIMV": 0.000223,
  "Q_POI_POIMV": 0.000707,
  "U_POI": 0.002500,
  "I_POI_POIMV": 0.000198
}
