{
  "P_LV0101": 0.000051,
  "Q_LV0101": 0.000172,
  "U_LV0101": 0.002500,
  "I_LV0101_MV0101": 0.000047,
  "P_LV0102": 0.000068,
  "Q_LV0102": 0.000216,
  "U_LV0102": 0.002499,
  "I_LV0102_MV0102": 0.000057,
  "P_LV0103": 0.000061,
  "Q_LV0103": 0.000200,
  "U_LV0103": 0.002499,
  "I_LV0103_MV0103": 0.000054,
  "P_LV0201": 0.000063,
  "Q_LV0201": 0.000208,
  "U_LV0201": 0.002499,
  "I_LV0201_MV0201": 0.000056,
  "P_LV0202": 0.000027,
  "Q_LV0202": 0.000093,
  "U_LV0202": 0.002500,
  "I_LV0202_MV0202": 0.000026,
  "P_LV0203": 0.000047,
  "Q_LV0203": 0.000158,
  "U_LV0203": 0.002501,
  "I_LV0203_MV0203": 0.000044,
  "P_POIMV_MV0101": 0.000187,
  "Q_POIMV_MV0101": 0.000612,
  "U_POIMV": 0.002500,
  "I_POIMV_MV0101": 0.000166,
  "P_POIMV_MV0201": 0.000042,
  "Q_POIMV_MV0201": 0.000037,
  "I_POIMV_MV0201": 0.000015,
  "P_POI_POIMV": 0.000259,
  "Q_POI_POIMV": 0.000833,
  "U_POI": 0.002500,
  "I_POI_POIMV": 0.000232
}
