{
  "P_LV0101": 0.000038,
  "Q_LV0101": 0.000128,
  "U_LV0101": 0.002500,
  "I_LV0101_MV0101": 0.000036,
  "P_LV0102": 0.000107,
  "Q_LV0102": 0.000335,
  "U_LV0102": 0.002498,
  "I_LV0102_MV0102": 0.000087,
  "P_LV0103": 0.000027,
  "Q_LV0103": 0.000092,
  "U_LV0103": 0.002500,
  "I_LV0103_MV0103": 0.000026,
  "P_LV0201": 0.000060,
  "Q_LV0201": 0.000199,
  "U_LV0201": 0.002499,
  "I_LV0201_MV0201": 0.000054,
  "P_LV0202": 0.000065,
  "Q_LV0202": 0.000212,
  "U_LV0202": 0.002501,
  "I_LV0202_MV0202": 0.000057,
  "P_LV0203": 0.000045,
  "Q_LV0203": 0.000151,
  "U_LV0203": 0.002501,
  "I_LV0203_MV0203": 0.000042,
  "P_POIMV_MV0101": 0.000120,
  "Q_POIMV_MV0101": 0.000393,
  "U_POIMV": 0.002500,
  "I_POIMV_MV0101": 0.000109,
  "P_POIMV_MV0201": 0.000081,
  "Q_POIMV_MV0201": 0.000237,
  "I_POIMV_MV0201": 0.000067,
  "P_POI_POIMV": 0.000105,
  "Q_POI_POIMV": 0.000200,
  "U_POI": 0.002500,
  "I_POI_POIMV": 0.000060
}
