{
  "irrad_LV0101": 1183.7964523424748,
  "irrad_LV0102": 1110.0872358636548,
  "irrad_LV0103": 1133.1513560385772,
  "irrad_LV0201": 1210.1482046235335,
  "irrad_LV0202": 1199.5105317058587,
  "irrad_LV0203": 1156.5590703755538
}