{
  "irrad_LV0101": 1199.4573835151398,
  "irrad_LV0102": 1259.89090972186,
  "irrad_LV0103": 1209.3997544671283,
  "irrad_LV0201": 1220.152103807963,
  "irrad_LV0202": 1108.336008114598,
  "irrad_LV0203": 1221.324095681367
}