{
  "P_LV0101": 0.3486821131975231,
  "Q_LV0101": -0.16936154051587377,
  "U_LV0101": 0.9685614255486753,
  "I_LV0101_MV0101": 0.40021946314925766,
  "P_LV0102": 0.34364506537236295,
  "Q_LV0102": -0.16936154051587246,
  "U_LV0102": 0.9687565059584226,
  "I_LV0102_MV0102": 0.3954684124858556,
  "P_LV0103": 0.3407979318652511,
  "Q_LV0103": -0.16936154051587313,
  "U_LV0103": 0.9688459477876064,
  "I_LV0103_MV0103": 0.39279810424737066,
  "P_LV0201": 0.3322902352874983,
  "Q_LV0201": -0.16936154051587263,
  "U_LV0201": 0.9686660246607469,
  "I_LV0201_MV0201": 0.3850256861257598,
  "P_LV0202": 0.34895880352724834,
  "Q_LV0202": -0.1693615405158729,
  "U_LV0202": 0.969330009797912,
  "I_LV0202_MV0202": 0.40015890710236424,
  "P_LV0203": 0.34901507127801557,
  "Q_LV0203": -0.1693615405158726,
  "U_LV0203": 0.9694863091055989,
  "I_LV0203_MV0203": 0.40014660892297377,
  "P_POIMV_MV0101": -1.0190135645511873,
  "Q_POIMV_MV0101": 0.5729463550583205,
  "U_POIMV": 0.9841534658288423,
  "I_POIMV_MV0101": 1.1878642364562209,
  "P_POIMV_MV0201": -1.0152256008530003,
  "Q_POIMV_MV0201": 0.5730135322326078,
  "I_POIMV_MV0201": 1.1845442822450298,
  "P_POI_POIMV": -2.034229165404254,
  "Q_POI_POIMV": 1.2186797396152542,
  "U_POI": 0.999670188562354,
  "I_POI_POIMV": 2.372125561087801
}