{
  "P_LV0101": 0.34870371821125534,
  "Q_LV0101": -0.1690275794568781,
  "U_LV0101": 0.9686214394757094,
  "I_LV0101_MV0101": 0.23097718555955718,
  "P_LV0102": 0.3488163258829625,
  "Q_LV0102": -0.169027579456878,
  "U_LV0102": 0.9689342385637848,
  "I_LV0102_MV0102": 0.23096300050356708,
  "P_LV0103": 0.3488726416888399,
  "Q_LV0103": -0.16902757945687827,
  "U_LV0103": 0.9690906713578885,
  "I_LV0103_MV0103": 0.23095591129305848,
  "P_LV0201": 0.34886653318997835,
  "Q_LV0201": -0.16902757945687819,
  "U_LV0201": 0.9690737033054957,
  "I_LV0201_MV0201": 0.230956680094605,
  "P_LV0202": 0.332436515842568,
  "Q_LV0202": -0.1690275794568773,
  "U_LV0202": 0.9690246315738006,
  "I_LV0202_MV0202": 0.22219982055139817,
  "P_LV0203": 0.3490315579247424,
  "Q_LV0203": -0.16902757945687746,
  "U_LV0203": 0.9695321053465068,
  "I_LV0203_MV0203": 0.23093592374741437,
  "P_POIMV_MV0101": -1.0319976036967091,
  "Q_POIMV_MV0101": 0.5732464057853122,
  "U_POIMV": 0.9841589950029531,
  "I_POIMV_MV0101": 0.6925448865957323,
  "P_POIMV_MV0201": -1.0153242281811572,
  "Q_POIMV_MV0201": 0.571950117535323,
  "I_POIMV_MV0201": 0.6836371050967471,
  "P_POI_POIMV": -2.04731183187724,
  "Q_POI_POIMV": 1.2186098867050532,
  "U_POI": 0.9996702055099335,
  "I_POI_POIMV": 1.376013783846598
}