{
  "P_LV0101": 0.34942418544363557,
  "Q_LV0101": -0.16070592047008775,
  "U_LV0101": 0.9706227373434322,
  "I_LV0101_MV0101": 0.39624915836911195,
  "P_LV0102": 0.33732551756243034,
  "Q_LV0102": -0.16070592047008722,
  "U_LV0102": 0.9706782619544974,
  "I_LV0102_MV0102": 0.38493781545581496,
  "P_LV0103": 0.3495951130358325,
  "Q_LV0103": -0.160705920470088,
  "U_LV0103": 0.9710975362106462,
  "I_LV0103_MV0103": 0.3962153399228012,
  "P_LV0201": 0.3495928948879257,
  "Q_LV0201": -0.1607059204700875,
  "U_LV0201": 0.9710913746886826,
  "I_LV0201_MV0201": 0.39621577848965434,
  "P_LV0202": 0.3497045385651883,
  "Q_LV0202": -0.16070592047008753,
  "U_LV0202": 0.9714014960144121,
  "I_LV0202_MV0202": 0.39619371432855977,
  "P_LV0203": 0.33181620013790386,
  "Q_LV0203": -0.16070592047008836,
  "U_LV0203": 0.9711701784045468,
  "I_LV0203_MV0203": 0.37962931216192636,
  "P_POIMV_MV0101": -1.022489513019309,
  "Q_POIMV_MV0101": 0.5457612816958317,
  "U_POIMV": 0.9849015449040943,
  "I_POIMV_MV0101": 1.176793291374892,
  "P_POIMV_MV0201": -1.016435170497516,
  "Q_POIMV_MV0201": 0.545549970854097,
  "I_POIMV_MV0201": 1.1712723830130805,
  "P_POI_POIMV": -2.038914683516158,
  "Q_POI_POIMV": 1.1625348089869476,
  "U_POI": 0.9996853801815898,
  "I_POI_POIMV": 2.3477921911174575
}