{
  "P_LV0101": 0.009195523735490896,
  "Q_LV0101": -2.2071915297237631e-16,
  "U_LV0101": 1.0002886999621017,
  "I_LV0101_MV0101": 0.009192869754341212,
  "P_LV0102": -0.0012575180072510925,
  "Q_LV0102": 2.944727413494697e-16,
  "U_LV0102": 0.9999773840101147,
  "I_LV0102_MV0102": 0.0012575464479088387,
  "P_LV0103": -0.030510722100654048,
  "Q_LV0103": -9.809092736126412e-17,
  "U_LV0103": 0.9991338655264328,
  "I_LV0103_MV0103": 0.030537171397526677,
  "P_LV0201": 0.019602226962290692,
  "Q_LV0201": 2.890400493816858e-16,
  "U_LV0201": 1.000632160879449,
  "I_LV0201_MV0201": 0.019589843029892647,
  "P_LV0202": 0.012872732304329532,
  "Q_LV0202": -1.01146951315978e-15,
  "U_LV0202": 1.0004668338297926,
  "I_LV0202_MV0202": 0.012866725681502744,
  "P_LV0203": 0.014316227813176667,
  "Q_LV0203": 3.8672420208573915e-16,
  "U_LV0203": 1.0005166100272058,
  "I_LV0203_MV0203": 0.014308835725163407,
  "P_POIMV_MV0101": 0.0226025447898337,
  "Q_POIMV_MV0101": -0.001130813232748551,
  "U_POIMV": 1.000041769024552,
  "I_POIMV_MV0101": 0.02262986937429133,
  "P_POIMV_MV0201": -0.04676729376978983,
  "Q_POIMV_MV0201": -0.001449838254018232,
  "I_POIMV_MV0201": 0.046787807392955454,
  "P_POI_POIMV": -0.024154748979497397,
  "Q_POI_POIMV": -0.0031388788574986393,
  "U_POI": 1.0000008487831047,
  "I_POI_POIMV": 0.0243578211581468
}