{
  "P_LV0101": 0.001161,
  "Q_LV0101": 0.002191,
  "U_LV0101": 0.002559,
  "I_LV0101_MV0101": 0.000547,
  "P_LV0102": 0.001070,
  "Q_LV0102": 0.001742,
  "U_LV0102": 0.002557,
  "I_LV0102_MV0102": 0.000451,
  "P_LV0103": 0.001048,
  "Q_LV0103": 0.001615,
  "U_LV0103": 0.002557,
  "I_LV0103_MV0103": 0.000425,
  "P_LV0201": 0.001089,
  "Q_LV0201": 0.001839,
  "U_LV0201": 0.002558,
  "I_LV0201_MV0201": 0.000472,
  "P_LV0202": 0.001069,
  "Q_LV0202": 0.001733,
  "U_LV0202": 0.002558,
  "I_LV0202_MV0202": 0.000449,
  "P_LV0203": 0.001098,
  "Q_LV0203": 0.001885,
  "U_LV0203": 0.002559,
  "I_LV0203_MV0203": 0.000481,
  "P_POIMV_MV0101": 0.003145,
  "Q_POIMV_MV0101": 0.005504,
  "U_POIMV": 0.002516,
  "I_POIMV_MV0101": 0.001423,
  "P_POIMV_MV0201": 0.003133,
  "Q_POIMV_MV0201": 0.005414,
  "I_POIMV_MV0201": 0.001404,
  "P_POI_POIMV": 0.006141,
  "Q_POI_POIMV": 0.010909,
  "U_POI": 0.002500,
  "I_POI_POIMV": 0.002827
}
