{
  "irrad_LV0101": 1175.3088068567426,
  "irrad_LV0102": 1081.5975734527374,
  "irrad_LV0103": 1044.9725495214961,
  "irrad_LV0201": 1106.7254638713441,
  "irrad_LV0202": 1215.4513454563698,
  "irrad_LV0203": 1194.843947691032
}