{
  "P_LV0101": 0.03525244708553605,
  "Q_LV0101": 7.915329239806276e-18,
  "U_LV0101": 1.008858972743476,
  "I_LV0101_MV0101": 0.02017428636143227,
  "P_LV0102": 0.03244165363480879,
  "Q_LV0102": -4.032813928146757e-17,
  "U_LV0102": 1.0086947082953712,
  "I_LV0102_MV0102": 0.01856874761508988,
  "P_LV0103": 0.031343115352265354,
  "Q_LV0103": -1.20468346737547e-16,
  "U_LV0103": 1.0086692196306257,
  "I_LV0103_MV0103": 0.017940426587517586,
  "P_LV0201": 0.03319534459856673,
  "Q_LV0201": 5.180367185194602e-18,
  "U_LV0201": 1.0091482408340962,
  "I_LV0201_MV0201": 0.01899160139642524,
  "P_LV0202": 0.03637030841103103,
  "Q_LV0202": -1.536031958892364e-17,
  "U_LV0202": 1.0102863447508623,
  "I_LV0202_MV0202": 0.020784609690826523,
  "P_LV0203": 0.03583838800127805,
  "Q_LV0203": -9.362398095339541e-18,
  "U_LV0203": 1.010414583150876,
  "I_LV0203_MV0203": 0.020478032784657953,
  "P_POIMV_MV0101": -0.09807429976348203,
  "Q_POIMV_MV0101": 0.004392255142334989,
  "U_POIMV": 0.999999058321629,
  "I_POIMV_MV0101": 0.056680032730193106,
  "P_POIMV_MV0201": -0.10423575970867205,
  "Q_POIMV_MV0201": 0.00500122261649949,
  "I_POIMV_MV0201": 0.06024983081494091,
  "P_POI_POI_MV": -0.20230905947214378,
  "Q_POI_POI_MV": 0.009336897870525718,
  "U_POI": 0.9999990609152128,
  "I_POI_POI_MV": 0.11692762753331651
}