{
  "P_LV0101": 0.000155,
  "Q_LV0101": 0.000489,
  "U_LV0101": 0.002522,
  "I_LV0101_MV0101": 0.000073,
  "P_LV0102": 0.000144,
  "Q_LV0102": 0.000454,
  "U_LV0102": 0.002522,
  "I_LV0102_MV0102": 0.000068,
  "P_LV0103": 0.000139,
  "Q_LV0103": 0.000441,
  "U_LV0103": 0.002522,
  "I_LV0103_MV0103": 0.000066,
  "P_LV0201": 0.000147,
  "Q_LV0201": 0.000464,
  "U_LV0201": 0.002523,
  "I_LV0201_MV0201": 0.000069,
  "P_LV0202": 0.000159,
  "Q_LV0202": 0.000502,
  "U_LV0202": 0.002526,
  "I_LV0202_MV0202": 0.000075,
  "P_LV0203": 0.000157,
  "Q_LV0203": 0.000496,
  "U_LV0203": 0.002526,
  "I_LV0203_MV0203": 0.000074,
  "P_POIMV_MV0101": 0.000438,
  "Q_POIMV_MV0101": 0.001371,
  "U_POIMV": 0.002500,
  "I_POIMV_MV0101": 0.000206,
  "P_POIMV_MV0201": 0.000463,
  "Q_POIMV_MV0201": 0.001447,
  "I_POIMV_MV0201": 0.000217,
  "P_POI_POI_MV": 0.000900,
  "Q_POI_POI_MV": 0.002818,
  "U_POI": 0.002500,
  "I_POI_POI_MV": 0.000424
}
