{
  "irrad_LV0101": 645.4909877586811,
  "irrad_LV0102": 594.0190561483793,
  "irrad_LV0103": 578.0168450531847,
  "irrad_LV0201": 632.8082929187001,
  "irrad_LV0202": 547.227500670559,
  "irrad_LV0203": 617.3034909379353
}