{
  "P_LV0101": 0.19360985604293962,
  "Q_LV0101": 0.08967477650320702,
  "U_LV0101": 1.0239942052730122,
  "I_LV0101_MV0101": 0.20836937006571907,
  "P_LV0102": 0.17817126207600376,
  "Q_LV0102": 0.08967477650320674,
  "U_LV0102": 1.023945151390289,
  "I_LV0102_MV0102": 0.19480115361241818,
  "P_LV0103": 0.1733715269204952,
  "Q_LV0103": 0.08967477650320663,
  "U_LV0103": 1.0239872182126795,
  "I_LV0103_MV0103": 0.19061790335905532,
  "P_LV0201": 0.1898057832227576,
  "Q_LV0201": 0.08967477650320697,
  "U_LV0201": 1.0243847604727105,
  "I_LV0201_MV0201": 0.20492624406695856,
  "P_LV0202": 0.16413650947389194,
  "Q_LV0202": 0.0896747765032076,
  "U_LV0202": 1.0240878058657104,
  "I_LV0202_MV0202": 0.182636406298655,
  "P_LV0203": 0.1851552419504565,
  "Q_LV0203": 0.08967477650320574,
  "U_LV0203": 1.024753806507755,
  "I_LV0203_MV0203": 0.20075850931719463,
  "P_POIMV_MV0101": -0.5416309869549423,
  "Q_POIMV_MV0101": -0.2537977575120749,
  "U_POIMV": 1.0066141047508694,
  "I_POIMV_MV0101": 0.5942147900356609,
  "P_POIMV_MV0201": -0.5353916468285433,
  "Q_POIMV_MV0201": -0.25420706018985584,
  "I_POIMV_MV0201": 0.5887822421014796,
  "P_POI_POIMV": -1.0770126337821817,
  "Q_POI_POIMV": -0.490348716358767,
  "U_POI": 1.0001325384935495,
  "I_POI_POIMV": 1.1832273397133708
}