{
  "irrad_LV0101": -45.277747063922526,
  "irrad_LV0102": -100.19360552773402,
  "irrad_LV0103": 72.85602512755221,
  "irrad_LV0201": 33.83365813356672,
  "irrad_LV0202": -16.171218265149243,
  "irrad_LV0203": 43.18412371875838
}