{
  "P_LV0101": -0.013580697883069363,
  "Q_LV0101": 0.006273294578462258,
  "U_LV0101": 1.0010297929803886,
  "I_LV0101_MV0101": 0.01494420881060678,
  "P_LV0102": -0.03005227014865752,
  "Q_LV0102": 0.0062732945784614285,
  "U_LV0102": 1.0005658986203447,
  "I_LV0102_MV0102": 0.030682688271797265,
  "P_LV0103": 0.021852581684811398,
  "Q_LV0103": 0.0062732945784619645,
  "U_LV0103": 1.0020283677228954,
  "I_LV0103_MV0103": 0.022689183098192945,
  "P_LV0201": 0.01014813499316403,
  "Q_LV0201": 0.006273294578462147,
  "U_LV0201": 1.001725166912472,
  "I_LV0201_MV0201": 0.01191003862565111,
  "P_LV0202": -0.004850427503605983,
  "Q_LV0202": 0.0062732945784617685,
  "U_LV0202": 1.0013218967023254,
  "I_LV0202_MV0202": 0.007919277546454787,
  "P_LV0203": 0.012952732315536277,
  "Q_LV0203": 0.006273294578461387,
  "U_LV0203": 1.001826300929595,
  "I_LV0203_MV0203": 0.014365688724368542,
  "P_POIMV_MV0101": 0.021827873834581624,
  "Q_POIMV_MV0101": -0.01986071772194009,
  "U_POIMV": 1.0005412892110126,
  "I_POIMV_MV0101": 0.02949512040063833,
  "P_POIMV_MV0201": -0.018237929824067578,
  "Q_POIMV_MV0201": -0.02032012411279993,
  "I_POIMV_MV0201": 0.027289615037251733,
  "P_POI_POIMV": 0.0035999440108825955,
  "Q_POI_POIMV": -0.040725595754793176,
  "U_POI": 1.0000110127580975,
  "I_POI_POIMV": 0.040883944656538225
}