{
  "P_LV0101": 0.000109,
  "Q_LV0101": 0.000197,
  "U_LV0101": 0.002503,
  "I_LV0101_MV0101": 0.000056,
  "P_LV0102": 0.000149,
  "Q_LV0102": 0.000390,
  "U_LV0102": 0.002501,
  "I_LV0102_MV0102": 0.000102,
  "P_LV0103": 0.000128,
  "Q_LV0103": 0.000299,
  "U_LV0103": 0.002505,
  "I_LV0103_MV0103": 0.000080,
  "P_LV0201": 0.000122,
  "Q_LV0201": 0.000180,
  "U_LV0201": 0.002504,
  "I_LV0201_MV0201": 0.000056,
  "P_LV0202": 0.000139,
  "Q_LV0202": 0.000112,
  "U_LV0202": 0.002503,
  "I_LV0202_MV0202": 0.000047,
  "P_LV0203": 0.000112,
  "Q_LV0203": 0.000196,
  "U_LV0203": 0.002505,
  "I_LV0203_MV0203": 0.000057,
  "P_POIMV_MV0101": 0.000410,
  "Q_POIMV_MV0101": 0.000444,
  "U_POIMV": 0.002501,
  "I_POIMV_MV0101": 0.000158,
  "P_POIMV_MV0201": 0.000429,
  "Q_POIMV_MV0201": 0.000392,
  "I_POIMV_MV0201": 0.000153,
  "P_POI_POIMV": 0.000928,
  "Q_POI_POIMV": 0.000288,
  "U_POI": 0.002500,
  "I_POI_POIMV": 0.000258
}
