{
  "P_LV0101": 0.012066114381866588,
  "Q_LV0101": -6.646993175434275e-16,
  "U_LV0101": 1.0003785298371293,
  "I_LV0101_MV0101": 0.012061548725791887,
  "P_LV0102": 0.017231613693679284,
  "Q_LV0102": -5.002876876789103e-16,
  "U_LV0102": 1.000516230890654,
  "I_LV0102_MV0102": 0.017222722792152804,
  "P_LV0103": -0.023735983000025933,
  "Q_LV0103": 4.4333076830841204e-16,
  "U_LV0103": 0.999359024583565,
  "I_LV0103_MV0103": 0.023751206939784997,
  "P_LV0201": -0.016104236330706918,
  "Q_LV0201": -6.897070311749757e-16,
  "U_LV0201": 0.9995799422715556,
  "I_LV0201_MV0201": 0.016111003882400717,
  "P_LV0202": -0.0032406864470085808,
  "Q_LV0202": -6.196355195399763e-16,
  "U_LV0202": 0.9999422828593654,
  "I_LV0202_MV0202": 0.0032408735009602147,
  "P_LV0203": 0.006164551153547509,
  "Q_LV0203": 6.456591049426803e-16,
  "U_LV0203": 1.0002076718258353,
  "I_LV0203_MV0203": 0.006163271215761014,
  "P_POIMV_MV0101": -0.005533359933679094,
  "Q_POIMV_MV0101": -0.0011333376558013697,
  "U_POIMV": 1.0000426937704157,
  "I_POIMV_MV0101": 0.005647991013968495,
  "P_POIMV_MV0201": 0.013189145940373237,
  "Q_POIMV_MV0201": -0.0015134074663478714,
  "I_POIMV_MV0201": 0.013275124282654888,
  "P_POI_POIMV": 0.007665786007184405,
  "Q_POI_POIMV": -0.003211799368273205,
  "U_POI": 1.0000008685211763,
  "I_POI_POIMV": 0.00831142648980162
}