{
  "irrad_LV0101": 580.4085684628494,
  "irrad_LV0102": 558.1885093787066,
  "irrad_LV0103": 527.3294784956122,
  "irrad_LV0201": 474.3575945828398,
  "irrad_LV0202": 502.6581598522793,
  "irrad_LV0203": 585.8430544773208
}