{
  "irrad_LV0101": 630.2098746877723,
  "irrad_LV0102": 512.1263292709754,
  "irrad_LV0103": 612.285493539521,
  "irrad_LV0201": 584.3051205863767,
  "irrad_LV0202": 501.8286828670936,
  "irrad_LV0203": 563.4211991540819
}