{
  "irrad_LV0101": 460.7977666921155,
  "irrad_LV0102": 486.6943392573828,
  "irrad_LV0103": 519.6757603543066,
  "irrad_LV0201": 536.1167834759466,
  "irrad_LV0202": 557.3755836563664,
  "irrad_LV0203": 570.9282150055681
}