{
  "P_LV0101": 0.17408890521674006,
  "Q_LV0101": -0.08510456484927312,
  "U_LV0101": 0.9853920311876341,
  "I_LV0101_MV0101": 0.11353604419007354,
  "P_LV0102": 0.16742417631714024,
  "Q_LV0102": -0.08510456484927226,
  "U_LV0102": 0.9853711583761482,
  "I_LV0102_MV0102": 0.11004357128318852,
  "P_LV0103": 0.1581682569624084,
  "Q_LV0103": -0.0851045648492725,
  "U_LV0103": 0.9852101020152542,
  "I_LV0103_MV0103": 0.10525496552160836,
  "P_LV0201": 0.14227976430616487,
  "Q_LV0201": -0.08510456484927233,
  "U_LV0201": 0.9847911322589585,
  "I_LV0201_MV0201": 0.09719714960426766,
  "P_LV0202": 0.1507682923749695,
  "Q_LV0202": -0.0851045648492728,
  "U_LV0202": 0.9851484303955989,
  "I_LV0202_MV0202": 0.10146332166628387,
  "P_LV0203": 0.17571893580567607,
  "Q_LV0203": -0.0851045648492728,
  "U_LV0203": 0.9858471220438316,
  "I_LV0203_MV0203": 0.1143420185100364,
  "P_POIMV_MV0101": -0.4964421182762635,
  "Q_POIMV_MV0101": 0.2692485669272173,
  "U_POIMV": 0.9927349838113988,
  "I_POIMV_MV0101": 0.32844832761401777,
  "P_POIMV_MV0201": -0.4656018027869777,
  "Q_POIMV_MV0201": 0.2677436467913594,
  "I_POIMV_MV0201": 0.31236160978569394,
  "P_POI_POI_MV": -0.9620339210624936,
  "Q_POI_POI_MV": 0.5524643721487337,
  "U_POI": 0.9998505482461334,
  "I_POI_POI_MV": 0.6405971429365708
}