{
  "P_LV0101": 0.13821260244693281,
  "Q_LV0101": -0.08293790790362916,
  "U_LV0101": 0.9849928232249281,
  "I_LV0101_MV0101": 0.09447953530871497,
  "P_LV0102": 0.14598007214279377,
  "Q_LV0102": -0.08293790790362873,
  "U_LV0102": 0.985318068811264,
  "I_LV0102_MV0102": 0.0983788679729987,
  "P_LV0103": 0.1558725854570993,
  "Q_LV0103": -0.08293790790362905,
  "U_LV0103": 0.9856337159543825,
  "I_LV0103_MV0103": 0.10342529545404165,
  "P_LV0201": 0.1608039387682154,
  "Q_LV0201": -0.08293790790362902,
  "U_LV0201": 0.9858047152220036,
  "I_LV0201_MV0201": 0.10596569461487582,
  "P_LV0202": 0.16718034575240623,
  "Q_LV0202": -0.08293790790362879,
  "U_LV0202": 0.9861166157539625,
  "I_LV0202_MV0202": 0.10926350882049932,
  "P_LV0203": 0.1712453490666011,
  "Q_LV0203": -0.0829379079036293,
  "U_LV0203": 0.9862951361210457,
  "I_LV0203_MV0203": 0.11138039580898355,
  "P_POIMV_MV0101": -0.4374246403367579,
  "Q_POIMV_MV0101": 0.2599014671934583,
  "U_POIMV": 0.9929378629153942,
  "I_POIMV_MV0101": 0.29585177167458426,
  "P_POIMV_MV0201": -0.4958039413714914,
  "Q_POIMV_MV0201": 0.26241236554238867,
  "I_POIMV_MV0201": 0.3261768335637408,
  "P_POI_POIMV": -0.9332185817075396,
  "Q_POI_POIMV": 0.5368528272715594,
  "U_POI": 0.9998547731102393,
  "I_POI_POIMV": 0.6216763949226464
}