{
  "P_LV0101": 0.18902640846901222,
  "Q_LV0101": -0.08184737467553244,
  "U_LV0101": 0.986461304902897,
  "I_LV0101_MV0101": 0.20881242549465717,
  "P_LV0102": 0.1536081940202412,
  "Q_LV0102": -0.08184737467553144,
  "U_LV0102": 0.9857441369956431,
  "I_LV0102_MV0102": 0.17657022762908228,
  "P_LV0103": 0.18365013378883166,
  "Q_LV0103": -0.08184737467553269,
  "U_LV0103": 0.9865721960874297,
  "I_LV0103_MV0103": 0.20379966755078843,
  "P_LV0201": 0.17525764484286477,
  "Q_LV0201": -0.08184737467553221,
  "U_LV0201": 0.9863388697129312,
  "I_LV0201_MV0201": 0.1961066340787648,
  "P_LV0202": 0.15051949739140152,
  "Q_LV0202": -0.08184737467553135,
  "U_LV0202": 0.9858681314881801,
  "I_LV0202_MV0202": 0.17378930302862058,
  "P_LV0203": 0.16899367973909432,
  "Q_LV0203": -0.08184737467553194,
  "U_LV0203": 0.986404439980032,
  "I_LV0203_MV0203": 0.1903587896152022,
  "P_POIMV_MV0101": -0.5228036804062413,
  "Q_POIMV_MV0101": 0.2606101327521628,
  "U_POIMV": 0.9929617487664416,
  "I_POIMV_MV0101": 0.588299248915469,
  "P_POIMV_MV0201": -0.4914123935639054,
  "Q_POIMV_MV0201": 0.25887644865883885,
  "I_POIMV_MV0201": 0.5593675738394134,
  "P_POI_POIMV": -1.0142060739698937,
  "Q_POI_POIMV": 0.5360687894672083,
  "U_POI": 0.9998549794196369,
  "I_POI_POIMV": 1.147329717215406
}