{
  "P_LV0101": 0.03501408972856648,
  "Q_LV0101": 0.01413887381004598,
  "U_LV0101": 1.028041484526139,
  "I_LV0101_MV0101": 0.02120666562335133,
  "P_LV0102": 0.030508428052945798,
  "Q_LV0102": 0.014138873810045893,
  "U_LV0102": 1.0276155453115197,
  "I_LV0102_MV0102": 0.01889195982653053,
  "P_LV0103": 0.02952641688772541,
  "Q_LV0103": 0.014138873810045974,
  "U_LV0103": 1.0276616400058927,
  "I_LV0103_MV0103": 0.01839201431432175,
  "P_LV0201": 0.029761995987239602,
  "Q_LV0201": 0.01413887381004578,
  "U_LV0201": 1.0276954404522611,
  "I_LV0201_MV0201": 0.018510864137227155,
  "P_LV0202": 0.030674062968249604,
  "Q_LV0202": 0.01413887381004599,
  "U_LV0202": 1.0284112734493467,
  "I_LV0202_MV0202": 0.018961750229260443,
  "P_LV0203": 0.02919312100111461,
  "Q_LV0203": 0.014138873810045876,
  "U_LV0203": 1.0283475753877926,
  "I_LV0203_MV0203": 0.01821115379865918,
  "P_POIMV_MV0101": -0.0940228985422209,
  "Q_POIMV_MV0101": -0.037725051884507366,
  "U_POIMV": 1.0000076587146216,
  "I_POIMV_MV0101": 0.05849024927732382,
  "P_POIMV_MV0201": -0.08863438230591214,
  "Q_POIMV_MV0201": -0.03817481464074035,
  "I_POIMV_MV0201": 0.055717225177244374,
  "P_POI_POI_MV": -0.18265628084817506,
  "Q_POI_POI_MV": -0.07595644635148346,
  "U_POI": 1.0000076376157685,
  "I_POI_POI_MV": 0.11421047955631217
}