{
  "P_LV0101": 0.000248,
  "Q_LV0101": 0.000486,
  "U_LV0101": 0.002570,
  "I_LV0101_MV0101": 0.000076,
  "P_LV0102": 0.000239,
  "Q_LV0102": 0.000431,
  "U_LV0102": 0.002569,
  "I_LV0102_MV0102": 0.000069,
  "P_LV0103": 0.000238,
  "Q_LV0103": 0.000419,
  "U_LV0103": 0.002569,
  "I_LV0103_MV0103": 0.000067,
  "P_LV0201": 0.000238,
  "Q_LV0201": 0.000422,
  "U_LV0201": 0.002569,
  "I_LV0201_MV0201": 0.000068,
  "P_LV0202": 0.000240,
  "Q_LV0202": 0.000433,
  "U_LV0202": 0.002571,
  "I_LV0202_MV0202": 0.000069,
  "P_LV0203": 0.000237,
  "Q_LV0203": 0.000415,
  "U_LV0203": 0.002571,
  "I_LV0203_MV0203": 0.000067,
  "P_POIMV_MV0101": 0.000669,
  "Q_POIMV_MV0101": 0.001320,
  "U_POIMV": 0.002500,
  "I_POIMV_MV0101": 0.000212,
  "P_POIMV_MV0201": 0.000663,
  "Q_POIMV_MV0201": 0.001253,
  "I_POIMV_MV0201": 0.000203,
  "P_POI_POI_MV": 0.001333,
  "Q_POI_POI_MV": 0.002573,
  "U_POI": 0.002500,
  "I_POI_POI_MV": 0.000415
}
