{
  "irrad_LV0101": 19.16285270177724,
  "irrad_LV0102": 8.743706391356849,
  "irrad_LV0103": 29.24382157725576,
  "irrad_LV0201": -10.211671491633496,
  "irrad_LV0202": -7.756130734157547,
  "irrad_LV0203": 35.43316291454103
}