{
  "irrad_LV0101": 937.8032571990195,
  "irrad_LV0102": 930.2664581151058,
  "irrad_LV0103": 981.0348078395978,
  "irrad_LV0201": 989.3711512282188,
  "irrad_LV0202": 1049.28070677877,
  "irrad_LV0203": 980.0134709794532
}