{
  "P_LV0101": 0.001794,
  "Q_LV0101": 0.002993,
  "U_LV0101": 0.002435,
  "I_LV0101_MV0101": 0.000809,
  "P_LV0102": 0.001790,
  "Q_LV0102": 0.002969,
  "U_LV0102": 0.002435,
  "I_LV0102_MV0102": 0.000804,
  "P_LV0103": 0.001820,
  "Q_LV0103": 0.003127,
  "U_LV0103": 0.002436,
  "I_LV0103_MV0103": 0.000839,
  "P_LV0201": 0.001825,
  "Q_LV0201": 0.003153,
  "U_LV0201": 0.002437,
  "I_LV0201_MV0201": 0.000844,
  "P_LV0202": 0.001862,
  "Q_LV0202": 0.003339,
  "U_LV0202": 0.002438,
  "I_LV0202_MV0202": 0.000885,
  "P_LV0203": 0.001819,
  "Q_LV0203": 0.003124,
  "U_LV0203": 0.002438,
  "I_LV0203_MV0203": 0.000837,
  "P_POIMV_MV0101": 0.005772,
  "Q_POIMV_MV0101": 0.009017,
  "U_POIMV": 0.002467,
  "I_POIMV_MV0101": 0.002450,
  "P_POIMV_MV0201": 0.005904,
  "Q_POIMV_MV0201": 0.009527,
  "I_POIMV_MV0201": 0.002565,
  "P_POI_POIMV": 0.012141,
  "Q_POI_POIMV": 0.018578,
  "U_POI": 0.002499,
  "I_POI_POIMV": 0.005014
}
