{
  "P_LV0101": 0.07796413826745521,
  "Q_LV0101": -0.032016467229992567,
  "U_LV0101": 0.9950946999205829,
  "I_LV0101_MV0101": 0.0846974993123264,
  "P_LV0102": 0.07527875934100252,
  "Q_LV0102": -0.0320164672299923,
  "U_LV0102": 0.9950850309192745,
  "I_LV0102_MV0102": 0.08220836553074795,
  "P_LV0103": 0.05607196503799868,
  "Q_LV0103": -0.03201646722999279,
  "U_LV0103": 0.9945982661890922,
  "I_LV0103_MV0103": 0.0649193960162065,
  "P_LV0201": 0.0669729101004077,
  "Q_LV0201": -0.03201646722999167,
  "U_LV0201": 0.9948900237923247,
  "I_LV0201_MV0201": 0.07461350925468309,
  "P_LV0202": 0.06234688023432547,
  "Q_LV0202": -0.03201646722999284,
  "U_LV0202": 0.9948260819706012,
  "I_LV0202_MV0202": 0.07045151091210236,
  "P_LV0203": 0.06610573192960328,
  "Q_LV0203": -0.032016467229991706,
  "U_LV0203": 0.9949569261455757,
  "I_LV0203_MV0203": 0.07382310864417024,
  "P_POIMV_MV0101": -0.20877431338658425,
  "Q_POIMV_MV0101": 0.09732750069747453,
  "U_POIMV": 0.9974065773353872,
  "I_POIMV_MV0101": 0.23094510455312495,
  "P_POIMV_MV0201": -0.1949136239531981,
  "Q_POIMV_MV0201": 0.09676622606065166,
  "I_POIMV_MV0201": 0.21817792122928353,
  "P_POI_POIMV": -0.40367793733929125,
  "Q_POI_POIMV": 0.19615384634425936,
  "U_POI": 0.999946947957794,
  "I_POI_POIMV": 0.4488358085214837
}