{
  "P_LV0101": 0.018050661407438988,
  "Q_LV0101": 0.013600996402203538,
  "U_LV0101": 1.0035173772878179,
  "I_LV0101_MV0101": 0.022521964915379295,
  "P_LV0102": -0.006242394296524672,
  "Q_LV0102": 0.013600996402203644,
  "U_LV0102": 1.0028559645883066,
  "I_LV0102_MV0102": 0.014922494302790978,
  "P_LV0103": -0.0006042607315139214,
  "Q_LV0103": 0.013600996402204135,
  "U_LV0103": 1.0030186036382553,
  "I_LV0103_MV0103": 0.013573439901600025,
  "P_LV0201": -0.014299207975710163,
  "Q_LV0201": 0.013600996402203658,
  "U_LV0201": 1.002605468637504,
  "I_LV0201_MV0201": 0.01968331610977227,
  "P_LV0202": 0.010561518593142962,
  "Q_LV0202": 0.0136009964022042,
  "U_LV0202": 1.0032958558404248,
  "I_LV0202_MV0202": 0.01716355850826791,
  "P_LV0203": -0.028082543138841808,
  "Q_LV0203": 0.013600996402204125,
  "U_LV0203": 1.0022055333963478,
  "I_LV0203_MV0203": 0.031134158283961978,
  "P_POIMV_MV0101": -0.01117724583036761,
  "Q_POIMV_MV0101": -0.0419513006336274,
  "U_POIMV": 1.001123788868068,
  "I_POIMV_MV0101": 0.04336603797565546,
  "P_POIMV_MV0201": 0.03187045139327438,
  "Q_POIMV_MV0201": -0.042130413399888766,
  "I_POIMV_MV0201": 0.052767752019647375,
  "P_POI_POIMV": 0.020703205562954255,
  "Q_POI_POIMV": -0.08455023297483422,
  "U_POI": 1.0000228632537678,
  "I_POI_POIMV": 0.08704606907921109
}