{
  "P_LV0101": 0.000202,
  "Q_LV0101": 0.000254,
  "U_LV0101": 0.002509,
  "I_LV0101_MV0101": 0.000080,
  "P_LV0102": 0.000198,
  "Q_LV0102": 0.000109,
  "U_LV0102": 0.002507,
  "I_LV0102_MV0102": 0.000056,
  "P_LV0103": 0.000214,
  "Q_LV0103": 0.000067,
  "U_LV0103": 0.002508,
  "I_LV0103_MV0103": 0.000057,
  "P_LV0201": 0.000199,
  "Q_LV0201": 0.000208,
  "U_LV0201": 0.002507,
  "I_LV0201_MV0201": 0.000071,
  "P_LV0202": 0.000198,
  "Q_LV0202": 0.000161,
  "U_LV0202": 0.002508,
  "I_LV0202_MV0202": 0.000063,
  "P_LV0203": 0.000211,
  "Q_LV0203": 0.000367,
  "U_LV0203": 0.002506,
  "I_LV0203_MV0203": 0.000103,
  "P_POIMV_MV0101": 0.000626,
  "Q_POIMV_MV0101": 0.000256,
  "U_POIMV": 0.002503,
  "I_POIMV_MV0101": 0.000170,
  "P_POIMV_MV0201": 0.000611,
  "Q_POIMV_MV0201": 0.000487,
  "I_POIMV_MV0201": 0.000194,
  "P_POI_POIMV": 0.001256,
  "Q_POI_POIMV": 0.000498,
  "U_POI": 0.002500,
  "I_POI_POIMV": 0.000340
}
