{
  "P_LV0101": 0.000164,
  "Q_LV0101": 0.000492,
  "U_LV0101": 0.002499,
  "I_LV0101_MV0101": 0.000124,
  "P_LV0102": 0.000083,
  "Q_LV0102": 0.000082,
  "U_LV0102": 0.002502,
  "I_LV0102_MV0102": 0.000031,
  "P_LV0103": 0.000083,
  "Q_LV0103": 0.000177,
  "U_LV0103": 0.002502,
  "I_LV0103_MV0103": 0.000051,
  "P_LV0201": 0.000082,
  "Q_LV0201": 0.000130,
  "U_LV0201": 0.002501,
  "I_LV0201_MV0201": 0.000041,
  "P_LV0202": 0.000083,
  "Q_LV0202": 0.000183,
  "U_LV0202": 0.002502,
  "I_LV0202_MV0202": 0.000053,
  "P_LV0203": 0.000082,
  "Q_LV0203": 0.000146,
  "U_LV0203": 0.002501,
  "I_LV0203_MV0203": 0.000045,
  "P_POIMV_MV0101": 0.000261,
  "Q_POIMV_MV0101": 0.000558,
  "U_POIMV": 0.002501,
  "I_POIMV_MV0101": 0.000161,
  "P_POIMV_MV0201": 0.000285,
  "Q_POIMV_MV0201": 0.000111,
  "I_POIMV_MV0201": 0.000082,
  "P_POI_POIMV": 0.000553,
  "Q_POI_POIMV": 0.000751,
  "U_POI": 0.002500,
  "I_POI_POIMV": 0.000248
}
