{
  "irrad_LV0101": -42.0425027741347,
  "irrad_LV0102": -57.389811445170395,
  "irrad_LV0103": -9.84210141828063,
  "irrad_LV0201": 49.22260908860265,
  "irrad_LV0202": 37.519046160431095,
  "irrad_LV0203": 24.493163408717738
}