{
  "irrad_LV0101": 895.0523492172493,
  "irrad_LV0102": 917.6556082377648,
  "irrad_LV0103": 963.234184957179,
  "irrad_LV0201": 1009.6183734548395,
  "irrad_LV0202": 915.0059010480072,
  "irrad_LV0203": 1012.8249648338668
}