{
  "P_LV0101": 0.000121,
  "Q_LV0101": 0.000384,
  "U_LV0101": 0.002517,
  "I_LV0101_MV0101": 0.000058,
  "P_LV0102": 0.000124,
  "Q_LV0102": 0.000392,
  "U_LV0102": 0.002519,
  "I_LV0102_MV0102": 0.000059,
  "P_LV0103": 0.000129,
  "Q_LV0103": 0.000410,
  "U_LV0103": 0.002520,
  "I_LV0103_MV0103": 0.000061,
  "P_LV0201": 0.000135,
  "Q_LV0201": 0.000428,
  "U_LV0201": 0.002521,
  "I_LV0201_MV0201": 0.000064,
  "P_LV0202": 0.000123,
  "Q_LV0202": 0.000391,
  "U_LV0202": 0.002520,
  "I_LV0202_MV0202": 0.000059,
  "P_LV0203": 0.000135,
  "Q_LV0203": 0.000429,
  "U_LV0203": 0.002522,
  "I_LV0203_MV0203": 0.000064,
  "P_POIMV_MV0101": 0.000373,
  "Q_POIMV_MV0101": 0.001176,
  "U_POIMV": 0.002500,
  "I_POIMV_MV0101": 0.000178,
  "P_POIMV_MV0201": 0.000393,
  "Q_POIMV_MV0201": 0.001236,
  "I_POIMV_MV0201": 0.000187,
  "P_POI_POI_MV": 0.000766,
  "Q_POI_POI_MV": 0.002413,
  "U_POI": 0.002500,
  "I_POI_POI_MV": 0.000364
}
