{
  "irrad_LV0101": 53.185098216129546,
  "irrad_LV0102": -19.821190018048444,
  "irrad_LV0103": 44.05424314401786,
  "irrad_LV0201": -0.4091977398188286,
  "irrad_LV0202": 84.37733607437993,
  "irrad_LV0203": 79.25100448692677
}