{
  "P_LV0101": 0.015952444580224056,
  "Q_LV0101": -7.60188526498967e-17,
  "U_LV0101": 1.0004903818334239,
  "I_LV0101_MV0101": 0.015944625625476577,
  "P_LV0102": -0.005945207320894153,
  "Q_LV0102": 2.0156492548044185e-16,
  "U_LV0102": 0.9998898734123063,
  "I_LV0102_MV0102": 0.0059458621184001505,
  "P_LV0103": 0.01321371767375113,
  "Q_LV0103": -5.966482297974968e-16,
  "U_LV0103": 1.0004299147799094,
  "I_LV0103_MV0103": 0.013208039342424196,
  "P_LV0201": -0.00012273558733098434,
  "Q_LV0201": 7.506799531250764e-16,
  "U_LV0201": 1.00009027877086,
  "I_LV0201_MV0201": 0.00012272450791325553,
  "P_LV0202": 0.025308306700565143,
  "Q_LV0202": -1.7244570925053139e-16,
  "U_LV0202": 1.000824459428973,
  "I_LV0202_MV0202": 0.02528745821720321,
  "P_LV0203": 0.02377070456591498,
  "Q_LV0203": -6.87907616261589e-16,
  "U_LV0203": 1.000799181455207,
  "I_LV0203_MV0203": 0.023751722629660136,
  "P_POIMV_MV0101": -0.02320771788890852,
  "Q_POIMV_MV0101": -0.0012087442789834313,
  "U_POIMV": 1.0000415529669944,
  "I_POIMV_MV0101": 0.023238208902872655,
  "P_POIMV_MV0201": -0.04891826755203965,
  "Q_POIMV_MV0201": -0.0013863338086821386,
  "I_POIMV_MV0201": 0.048935874388442165,
  "P_POI_POIMV": -0.07211598544084698,
  "Q_POI_POIMV": -0.0030931884043639,
  "U_POI": 1.0000008362588468,
  "I_POI_POIMV": 0.0721822308905002
}