{
  "P_LV0101": 0.000072,
  "Q_LV0101": 0.000227,
  "U_LV0101": 0.002501,
  "I_LV0101_MV0101": 0.000059,
  "P_LV0102": 0.000042,
  "Q_LV0102": 0.000141,
  "U_LV0102": 0.002500,
  "I_LV0102_MV0102": 0.000039,
  "P_LV0103": 0.000066,
  "Q_LV0103": 0.000213,
  "U_LV0103": 0.002501,
  "I_LV0103_MV0103": 0.000057,
  "P_LV0201": 0.000001,
  "Q_LV0201": 0.000003,
  "U_LV0201": 0.002500,
  "I_LV0201_MV0201": 0.000001,
  "P_LV0202": 0.000108,
  "Q_LV0202": 0.000340,
  "U_LV0202": 0.002502,
  "I_LV0202_MV0202": 0.000088,
  "P_LV0203": 0.000102,
  "Q_LV0203": 0.000322,
  "U_LV0203": 0.002502,
  "I_LV0203_MV0203": 0.000083,
  "P_POIMV_MV0101": 0.000153,
  "Q_POIMV_MV0101": 0.000506,
  "U_POIMV": 0.002500,
  "I_POIMV_MV0101": 0.000140,
  "P_POIMV_MV0201": 0.000220,
  "Q_POIMV_MV0201": 0.000695,
  "I_POIMV_MV0201": 0.000182,
  "P_POI_POIMV": 0.000386,
  "Q_POI_POIMV": 0.001250,
  "U_POI": 0.002500,
  "I_POI_POIMV": 0.000338
}
