{
    "090neg": {
        "10": {
            "2.5": {
                "P": {
                    "0": 85,
                    "1": 0,
                    "2": 13,
                    "3": 0,
                    "4": 2,
                    "5": 0,
                    "Precision": 0.915,
                    "Accuracy": 0.9951428571428569,
                    "Recall": 0.98
                },
                "Q": {
                    "0": 89,
                    "1": 0,
                    "2": 11,
                    "3": 0,
                    "4": 0,
                    "5": 0,
                    "Precision": 0.945,
                    "Accuracy": 0.9968571428571427,
                    "Recall": 1.0
                },
                "U": {
                    "0": 78,
                    "1": 0,
                    "2": 22,
                    "3": 0,
                    "4": 0,
                    "5": 0,
                    "Precision": 0.89,
                    "Accuracy": 0.9937142857142857,
                    "Recall": 1.0
                }
            }
        }
    },
    "090pos": {
        "10": {
            "2.5": {
                "P": {
                    "0": 85,
                    "1": 0,
                    "2": 15,
                    "3": 0,
                    "4": 0,
                    "5": 0,
                    "Precision": 0.925,
                    "Accuracy": 0.9957142857142857,
                    "Recall": 1.0
                },
                "Q": {
                    "0": 76,
                    "1": 0,
                    "2": 24,
                    "3": 0,
                    "4": 0,
                    "5": 0,
                    "Precision": 0.88,
                    "Accuracy": 0.9931428571428573,
                    "Recall": 1.0
                },
                "U": {
                    "0": 64,
                    "1": 0,
                    "2": 36,
                    "3": 0,
                    "4": 0,
                    "5": 0,
                    "Precision": 0.82,
                    "Accuracy": 0.9897142857142859,
                    "Recall": 1.0
                }
            }
        }
    },
    "100pos": {
        "10": {
            "2.5": {
                "P": {
                    "0": 26,
                    "1": 21,
                    "2": 23,
                    "3": 30,
                    "4": 0,
                    "5": 0,
                    "Precision": 0.735,
                    "Accuracy": 0.9702857142857136,
                    "Recall": 0.7799999999999998
                },
                "Q": {
                    "0": 0,
                    "1": 0,
                    "2": 0,
                    "3": 0,
                    "4": 0,
                    "5": 100,
                    "Precision": 0.0,
                    "Accuracy": 0.885714285714286,
                    "Recall": 0.0
                },
                "U": {
                    "0": 0,
                    "1": 40,
                    "2": 0,
                    "3": 60,
                    "4": 0,
                    "5": 0,
                    "Precision": 0.7,
                    "Accuracy": 0.9542857142857127,
                    "Recall": 0.5666666666666664
                }
            }
        }
    }
}