{
    "090neg": {
        "10": {
            "2.5": {
                "P": {
                    "0": 65,
                    "1": 0,
                    "2": 35,
                    "3": 0,
                    "4": 0,
                    "5": 0,
                    "Precision": 0.825,
                    "Accuracy": 0.9899999999999999,
                    "Recall": 1.0
                },
                "Q": {
                    "0": 89,
                    "1": 0,
                    "2": 11,
                    "3": 0,
                    "4": 0,
                    "5": 0,
                    "Precision": 0.945,
                    "Accuracy": 0.9968571428571427,
                    "Recall": 1.0
                },
                "U": {
                    "0": 68,
                    "1": 0,
                    "2": 31,
                    "3": 0,
                    "4": 1,
                    "5": 0,
                    "Precision": 0.835,
                    "Accuracy": 0.9905714285714285,
                    "Recall": 0.99
                }
            }
        }
    },
    "090pos": {
        "10": {
            "2.5": {
                "P": {
                    "0": 70,
                    "1": 0,
                    "2": 21,
                    "3": 0,
                    "4": 9,
                    "5": 0,
                    "Precision": 0.805,
                    "Accuracy": 0.9888571428571428,
                    "Recall": 0.91
                },
                "Q": {
                    "0": 85,
                    "1": 0,
                    "2": 15,
                    "3": 0,
                    "4": 0,
                    "5": 0,
                    "Precision": 0.925,
                    "Accuracy": 0.9957142857142857,
                    "Recall": 1.0
                },
                "U": {
                    "0": 51,
                    "1": 10,
                    "2": 25,
                    "3": 11,
                    "4": 0,
                    "5": 3,
                    "Precision": 0.79,
                    "Accuracy": 0.9802857142857141,
                    "Recall": 0.8816666666666668
                }
            }
        }
    },
    "100pos": {
        "10": {
            "2.5": {
                "P": {
                    "0": 87,
                    "1": 13,
                    "2": 0,
                    "3": 0,
                    "4": 0,
                    "5": 0,
                    "Precision": 1.0,
                    "Accuracy": 0.9962857142857143,
                    "Recall": 0.9566666666666667
                },
                "Q": {
                    "0": 0,
                    "1": 0,
                    "2": 0,
                    "3": 0,
                    "4": 0,
                    "5": 100,
                    "Precision": 0.0,
                    "Accuracy": 0.885714285714286,
                    "Recall": 0.0
                },
                "U": {
                    "0": 45,
                    "1": 0,
                    "2": 49,
                    "3": 0,
                    "4": 6,
                    "5": 0,
                    "Precision": 0.695,
                    "Accuracy": 0.9825714285714288,
                    "Recall": 0.94
                }
            }
        }
    }
}