{
    "090neg": {
        "10": {
            "2.5": {
                "P": {
                    "0": 85,
                    "1": 0,
                    "2": 15,
                    "3": 0,
                    "4": 0,
                    "5": 0,
                    "Precision": 0.925,
                    "Accuracy": 0.995714285714286,
                    "Recall": 1.0
                },
                "Q": {
                    "0": 35,
                    "1": 0,
                    "2": 60,
                    "3": 5,
                    "4": 0,
                    "5": 0,
                    "Precision": 0.675,
                    "Accuracy": 0.98,
                    "Recall": 0.975
                },
                "U": {
                    "0": 0,
                    "1": 0,
                    "2": 100,
                    "3": 0,
                    "4": 0,
                    "5": 0,
                    "Precision": 0.5,
                    "Accuracy": 0.9714285714285715,
                    "Recall": 1.0
                }
            }
        }
    },
    "090pos": {
        "10": {
            "2.5": {
                "P": {
                    "0": 86,
                    "1": 0,
                    "2": 14,
                    "3": 0,
                    "4": 0,
                    "5": 0,
                    "Precision": 0.93,
                    "Accuracy": 0.9960000000000001,
                    "Recall": 1.0
                },
                "Q": {
                    "0": 29,
                    "1": 0,
                    "2": 67,
                    "3": 4,
                    "4": 0,
                    "5": 0,
                    "Precision": 0.645,
                    "Accuracy": 0.9785714285714288,
                    "Recall": 0.98
                },
                "U": {
                    "0": 0,
                    "1": 0,
                    "2": 100,
                    "3": 0,
                    "4": 0,
                    "5": 0,
                    "Precision": 0.5,
                    "Accuracy": 0.9714285714285715,
                    "Recall": 1.0
                }
            }
        }
    },
    "100pos": {
        "10": {
            "2.5": {
                "P": {
                    "0": 83,
                    "1": 0,
                    "2": 17,
                    "3": 0,
                    "4": 0,
                    "5": 0,
                    "Precision": 0.915,
                    "Accuracy": 0.9951428571428572,
                    "Recall": 1.0
                },
                "Q": {
                    "0": 0,
                    "1": 0,
                    "2": 0,
                    "3": 0,
                    "4": 100,
                    "5": 0,
                    "Precision": 0.0,
                    "Accuracy": 0.9428571428571406,
                    "Recall": 0.0
                },
                "U": {
                    "0": 0,
                    "1": 0,
                    "2": 100,
                    "3": 0,
                    "4": 0,
                    "5": 0,
                    "Precision": 0.5,
                    "Accuracy": 0.9714285714285715,
                    "Recall": 1.0
                }
            }
        }
    }
}