{
    "090neg": {
        "10": {
            "2.5": {
                "P": {
                    "0": 46,
                    "1": 0,
                    "2": 54,
                    "3": 0,
                    "4": 0,
                    "5": 0,
                    "Precision": 0.73,
                    "Accuracy": 0.9845714285714287,
                    "Recall": 1.0
                },
                "Q": {
                    "0": 50,
                    "1": 0,
                    "2": 49,
                    "3": 1,
                    "4": 0,
                    "5": 0,
                    "Precision": 0.75,
                    "Accuracy": 0.9854285714285714,
                    "Recall": 0.995
                },
                "U": {
                    "0": 8,
                    "1": 0,
                    "2": 92,
                    "3": 0,
                    "4": 0,
                    "5": 0,
                    "Precision": 0.54,
                    "Accuracy": 0.9737142857142858,
                    "Recall": 1.0
                }
            }
        }
    },
    "090pos": {
        "10": {
            "2.5": {
                "P": {
                    "0": 33,
                    "1": 0,
                    "2": 67,
                    "3": 0,
                    "4": 0,
                    "5": 0,
                    "Precision": 0.665,
                    "Accuracy": 0.980857142857143,
                    "Recall": 1.0
                },
                "Q": {
                    "0": 42,
                    "1": 0,
                    "2": 58,
                    "3": 0,
                    "4": 0,
                    "5": 0,
                    "Precision": 0.71,
                    "Accuracy": 0.9834285714285717,
                    "Recall": 1.0
                },
                "U": {
                    "0": 14,
                    "1": 0,
                    "2": 86,
                    "3": 0,
                    "4": 0,
                    "5": 0,
                    "Precision": 0.57,
                    "Accuracy": 0.9754285714285714,
                    "Recall": 1.0
                }
            }
        }
    },
    "100pos": {
        "10": {
            "2.5": {
                "P": {
                    "0": 68,
                    "1": 0,
                    "2": 32,
                    "3": 0,
                    "4": 0,
                    "5": 0,
                    "Precision": 0.84,
                    "Accuracy": 0.9908571428571429,
                    "Recall": 1.0
                },
                "Q": {
                    "0": 0,
                    "1": 0,
                    "2": 0,
                    "3": 0,
                    "4": 100,
                    "5": 0,
                    "Precision": 0.0,
                    "Accuracy": 0.9428571428571406,
                    "Recall": 0.0
                },
                "U": {
                    "0": 3,
                    "1": 0,
                    "2": 97,
                    "3": 0,
                    "4": 0,
                    "5": 0,
                    "Precision": 0.515,
                    "Accuracy": 0.9722857142857144,
                    "Recall": 1.0
                }
            }
        }
    }
}