{
    "090neg": {
        "10": {
            "2.5": {
                "P": {
                    "0": 33,
                    "1": 1,
                    "2": 30,
                    "3": 0,
                    "4": 36,
                    "5": 0,
                    "Precision": 0.49,
                    "Accuracy": 0.9705714285714278,
                    "Recall": 0.6366666666666667
                },
                "Q": {
                    "0": 40,
                    "1": 3,
                    "2": 57,
                    "3": 0,
                    "4": 0,
                    "5": 0,
                    "Precision": 0.715,
                    "Accuracy": 0.9828571428571431,
                    "Recall": 0.9900000000000001
                },
                "U": {
                    "0": 5,
                    "1": 0,
                    "2": 62,
                    "3": 0,
                    "4": 33,
                    "5": 0,
                    "Precision": 0.36,
                    "Accuracy": 0.9634285714285707,
                    "Recall": 0.67
                }
            }
        }
    },
    "090pos": {
        "10": {
            "2.5": {
                "P": {
                    "0": 80,
                    "1": 1,
                    "2": 19,
                    "3": 0,
                    "4": 0,
                    "5": 0,
                    "Precision": 0.905,
                    "Accuracy": 0.9942857142857144,
                    "Recall": 0.9966666666666667
                },
                "Q": {
                    "0": 47,
                    "1": 0,
                    "2": 51,
                    "3": 2,
                    "4": 0,
                    "5": 0,
                    "Precision": 0.735,
                    "Accuracy": 0.984285714285714,
                    "Recall": 0.99
                },
                "U": {
                    "0": 3,
                    "1": 0,
                    "2": 49,
                    "3": 8,
                    "4": 38,
                    "5": 2,
                    "Precision": 0.315,
                    "Accuracy": 0.9574285714285705,
                    "Recall": 0.56
                }
            }
        }
    },
    "100pos": {
        "10": {
            "2.5": {
                "P": {
                    "0": 72,
                    "1": 0,
                    "2": 15,
                    "3": 2,
                    "4": 11,
                    "5": 0,
                    "Precision": 0.805,
                    "Accuracy": 0.9882857142857137,
                    "Recall": 0.88
                },
                "Q": {
                    "0": 0,
                    "1": 0,
                    "2": 0,
                    "3": 0,
                    "4": 0,
                    "5": 100,
                    "Precision": 0.0,
                    "Accuracy": 0.885714285714286,
                    "Recall": 0.0
                },
                "U": {
                    "0": 0,
                    "1": 9,
                    "2": 1,
                    "3": 38,
                    "4": 0,
                    "5": 52,
                    "Precision": 0.285,
                    "Accuracy": 0.9159999999999995,
                    "Recall": 0.26000000000000006
                }
            }
        }
    }
}