{
    "090neg": {
        "10": {
            "2.5": {
                "P": {
                    "0": 81,
                    "1": 0,
                    "2": 10,
                    "3": 0,
                    "4": 9,
                    "5": 0,
                    "Precision": 0.86,
                    "Accuracy": 0.9919999999999995,
                    "Recall": 0.91
                },
                "Q": {
                    "0": 33,
                    "1": 0,
                    "2": 57,
                    "3": 10,
                    "4": 0,
                    "5": 0,
                    "Precision": 0.665,
                    "Accuracy": 0.9779999999999996,
                    "Recall": 0.95
                },
                "U": {
                    "0": 0,
                    "1": 0,
                    "2": 93,
                    "3": 0,
                    "4": 7,
                    "5": 0,
                    "Precision": 0.465,
                    "Accuracy": 0.9694285714285712,
                    "Recall": 0.93
                }
            }
        }
    },
    "090pos": {
        "10": {
            "2.5": {
                "P": {
                    "0": 84,
                    "1": 0,
                    "2": 16,
                    "3": 0,
                    "4": 0,
                    "5": 0,
                    "Precision": 0.92,
                    "Accuracy": 0.9954285714285714,
                    "Recall": 1.0
                },
                "Q": {
                    "0": 23,
                    "1": 0,
                    "2": 75,
                    "3": 2,
                    "4": 0,
                    "5": 0,
                    "Precision": 0.615,
                    "Accuracy": 0.9774285714285716,
                    "Recall": 0.99
                },
                "U": {
                    "0": 0,
                    "1": 0,
                    "2": 100,
                    "3": 0,
                    "4": 0,
                    "5": 0,
                    "Precision": 0.5,
                    "Accuracy": 0.9714285714285715,
                    "Recall": 1.0
                }
            }
        }
    },
    "100pos": {
        "10": {
            "2.5": {
                "P": {
                    "0": 94,
                    "1": 0,
                    "2": 6,
                    "3": 0,
                    "4": 0,
                    "5": 0,
                    "Precision": 0.97,
                    "Accuracy": 0.9982857142857143,
                    "Recall": 1.0
                },
                "Q": {
                    "0": 0,
                    "1": 0,
                    "2": 0,
                    "3": 0,
                    "4": 100,
                    "5": 0,
                    "Precision": 0.0,
                    "Accuracy": 0.9428571428571406,
                    "Recall": 0.0
                },
                "U": {
                    "0": 0,
                    "1": 0,
                    "2": 100,
                    "3": 0,
                    "4": 0,
                    "5": 0,
                    "Precision": 0.5,
                    "Accuracy": 0.9714285714285715,
                    "Recall": 1.0
                }
            }
        }
    }
}