{
    "090neg": {
        "10": {
            "2.5": {
                "P": {
                    "0": 36,
                    "1": 17,
                    "2": 32,
                    "3": 15,
                    "4": 0,
                    "5": 0,
                    "Precision": 0.765,
                    "Accuracy": 0.9774285714285711,
                    "Recall": 0.8683333333333336
                },
                "Q": {
                    "0": 34,
                    "1": 18,
                    "2": 42,
                    "3": 6,
                    "4": 0,
                    "5": 0,
                    "Precision": 0.76,
                    "Accuracy": 0.9794285714285715,
                    "Recall": 0.9100000000000003
                },
                "U": {
                    "0": 0,
                    "1": 1,
                    "2": 3,
                    "3": 96,
                    "4": 0,
                    "5": 0,
                    "Precision": 0.505,
                    "Accuracy": 0.943999999999998,
                    "Recall": 0.5166666666666667
                }
            }
        }
    },
    "090pos": {
        "10": {
            "2.5": {
                "P": {
                    "0": 51,
                    "1": 0,
                    "2": 6,
                    "3": 1,
                    "4": 42,
                    "5": 0,
                    "Precision": 0.545,
                    "Accuracy": 0.9737142857142849,
                    "Recall": 0.575
                },
                "Q": {
                    "0": 14,
                    "1": 4,
                    "2": 63,
                    "3": 19,
                    "4": 0,
                    "5": 0,
                    "Precision": 0.59,
                    "Accuracy": 0.9699999999999999,
                    "Recall": 0.8916666666666667
                },
                "U": {
                    "0": 13,
                    "1": 0,
                    "2": 87,
                    "3": 0,
                    "4": 0,
                    "5": 0,
                    "Precision": 0.565,
                    "Accuracy": 0.9751428571428572,
                    "Recall": 1.0
                }
            }
        }
    },
    "100pos": {
        "10": {
            "2.5": {
                "P": {
                    "0": 86,
                    "1": 0,
                    "2": 14,
                    "3": 0,
                    "4": 0,
                    "5": 0,
                    "Precision": 0.93,
                    "Accuracy": 0.9960000000000001,
                    "Recall": 1.0
                },
                "Q": {
                    "0": 0,
                    "1": 0,
                    "2": 0,
                    "3": 0,
                    "4": 0,
                    "5": 100,
                    "Precision": 0.0,
                    "Accuracy": 0.885714285714286,
                    "Recall": 0.0
                },
                "U": {
                    "0": 0,
                    "1": 12,
                    "2": 0,
                    "3": 87,
                    "4": 0,
                    "5": 1,
                    "Precision": 0.555,
                    "Accuracy": 0.9457142857142835,
                    "Recall": 0.515
                }
            }
        }
    }
}