{
    "090neg": {
        "10": {
            "2.5": {
                "P": {
                    "0": 76,
                    "1": 0,
                    "2": 20,
                    "3": 0,
                    "4": 4,
                    "5": 0,
                    "Precision": 0.86,
                    "Accuracy": 0.9919999999999999,
                    "Recall": 0.96
                },
                "Q": {
                    "0": 32,
                    "1": 0,
                    "2": 47,
                    "3": 12,
                    "4": 0,
                    "5": 9,
                    "Precision": 0.615,
                    "Accuracy": 0.9694285714285712,
                    "Recall": 0.85
                },
                "U": {
                    "0": 0,
                    "1": 0,
                    "2": 58,
                    "3": 0,
                    "4": 42,
                    "5": 0,
                    "Precision": 0.29,
                    "Accuracy": 0.9594285714285711,
                    "Recall": 0.58
                }
            }
        }
    },
    "090pos": {
        "10": {
            "2.5": {
                "P": {
                    "0": 85,
                    "1": 0,
                    "2": 15,
                    "3": 0,
                    "4": 0,
                    "5": 0,
                    "Precision": 0.925,
                    "Accuracy": 0.9957142857142859,
                    "Recall": 1.0
                },
                "Q": {
                    "0": 14,
                    "1": 1,
                    "2": 46,
                    "3": 32,
                    "4": 0,
                    "5": 7,
                    "Precision": 0.54,
                    "Accuracy": 0.9582857142857135,
                    "Recall": 0.7549999999999999
                },
                "U": {
                    "0": 0,
                    "1": 0,
                    "2": 74,
                    "3": 0,
                    "4": 26,
                    "5": 0,
                    "Precision": 0.37,
                    "Accuracy": 0.9639999999999995,
                    "Recall": 0.74
                }
            }
        }
    },
    "100pos": {
        "10": {
            "2.5": {
                "P": {
                    "0": 75,
                    "1": 0,
                    "2": 3,
                    "3": 0,
                    "4": 22,
                    "5": 0,
                    "Precision": 0.765,
                    "Accuracy": 0.9865714285714283,
                    "Recall": 0.78
                },
                "Q": {
                    "0": 0,
                    "1": 0,
                    "2": 0,
                    "3": 0,
                    "4": 100,
                    "5": 0,
                    "Precision": 0.0,
                    "Accuracy": 0.9428571428571406,
                    "Recall": 0.0
                },
                "U": {
                    "0": 1,
                    "1": 0,
                    "2": 66,
                    "3": 0,
                    "4": 33,
                    "5": 0,
                    "Precision": 0.34,
                    "Accuracy": 0.9622857142857139,
                    "Recall": 0.67
                }
            }
        }
    }
}