{
    "090neg": {
        "10": {
            "2.5": {
                "P": {
                    "0": 94,
                    "1": 6,
                    "2": 0,
                    "3": 0,
                    "4": 0,
                    "5": 0,
                    "Precision": 1.0,
                    "Accuracy": 0.9982857142857143,
                    "Recall": 0.9800000000000001
                },
                "Q": {
                    "0": 59,
                    "1": 0,
                    "2": 0,
                    "3": 33,
                    "4": 0,
                    "5": 8,
                    "Precision": 0.755,
                    "Accuracy": 0.9651428571428567,
                    "Recall": 0.7191666666666666
                },
                "U": {
                    "0": 0,
                    "1": 1,
                    "2": 5,
                    "3": 87,
                    "4": 0,
                    "5": 7,
                    "Precision": 0.47,
                    "Accuracy": 0.940571428571427,
                    "Recall": 0.49166666666666664
                }
            }
        }
    },
    "090pos": {
        "10": {
            "2.5": {
                "P": {
                    "0": 100,
                    "1": 0,
                    "2": 0,
                    "3": 0,
                    "4": 0,
                    "5": 0,
                    "Precision": 1.0,
                    "Accuracy": 1.0,
                    "Recall": 1.0
                },
                "Q": {
                    "0": 65,
                    "1": 0,
                    "2": 4,
                    "3": 19,
                    "4": 0,
                    "5": 12,
                    "Precision": 0.765,
                    "Accuracy": 0.972571428571428,
                    "Recall": 0.775
                },
                "U": {
                    "0": 1,
                    "1": 0,
                    "2": 99,
                    "3": 0,
                    "4": 0,
                    "5": 0,
                    "Precision": 0.505,
                    "Accuracy": 0.9717142857142858,
                    "Recall": 1.0
                }
            }
        }
    },
    "100pos": {
        "10": {
            "2.5": {
                "P": {
                    "0": 100,
                    "1": 0,
                    "2": 0,
                    "3": 0,
                    "4": 0,
                    "5": 0,
                    "Precision": 1.0,
                    "Accuracy": 1.0,
                    "Recall": 1.0
                },
                "Q": {
                    "0": 0,
                    "1": 0,
                    "2": 0,
                    "3": 0,
                    "4": 100,
                    "5": 0,
                    "Precision": 0.0,
                    "Accuracy": 0.9428571428571406,
                    "Recall": 0.0
                },
                "U": {
                    "0": 0,
                    "1": 0,
                    "2": 100,
                    "3": 0,
                    "4": 0,
                    "5": 0,
                    "Precision": 0.5,
                    "Accuracy": 0.9714285714285715,
                    "Recall": 1.0
                }
            }
        }
    }
}