{
    "090neg": {
        "10": {
            "2.5": {
                "P": {
                    "0": 84,
                    "1": 0,
                    "2": 16,
                    "3": 0,
                    "4": 0,
                    "5": 0,
                    "Precision": 0.92,
                    "Accuracy": 0.9954285714285714,
                    "Recall": 1.0
                },
                "Q": {
                    "0": 22,
                    "1": 0,
                    "2": 59,
                    "3": 19,
                    "4": 0,
                    "5": 0,
                    "Precision": 0.61,
                    "Accuracy": 0.9720000000000003,
                    "Recall": 0.9033333333333334
                },
                "U": {
                    "0": 0,
                    "1": 0,
                    "2": 78,
                    "3": 0,
                    "4": 22,
                    "5": 0,
                    "Precision": 0.39,
                    "Accuracy": 0.9651428571428567,
                    "Recall": 0.78
                }
            }
        }
    },
    "090pos": {
        "10": {
            "2.5": {
                "P": {
                    "0": 73,
                    "1": 13,
                    "2": 4,
                    "3": 7,
                    "4": 3,
                    "5": 0,
                    "Precision": 0.915,
                    "Accuracy": 0.9894285714285711,
                    "Recall": 0.8916666666666667
                },
                "Q": {
                    "0": 0,
                    "1": 12,
                    "2": 6,
                    "3": 78,
                    "4": 0,
                    "5": 4,
                    "Precision": 0.54,
                    "Accuracy": 0.9408571428571412,
                    "Recall": 0.5016666666666667
                },
                "U": {
                    "0": 1,
                    "1": 0,
                    "2": 24,
                    "3": 35,
                    "4": 2,
                    "5": 38,
                    "Precision": 0.305,
                    "Accuracy": 0.9285714285714279,
                    "Recall": 0.425
                }
            }
        }
    },
    "100pos": {
        "10": {
            "2.5": {
                "P": {
                    "0": 86,
                    "1": 0,
                    "2": 14,
                    "3": 0,
                    "4": 0,
                    "5": 0,
                    "Precision": 0.93,
                    "Accuracy": 0.9960000000000002,
                    "Recall": 1.0
                },
                "Q": {
                    "0": 0,
                    "1": 0,
                    "2": 0,
                    "3": 0,
                    "4": 100,
                    "5": 0,
                    "Precision": 0.0,
                    "Accuracy": 0.9428571428571406,
                    "Recall": 0.0
                },
                "U": {
                    "0": 0,
                    "1": 0,
                    "2": 81,
                    "3": 0,
                    "4": 19,
                    "5": 0,
                    "Precision": 0.405,
                    "Accuracy": 0.9660000000000001,
                    "Recall": 0.81
                }
            }
        }
    }
}