{
    "090neg": {
        "10": {
            "2.5": {
                "P": {
                    "0": 100,
                    "1": 0,
                    "2": 0,
                    "3": 0,
                    "4": 0,
                    "5": 0,
                    "Precision": 1.0,
                    "Accuracy": 1.0,
                    "Recall": 1.0
                },
                "Q": {
                    "0": 78,
                    "1": 4,
                    "2": 1,
                    "3": 13,
                    "4": 0,
                    "5": 4,
                    "Precision": 0.89,
                    "Accuracy": 0.9848571428571427,
                    "Recall": 0.8716666666666667
                },
                "U": {
                    "0": 2,
                    "1": 0,
                    "2": 98,
                    "3": 0,
                    "4": 0,
                    "5": 0,
                    "Precision": 0.51,
                    "Accuracy": 0.9720000000000002,
                    "Recall": 1.0
                }
            }
        }
    },
    "090pos": {
        "10": {
            "2.5": {
                "P": {
                    "0": 82,
                    "1": 18,
                    "2": 0,
                    "3": 0,
                    "4": 0,
                    "5": 0,
                    "Precision": 1.0,
                    "Accuracy": 0.9948571428571428,
                    "Recall": 0.9400000000000002
                },
                "Q": {
                    "0": 38,
                    "1": 17,
                    "2": 1,
                    "3": 8,
                    "4": 0,
                    "5": 36,
                    "Precision": 0.595,
                    "Accuracy": 0.948,
                    "Recall": 0.5375
                },
                "U": {
                    "0": 0,
                    "1": 1,
                    "2": 0,
                    "3": 99,
                    "4": 0,
                    "5": 0,
                    "Precision": 0.505,
                    "Accuracy": 0.9431428571428551,
                    "Recall": 0.5016666666666666
                }
            }
        }
    },
    "100pos": {
        "10": {
            "2.5": {
                "P": {
                    "0": 100,
                    "1": 0,
                    "2": 0,
                    "3": 0,
                    "4": 0,
                    "5": 0,
                    "Precision": 1.0,
                    "Accuracy": 1.0,
                    "Recall": 1.0
                },
                "Q": {
                    "0": 0,
                    "1": 0,
                    "2": 0,
                    "3": 0,
                    "4": 100,
                    "5": 0,
                    "Precision": 0.0,
                    "Accuracy": 0.9428571428571406,
                    "Recall": 0.0
                },
                "U": {
                    "0": 25,
                    "1": 0,
                    "2": 75,
                    "3": 0,
                    "4": 0,
                    "5": 0,
                    "Precision": 0.625,
                    "Accuracy": 0.9785714285714286,
                    "Recall": 1.0
                }
            }
        }
    }
}