{
    "090neg": {
        "10": {
            "2.5": {
                "P": {
                    "0": 100,
                    "1": 0,
                    "2": 0,
                    "3": 0,
                    "4": 0,
                    "5": 0,
                    "Precision": 1.0,
                    "Accuracy": 1.0,
                    "Recall": 1.0
                },
                "Q": {
                    "0": 56,
                    "1": 3,
                    "2": 0,
                    "3": 26,
                    "4": 0,
                    "5": 15,
                    "Precision": 0.72,
                    "Accuracy": 0.9617142857142852,
                    "Recall": 0.6783333333333336
                },
                "U": {
                    "0": 0,
                    "1": 0,
                    "2": 100,
                    "3": 0,
                    "4": 0,
                    "5": 0,
                    "Precision": 0.5,
                    "Accuracy": 0.9714285714285715,
                    "Recall": 1.0
                }
            }
        }
    },
    "090pos": {
        "10": {
            "2.5": {
                "P": {
                    "0": 6,
                    "1": 94,
                    "2": 0,
                    "3": 0,
                    "4": 0,
                    "5": 0,
                    "Precision": 1.0,
                    "Accuracy": 0.9731428571428573,
                    "Recall": 0.6866666666666663
                },
                "Q": {
                    "0": 21,
                    "1": 36,
                    "2": 0,
                    "3": 0,
                    "4": 0,
                    "5": 43,
                    "Precision": 0.57,
                    "Accuracy": 0.9405714285714285,
                    "Recall": 0.44999999999999984
                },
                "U": {
                    "0": 0,
                    "1": 0,
                    "2": 57,
                    "3": 43,
                    "4": 0,
                    "5": 0,
                    "Precision": 0.5,
                    "Accuracy": 0.9591428571428561,
                    "Recall": 0.785
                }
            }
        }
    },
    "100pos": {
        "10": {
            "2.5": {
                "P": {
                    "0": 100,
                    "1": 0,
                    "2": 0,
                    "3": 0,
                    "4": 0,
                    "5": 0,
                    "Precision": 1.0,
                    "Accuracy": 1.0,
                    "Recall": 1.0
                },
                "Q": {
                    "0": 0,
                    "1": 0,
                    "2": 0,
                    "3": 0,
                    "4": 100,
                    "5": 0,
                    "Precision": 0.0,
                    "Accuracy": 0.9428571428571406,
                    "Recall": 0.0
                },
                "U": {
                    "0": 14,
                    "1": 0,
                    "2": 86,
                    "3": 0,
                    "4": 0,
                    "5": 0,
                    "Precision": 0.57,
                    "Accuracy": 0.9754285714285715,
                    "Recall": 1.0
                }
            }
        }
    }
}