{
    "090neg": {
        "10": {
            "2.5": {
                "P": {
                    "0": 80,
                    "1": 0,
                    "2": 17,
                    "3": 0,
                    "4": 3,
                    "5": 0,
                    "Precision": 0.885,
                    "Accuracy": 0.9934285714285714,
                    "Recall": 0.97
                },
                "Q": {
                    "0": 93,
                    "1": 0,
                    "2": 7,
                    "3": 0,
                    "4": 0,
                    "5": 0,
                    "Precision": 0.965,
                    "Accuracy": 0.998,
                    "Recall": 1.0
                },
                "U": {
                    "0": 93,
                    "1": 0,
                    "2": 7,
                    "3": 0,
                    "4": 0,
                    "5": 0,
                    "Precision": 0.965,
                    "Accuracy": 0.9980000000000001,
                    "Recall": 1.0
                }
            }
        }
    },
    "090pos": {
        "10": {
            "2.5": {
                "P": {
                    "0": 84,
                    "1": 0,
                    "2": 16,
                    "3": 0,
                    "4": 0,
                    "5": 0,
                    "Precision": 0.92,
                    "Accuracy": 0.9954285714285714,
                    "Recall": 1.0
                },
                "Q": {
                    "0": 85,
                    "1": 0,
                    "2": 15,
                    "3": 0,
                    "4": 0,
                    "5": 0,
                    "Precision": 0.925,
                    "Accuracy": 0.9957142857142857,
                    "Recall": 1.0
                },
                "U": {
                    "0": 100,
                    "1": 0,
                    "2": 0,
                    "3": 0,
                    "4": 0,
                    "5": 0,
                    "Precision": 1.0,
                    "Accuracy": 1.0,
                    "Recall": 1.0
                }
            }
        }
    },
    "100pos": {
        "10": {
            "2.5": {
                "P": {
                    "0": 84,
                    "1": 0,
                    "2": 16,
                    "3": 0,
                    "4": 0,
                    "5": 0,
                    "Precision": 0.92,
                    "Accuracy": 0.9954285714285714,
                    "Recall": 1.0
                },
                "Q": {
                    "0": 0,
                    "1": 0,
                    "2": 0,
                    "3": 0,
                    "4": 0,
                    "5": 100,
                    "Precision": 0.0,
                    "Accuracy": 0.885714285714286,
                    "Recall": 0.0
                },
                "U": {
                    "0": 83,
                    "1": 0,
                    "2": 17,
                    "3": 0,
                    "4": 0,
                    "5": 0,
                    "Precision": 0.915,
                    "Accuracy": 0.9951428571428572,
                    "Recall": 1.0
                }
            }
        }
    }
}