{
    "090neg": {
        "10": {
            "2.5": {
                "P": {
                    "0": 77,
                    "1": 0,
                    "2": 23,
                    "3": 0,
                    "4": 0,
                    "5": 0,
                    "Precision": 0.885,
                    "Accuracy": 0.9934285714285715,
                    "Recall": 1.0
                },
                "Q": {
                    "0": 67,
                    "1": 2,
                    "2": 5,
                    "3": 20,
                    "4": 0,
                    "5": 6,
                    "Precision": 0.815,
                    "Accuracy": 0.9788571428571428,
                    "Recall": 0.8283333333333335
                },
                "U": {
                    "0": 4,
                    "1": 0,
                    "2": 96,
                    "3": 0,
                    "4": 0,
                    "5": 0,
                    "Precision": 0.52,
                    "Accuracy": 0.9725714285714286,
                    "Recall": 1.0
                }
            }
        }
    },
    "090pos": {
        "10": {
            "2.5": {
                "P": {
                    "0": 100,
                    "1": 0,
                    "2": 0,
                    "3": 0,
                    "4": 0,
                    "5": 0,
                    "Precision": 1.0,
                    "Accuracy": 1.0,
                    "Recall": 1.0
                },
                "Q": {
                    "0": 62,
                    "1": 0,
                    "2": 0,
                    "3": 6,
                    "4": 0,
                    "5": 32,
                    "Precision": 0.65,
                    "Accuracy": 0.9582857142857142,
                    "Recall": 0.6400000000000001
                },
                "U": {
                    "0": 8,
                    "1": 0,
                    "2": 92,
                    "3": 0,
                    "4": 0,
                    "5": 0,
                    "Precision": 0.54,
                    "Accuracy": 0.9737142857142858,
                    "Recall": 1.0
                }
            }
        }
    },
    "100pos": {
        "10": {
            "2.5": {
                "P": {
                    "0": 100,
                    "1": 0,
                    "2": 0,
                    "3": 0,
                    "4": 0,
                    "5": 0,
                    "Precision": 1.0,
                    "Accuracy": 1.0,
                    "Recall": 1.0
                },
                "Q": {
                    "0": 0,
                    "1": 0,
                    "2": 0,
                    "3": 0,
                    "4": 100,
                    "5": 0,
                    "Precision": 0.0,
                    "Accuracy": 0.9428571428571406,
                    "Recall": 0.0
                },
                "U": {
                    "0": 26,
                    "1": 0,
                    "2": 74,
                    "3": 0,
                    "4": 0,
                    "5": 0,
                    "Precision": 0.63,
                    "Accuracy": 0.978857142857143,
                    "Recall": 1.0
                }
            }
        }
    }
}