{
    "090neg": {
        "10": {
            "2.5": {
                "P": {
                    "0": 90,
                    "1": 0,
                    "2": 1,
                    "3": 0,
                    "4": 9,
                    "5": 0,
                    "Precision": 0.905,
                    "Accuracy": 0.9945714285714284,
                    "Recall": 0.91
                },
                "Q": {
                    "0": 100,
                    "1": 0,
                    "2": 0,
                    "3": 0,
                    "4": 0,
                    "5": 0,
                    "Precision": 1.0,
                    "Accuracy": 1.0,
                    "Recall": 1.0
                },
                "U": {
                    "0": 100,
                    "1": 0,
                    "2": 0,
                    "3": 0,
                    "4": 0,
                    "5": 0,
                    "Precision": 1.0,
                    "Accuracy": 1.0,
                    "Recall": 1.0
                }
            }
        }
    },
    "090pos": {
        "10": {
            "2.5": {
                "P": {
                    "0": 97,
                    "1": 0,
                    "2": 3,
                    "3": 0,
                    "4": 0,
                    "5": 0,
                    "Precision": 0.985,
                    "Accuracy": 0.9991428571428571,
                    "Recall": 1.0
                },
                "Q": {
                    "0": 82,
                    "1": 0,
                    "2": 18,
                    "3": 0,
                    "4": 0,
                    "5": 0,
                    "Precision": 0.91,
                    "Accuracy": 0.9948571428571428,
                    "Recall": 1.0
                },
                "U": {
                    "0": 100,
                    "1": 0,
                    "2": 0,
                    "3": 0,
                    "4": 0,
                    "5": 0,
                    "Precision": 1.0,
                    "Accuracy": 1.0,
                    "Recall": 1.0
                }
            }
        }
    },
    "100pos": {
        "10": {
            "2.5": {
                "P": {
                    "0": 0,
                    "1": 100,
                    "2": 0,
                    "3": 0,
                    "4": 0,
                    "5": 0,
                    "Precision": 1.0,
                    "Accuracy": 0.9714285714285715,
                    "Recall": 0.6666666666666659
                },
                "Q": {
                    "0": 0,
                    "1": 0,
                    "2": 0,
                    "3": 0,
                    "4": 100,
                    "5": 0,
                    "Precision": 0.0,
                    "Accuracy": 0.9428571428571406,
                    "Recall": 0.0
                },
                "U": {
                    "0": 0,
                    "1": 0,
                    "2": 0,
                    "3": 0,
                    "4": 100,
                    "5": 0,
                    "Precision": 0.0,
                    "Accuracy": 0.9428571428571406,
                    "Recall": 0.0
                }
            }
        }
    }
}