{
    "090neg": {
        "10": {
            "2.5": {
                "P": {
                    "0": 62,
                    "1": 7,
                    "2": 30,
                    "3": 1,
                    "4": 0,
                    "5": 0,
                    "Precision": 0.845,
                    "Accuracy": 0.988857142857143,
                    "Recall": 0.9716666666666667
                },
                "Q": {
                    "0": 88,
                    "1": 12,
                    "2": 0,
                    "3": 0,
                    "4": 0,
                    "5": 0,
                    "Precision": 1.0,
                    "Accuracy": 0.9965714285714289,
                    "Recall": 0.9600000000000003
                },
                "U": {
                    "0": 0,
                    "1": 49,
                    "2": 0,
                    "3": 45,
                    "4": 0,
                    "5": 6,
                    "Precision": 0.715,
                    "Accuracy": 0.9534285714285703,
                    "Recall": 0.5516666666666663
                }
            }
        }
    },
    "090pos": {
        "10": {
            "2.5": {
                "P": {
                    "0": 23,
                    "1": 0,
                    "2": 0,
                    "3": 0,
                    "4": 77,
                    "5": 0,
                    "Precision": 0.23,
                    "Accuracy": 0.9559999999999986,
                    "Recall": 0.23
                },
                "Q": {
                    "0": 98,
                    "1": 0,
                    "2": 2,
                    "3": 0,
                    "4": 0,
                    "5": 0,
                    "Precision": 0.99,
                    "Accuracy": 0.9994285714285716,
                    "Recall": 1.0
                },
                "U": {
                    "0": 54,
                    "1": 0,
                    "2": 40,
                    "3": 0,
                    "4": 6,
                    "5": 0,
                    "Precision": 0.74,
                    "Accuracy": 0.9851428571428572,
                    "Recall": 0.94
                }
            }
        }
    },
    "100pos": {
        "10": {
            "2.5": {
                "P": {
                    "0": 73,
                    "1": 0,
                    "2": 27,
                    "3": 0,
                    "4": 0,
                    "5": 0,
                    "Precision": 0.865,
                    "Accuracy": 0.9922857142857144,
                    "Recall": 1.0
                },
                "Q": {
                    "0": 0,
                    "1": 0,
                    "2": 0,
                    "3": 0,
                    "4": 0,
                    "5": 100,
                    "Precision": 0.0,
                    "Accuracy": 0.885714285714286,
                    "Recall": 0.0
                },
                "U": {
                    "0": 32,
                    "1": 0,
                    "2": 49,
                    "3": 0,
                    "4": 10,
                    "5": 9,
                    "Precision": 0.565,
                    "Accuracy": 0.9700000000000002,
                    "Recall": 0.81
                }
            }
        }
    }
}