{
    "090neg": {
        "10": {
            "2.5": {
                "P": {
                    "0": 77,
                    "1": 7,
                    "2": 8,
                    "3": 8,
                    "4": 0,
                    "5": 0,
                    "Precision": 0.92,
                    "Accuracy": 0.9911428571428567,
                    "Recall": 0.9366666666666665
                },
                "Q": {
                    "0": 9,
                    "1": 18,
                    "2": 44,
                    "3": 29,
                    "4": 0,
                    "5": 0,
                    "Precision": 0.635,
                    "Accuracy": 0.9634285714285704,
                    "Recall": 0.7816666666666664
                },
                "U": {
                    "0": 0,
                    "1": 0,
                    "2": 18,
                    "3": 79,
                    "4": 0,
                    "5": 3,
                    "Precision": 0.485,
                    "Accuracy": 0.946285714285713,
                    "Recall": 0.575
                }
            }
        }
    },
    "090pos": {
        "10": {
            "2.5": {
                "P": {
                    "0": 82,
                    "1": 0,
                    "2": 6,
                    "3": 0,
                    "4": 12,
                    "5": 0,
                    "Precision": 0.85,
                    "Accuracy": 0.9914285714285711,
                    "Recall": 0.88
                },
                "Q": {
                    "0": 30,
                    "1": 0,
                    "2": 66,
                    "3": 4,
                    "4": 0,
                    "5": 0,
                    "Precision": 0.65,
                    "Accuracy": 0.9782857142857146,
                    "Recall": 0.9766666666666667
                },
                "U": {
                    "0": 0,
                    "1": 0,
                    "2": 100,
                    "3": 0,
                    "4": 0,
                    "5": 0,
                    "Precision": 0.5,
                    "Accuracy": 0.9714285714285715,
                    "Recall": 1.0
                }
            }
        }
    },
    "100pos": {
        "10": {
            "2.5": {
                "P": {
                    "0": 91,
                    "1": 0,
                    "2": 9,
                    "3": 0,
                    "4": 0,
                    "5": 0,
                    "Precision": 0.955,
                    "Accuracy": 0.9974285714285717,
                    "Recall": 1.0
                },
                "Q": {
                    "0": 0,
                    "1": 0,
                    "2": 0,
                    "3": 0,
                    "4": 100,
                    "5": 0,
                    "Precision": 0.0,
                    "Accuracy": 0.9428571428571406,
                    "Recall": 0.0
                },
                "U": {
                    "0": 0,
                    "1": 0,
                    "2": 100,
                    "3": 0,
                    "4": 0,
                    "5": 0,
                    "Precision": 0.5,
                    "Accuracy": 0.9714285714285715,
                    "Recall": 1.0
                }
            }
        }
    }
}