{
    "090neg": {
        "10": {
            "2.5": {
                "P": {
                    "0": 77,
                    "1": 0,
                    "2": 23,
                    "3": 0,
                    "4": 0,
                    "5": 0,
                    "Precision": 0.885,
                    "Accuracy": 0.9934285714285714,
                    "Recall": 1.0
                },
                "Q": {
                    "0": 41,
                    "1": 0,
                    "2": 59,
                    "3": 0,
                    "4": 0,
                    "5": 0,
                    "Precision": 0.705,
                    "Accuracy": 0.983142857142857,
                    "Recall": 1.0
                },
                "U": {
                    "0": 14,
                    "1": 0,
                    "2": 86,
                    "3": 0,
                    "4": 0,
                    "5": 0,
                    "Precision": 0.57,
                    "Accuracy": 0.9754285714285714,
                    "Recall": 1.0
                }
            }
        }
    },
    "090pos": {
        "10": {
            "2.5": {
                "P": {
                    "0": 78,
                    "1": 0,
                    "2": 22,
                    "3": 0,
                    "4": 0,
                    "5": 0,
                    "Precision": 0.89,
                    "Accuracy": 0.9937142857142857,
                    "Recall": 1.0
                },
                "Q": {
                    "0": 40,
                    "1": 1,
                    "2": 59,
                    "3": 0,
                    "4": 0,
                    "5": 0,
                    "Precision": 0.705,
                    "Accuracy": 0.9828571428571429,
                    "Recall": 0.9966666666666667
                },
                "U": {
                    "0": 6,
                    "1": 0,
                    "2": 94,
                    "3": 0,
                    "4": 0,
                    "5": 0,
                    "Precision": 0.53,
                    "Accuracy": 0.9731428571428572,
                    "Recall": 1.0
                }
            }
        }
    },
    "100pos": {
        "10": {
            "2.5": {
                "P": {
                    "0": 69,
                    "1": 0,
                    "2": 31,
                    "3": 0,
                    "4": 0,
                    "5": 0,
                    "Precision": 0.845,
                    "Accuracy": 0.991142857142857,
                    "Recall": 1.0
                },
                "Q": {
                    "0": 0,
                    "1": 0,
                    "2": 0,
                    "3": 0,
                    "4": 0,
                    "5": 100,
                    "Precision": 0.0,
                    "Accuracy": 0.885714285714286,
                    "Recall": 0.0
                },
                "U": {
                    "0": 12,
                    "1": 0,
                    "2": 88,
                    "3": 0,
                    "4": 0,
                    "5": 0,
                    "Precision": 0.56,
                    "Accuracy": 0.9748571428571431,
                    "Recall": 1.0
                }
            }
        }
    }
}