{
    "090neg": {
        "10": {
            "2.5": {
                "P": {
                    "0": 55,
                    "1": 0,
                    "2": 15,
                    "3": 0,
                    "4": 30,
                    "5": 0,
                    "Precision": 0.625,
                    "Accuracy": 0.9785714285714276,
                    "Recall": 0.7
                },
                "Q": {
                    "0": 54,
                    "1": 2,
                    "2": 41,
                    "3": 3,
                    "4": 0,
                    "5": 0,
                    "Precision": 0.78,
                    "Accuracy": 0.9860000000000001,
                    "Recall": 0.9783333333333334
                },
                "U": {
                    "0": 3,
                    "1": 0,
                    "2": 65,
                    "3": 0,
                    "4": 32,
                    "5": 0,
                    "Precision": 0.355,
                    "Accuracy": 0.9631428571428564,
                    "Recall": 0.68
                }
            }
        }
    },
    "090pos": {
        "10": {
            "2.5": {
                "P": {
                    "0": 46,
                    "1": 22,
                    "2": 30,
                    "3": 2,
                    "4": 0,
                    "5": 0,
                    "Precision": 0.84,
                    "Accuracy": 0.9840000000000002,
                    "Recall": 0.916666666666667
                },
                "Q": {
                    "0": 37,
                    "1": 0,
                    "2": 63,
                    "3": 0,
                    "4": 0,
                    "5": 0,
                    "Precision": 0.685,
                    "Accuracy": 0.9820000000000002,
                    "Recall": 1.0
                },
                "U": {
                    "0": 3,
                    "1": 0,
                    "2": 68,
                    "3": 0,
                    "4": 29,
                    "5": 0,
                    "Precision": 0.37,
                    "Accuracy": 0.9639999999999991,
                    "Recall": 0.71
                }
            }
        }
    },
    "100pos": {
        "10": {
            "2.5": {
                "P": {
                    "0": 79,
                    "1": 0,
                    "2": 5,
                    "3": 0,
                    "4": 16,
                    "5": 0,
                    "Precision": 0.815,
                    "Accuracy": 0.9894285714285709,
                    "Recall": 0.84
                },
                "Q": {
                    "0": 0,
                    "1": 0,
                    "2": 0,
                    "3": 0,
                    "4": 0,
                    "5": 100,
                    "Precision": 0.0,
                    "Accuracy": 0.885714285714286,
                    "Recall": 0.0
                },
                "U": {
                    "0": 2,
                    "1": 0,
                    "2": 52,
                    "3": 4,
                    "4": 20,
                    "5": 22,
                    "Precision": 0.3,
                    "Accuracy": 0.946285714285714,
                    "Recall": 0.56
                }
            }
        }
    }
}