{
    "090neg": {
        "10": {
            "2.5": {
                "P": {
                    "0": 61,
                    "1": 0,
                    "2": 39,
                    "3": 0,
                    "4": 0,
                    "5": 0,
                    "Precision": 0.805,
                    "Accuracy": 0.9888571428571431,
                    "Recall": 1.0
                },
                "Q": {
                    "0": 38,
                    "1": 0,
                    "2": 62,
                    "3": 0,
                    "4": 0,
                    "5": 0,
                    "Precision": 0.69,
                    "Accuracy": 0.9822857142857144,
                    "Recall": 1.0
                },
                "U": {
                    "0": 5,
                    "1": 0,
                    "2": 95,
                    "3": 0,
                    "4": 0,
                    "5": 0,
                    "Precision": 0.525,
                    "Accuracy": 0.9728571428571431,
                    "Recall": 1.0
                }
            }
        }
    },
    "090pos": {
        "10": {
            "2.5": {
                "P": {
                    "0": 35,
                    "1": 0,
                    "2": 29,
                    "3": 0,
                    "4": 36,
                    "5": 0,
                    "Precision": 0.495,
                    "Accuracy": 0.9711428571428564,
                    "Recall": 0.64
                },
                "Q": {
                    "0": 29,
                    "1": 1,
                    "2": 68,
                    "3": 2,
                    "4": 0,
                    "5": 0,
                    "Precision": 0.65,
                    "Accuracy": 0.9791428571428572,
                    "Recall": 0.9866666666666667
                },
                "U": {
                    "0": 9,
                    "1": 0,
                    "2": 91,
                    "3": 0,
                    "4": 0,
                    "5": 0,
                    "Precision": 0.545,
                    "Accuracy": 0.9740000000000002,
                    "Recall": 1.0
                }
            }
        }
    },
    "100pos": {
        "10": {
            "2.5": {
                "P": {
                    "0": 80,
                    "1": 4,
                    "2": 10,
                    "3": 6,
                    "4": 0,
                    "5": 0,
                    "Precision": 0.92,
                    "Accuracy": 0.9925714285714285,
                    "Recall": 0.9566666666666669
                },
                "Q": {
                    "0": 0,
                    "1": 0,
                    "2": 0,
                    "3": 0,
                    "4": 100,
                    "5": 0,
                    "Precision": 0.0,
                    "Accuracy": 0.9428571428571406,
                    "Recall": 0.0
                },
                "U": {
                    "0": 2,
                    "1": 0,
                    "2": 98,
                    "3": 0,
                    "4": 0,
                    "5": 0,
                    "Precision": 0.51,
                    "Accuracy": 0.972,
                    "Recall": 1.0
                }
            }
        }
    }
}