{
    "090neg": {
        "10": {
            "2.5": {
                "P": {
                    "0": 2,
                    "1": 0,
                    "2": 0,
                    "3": 0,
                    "4": 98,
                    "5": 0,
                    "Precision": 0.02,
                    "Accuracy": 0.943999999999998,
                    "Recall": 0.02
                },
                "Q": {
                    "0": 100,
                    "1": 0,
                    "2": 0,
                    "3": 0,
                    "4": 0,
                    "5": 0,
                    "Precision": 1.0,
                    "Accuracy": 1.0,
                    "Recall": 1.0
                },
                "U": {
                    "0": 47,
                    "1": 0,
                    "2": 40,
                    "3": 0,
                    "4": 13,
                    "5": 0,
                    "Precision": 0.67,
                    "Accuracy": 0.981142857142857,
                    "Recall": 0.87
                }
            }
        }
    },
    "090pos": {
        "10": {
            "2.5": {
                "P": {
                    "0": 97,
                    "1": 0,
                    "2": 3,
                    "3": 0,
                    "4": 0,
                    "5": 0,
                    "Precision": 0.985,
                    "Accuracy": 0.9991428571428571,
                    "Recall": 1.0
                },
                "Q": {
                    "0": 95,
                    "1": 0,
                    "2": 5,
                    "3": 0,
                    "4": 0,
                    "5": 0,
                    "Precision": 0.975,
                    "Accuracy": 0.9985714285714284,
                    "Recall": 1.0
                },
                "U": {
                    "0": 50,
                    "1": 0,
                    "2": 45,
                    "3": 0,
                    "4": 5,
                    "5": 0,
                    "Precision": 0.725,
                    "Accuracy": 0.9842857142857143,
                    "Recall": 0.95
                }
            }
        }
    },
    "100pos": {
        "10": {
            "2.5": {
                "P": {
                    "0": 100,
                    "1": 0,
                    "2": 0,
                    "3": 0,
                    "4": 0,
                    "5": 0,
                    "Precision": 1.0,
                    "Accuracy": 1.0,
                    "Recall": 1.0
                },
                "Q": {
                    "0": 0,
                    "1": 0,
                    "2": 0,
                    "3": 0,
                    "4": 100,
                    "5": 0,
                    "Precision": 0.0,
                    "Accuracy": 0.9428571428571406,
                    "Recall": 0.0
                },
                "U": {
                    "0": 33,
                    "1": 0,
                    "2": 52,
                    "3": 0,
                    "4": 15,
                    "5": 0,
                    "Precision": 0.59,
                    "Accuracy": 0.9765714285714284,
                    "Recall": 0.85
                }
            }
        }
    }
}