{
    "090neg": {
        "10": {
            "2.5": {
                "P": {
                    "0": 7,
                    "1": 74,
                    "2": 2,
                    "3": 10,
                    "4": 7,
                    "5": 0,
                    "Precision": 0.87,
                    "Accuracy": 0.9522857142857126,
                    "Recall": 0.5383333333333333
                },
                "Q": {
                    "0": 18,
                    "1": 10,
                    "2": 25,
                    "3": 47,
                    "4": 0,
                    "5": 0,
                    "Precision": 0.64,
                    "Accuracy": 0.9619999999999987,
                    "Recall": 0.7249999999999999
                },
                "U": {
                    "0": 0,
                    "1": 0,
                    "2": 0,
                    "3": 71,
                    "4": 0,
                    "5": 29,
                    "Precision": 0.355,
                    "Accuracy": 0.9094285714285699,
                    "Recall": 0.2566666666666665
                }
            }
        }
    },
    "090pos": {
        "10": {
            "2.5": {
                "P": {
                    "0": 92,
                    "1": 0,
                    "2": 8,
                    "3": 0,
                    "4": 0,
                    "5": 0,
                    "Precision": 0.96,
                    "Accuracy": 0.9977142857142858,
                    "Recall": 1.0
                },
                "Q": {
                    "0": 19,
                    "1": 0,
                    "2": 78,
                    "3": 3,
                    "4": 0,
                    "5": 0,
                    "Precision": 0.595,
                    "Accuracy": 0.976,
                    "Recall": 0.985
                },
                "U": {
                    "0": 0,
                    "1": 0,
                    "2": 100,
                    "3": 0,
                    "4": 0,
                    "5": 0,
                    "Precision": 0.5,
                    "Accuracy": 0.9714285714285715,
                    "Recall": 1.0
                }
            }
        }
    },
    "100pos": {
        "10": {
            "2.5": {
                "P": {
                    "0": 32,
                    "1": 50,
                    "2": 14,
                    "3": 4,
                    "4": 0,
                    "5": 0,
                    "Precision": 0.91,
                    "Accuracy": 0.9794285714285716,
                    "Recall": 0.8133333333333336
                },
                "Q": {
                    "0": 0,
                    "1": 0,
                    "2": 0,
                    "3": 0,
                    "4": 0,
                    "5": 100,
                    "Precision": 0.0,
                    "Accuracy": 0.885714285714286,
                    "Recall": 0.0
                },
                "U": {
                    "0": 0,
                    "1": 0,
                    "2": 0,
                    "3": 100,
                    "4": 0,
                    "5": 0,
                    "Precision": 0.5,
                    "Accuracy": 0.9428571428571406,
                    "Recall": 0.5
                }
            }
        }
    }
}