{
    "090neg": {
        "10": {
            "2.5": {
                "P": {
                    "0": 100,
                    "1": 0,
                    "2": 0,
                    "3": 0,
                    "4": 0,
                    "5": 0,
                    "Precision": 1.0,
                    "Accuracy": 1.0,
                    "Recall": 1.0
                },
                "Q": {
                    "0": 51,
                    "1": 0,
                    "2": 6,
                    "3": 32,
                    "4": 0,
                    "5": 11,
                    "Precision": 0.7,
                    "Accuracy": 0.9648571428571422,
                    "Recall": 0.715
                },
                "U": {
                    "0": 1,
                    "1": 0,
                    "2": 87,
                    "3": 0,
                    "4": 12,
                    "5": 0,
                    "Precision": 0.445,
                    "Accuracy": 0.9682857142857141,
                    "Recall": 0.88
                }
            }
        }
    },
    "090pos": {
        "10": {
            "2.5": {
                "P": {
                    "0": 100,
                    "1": 0,
                    "2": 0,
                    "3": 0,
                    "4": 0,
                    "5": 0,
                    "Precision": 1.0,
                    "Accuracy": 1.0,
                    "Recall": 1.0
                },
                "Q": {
                    "0": 55,
                    "1": 1,
                    "2": 2,
                    "3": 7,
                    "4": 0,
                    "5": 35,
                    "Precision": 0.605,
                    "Accuracy": 0.9534285714285713,
                    "Recall": 0.6016666666666667
                },
                "U": {
                    "0": 1,
                    "1": 0,
                    "2": 87,
                    "3": 0,
                    "4": 12,
                    "5": 0,
                    "Precision": 0.445,
                    "Accuracy": 0.9682857142857142,
                    "Recall": 0.88
                }
            }
        }
    },
    "100pos": {
        "10": {
            "2.5": {
                "P": {
                    "0": 100,
                    "1": 0,
                    "2": 0,
                    "3": 0,
                    "4": 0,
                    "5": 0,
                    "Precision": 1.0,
                    "Accuracy": 1.0,
                    "Recall": 1.0
                },
                "Q": {
                    "0": 0,
                    "1": 0,
                    "2": 0,
                    "3": 0,
                    "4": 100,
                    "5": 0,
                    "Precision": 0.0,
                    "Accuracy": 0.9428571428571406,
                    "Recall": 0.0
                },
                "U": {
                    "0": 4,
                    "1": 0,
                    "2": 89,
                    "3": 0,
                    "4": 7,
                    "5": 0,
                    "Precision": 0.485,
                    "Accuracy": 0.9705714285714283,
                    "Recall": 0.93
                }
            }
        }
    }
}