{
    "090neg": {
        "10": {
            "2.5": {
                "P": {
                    "0": 48,
                    "1": 0,
                    "2": 18,
                    "3": 0,
                    "4": 34,
                    "5": 0,
                    "Precision": 0.57,
                    "Accuracy": 0.9754285714285712,
                    "Recall": 0.66
                },
                "Q": {
                    "0": 41,
                    "1": 0,
                    "2": 58,
                    "3": 1,
                    "4": 0,
                    "5": 0,
                    "Precision": 0.705,
                    "Accuracy": 0.9828571428571429,
                    "Recall": 0.995
                },
                "U": {
                    "0": 0,
                    "1": 0,
                    "2": 99,
                    "3": 0,
                    "4": 1,
                    "5": 0,
                    "Precision": 0.495,
                    "Accuracy": 0.9711428571428571,
                    "Recall": 0.99
                }
            }
        }
    },
    "090pos": {
        "10": {
            "2.5": {
                "P": {
                    "0": 73,
                    "1": 0,
                    "2": 27,
                    "3": 0,
                    "4": 0,
                    "5": 0,
                    "Precision": 0.865,
                    "Accuracy": 0.9922857142857144,
                    "Recall": 1.0
                },
                "Q": {
                    "0": 54,
                    "1": 0,
                    "2": 46,
                    "3": 0,
                    "4": 0,
                    "5": 0,
                    "Precision": 0.77,
                    "Accuracy": 0.9868571428571431,
                    "Recall": 1.0
                },
                "U": {
                    "0": 10,
                    "1": 0,
                    "2": 90,
                    "3": 0,
                    "4": 0,
                    "5": 0,
                    "Precision": 0.55,
                    "Accuracy": 0.9742857142857144,
                    "Recall": 1.0
                }
            }
        }
    },
    "100pos": {
        "10": {
            "2.5": {
                "P": {
                    "0": 56,
                    "1": 0,
                    "2": 43,
                    "3": 0,
                    "4": 1,
                    "5": 0,
                    "Precision": 0.775,
                    "Accuracy": 0.9871428571428572,
                    "Recall": 0.99
                },
                "Q": {
                    "0": 0,
                    "1": 0,
                    "2": 0,
                    "3": 0,
                    "4": 100,
                    "5": 0,
                    "Precision": 0.0,
                    "Accuracy": 0.9428571428571406,
                    "Recall": 0.0
                },
                "U": {
                    "0": 5,
                    "1": 0,
                    "2": 95,
                    "3": 0,
                    "4": 0,
                    "5": 0,
                    "Precision": 0.525,
                    "Accuracy": 0.9728571428571429,
                    "Recall": 1.0
                }
            }
        }
    }
}