{
    "090neg": {
        "10": {
            "2.5": {
                "P": {
                    "0": 100,
                    "1": 0,
                    "2": 0,
                    "3": 0,
                    "4": 0,
                    "5": 0,
                    "Precision": 1.0,
                    "Accuracy": 1.0,
                    "Recall": 1.0
                },
                "Q": {
                    "0": 53,
                    "1": 1,
                    "2": 1,
                    "3": 37,
                    "4": 0,
                    "5": 8,
                    "Precision": 0.73,
                    "Accuracy": 0.9668571428571423,
                    "Recall": 0.7183333333333333
                },
                "U": {
                    "0": 1,
                    "1": 0,
                    "2": 80,
                    "3": 0,
                    "4": 19,
                    "5": 0,
                    "Precision": 0.41,
                    "Accuracy": 0.9662857142857142,
                    "Recall": 0.81
                }
            }
        }
    },
    "090pos": {
        "10": {
            "2.5": {
                "P": {
                    "0": 98,
                    "1": 0,
                    "2": 2,
                    "3": 0,
                    "4": 0,
                    "5": 0,
                    "Precision": 0.99,
                    "Accuracy": 0.9994285714285716,
                    "Recall": 1.0
                },
                "Q": {
                    "0": 55,
                    "1": 3,
                    "2": 2,
                    "3": 9,
                    "4": 0,
                    "5": 31,
                    "Precision": 0.635,
                    "Accuracy": 0.9562857142857143,
                    "Recall": 0.6250000000000001
                },
                "U": {
                    "0": 0,
                    "1": 0,
                    "2": 82,
                    "3": 0,
                    "4": 18,
                    "5": 0,
                    "Precision": 0.41,
                    "Accuracy": 0.9662857142857139,
                    "Recall": 0.82
                }
            }
        }
    },
    "100pos": {
        "10": {
            "2.5": {
                "P": {
                    "0": 100,
                    "1": 0,
                    "2": 0,
                    "3": 0,
                    "4": 0,
                    "5": 0,
                    "Precision": 1.0,
                    "Accuracy": 1.0,
                    "Recall": 1.0
                },
                "Q": {
                    "0": 0,
                    "1": 0,
                    "2": 0,
                    "3": 0,
                    "4": 100,
                    "5": 0,
                    "Precision": 0.0,
                    "Accuracy": 0.9428571428571406,
                    "Recall": 0.0
                },
                "U": {
                    "0": 0,
                    "1": 0,
                    "2": 84,
                    "3": 0,
                    "4": 16,
                    "5": 0,
                    "Precision": 0.42,
                    "Accuracy": 0.9668571428571424,
                    "Recall": 0.84
                }
            }
        }
    }
}