{
    "090neg": {
        "10": {
            "2.5": {
                "P": {
                    "0": 37,
                    "1": 63,
                    "2": 0,
                    "3": 0,
                    "4": 0,
                    "5": 0,
                    "Precision": 1.0,
                    "Accuracy": 0.982,
                    "Recall": 0.79
                },
                "Q": {
                    "0": 38,
                    "1": 15,
                    "2": 0,
                    "3": 38,
                    "4": 0,
                    "5": 9,
                    "Precision": 0.72,
                    "Accuracy": 0.9579999999999995,
                    "Recall": 0.6366666666666665
                },
                "U": {
                    "0": 2,
                    "1": 1,
                    "2": 88,
                    "3": 9,
                    "4": 0,
                    "5": 0,
                    "Precision": 0.515,
                    "Accuracy": 0.9694285714285715,
                    "Recall": 0.9516666666666667
                }
            }
        }
    },
    "090pos": {
        "10": {
            "2.5": {
                "P": {
                    "0": 100,
                    "1": 0,
                    "2": 0,
                    "3": 0,
                    "4": 0,
                    "5": 0,
                    "Precision": 1.0,
                    "Accuracy": 1.0,
                    "Recall": 1.0
                },
                "Q": {
                    "0": 65,
                    "1": 0,
                    "2": 0,
                    "3": 21,
                    "4": 0,
                    "5": 14,
                    "Precision": 0.755,
                    "Accuracy": 0.9688571428571422,
                    "Recall": 0.7399999999999999
                },
                "U": {
                    "0": 0,
                    "1": 0,
                    "2": 100,
                    "3": 0,
                    "4": 0,
                    "5": 0,
                    "Precision": 0.5,
                    "Accuracy": 0.9714285714285715,
                    "Recall": 1.0
                }
            }
        }
    },
    "100pos": {
        "10": {
            "2.5": {
                "P": {
                    "0": 100,
                    "1": 0,
                    "2": 0,
                    "3": 0,
                    "4": 0,
                    "5": 0,
                    "Precision": 1.0,
                    "Accuracy": 1.0,
                    "Recall": 1.0
                },
                "Q": {
                    "0": 0,
                    "1": 0,
                    "2": 0,
                    "3": 0,
                    "4": 100,
                    "5": 0,
                    "Precision": 0.0,
                    "Accuracy": 0.9428571428571406,
                    "Recall": 0.0
                },
                "U": {
                    "0": 2,
                    "1": 0,
                    "2": 98,
                    "3": 0,
                    "4": 0,
                    "5": 0,
                    "Precision": 0.51,
                    "Accuracy": 0.9720000000000002,
                    "Recall": 1.0
                }
            }
        }
    }
}