{
    "090neg": {
        "10": {
            "2.5": {
                "P": {
                    "0": 83,
                    "1": 0,
                    "2": 16,
                    "3": 0,
                    "4": 1,
                    "5": 0,
                    "Precision": 0.91,
                    "Accuracy": 0.9948571428571431,
                    "Recall": 0.99
                },
                "Q": {
                    "0": 44,
                    "1": 3,
                    "2": 40,
                    "3": 2,
                    "4": 11,
                    "5": 0,
                    "Precision": 0.68,
                    "Accuracy": 0.9802857142857135,
                    "Recall": 0.87
                },
                "U": {
                    "0": 1,
                    "1": 0,
                    "2": 33,
                    "3": 0,
                    "4": 66,
                    "5": 0,
                    "Precision": 0.175,
                    "Accuracy": 0.9528571428571407,
                    "Recall": 0.34
                }
            }
        }
    },
    "090pos": {
        "10": {
            "2.5": {
                "P": {
                    "0": 73,
                    "1": 0,
                    "2": 27,
                    "3": 0,
                    "4": 0,
                    "5": 0,
                    "Precision": 0.865,
                    "Accuracy": 0.9922857142857144,
                    "Recall": 1.0
                },
                "Q": {
                    "0": 20,
                    "1": 3,
                    "2": 38,
                    "3": 10,
                    "4": 25,
                    "5": 4,
                    "Precision": 0.47,
                    "Accuracy": 0.9634285714285705,
                    "Recall": 0.6483333333333334
                },
                "U": {
                    "0": 0,
                    "1": 0,
                    "2": 12,
                    "3": 0,
                    "4": 88,
                    "5": 0,
                    "Precision": 0.06,
                    "Accuracy": 0.9462857142857122,
                    "Recall": 0.12
                }
            }
        }
    },
    "100pos": {
        "10": {
            "2.5": {
                "P": {
                    "0": 86,
                    "1": 0,
                    "2": 12,
                    "3": 0,
                    "4": 2,
                    "5": 0,
                    "Precision": 0.92,
                    "Accuracy": 0.9954285714285713,
                    "Recall": 0.98
                },
                "Q": {
                    "0": 0,
                    "1": 0,
                    "2": 0,
                    "3": 0,
                    "4": 100,
                    "5": 0,
                    "Precision": 0.0,
                    "Accuracy": 0.9428571428571406,
                    "Recall": 0.0
                },
                "U": {
                    "0": 0,
                    "1": 0,
                    "2": 12,
                    "3": 0,
                    "4": 88,
                    "5": 0,
                    "Precision": 0.06,
                    "Accuracy": 0.9462857142857124,
                    "Recall": 0.12
                }
            }
        }
    }
}