{
    "090neg": {
        "10": {
            "2.5": {
                "P": {
                    "0": 100,
                    "1": 0,
                    "2": 0,
                    "3": 0,
                    "4": 0,
                    "5": 0,
                    "Precision": 1.0,
                    "Accuracy": 1.0,
                    "Recall": 1.0
                },
                "Q": {
                    "0": 56,
                    "1": 3,
                    "2": 0,
                    "3": 25,
                    "4": 0,
                    "5": 16,
                    "Precision": 0.715,
                    "Accuracy": 0.9637142857142851,
                    "Recall": 0.6883333333333335
                },
                "U": {
                    "0": 1,
                    "1": 0,
                    "2": 99,
                    "3": 0,
                    "4": 0,
                    "5": 0,
                    "Precision": 0.505,
                    "Accuracy": 0.9717142857142858,
                    "Recall": 1.0
                }
            }
        }
    },
    "090pos": {
        "10": {
            "2.5": {
                "P": {
                    "0": 24,
                    "1": 75,
                    "2": 1,
                    "3": 0,
                    "4": 0,
                    "5": 0,
                    "Precision": 0.995,
                    "Accuracy": 0.9782857142857145,
                    "Recall": 0.7499999999999996
                },
                "Q": {
                    "0": 31,
                    "1": 38,
                    "2": 0,
                    "3": 6,
                    "4": 0,
                    "5": 25,
                    "Precision": 0.72,
                    "Accuracy": 0.9551428571428573,
                    "Recall": 0.5824999999999997
                },
                "U": {
                    "0": 0,
                    "1": 0,
                    "2": 37,
                    "3": 63,
                    "4": 0,
                    "5": 0,
                    "Precision": 0.5,
                    "Accuracy": 0.9534285714285702,
                    "Recall": 0.685
                }
            }
        }
    },
    "100pos": {
        "10": {
            "2.5": {
                "P": {
                    "0": 100,
                    "1": 0,
                    "2": 0,
                    "3": 0,
                    "4": 0,
                    "5": 0,
                    "Precision": 1.0,
                    "Accuracy": 1.0,
                    "Recall": 1.0
                },
                "Q": {
                    "0": 0,
                    "1": 0,
                    "2": 0,
                    "3": 0,
                    "4": 100,
                    "5": 0,
                    "Precision": 0.0,
                    "Accuracy": 0.9428571428571406,
                    "Recall": 0.0
                },
                "U": {
                    "0": 0,
                    "1": 0,
                    "2": 100,
                    "3": 0,
                    "4": 0,
                    "5": 0,
                    "Precision": 0.5,
                    "Accuracy": 0.9714285714285715,
                    "Recall": 1.0
                }
            }
        }
    }
}