{
    "090neg": {
        "10": {
            "2.5": {
                "P": {
                    "0": 99,
                    "1": 0,
                    "2": 0,
                    "3": 0,
                    "4": 1,
                    "5": 0,
                    "Precision": 0.99,
                    "Accuracy": 0.9994285714285713,
                    "Recall": 0.99
                },
                "Q": {
                    "0": 60,
                    "1": 0,
                    "2": 1,
                    "3": 32,
                    "4": 0,
                    "5": 7,
                    "Precision": 0.765,
                    "Accuracy": 0.9725714285714276,
                    "Recall": 0.765
                },
                "U": {
                    "0": 0,
                    "1": 0,
                    "2": 97,
                    "3": 0,
                    "4": 3,
                    "5": 0,
                    "Precision": 0.485,
                    "Accuracy": 0.9705714285714285,
                    "Recall": 0.97
                }
            }
        }
    },
    "090pos": {
        "10": {
            "2.5": {
                "P": {
                    "0": 100,
                    "1": 0,
                    "2": 0,
                    "3": 0,
                    "4": 0,
                    "5": 0,
                    "Precision": 1.0,
                    "Accuracy": 1.0,
                    "Recall": 1.0
                },
                "Q": {
                    "0": 62,
                    "1": 2,
                    "2": 7,
                    "3": 10,
                    "4": 0,
                    "5": 19,
                    "Precision": 0.725,
                    "Accuracy": 0.9694285714285713,
                    "Recall": 0.7499999999999999
                },
                "U": {
                    "0": 2,
                    "1": 0,
                    "2": 98,
                    "3": 0,
                    "4": 0,
                    "5": 0,
                    "Precision": 0.51,
                    "Accuracy": 0.972,
                    "Recall": 1.0
                }
            }
        }
    },
    "100pos": {
        "10": {
            "2.5": {
                "P": {
                    "0": 91,
                    "1": 9,
                    "2": 0,
                    "3": 0,
                    "4": 0,
                    "5": 0,
                    "Precision": 1.0,
                    "Accuracy": 0.9974285714285713,
                    "Recall": 0.97
                },
                "Q": {
                    "0": 0,
                    "1": 0,
                    "2": 0,
                    "3": 0,
                    "4": 0,
                    "5": 100,
                    "Precision": 0.0,
                    "Accuracy": 0.885714285714286,
                    "Recall": 0.0
                },
                "U": {
                    "0": 0,
                    "1": 3,
                    "2": 89,
                    "3": 6,
                    "4": 2,
                    "5": 0,
                    "Precision": 0.505,
                    "Accuracy": 0.9691428571428569,
                    "Recall": 0.9400000000000002
                }
            }
        }
    }
}