{
    "090neg": {
        "10": {
            "2.5": {
                "P": {
                    "0": 66,
                    "1": 0,
                    "2": 34,
                    "3": 0,
                    "4": 0,
                    "5": 0,
                    "Precision": 0.83,
                    "Accuracy": 0.9902857142857145,
                    "Recall": 1.0
                },
                "Q": {
                    "0": 87,
                    "1": 0,
                    "2": 13,
                    "3": 0,
                    "4": 0,
                    "5": 0,
                    "Precision": 0.935,
                    "Accuracy": 0.9962857142857144,
                    "Recall": 1.0
                },
                "U": {
                    "0": 84,
                    "1": 0,
                    "2": 16,
                    "3": 0,
                    "4": 0,
                    "5": 0,
                    "Precision": 0.92,
                    "Accuracy": 0.9954285714285714,
                    "Recall": 1.0
                }
            }
        }
    },
    "090pos": {
        "10": {
            "2.5": {
                "P": {
                    "0": 79,
                    "1": 0,
                    "2": 21,
                    "3": 0,
                    "4": 0,
                    "5": 0,
                    "Precision": 0.895,
                    "Accuracy": 0.9940000000000002,
                    "Recall": 1.0
                },
                "Q": {
                    "0": 78,
                    "1": 0,
                    "2": 22,
                    "3": 0,
                    "4": 0,
                    "5": 0,
                    "Precision": 0.89,
                    "Accuracy": 0.9937142857142857,
                    "Recall": 1.0
                },
                "U": {
                    "0": 73,
                    "1": 0,
                    "2": 27,
                    "3": 0,
                    "4": 0,
                    "5": 0,
                    "Precision": 0.865,
                    "Accuracy": 0.9922857142857143,
                    "Recall": 1.0
                }
            }
        }
    },
    "100pos": {
        "10": {
            "2.5": {
                "P": {
                    "0": 63,
                    "1": 0,
                    "2": 37,
                    "3": 0,
                    "4": 0,
                    "5": 0,
                    "Precision": 0.815,
                    "Accuracy": 0.9894285714285717,
                    "Recall": 1.0
                },
                "Q": {
                    "0": 0,
                    "1": 0,
                    "2": 0,
                    "3": 0,
                    "4": 0,
                    "5": 100,
                    "Precision": 0.0,
                    "Accuracy": 0.885714285714286,
                    "Recall": 0.0
                },
                "U": {
                    "0": 34,
                    "1": 0,
                    "2": 66,
                    "3": 0,
                    "4": 0,
                    "5": 0,
                    "Precision": 0.67,
                    "Accuracy": 0.9811428571428571,
                    "Recall": 1.0
                }
            }
        }
    }
}