{
    "090neg": {
        "10": {
            "2.5": {
                "P": {
                    "0": 87,
                    "1": 0,
                    "2": 13,
                    "3": 0,
                    "4": 0,
                    "5": 0,
                    "Precision": 0.935,
                    "Accuracy": 0.9962857142857143,
                    "Recall": 1.0
                },
                "Q": {
                    "0": 33,
                    "1": 0,
                    "2": 48,
                    "3": 12,
                    "4": 0,
                    "5": 7,
                    "Precision": 0.63,
                    "Accuracy": 0.9705714285714282,
                    "Recall": 0.865
                },
                "U": {
                    "0": 0,
                    "1": 0,
                    "2": 74,
                    "3": 0,
                    "4": 26,
                    "5": 0,
                    "Precision": 0.37,
                    "Accuracy": 0.9639999999999996,
                    "Recall": 0.74
                }
            }
        }
    },
    "090pos": {
        "10": {
            "2.5": {
                "P": {
                    "0": 89,
                    "1": 0,
                    "2": 8,
                    "3": 0,
                    "4": 3,
                    "5": 0,
                    "Precision": 0.93,
                    "Accuracy": 0.9959999999999998,
                    "Recall": 0.97
                },
                "Q": {
                    "0": 11,
                    "1": 0,
                    "2": 53,
                    "3": 23,
                    "4": 0,
                    "5": 13,
                    "Precision": 0.49,
                    "Accuracy": 0.9562857142857136,
                    "Recall": 0.7516666666666666
                },
                "U": {
                    "0": 0,
                    "1": 0,
                    "2": 67,
                    "3": 0,
                    "4": 33,
                    "5": 0,
                    "Precision": 0.335,
                    "Accuracy": 0.9619999999999999,
                    "Recall": 0.67
                }
            }
        }
    },
    "100pos": {
        "10": {
            "2.5": {
                "P": {
                    "0": 93,
                    "1": 0,
                    "2": 7,
                    "3": 0,
                    "4": 0,
                    "5": 0,
                    "Precision": 0.965,
                    "Accuracy": 0.998,
                    "Recall": 1.0
                },
                "Q": {
                    "0": 0,
                    "1": 0,
                    "2": 0,
                    "3": 0,
                    "4": 100,
                    "5": 0,
                    "Precision": 0.0,
                    "Accuracy": 0.9428571428571406,
                    "Recall": 0.0
                },
                "U": {
                    "0": 0,
                    "1": 0,
                    "2": 82,
                    "3": 0,
                    "4": 18,
                    "5": 0,
                    "Precision": 0.41,
                    "Accuracy": 0.9662857142857141,
                    "Recall": 0.82
                }
            }
        }
    }
}