{
    "090neg": {
        "10": {
            "2.5": {
                "P": {
                    "0": 68,
                    "1": 0,
                    "2": 32,
                    "3": 0,
                    "4": 0,
                    "5": 0,
                    "Precision": 0.84,
                    "Accuracy": 0.990857142857143,
                    "Recall": 1.0
                },
                "Q": {
                    "0": 98,
                    "1": 0,
                    "2": 2,
                    "3": 0,
                    "4": 0,
                    "5": 0,
                    "Precision": 0.99,
                    "Accuracy": 0.9994285714285716,
                    "Recall": 1.0
                },
                "U": {
                    "0": 100,
                    "1": 0,
                    "2": 0,
                    "3": 0,
                    "4": 0,
                    "5": 0,
                    "Precision": 1.0,
                    "Accuracy": 1.0,
                    "Recall": 1.0
                }
            }
        }
    },
    "090pos": {
        "10": {
            "2.5": {
                "P": {
                    "0": 86,
                    "1": 0,
                    "2": 14,
                    "3": 0,
                    "4": 0,
                    "5": 0,
                    "Precision": 0.93,
                    "Accuracy": 0.9960000000000001,
                    "Recall": 1.0
                },
                "Q": {
                    "0": 76,
                    "1": 0,
                    "2": 24,
                    "3": 0,
                    "4": 0,
                    "5": 0,
                    "Precision": 0.88,
                    "Accuracy": 0.9931428571428573,
                    "Recall": 1.0
                },
                "U": {
                    "0": 100,
                    "1": 0,
                    "2": 0,
                    "3": 0,
                    "4": 0,
                    "5": 0,
                    "Precision": 1.0,
                    "Accuracy": 1.0,
                    "Recall": 1.0
                }
            }
        }
    },
    "100pos": {
        "10": {
            "2.5": {
                "P": {
                    "0": 96,
                    "1": 0,
                    "2": 4,
                    "3": 0,
                    "4": 0,
                    "5": 0,
                    "Precision": 0.98,
                    "Accuracy": 0.9988571428571429,
                    "Recall": 1.0
                },
                "Q": {
                    "0": 0,
                    "1": 0,
                    "2": 0,
                    "3": 0,
                    "4": 100,
                    "5": 0,
                    "Precision": 0.0,
                    "Accuracy": 0.9428571428571406,
                    "Recall": 0.0
                },
                "U": {
                    "0": 100,
                    "1": 0,
                    "2": 0,
                    "3": 0,
                    "4": 0,
                    "5": 0,
                    "Precision": 1.0,
                    "Accuracy": 1.0,
                    "Recall": 1.0
                }
            }
        }
    }
}