{
    "090neg": {
        "10": {
            "2.5": {
                "P": {
                    "0": 100,
                    "1": 0,
                    "2": 0,
                    "3": 0,
                    "4": 0,
                    "5": 0,
                    "Precision": 1.0,
                    "Accuracy": 1.0,
                    "Recall": 1.0
                },
                "Q": {
                    "0": 61,
                    "1": 0,
                    "2": 2,
                    "3": 35,
                    "4": 0,
                    "5": 2,
                    "Precision": 0.795,
                    "Accuracy": 0.9759999999999992,
                    "Recall": 0.7983333333333333
                },
                "U": {
                    "0": 0,
                    "1": 0,
                    "2": 100,
                    "3": 0,
                    "4": 0,
                    "5": 0,
                    "Precision": 0.5,
                    "Accuracy": 0.9714285714285715,
                    "Recall": 1.0
                }
            }
        }
    },
    "090pos": {
        "10": {
            "2.5": {
                "P": {
                    "0": 100,
                    "1": 0,
                    "2": 0,
                    "3": 0,
                    "4": 0,
                    "5": 0,
                    "Precision": 1.0,
                    "Accuracy": 1.0,
                    "Recall": 1.0
                },
                "Q": {
                    "0": 66,
                    "1": 0,
                    "2": 14,
                    "3": 19,
                    "4": 0,
                    "5": 1,
                    "Precision": 0.825,
                    "Accuracy": 0.983714285714285,
                    "Recall": 0.8933333333333334
                },
                "U": {
                    "0": 0,
                    "1": 0,
                    "2": 100,
                    "3": 0,
                    "4": 0,
                    "5": 0,
                    "Precision": 0.5,
                    "Accuracy": 0.9714285714285715,
                    "Recall": 1.0
                }
            }
        }
    },
    "100pos": {
        "10": {
            "2.5": {
                "P": {
                    "0": 100,
                    "1": 0,
                    "2": 0,
                    "3": 0,
                    "4": 0,
                    "5": 0,
                    "Precision": 1.0,
                    "Accuracy": 1.0,
                    "Recall": 1.0
                },
                "Q": {
                    "0": 0,
                    "1": 0,
                    "2": 0,
                    "3": 0,
                    "4": 100,
                    "5": 0,
                    "Precision": 0.0,
                    "Accuracy": 0.9428571428571406,
                    "Recall": 0.0
                },
                "U": {
                    "0": 0,
                    "1": 0,
                    "2": 100,
                    "3": 0,
                    "4": 0,
                    "5": 0,
                    "Precision": 0.5,
                    "Accuracy": 0.9714285714285715,
                    "Recall": 1.0
                }
            }
        }
    }
}