{
    "090neg": {
        "10": {
            "2.5": {
                "P": {
                    "0": 40,
                    "1": 0,
                    "2": 47,
                    "3": 13,
                    "4": 0,
                    "5": 0,
                    "Precision": 0.7,
                    "Accuracy": 0.9791428571428566,
                    "Recall": 0.935
                },
                "Q": {
                    "0": 26,
                    "1": 0,
                    "2": 72,
                    "3": 2,
                    "4": 0,
                    "5": 0,
                    "Precision": 0.63,
                    "Accuracy": 0.9782857142857142,
                    "Recall": 0.99
                },
                "U": {
                    "0": 2,
                    "1": 1,
                    "2": 52,
                    "3": 43,
                    "4": 0,
                    "5": 2,
                    "Precision": 0.505,
                    "Accuracy": 0.9579999999999994,
                    "Recall": 0.7616666666666666
                }
            }
        }
    },
    "090pos": {
        "10": {
            "2.5": {
                "P": {
                    "0": 63,
                    "1": 0,
                    "2": 37,
                    "3": 0,
                    "4": 0,
                    "5": 0,
                    "Precision": 0.815,
                    "Accuracy": 0.9894285714285715,
                    "Recall": 1.0
                },
                "Q": {
                    "0": 16,
                    "1": 1,
                    "2": 72,
                    "3": 11,
                    "4": 0,
                    "5": 0,
                    "Precision": 0.585,
                    "Accuracy": 0.9728571428571425,
                    "Recall": 0.9416666666666668
                },
                "U": {
                    "0": 26,
                    "1": 0,
                    "2": 74,
                    "3": 0,
                    "4": 0,
                    "5": 0,
                    "Precision": 0.63,
                    "Accuracy": 0.9788571428571429,
                    "Recall": 1.0
                }
            }
        }
    },
    "100pos": {
        "10": {
            "2.5": {
                "P": {
                    "0": 64,
                    "1": 0,
                    "2": 36,
                    "3": 0,
                    "4": 0,
                    "5": 0,
                    "Precision": 0.82,
                    "Accuracy": 0.9897142857142859,
                    "Recall": 1.0
                },
                "Q": {
                    "0": 0,
                    "1": 0,
                    "2": 0,
                    "3": 0,
                    "4": 100,
                    "5": 0,
                    "Precision": 0.0,
                    "Accuracy": 0.9428571428571406,
                    "Recall": 0.0
                },
                "U": {
                    "0": 12,
                    "1": 0,
                    "2": 88,
                    "3": 0,
                    "4": 0,
                    "5": 0,
                    "Precision": 0.56,
                    "Accuracy": 0.974857142857143,
                    "Recall": 1.0
                }
            }
        }
    }
}