{
    "090neg": {
        "10": {
            "2.5": {
                "P": {
                    "0": 84,
                    "1": 0,
                    "2": 16,
                    "3": 0,
                    "4": 0,
                    "5": 0,
                    "Precision": 0.92,
                    "Accuracy": 0.9954285714285716,
                    "Recall": 1.0
                },
                "Q": {
                    "0": 37,
                    "1": 0,
                    "2": 63,
                    "3": 0,
                    "4": 0,
                    "5": 0,
                    "Precision": 0.685,
                    "Accuracy": 0.982,
                    "Recall": 1.0
                },
                "U": {
                    "0": 0,
                    "1": 0,
                    "2": 100,
                    "3": 0,
                    "4": 0,
                    "5": 0,
                    "Precision": 0.5,
                    "Accuracy": 0.9714285714285715,
                    "Recall": 1.0
                }
            }
        }
    },
    "090pos": {
        "10": {
            "2.5": {
                "P": {
                    "0": 90,
                    "1": 0,
                    "2": 10,
                    "3": 0,
                    "4": 0,
                    "5": 0,
                    "Precision": 0.95,
                    "Accuracy": 0.9971428571428571,
                    "Recall": 1.0
                },
                "Q": {
                    "0": 28,
                    "1": 0,
                    "2": 72,
                    "3": 0,
                    "4": 0,
                    "5": 0,
                    "Precision": 0.64,
                    "Accuracy": 0.9794285714285716,
                    "Recall": 1.0
                },
                "U": {
                    "0": 0,
                    "1": 0,
                    "2": 100,
                    "3": 0,
                    "4": 0,
                    "5": 0,
                    "Precision": 0.5,
                    "Accuracy": 0.9714285714285715,
                    "Recall": 1.0
                }
            }
        }
    },
    "100pos": {
        "10": {
            "2.5": {
                "P": {
                    "0": 86,
                    "1": 0,
                    "2": 14,
                    "3": 0,
                    "4": 0,
                    "5": 0,
                    "Precision": 0.93,
                    "Accuracy": 0.9960000000000002,
                    "Recall": 1.0
                },
                "Q": {
                    "0": 0,
                    "1": 0,
                    "2": 0,
                    "3": 0,
                    "4": 100,
                    "5": 0,
                    "Precision": 0.0,
                    "Accuracy": 0.9428571428571406,
                    "Recall": 0.0
                },
                "U": {
                    "0": 0,
                    "1": 0,
                    "2": 100,
                    "3": 0,
                    "4": 0,
                    "5": 0,
                    "Precision": 0.5,
                    "Accuracy": 0.9714285714285715,
                    "Recall": 1.0
                }
            }
        }
    }
}