{
    "090neg": {
        "10": {
            "2.5": {
                "P": {
                    "0": 63,
                    "1": 0,
                    "2": 35,
                    "3": 1,
                    "4": 1,
                    "5": 0,
                    "Precision": 0.81,
                    "Accuracy": 0.9888571428571428,
                    "Recall": 0.985
                },
                "Q": {
                    "0": 11,
                    "1": 4,
                    "2": 32,
                    "3": 22,
                    "4": 14,
                    "5": 17,
                    "Precision": 0.42,
                    "Accuracy": 0.9497142857142851,
                    "Recall": 0.5666666666666665
                },
                "U": {
                    "0": 0,
                    "1": 0,
                    "2": 25,
                    "3": 0,
                    "4": 75,
                    "5": 0,
                    "Precision": 0.125,
                    "Accuracy": 0.9499999999999984,
                    "Recall": 0.25
                }
            }
        }
    },
    "090pos": {
        "10": {
            "2.5": {
                "P": {
                    "0": 72,
                    "1": 0,
                    "2": 27,
                    "3": 0,
                    "4": 1,
                    "5": 0,
                    "Precision": 0.855,
                    "Accuracy": 0.9917142857142857,
                    "Recall": 0.99
                },
                "Q": {
                    "0": 8,
                    "1": 1,
                    "2": 30,
                    "3": 11,
                    "4": 21,
                    "5": 29,
                    "Precision": 0.295,
                    "Accuracy": 0.9397142857142853,
                    "Recall": 0.44166666666666665
                },
                "U": {
                    "0": 0,
                    "1": 0,
                    "2": 18,
                    "3": 0,
                    "4": 82,
                    "5": 0,
                    "Precision": 0.09,
                    "Accuracy": 0.947999999999998,
                    "Recall": 0.18
                }
            }
        }
    },
    "100pos": {
        "10": {
            "2.5": {
                "P": {
                    "0": 20,
                    "1": 9,
                    "2": 5,
                    "3": 5,
                    "4": 60,
                    "5": 1,
                    "Precision": 0.34,
                    "Accuracy": 0.9577142857142846,
                    "Recall": 0.335
                },
                "Q": {
                    "0": 0,
                    "1": 0,
                    "2": 0,
                    "3": 0,
                    "4": 0,
                    "5": 100,
                    "Precision": 0.0,
                    "Accuracy": 0.885714285714286,
                    "Recall": 0.0
                },
                "U": {
                    "0": 1,
                    "1": 2,
                    "2": 25,
                    "3": 20,
                    "4": 12,
                    "5": 40,
                    "Precision": 0.255,
                    "Accuracy": 0.9282857142857136,
                    "Recall": 0.37333333333333335
                }
            }
        }
    }
}