{
    "090neg": {
        "10": {
            "2.5": {
                "P": {
                    "0": 37,
                    "1": 0,
                    "2": 12,
                    "3": 0,
                    "4": 51,
                    "5": 0,
                    "Precision": 0.43,
                    "Accuracy": 0.9674285714285701,
                    "Recall": 0.49
                },
                "Q": {
                    "0": 96,
                    "1": 0,
                    "2": 4,
                    "3": 0,
                    "4": 0,
                    "5": 0,
                    "Precision": 0.98,
                    "Accuracy": 0.998857142857143,
                    "Recall": 1.0
                },
                "U": {
                    "0": 83,
                    "1": 0,
                    "2": 17,
                    "3": 0,
                    "4": 0,
                    "5": 0,
                    "Precision": 0.915,
                    "Accuracy": 0.9951428571428571,
                    "Recall": 1.0
                }
            }
        }
    },
    "090pos": {
        "10": {
            "2.5": {
                "P": {
                    "0": 95,
                    "1": 0,
                    "2": 5,
                    "3": 0,
                    "4": 0,
                    "5": 0,
                    "Precision": 0.975,
                    "Accuracy": 0.9985714285714288,
                    "Recall": 1.0
                },
                "Q": {
                    "0": 97,
                    "1": 0,
                    "2": 2,
                    "3": 1,
                    "4": 0,
                    "5": 0,
                    "Precision": 0.985,
                    "Accuracy": 0.9988571428571429,
                    "Recall": 0.995
                },
                "U": {
                    "0": 0,
                    "1": 78,
                    "2": 0,
                    "3": 22,
                    "4": 0,
                    "5": 0,
                    "Precision": 0.89,
                    "Accuracy": 0.9651428571428565,
                    "Recall": 0.6299999999999992
                }
            }
        }
    },
    "100pos": {
        "10": {
            "2.5": {
                "P": {
                    "0": 100,
                    "1": 0,
                    "2": 0,
                    "3": 0,
                    "4": 0,
                    "5": 0,
                    "Precision": 1.0,
                    "Accuracy": 1.0,
                    "Recall": 1.0
                },
                "Q": {
                    "0": 0,
                    "1": 0,
                    "2": 0,
                    "3": 0,
                    "4": 0,
                    "5": 100,
                    "Precision": 0.0,
                    "Accuracy": 0.885714285714286,
                    "Recall": 0.0
                },
                "U": {
                    "0": 71,
                    "1": 0,
                    "2": 29,
                    "3": 0,
                    "4": 0,
                    "5": 0,
                    "Precision": 0.855,
                    "Accuracy": 0.9917142857142857,
                    "Recall": 1.0
                }
            }
        }
    }
}