{
    "090neg": {
        "10": {
            "2.5": {
                "P": {
                    "0": 39,
                    "1": 0,
                    "2": 13,
                    "3": 0,
                    "4": 48,
                    "5": 0,
                    "Precision": 0.455,
                    "Accuracy": 0.9688571428571418,
                    "Recall": 0.52
                },
                "Q": {
                    "0": 94,
                    "1": 0,
                    "2": 6,
                    "3": 0,
                    "4": 0,
                    "5": 0,
                    "Precision": 0.97,
                    "Accuracy": 0.9982857142857143,
                    "Recall": 1.0
                },
                "U": {
                    "0": 79,
                    "1": 0,
                    "2": 21,
                    "3": 0,
                    "4": 0,
                    "5": 0,
                    "Precision": 0.895,
                    "Accuracy": 0.9940000000000001,
                    "Recall": 1.0
                }
            }
        }
    },
    "090pos": {
        "10": {
            "2.5": {
                "P": {
                    "0": 40,
                    "1": 0,
                    "2": 60,
                    "3": 0,
                    "4": 0,
                    "5": 0,
                    "Precision": 0.7,
                    "Accuracy": 0.9828571428571429,
                    "Recall": 1.0
                },
                "Q": {
                    "0": 78,
                    "1": 4,
                    "2": 15,
                    "3": 3,
                    "4": 0,
                    "5": 0,
                    "Precision": 0.91,
                    "Accuracy": 0.9928571428571429,
                    "Recall": 0.9716666666666667
                },
                "U": {
                    "0": 83,
                    "1": 0,
                    "2": 17,
                    "3": 0,
                    "4": 0,
                    "5": 0,
                    "Precision": 0.915,
                    "Accuracy": 0.9951428571428572,
                    "Recall": 1.0
                }
            }
        }
    },
    "100pos": {
        "10": {
            "2.5": {
                "P": {
                    "0": 98,
                    "1": 0,
                    "2": 2,
                    "3": 0,
                    "4": 0,
                    "5": 0,
                    "Precision": 0.99,
                    "Accuracy": 0.9994285714285716,
                    "Recall": 1.0
                },
                "Q": {
                    "0": 0,
                    "1": 0,
                    "2": 0,
                    "3": 0,
                    "4": 0,
                    "5": 100,
                    "Precision": 0.0,
                    "Accuracy": 0.885714285714286,
                    "Recall": 0.0
                },
                "U": {
                    "0": 39,
                    "1": 0,
                    "2": 46,
                    "3": 1,
                    "4": 7,
                    "5": 7,
                    "Precision": 0.625,
                    "Accuracy": 0.9742857142857142,
                    "Recall": 0.855
                }
            }
        }
    }
}