{
    "090neg": {
        "10": {
            "2.5": {
                "P": {
                    "0": 28,
                    "1": 39,
                    "2": 0,
                    "3": 0,
                    "4": 33,
                    "5": 0,
                    "Precision": 0.67,
                    "Accuracy": 0.9699999999999992,
                    "Recall": 0.5399999999999996
                },
                "Q": {
                    "0": 69,
                    "1": 29,
                    "2": 2,
                    "3": 0,
                    "4": 0,
                    "5": 0,
                    "Precision": 0.99,
                    "Accuracy": 0.9911428571428573,
                    "Recall": 0.9033333333333334
                },
                "U": {
                    "0": 0,
                    "1": 100,
                    "2": 0,
                    "3": 0,
                    "4": 0,
                    "5": 0,
                    "Precision": 1.0,
                    "Accuracy": 0.9714285714285715,
                    "Recall": 0.6666666666666659
                }
            }
        }
    },
    "090pos": {
        "10": {
            "2.5": {
                "P": {
                    "0": 69,
                    "1": 0,
                    "2": 31,
                    "3": 0,
                    "4": 0,
                    "5": 0,
                    "Precision": 0.845,
                    "Accuracy": 0.9911428571428573,
                    "Recall": 1.0
                },
                "Q": {
                    "0": 97,
                    "1": 0,
                    "2": 3,
                    "3": 0,
                    "4": 0,
                    "5": 0,
                    "Precision": 0.985,
                    "Accuracy": 0.9991428571428572,
                    "Recall": 1.0
                },
                "U": {
                    "0": 100,
                    "1": 0,
                    "2": 0,
                    "3": 0,
                    "4": 0,
                    "5": 0,
                    "Precision": 1.0,
                    "Accuracy": 1.0,
                    "Recall": 1.0
                }
            }
        }
    },
    "100pos": {
        "10": {
            "2.5": {
                "P": {
                    "0": 84,
                    "1": 0,
                    "2": 16,
                    "3": 0,
                    "4": 0,
                    "5": 0,
                    "Precision": 0.92,
                    "Accuracy": 0.9954285714285716,
                    "Recall": 1.0
                },
                "Q": {
                    "0": 0,
                    "1": 0,
                    "2": 0,
                    "3": 0,
                    "4": 0,
                    "5": 100,
                    "Precision": 0.0,
                    "Accuracy": 0.885714285714286,
                    "Recall": 0.0
                },
                "U": {
                    "0": 100,
                    "1": 0,
                    "2": 0,
                    "3": 0,
                    "4": 0,
                    "5": 0,
                    "Precision": 1.0,
                    "Accuracy": 1.0,
                    "Recall": 1.0
                }
            }
        }
    }
}