{
    "090neg": {
        "10": {
            "2.5": {
                "P": {
                    "0": 87,
                    "1": 0,
                    "2": 13,
                    "3": 0,
                    "4": 0,
                    "5": 0,
                    "Precision": 0.935,
                    "Accuracy": 0.9962857142857143,
                    "Recall": 1.0
                },
                "Q": {
                    "0": 100,
                    "1": 0,
                    "2": 0,
                    "3": 0,
                    "4": 0,
                    "5": 0,
                    "Precision": 1.0,
                    "Accuracy": 1.0,
                    "Recall": 1.0
                },
                "U": {
                    "0": 100,
                    "1": 0,
                    "2": 0,
                    "3": 0,
                    "4": 0,
                    "5": 0,
                    "Precision": 1.0,
                    "Accuracy": 1.0,
                    "Recall": 1.0
                }
            }
        }
    },
    "090pos": {
        "10": {
            "2.5": {
                "P": {
                    "0": 92,
                    "1": 0,
                    "2": 8,
                    "3": 0,
                    "4": 0,
                    "5": 0,
                    "Precision": 0.96,
                    "Accuracy": 0.9977142857142858,
                    "Recall": 1.0
                },
                "Q": {
                    "0": 74,
                    "1": 0,
                    "2": 25,
                    "3": 0,
                    "4": 1,
                    "5": 0,
                    "Precision": 0.865,
                    "Accuracy": 0.9922857142857144,
                    "Recall": 0.99
                },
                "U": {
                    "0": 100,
                    "1": 0,
                    "2": 0,
                    "3": 0,
                    "4": 0,
                    "5": 0,
                    "Precision": 1.0,
                    "Accuracy": 1.0,
                    "Recall": 1.0
                }
            }
        }
    },
    "100pos": {
        "10": {
            "2.5": {
                "P": {
                    "0": 98,
                    "1": 0,
                    "2": 2,
                    "3": 0,
                    "4": 0,
                    "5": 0,
                    "Precision": 0.99,
                    "Accuracy": 0.9994285714285713,
                    "Recall": 1.0
                },
                "Q": {
                    "0": 0,
                    "1": 0,
                    "2": 0,
                    "3": 0,
                    "4": 0,
                    "5": 100,
                    "Precision": 0.0,
                    "Accuracy": 0.885714285714286,
                    "Recall": 0.0
                },
                "U": {
                    "0": 100,
                    "1": 0,
                    "2": 0,
                    "3": 0,
                    "4": 0,
                    "5": 0,
                    "Precision": 1.0,
                    "Accuracy": 1.0,
                    "Recall": 1.0
                }
            }
        }
    }
}