{
  "irrad_LV0101": 1232.277623641541,
  "irrad_LV0102": 1149.6969942102337,
  "irrad_LV0103": 1152.1545846895656,
  "irrad_LV0201": 1214.7285951871363,
  "irrad_LV0202": 1096.6675005522036,
  "irrad_LV0203": 1159.0021967054145
}