{
  "P_LV0101": 0.3499897632730447,
  "Q_LV0101": 7.314163982504143e-16,
  "U_LV0101": 1.0072097686540922,
  "I_LV0101_MV0101": 0.2006202583889969,
  "P_LV0102": 0.3444542009980108,
  "Q_LV0102": 3.278218020608171e-16,
  "U_LV0102": 1.0075491424416039,
  "I_LV0102_MV0102": 0.19738067087008143,
  "P_LV0103": 0.3386134314943991,
  "Q_LV0103": 5.965451779350438e-16,
  "U_LV0103": 1.0076523371393702,
  "I_LV0103_MV0103": 0.19401389608197225,
  "P_LV0201": 0.36293417927753024,
  "Q_LV0201": -2.8727020762315873e-16,
  "U_LV0201": 1.0081504979931395,
  "I_LV0201_MV0201": 0.2078460969082653,
  "P_LV0202": 0.31363479354923235,
  "Q_LV0202": -6.474614219535197e-16,
  "U_LV0202": 1.0075537543812745,
  "I_LV0202_MV0202": 0.17971957495615615,
  "P_LV0203": 0.34311604983154703,
  "Q_LV0203": -7.839019914491167e-16,
  "U_LV0203": 1.0084059927345876,
  "I_LV0203_MV0203": 0.1964468132486239,
  "P_POIMV_MV0101": -1.0225544430202262,
  "Q_POIMV_MV0101": 0.04793442474533549,
  "U_POIMV": 0.9983784696877708,
  "I_POIMV_MV0101": 0.591980302264101,
  "P_POIMV_MV0201": -1.0087310314398792,
  "Q_POIMV_MV0201": 0.04696171697992213,
  "I_POIMV_MV0201": 0.5839688486352256,
  "P_POI_POIMV": -2.0312754744595884,
  "Q_POI_POIMV": 0.14834797201092442,
  "U_POI": 0.999959731748123,
  "I_POI_POIMV": 1.1759281818431615
}