{
  "P_LV0101": 0.3387852374443222,
  "Q_LV0101": -1.0824671563591262e-16,
  "U_LV0101": 1.0070075066087836,
  "I_LV0101_MV0101": 0.33642771798714927,
  "P_LV0102": 0.3529203184786012,
  "Q_LV0102": 6.568711133394808e-16,
  "U_LV0102": 1.0077462262966432,
  "I_LV0102_MV0102": 0.3502075316873621,
  "P_LV0103": 0.3139792919359091,
  "Q_LV0103": 8.803327610183046e-16,
  "U_LV0103": 1.0071351421680057,
  "I_LV0103_MV0103": 0.311754876570013,
  "P_LV0201": 0.3461506260876726,
  "Q_LV0201": 2.280156035828187e-16,
  "U_LV0201": 1.0078460744291626,
  "I_LV0201_MV0201": 0.3434558459571617,
  "P_LV0202": 0.3255496381968438,
  "Q_LV0202": 1.8084581309405933e-16,
  "U_LV0202": 1.0078624982984785,
  "I_LV0202_MV0202": 0.32300997283503674,
  "P_LV0203": 0.350136338627996,
  "Q_LV0203": -4.889960746580985e-16,
  "U_LV0203": 1.0086109963512055,
  "I_LV0203_MV0203": 0.3471470565903646,
  "P_POIMV_MV0101": -0.9957136786465526,
  "Q_POIMV_MV0101": 0.04546965183590146,
  "U_POIMV": 0.9984189988245695,
  "I_POIMV_MV0101": 0.9983296930392569,
  "P_POIMV_MV0201": -1.0108428431908578,
  "Q_POIMV_MV0201": 0.04705297103527073,
  "I_POIMV_MV0201": 1.0135397750611872,
  "P_POI_POIMV": -2.0065465218377394,
  "Q_POI_POIMV": 0.14465998089553977,
  "U_POI": 0.9999607327731141,
  "I_POI_POIMV": 2.0118333216836968
}