{
  "P_LV0101": 0.3626690749985634,
  "Q_LV0101": 4.71102163822512e-17,
  "U_LV0101": 1.0074140972182317,
  "I_LV0101_MV0101": 0.20784609690826525,
  "P_LV0102": 0.3448424126182544,
  "Q_LV0102": -5.503112045959124e-16,
  "U_LV0102": 1.007504651485363,
  "I_LV0102_MV0102": 0.19761185167693654,
  "P_LV0103": 0.34557954721492495,
  "Q_LV0103": -6.468688599632091e-17,
  "U_LV0103": 1.0077498289178444,
  "I_LV0103_MV0103": 0.19798608631391948,
  "P_LV0201": 0.36291797804509274,
  "Q_LV0201": -1.2514498701272013e-15,
  "U_LV0201": 1.0081054945697023,
  "I_LV0201_MV0201": 0.20784609690826522,
  "P_LV0202": 0.32893664037996007,
  "Q_LV0202": -1.4438524385595076e-15,
  "U_LV0202": 1.0078478194626646,
  "I_LV0202_MV0202": 0.18843287071946313,
  "P_LV0203": 0.34763343363900934,
  "Q_LV0203": 7.82012741156373e-17,
  "U_LV0203": 1.008470999180703,
  "I_LV0203_MV0203": 0.19902035522474393,
  "P_POIMV_MV0101": -1.0421802949440462,
  "Q_POIMV_MV0101": 0.04986775620250228,
  "U_POIMV": 0.998314413444057,
  "I_POIMV_MV0101": 0.6034085981017588,
  "P_POIMV_MV0201": -1.0281200206117092,
  "Q_POIMV_MV0201": 0.04876440243117486,
  "I_POIMV_MV0201": 0.5952560357578787,
  "P_POI_POI_MV": -2.070290315555176,
  "Q_POI_POI_MV": 0.15419104566126407,
  "U_POI": 0.9999581457020725,
  "I_POI_POI_MV": 1.198643353356321
}