{
  "P_LV0101": 0.000159,
  "Q_LV0101": 0.000502,
  "U_LV0101": 0.002523,
  "I_LV0101_MV0101": 0.000075,
  "P_LV0102": 0.000148,
  "Q_LV0102": 0.000468,
  "U_LV0102": 0.002522,
  "I_LV0102_MV0102": 0.000070,
  "P_LV0103": 0.000147,
  "Q_LV0103": 0.000464,
  "U_LV0103": 0.002523,
  "I_LV0103_MV0103": 0.000069,
  "P_LV0201": 0.000147,
  "Q_LV0201": 0.000465,
  "U_LV0201": 0.002523,
  "I_LV0201_MV0201": 0.000069,
  "P_LV0202": 0.000148,
  "Q_LV0202": 0.000469,
  "U_LV0202": 0.002524,
  "I_LV0202_MV0202": 0.000070,
  "P_LV0203": 0.000149,
  "Q_LV0203": 0.000472,
  "U_LV0203": 0.002525,
  "I_LV0203_MV0203": 0.000070,
  "P_POIMV_MV0101": 0.000454,
  "Q_POIMV_MV0101": 0.001420,
  "U_POIMV": 0.002500,
  "I_POIMV_MV0101": 0.000214,
  "P_POIMV_MV0201": 0.000444,
  "Q_POIMV_MV0201": 0.001391,
  "I_POIMV_MV0201": 0.000209,
  "P_POI_POI_MV": 0.000898,
  "Q_POI_POI_MV": 0.002811,
  "U_POI": 0.002500,
  "I_POI_POI_MV": 0.000423
}
