{
  "P_LV0101": 0.000740,
  "Q_LV0101": 0.001199,
  "U_LV0101": 0.002540,
  "I_LV0101_MV0101": 0.000313,
  "P_LV0102": 0.000758,
  "Q_LV0102": 0.001291,
  "U_LV0102": 0.002541,
  "I_LV0102_MV0102": 0.000333,
  "P_LV0103": 0.000736,
  "Q_LV0103": 0.001177,
  "U_LV0103": 0.002540,
  "I_LV0103_MV0103": 0.000309,
  "P_LV0201": 0.000734,
  "Q_LV0201": 0.001167,
  "U_LV0201": 0.002540,
  "I_LV0201_MV0201": 0.000306,
  "P_LV0202": 0.000822,
  "Q_LV0202": 0.001602,
  "U_LV0202": 0.002543,
  "I_LV0202_MV0202": 0.000400,
  "P_LV0203": 0.000761,
  "Q_LV0203": 0.001306,
  "U_LV0203": 0.002542,
  "I_LV0203_MV0203": 0.000336,
  "P_POIMV_MV0101": 0.002183,
  "Q_POIMV_MV0101": 0.003649,
  "U_POIMV": 0.002511,
  "I_POIMV_MV0101": 0.000956,
  "P_POIMV_MV0201": 0.002252,
  "Q_POIMV_MV0201": 0.004051,
  "I_POIMV_MV0201": 0.001042,
  "P_POI_POIMV": 0.004367,
  "Q_POI_POIMV": 0.007695,
  "U_POI": 0.002500,
  "I_POI_POIMV": 0.001998
}
