{
  "P_LV0101": 0.000212,
  "Q_LV0101": 0.000489,
  "U_LV0101": 0.002509,
  "I_LV0101_MV0101": 0.000126,
  "P_LV0102": 0.000189,
  "Q_LV0102": 0.000348,
  "U_LV0102": 0.002509,
  "I_LV0102_MV0102": 0.000096,
  "P_LV0103": 0.000207,
  "Q_LV0103": 0.000463,
  "U_LV0103": 0.002509,
  "I_LV0103_MV0103": 0.000121,
  "P_LV0201": 0.000229,
  "Q_LV0201": 0.000568,
  "U_LV0201": 0.002510,
  "I_LV0201_MV0201": 0.000141,
  "P_LV0202": 0.000203,
  "Q_LV0202": 0.000441,
  "U_LV0202": 0.002509,
  "I_LV0202_MV0202": 0.000116,
  "P_LV0203": 0.000186,
  "Q_LV0203": 0.000325,
  "U_LV0203": 0.002509,
  "I_LV0203_MV0203": 0.000092,
  "P_POIMV_MV0101": 0.000612,
  "Q_POIMV_MV0101": 0.001306,
  "U_POIMV": 0.002502,
  "I_POIMV_MV0101": 0.000347,
  "P_POIMV_MV0201": 0.000623,
  "Q_POIMV_MV0201": 0.001360,
  "I_POIMV_MV0201": 0.000359,
  "P_POI_POIMV": 0.001234,
  "Q_POI_POIMV": 0.002666,
  "U_POI": 0.002500,
  "I_POI_POIMV": 0.000706
}
