{
  "P_LV0101": 0.3432601132556036,
  "Q_LV0101": -0.16950699536371244,
  "U_LV0101": 0.968434022895883,
  "I_LV0101_MV0101": 0.3953100699105502,
  "P_LV0102": 0.348782837690104,
  "Q_LV0102": -0.1695069953637118,
  "U_LV0102": 0.9688412158058445,
  "I_LV0102_MV0102": 0.4002630047017837,
  "P_LV0103": 0.31954403131156894,
  "Q_LV0103": -0.1695069953637123,
  "U_LV0103": 0.9683520746185806,
  "I_LV0103_MV0103": 0.37354132561558645,
  "P_LV0201": 0.3374074938268555,
  "Q_LV0201": -0.16950699536371214,
  "U_LV0201": 0.9687742948121312,
  "I_LV0201_MV0201": 0.3897635964366732,
  "P_LV0202": 0.3489583853595127,
  "Q_LV0202": -0.16950699536371208,
  "U_LV0202": 0.9693288482208685,
  "I_LV0202_MV0202": 0.4002245404195009,
  "P_LV0203": 0.34901462567072294,
  "Q_LV0203": -0.16950699536371178,
  "U_LV0203": 0.9694850713075633,
  "I_LV0203_MV0203": 0.4002122290876844,
  "P_POIMV_MV0101": -0.997930006376464,
  "Q_POIMV_MV0101": 0.5712920314240364,
  "U_POIMV": 0.9841689212675148,
  "I_POIMV_MV0101": 1.1683832321133787,
  "P_POIMV_MV0201": -1.020224785972573,
  "Q_POIMV_MV0201": 0.5739826134155805,
  "I_POIMV_MV0201": 1.1894344271228923,
  "P_POI_POIMV": -2.018144792348717,
  "Q_POI_POIMV": 1.2170948620128001,
  "U_POI": 0.9996706198079423,
  "I_POI_POIMV": 2.3575175545784
}