{
  "P_LV0101": 0.002153,
  "Q_LV0101": 0.003650,
  "U_LV0101": 0.002421,
  "I_LV0101_MV0101": 0.000988,
  "P_LV0102": 0.002164,
  "Q_LV0102": 0.003707,
  "U_LV0102": 0.002422,
  "I_LV0102_MV0102": 0.001001,
  "P_LV0103": 0.002106,
  "Q_LV0103": 0.003405,
  "U_LV0103": 0.002421,
  "I_LV0103_MV0103": 0.000934,
  "P_LV0201": 0.002141,
  "Q_LV0201": 0.003589,
  "U_LV0201": 0.002422,
  "I_LV0201_MV0201": 0.000974,
  "P_LV0202": 0.002164,
  "Q_LV0202": 0.003709,
  "U_LV0202": 0.002423,
  "I_LV0202_MV0202": 0.001001,
  "P_LV0203": 0.002164,
  "Q_LV0203": 0.003709,
  "U_LV0203": 0.002424,
  "I_LV0203_MV0203": 0.001001,
  "P_POIMV_MV0101": 0.006953,
  "Q_POIMV_MV0101": 0.010660,
  "U_POIMV": 0.002460,
  "I_POIMV_MV0101": 0.002921,
  "P_POIMV_MV0201": 0.007018,
  "Q_POIMV_MV0201": 0.010891,
  "I_POIMV_MV0201": 0.002974,
  "P_POI_POIMV": 0.014624,
  "Q_POI_POIMV": 0.021600,
  "U_POI": 0.002499,
  "I_POI_POIMV": 0.005894
}
