{
  "irrad_LV0101": -29.168326781411245,
  "irrad_LV0102": -6.758169105394687,
  "irrad_LV0103": -54.88648185831614,
  "irrad_LV0201": -19.571318238271402,
  "irrad_LV0202": -71.31902292878472,
  "irrad_LV0203": 89.97154058848928
}