{
  "irrad_LV0101": 23.191312993124612,
  "irrad_LV0102": 38.131310064744234,
  "irrad_LV0103": 27.228535311896803,
  "irrad_LV0201": -52.73587007805006,
  "irrad_LV0202": -12.63790658079596,
  "irrad_LV0203": -150.35052513937802
}