{
  "P_LV0101": 0.000047,
  "Q_LV0101": 0.000157,
  "U_LV0101": 0.002501,
  "I_LV0101_MV0101": 0.000044,
  "P_LV0102": 0.000063,
  "Q_LV0102": 0.000205,
  "U_LV0102": 0.002501,
  "I_LV0102_MV0102": 0.000056,
  "P_LV0103": 0.000052,
  "Q_LV0103": 0.000174,
  "U_LV0103": 0.002501,
  "I_LV0103_MV0103": 0.000048,
  "P_LV0201": 0.000071,
  "Q_LV0201": 0.000225,
  "U_LV0201": 0.002499,
  "I_LV0201_MV0201": 0.000059,
  "P_LV0202": 0.000029,
  "Q_LV0202": 0.000098,
  "U_LV0202": 0.002500,
  "I_LV0202_MV0202": 0.000027,
  "P_LV0203": 0.000173,
  "Q_LV0203": 0.000528,
  "U_LV0203": 0.002497,
  "I_LV0203_MV0203": 0.000132,
  "P_POIMV_MV0101": 0.000166,
  "Q_POIMV_MV0101": 0.000548,
  "U_POIMV": 0.002500,
  "I_POIMV_MV0101": 0.000151,
  "P_POIMV_MV0201": 0.000283,
  "Q_POIMV_MV0201": 0.000890,
  "I_POIMV_MV0201": 0.000231,
  "P_POI_POIMV": 0.000273,
  "Q_POI_POIMV": 0.000888,
  "U_POI": 0.002500,
  "I_POI_POIMV": 0.000247
}
