{
  "irrad_LV0101": 1117.805873779589,
  "irrad_LV0102": 1270.810846354468,
  "irrad_LV0103": 1120.681134322979,
  "irrad_LV0201": 1018.3922843002927,
  "irrad_LV0202": 1148.7852328706629,
  "irrad_LV0203": 1137.9557499679659
}