{
  "P_LV0101": 0.0335276926263341,
  "Q_LV0101": -0.0165309169714669,
  "U_LV0101": 0.9850070278918674,
  "I_LV0101_MV0101": 0.021910732627992282,
  "P_LV0102": 0.03548607111108428,
  "Q_LV0102": -0.01653091697146691,
  "U_LV0102": 0.9857241975301192,
  "I_LV0102_MV0102": 0.022929194363543126,
  "P_LV0103": 0.033613933765319584,
  "Q_LV0103": -0.016530916971466896,
  "U_LV0103": 0.9854775624288955,
  "I_LV0103_MV0103": 0.021945598562533905,
  "P_LV0201": 0.030545861568610003,
  "Q_LV0201": -0.016530916971466903,
  "U_LV0201": 0.9847816722137455,
  "I_LV0201_MV0201": 0.020362487789549126,
  "P_LV0202": 0.03445689371010938,
  "Q_LV0202": -0.016530916971466948,
  "U_LV0202": 0.9859221995918227,
  "I_LV0202_MV0202": 0.022379725445613514,
  "P_LV0203": 0.03413207203706157,
  "Q_LV0203": -0.016530916971466917,
  "U_LV0203": 0.9860038004317768,
  "I_LV0203_MV0203": 0.022206541608739527,
  "P_POIMV_MV0101": -0.10128944280262431,
  "Q_POIMV_MV0101": 0.05572980319820431,
  "U_POIMV": 0.999988796701589,
  "I_POIMV_MV0101": 0.0667474385653145,
  "P_POIMV_MV0201": -0.0977770354036096,
  "Q_POIMV_MV0201": 0.05543063397836079,
  "I_POIMV_MV0201": 0.0648926983583966,
  "P_POI_POI_MV": -0.1990654782061952,
  "Q_POI_POI_MV": 0.11110386322252452,
  "U_POI": 0.9999888275641167,
  "I_POI_POI_MV": 0.13162103978745923
}