{
  "P_LV0101": 0.000270,
  "Q_LV0101": 0.000465,
  "U_LV0101": 0.002463,
  "I_LV0101_MV0101": 0.000078,
  "P_LV0102": 0.000273,
  "Q_LV0102": 0.000489,
  "U_LV0102": 0.002464,
  "I_LV0102_MV0102": 0.000081,
  "P_LV0103": 0.000270,
  "Q_LV0103": 0.000466,
  "U_LV0103": 0.002464,
  "I_LV0103_MV0103": 0.000078,
  "P_LV0201": 0.000265,
  "Q_LV0201": 0.000429,
  "U_LV0201": 0.002462,
  "I_LV0201_MV0201": 0.000073,
  "P_LV0202": 0.000271,
  "Q_LV0202": 0.000477,
  "U_LV0202": 0.002465,
  "I_LV0202_MV0202": 0.000079,
  "P_LV0203": 0.000270,
  "Q_LV0203": 0.000473,
  "U_LV0203": 0.002465,
  "I_LV0203_MV0203": 0.000079,
  "P_POIMV_MV0101": 0.000880,
  "Q_POIMV_MV0101": 0.001407,
  "U_POIMV": 0.002500,
  "I_POIMV_MV0101": 0.000237,
  "P_POIMV_MV0201": 0.000873,
  "Q_POIMV_MV0201": 0.001365,
  "I_POIMV_MV0201": 0.000231,
  "P_POI_POI_MV": 0.001752,
  "Q_POI_POI_MV": 0.002772,
  "U_POI": 0.002500,
  "I_POI_POI_MV": 0.000468
}
