{
  "P_LV0101": 0.001417,
  "Q_LV0101": 0.002560,
  "U_LV0101": 0.002454,
  "I_LV0101_MV0101": 0.000673,
  "P_LV0102": 0.001328,
  "Q_LV0102": 0.002100,
  "U_LV0102": 0.002452,
  "I_LV0102_MV0102": 0.000572,
  "P_LV0103": 0.001356,
  "Q_LV0103": 0.002248,
  "U_LV0103": 0.002453,
  "I_LV0103_MV0103": 0.000604,
  "P_LV0201": 0.001351,
  "Q_LV0201": 0.002225,
  "U_LV0201": 0.002453,
  "I_LV0201_MV0201": 0.000599,
  "P_LV0202": 0.001332,
  "Q_LV0202": 0.002121,
  "U_LV0202": 0.002453,
  "I_LV0202_MV0202": 0.000577,
  "P_LV0203": 0.001378,
  "Q_LV0203": 0.002367,
  "U_LV0203": 0.002454,
  "I_LV0203_MV0203": 0.000630,
  "P_POIMV_MV0101": 0.004303,
  "Q_POIMV_MV0101": 0.006866,
  "U_POIMV": 0.002476,
  "I_POIMV_MV0101": 0.001848,
  "P_POIMV_MV0201": 0.004256,
  "Q_POIMV_MV0201": 0.006670,
  "I_POIMV_MV0201": 0.001804,
  "P_POI_POIMV": 0.008803,
  "Q_POI_POIMV": 0.013553,
  "U_POI": 0.002500,
  "I_POI_POIMV": 0.003651
}
