{
  "irrad_LV0101": 310.45785102748715,
  "irrad_LV0102": 213.07275418219086,
  "irrad_LV0103": 262.21425896479553,
  "irrad_LV0201": 255.33623947357054,
  "irrad_LV0202": 257.8326790488229,
  "irrad_LV0203": 294.95774980224763
}