{
  "irrad_LV0101": -17.158938323767803,
  "irrad_LV0102": -43.50765904431567,
  "irrad_LV0103": -26.500527961941316,
  "irrad_LV0201": 80.11867252395538,
  "irrad_LV0202": -44.62772399586379,
  "irrad_LV0203": -27.222245013688934
}