{
  "irrad_LV0101": 496.99921209972126,
  "irrad_LV0102": 376.02601154600063,
  "irrad_LV0103": 444.19643471298855,
  "irrad_LV0201": 388.5473629729649,
  "irrad_LV0202": 393.56688494885157,
  "irrad_LV0203": 461.5566176967015
}