{
  "irrad_LV0101": 925.056397878586,
  "irrad_LV0102": 790.4768415203725,
  "irrad_LV0103": 909.7593645828664,
  "irrad_LV0201": 904.6788525820418,
  "irrad_LV0202": 938.2278151730862,
  "irrad_LV0203": 871.2837741953799
}