{
  "P_LV0101": 0.2774632635023409,
  "Q_LV0101": 0.12657012129175887,
  "U_LV0101": 1.0331746404614461,
  "I_LV0101_MV0101": 0.295176252336907,
  "P_LV0102": 0.23709720258596848,
  "Q_LV0102": 0.12657012129176046,
  "U_LV0102": 1.0327250717098537,
  "I_LV0102_MV0102": 0.26024917152834665,
  "P_LV0103": 0.27287504078438796,
  "Q_LV0103": 0.1265701212917596,
  "U_LV0103": 1.0337575636844587,
  "I_LV0103_MV0103": 0.29097754548620425,
  "P_LV0201": 0.2713511818680621,
  "Q_LV0201": 0.1265701212917596,
  "U_LV0201": 1.0337521447481015,
  "I_LV0201_MV0201": 0.28964248073864685,
  "P_LV0202": 0.281413924711608,
  "Q_LV0202": 0.12657012129176026,
  "U_LV0202": 1.0344409966198151,
  "I_LV0202_MV0202": 0.29829378735710893,
  "P_LV0203": 0.26133459536011616,
  "Q_LV0203": 0.12657012129175968,
  "U_LV0203": 1.0342277353753506,
  "I_LV0203_MV0203": 0.2807619276589667,
  "P_POIMV_MV0101": -0.780261204324006,
  "Q_POIMV_MV0101": -0.34738812500540917,
  "U_POIMV": 1.0089186070393856,
  "I_POIMV_MV0101": 0.8465495163393548,
  "P_POIMV_MV0201": -0.8060289411422445,
  "Q_POIMV_MV0201": -0.3456100226835588,
  "I_POIMV_MV0201": 0.869247490000192,
  "P_POI_POIMV": -1.5862801454659516,
  "Q_POI_POIMV": -0.6552334022899231,
  "U_POI": 1.000177062695743,
  "I_POI_POIMV": 1.7159757198486558
}