{
  "P_LV0101": 0.002087,
  "Q_LV0101": 0.003301,
  "U_LV0101": 0.002419,
  "I_LV0101_MV0101": 0.000911,
  "P_LV0102": 0.002163,
  "Q_LV0102": 0.003707,
  "U_LV0102": 0.002422,
  "I_LV0102_MV0102": 0.001001,
  "P_LV0103": 0.002154,
  "Q_LV0103": 0.003661,
  "U_LV0103": 0.002422,
  "I_LV0103_MV0103": 0.000990,
  "P_LV0201": 0.002118,
  "Q_LV0201": 0.003473,
  "U_LV0201": 0.002421,
  "I_LV0201_MV0201": 0.000949,
  "P_LV0202": 0.002163,
  "Q_LV0202": 0.003709,
  "U_LV0202": 0.002423,
  "I_LV0202_MV0202": 0.001000,
  "P_LV0203": 0.002163,
  "Q_LV0203": 0.003709,
  "U_LV0203": 0.002424,
  "I_LV0203_MV0203": 0.001000,
  "P_POIMV_MV0101": 0.006928,
  "Q_POIMV_MV0101": 0.010568,
  "U_POIMV": 0.002461,
  "I_POIMV_MV0101": 0.002900,
  "P_POIMV_MV0201": 0.006985,
  "Q_POIMV_MV0201": 0.010777,
  "I_POIMV_MV0201": 0.002947,
  "P_POI_POIMV": 0.014556,
  "Q_POI_POIMV": 0.021394,
  "U_POI": 0.002499,
  "I_POI_POIMV": 0.005847
}
