{
  "P_LV0101": 0.23446737849066052,
  "Q_LV0101": 0.12048658857989294,
  "U_LV0101": 1.0311228125759457,
  "I_LV0101_MV0101": 0.25565654484592865,
  "P_LV0102": 0.2659934185224165,
  "Q_LV0102": 0.12048658857989222,
  "U_LV0102": 1.0322826445784175,
  "I_LV0102_MV0102": 0.2828774152384803,
  "P_LV0103": 0.2608978391324831,
  "Q_LV0103": 0.12048658857989332,
  "U_LV0103": 1.032395185336773,
  "I_LV0103_MV0103": 0.2783580776179474,
  "P_LV0201": 0.2098033882784342,
  "Q_LV0201": 0.12048658857989249,
  "U_LV0201": 1.031139779553822,
  "I_LV0201_MV0201": 0.2346325928641788,
  "P_LV0202": 0.21836394282609187,
  "Q_LV0202": 0.12048658857989315,
  "U_LV0202": 1.0317530265997232,
  "I_LV0202_MV0202": 0.24172348432623297,
  "P_LV0203": 0.24877367226554858,
  "Q_LV0203": 0.12048658857989315,
  "U_LV0203": 1.0326602559589049,
  "I_LV0203_MV0203": 0.26767292515726043,
  "P_POIMV_MV0101": -0.7546613079430244,
  "Q_POIMV_MV0101": -0.33146069042459203,
  "U_POIMV": 1.0086368808373363,
  "I_POIMV_MV0101": 0.8171870882737671,
  "P_POIMV_MV0201": -0.6709880802693533,
  "Q_POIMV_MV0201": -0.336785435229217,
  "I_POIMV_MV0201": 0.7443371465271088,
  "P_POI_POIMV": -1.4256393882114806,
  "Q_POI_POIMV": -0.6370837758349808,
  "U_POI": 1.0001721741283636,
  "I_POI_POIMV": 1.5612443713377542
}