{
  "irrad_LV0101": 1019.4830535904968,
  "irrad_LV0102": 1012.0904572639496,
  "irrad_LV0103": 1025.8860866294358,
  "irrad_LV0201": 1048.8552296801388,
  "irrad_LV0202": 969.8923759749414,
  "irrad_LV0203": 1078.1217473742547
}