{
  "irrad_LV0101": 1042.4029316244676,
  "irrad_LV0102": 948.2501311316546,
  "irrad_LV0103": 1037.9707154712578,
  "irrad_LV0201": 909.9061949634814,
  "irrad_LV0202": 1097.1325769546029,
  "irrad_LV0203": 1011.9442107898429
}