{
  "irrad_LV0101": 1035.3997094848564,
  "irrad_LV0102": 1040.3491602277034,
  "irrad_LV0103": 1058.415246061549,
  "irrad_LV0201": 989.9931530625919,
  "irrad_LV0202": 1136.009327326375,
  "irrad_LV0203": 1091.0703172492904
}