{
  "irrad_LV0101": 1018.1728606617543,
  "irrad_LV0102": 1069.965264217219,
  "irrad_LV0103": 999.8751530026518,
  "irrad_LV0201": 1099.4703149266702,
  "irrad_LV0202": 1002.7236703705481,
  "irrad_LV0203": 974.367814439791
}