{
  "P_LV0101": 0.3126604171985779,
  "Q_LV0101": -0.1470036574690574,
  "U_LV0101": 0.9734459174657285,
  "I_LV0101_MV0101": 0.2049127481826044,
  "P_LV0102": 0.2844200381767905,
  "Q_LV0102": -0.1470036574690567,
  "U_LV0102": 0.9730864331041027,
  "I_LV0102_MV0102": 0.18995911043486643,
  "P_LV0103": 0.3113310094335622,
  "Q_LV0103": -0.14700365746905653,
  "U_LV0103": 0.9738226992909971,
  "I_LV0103_MV0103": 0.20412047873503858,
  "P_LV0201": 0.2729190813819993,
  "Q_LV0201": -0.1470036574690567,
  "U_LV0201": 0.9729657834471483,
  "I_LV0201_MV0201": 0.1839466891134953,
  "P_LV0202": 0.32907613632494637,
  "Q_LV0202": -0.1470036574690565,
  "U_LV0202": 0.9744924864906955,
  "I_LV0202_MV0202": 0.21353419088830933,
  "P_LV0203": 0.30352456763928326,
  "Q_LV0203": -0.14700365746905716,
  "U_LV0203": 0.9740737846562998,
  "I_LV0203_MV0203": 0.19989358505667593,
  "P_POIMV_MV0101": -0.8976471434955329,
  "Q_POIMV_MV0101": 0.4901941883761083,
  "U_POIMV": 0.986505848112229,
  "I_POIMV_MV0101": 0.5985744279755579,
  "P_POIMV_MV0201": -0.894012905726072,
  "Q_POIMV_MV0201": 0.4902947454035598,
  "I_POIMV_MV0201": 0.5967368705858457,
  "P_POI_POIMV": -1.7916500492209089,
  "Q_POI_POIMV": 1.035734521244649,
  "U_POI": 0.9997197241694957,
  "I_POI_POIMV": 1.1951509825080975
}