{
  "P_LV0101": 0.2994231786455133,
  "Q_LV0101": -0.1444009447450869,
  "U_LV0101": 0.9736899581448999,
  "I_LV0101_MV0101": 0.3414066596142714,
  "P_LV0102": 0.3035952243990875,
  "Q_LV0102": -0.14440094474508677,
  "U_LV0102": 0.9740547402695949,
  "I_LV0102_MV0102": 0.3451417845466439,
  "P_LV0103": 0.30076562899137155,
  "Q_LV0103": -0.14440094474508708,
  "U_LV0103": 0.9741279450662883,
  "I_LV0103_MV0103": 0.34249497456826966,
  "P_LV0201": 0.3186567059115803,
  "Q_LV0201": -0.1444009447450869,
  "U_LV0201": 0.9745706746601123,
  "I_LV0201_MV0201": 0.35897668638715624,
  "P_LV0202": 0.3410263471824361,
  "Q_LV0202": -0.144400944745087,
  "U_LV0202": 0.9753452639397914,
  "I_LV0202_MV0202": 0.3796998977000043,
  "P_LV0203": 0.29815063839266875,
  "Q_LV0203": -0.14440094474508702,
  "U_LV0203": 0.9745514483547805,
  "I_LV0203_MV0203": 0.3399291927196081,
  "P_POIMV_MV0101": -0.8931992514549165,
  "Q_POIMV_MV0101": 0.48151569784977255,
  "U_POIMV": 0.986656798567795,
  "I_POIMV_MV0101": 1.0284455108900796,
  "P_POIMV_MV0201": -0.9453840136114877,
  "Q_POIMV_MV0201": 0.4867766997412559,
  "I_POIMV_MV0201": 1.077725257986097,
  "P_POI_POIMV": -1.8385732650657125,
  "Q_POI_POIMV": 1.0254813968072085,
  "U_POI": 0.9997224920995955,
  "I_POI_POIMV": 2.105807346464495
}