{
  "P_LV0101": 0.02306902721778936,
  "Q_LV0101": -1.3474083553615496e-17,
  "U_LV0101": 1.0060928919198033,
  "I_LV0101_MV0101": 0.013238249848598626,
  "P_LV0102": 0.022852558809460435,
  "Q_LV0102": -2.2418120749929805e-17,
  "U_LV0102": 1.0063471407641291,
  "I_LV0102_MV0102": 0.013110715423999175,
  "P_LV0103": 0.022196949803956867,
  "Q_LV0103": 4.3876152627977965e-17,
  "U_LV0103": 1.0063450232687643,
  "I_LV0103_MV0103": 0.012734613525365942,
  "P_LV0201": 0.018011364338489644,
  "Q_LV0201": 1.3316952647191182e-17,
  "U_LV0201": 1.005294920830221,
  "I_LV0201_MV0201": 0.010344094885818717,
  "P_LV0202": 0.021552555479950816,
  "Q_LV0202": 4.3170772558007454e-17,
  "U_LV0202": 1.0064297595835041,
  "I_LV0202_MV0202": 0.012363876951754142,
  "P_LV0203": 0.021980213723170758,
  "Q_LV0203": 1.3711479544168904e-17,
  "U_LV0203": 1.0066780292933424,
  "I_LV0203_MV0203": 0.012606098415425177,
  "P_POIMV_MV0101": -0.06766077649390922,
  "Q_POIMV_MV0101": 0.002017254036132954,
  "U_POIMV": 0.9999996382000528,
  "I_POIMV_MV0101": 0.03908133955900062,
  "P_POIMV_MV0201": -0.0611396710573473,
  "Q_POIMV_MV0201": 0.0016265971202145124,
  "I_POIMV_MV0201": 0.03531150852044073,
  "P_POI_POI_MV": -0.12879944755134806,
  "Q_POI_POI_MV": 0.0035872654989361763,
  "U_POI": 0.9999996391965151,
  "I_POI_POI_MV": 0.07439125876861613
}