{
  "irrad_LV0101": 403.03539470968053,
  "irrad_LV0102": 291.51479899784766,
  "irrad_LV0103": 320.93504150372803,
  "irrad_LV0201": 300.0973412121657,
  "irrad_LV0202": 454.9124242066378,
  "irrad_LV0203": 328.49488875596546
}