{
  "irrad_LV0101": 357.26426610705295,
  "irrad_LV0102": 379.6480357446357,
  "irrad_LV0103": 335.33487680195447,
  "irrad_LV0201": 462.8859504405678,
  "irrad_LV0202": 283.59132648528094,
  "irrad_LV0203": 340.92697547282245
}