{
  "irrad_LV0101": 381.77838252982235,
  "irrad_LV0102": 445.746715923754,
  "irrad_LV0103": 334.0735209558939,
  "irrad_LV0201": 386.6647234070737,
  "irrad_LV0202": 329.8535347210889,
  "irrad_LV0203": 344.94837015521944
}