{
  "P_LV0101": 0.11181034086896444,
  "Q_LV0101": -0.054359591291265844,
  "U_LV0101": 0.9909270119464817,
  "I_LV0101_MV0101": 0.07243584493467657,
  "P_LV0102": 0.11716809066235495,
  "Q_LV0102": -0.05435959129126676,
  "U_LV0102": 0.9911693410736299,
  "I_LV0102_MV0102": 0.07523723714626533,
  "P_LV0103": 0.10868147745958706,
  "Q_LV0103": -0.05435959129126683,
  "U_LV0103": 0.9910005769103273,
  "I_LV0103_MV0103": 0.07079557980178214,
  "P_LV0201": 0.0946625563623176,
  "Q_LV0201": -0.05435959129126585,
  "U_LV0201": 0.9906146055072486,
  "I_LV0201_MV0201": 0.06362081826481623,
  "P_LV0202": 0.10688162094693349,
  "Q_LV0202": -0.054359591291265864,
  "U_LV0202": 0.991032028368431,
  "I_LV0202_MV0202": 0.06985712032579457,
  "P_LV0203": 0.11223850976090682,
  "Q_LV0203": -0.054359591291265864,
  "U_LV0203": 0.9912219616071857,
  "I_LV0203_MV0203": 0.07263866255078673,
  "P_POIMV_MV0101": -0.3362286017140832,
  "Q_POIMV_MV0101": 0.16852059933648889,
  "U_POIMV": 0.9954825183868817,
  "I_POIMV_MV0101": 0.21812501207273124,
  "P_POIMV_MV0201": -0.31241304957950433,
  "Q_POIMV_MV0201": 0.1675799568538423,
  "I_POIMV_MV0201": 0.20561149112581345,
  "P_POI_POI_MV": -0.6486316512933171,
  "Q_POI_POI_MV": 0.342547059840399,
  "U_POI": 0.9999073455969155,
  "I_POI_POI_MV": 0.42354111514687665
}