{
  "P_LV0101": 0.10715855750434178,
  "Q_LV0101": -0.04952596377348751,
  "U_LV0101": 0.9918841234935978,
  "I_LV0101_MV0101": 0.11901581188866213,
  "P_LV0102": 0.11387239007430303,
  "Q_LV0102": -0.049525963773488085,
  "U_LV0102": 0.9921584733399877,
  "I_LV0102_MV0102": 0.12515768231506952,
  "P_LV0103": 0.10058101267879417,
  "Q_LV0103": -0.04952596377348751,
  "U_LV0103": 0.9918616533666464,
  "I_LV0103_MV0103": 0.11303306473253695,
  "P_LV0201": 0.13883893645096418,
  "Q_LV0201": -0.049525963773487475,
  "U_LV0201": 0.9928480443886667,
  "I_LV0201_MV0201": 0.1484696888586002,
  "P_LV0202": 0.08506094885459245,
  "Q_LV0202": -0.04952596377348731,
  "U_LV0202": 0.9915486021493708,
  "I_LV0202_MV0202": 0.09926753321104,
  "P_LV0203": 0.1022583179226738,
  "Q_LV0203": -0.04952596377348753,
  "U_LV0203": 0.9920445684939488,
  "I_LV0203_MV0203": 0.11453150075697262,
  "P_POIMV_MV0101": -0.3203358461798871,
  "Q_POIMV_MV0101": 0.1532948559313354,
  "U_POIMV": 0.9958771264190679,
  "I_POIMV_MV0101": 0.3565960474163767,
  "P_POIMV_MV0201": -0.3247309651494561,
  "Q_POIMV_MV0201": 0.1534053374049904,
  "I_POIMV_MV0201": 0.36062941575869456,
  "P_POI_POIMV": -0.6450568113290991,
  "Q_POI_POIMV": 0.3128322952311464,
  "U_POI": 0.9999153825584691,
  "I_POI_POIMV": 0.7169723329240854
}