{
  "irrad_LV0101": 766.5622262289809,
  "irrad_LV0102": 696.6632745211101,
  "irrad_LV0103": 711.6781567755031,
  "irrad_LV0201": 823.7447007014428,
  "irrad_LV0202": 620.9354958661613,
  "irrad_LV0203": 653.5365942059063
}