{
  "irrad_LV0101": 681.4559094617822,
  "irrad_LV0102": 640.1498468641914,
  "irrad_LV0103": 725.9799954885863,
  "irrad_LV0201": 595.4993697220114,
  "irrad_LV0202": 685.7792737371022,
  "irrad_LV0203": 772.4460958807688
}