{
  "irrad_LV0101": 690.0146761160872,
  "irrad_LV0102": 656.2446307485906,
  "irrad_LV0103": 689.2441308520524,
  "irrad_LV0201": 634.2966524915871,
  "irrad_LV0202": 672.3570361863497,
  "irrad_LV0203": 689.2074326967484
}