{
  "P_LV0101": 0.20439724648770938,
  "Q_LV0101": -0.11221211612400753,
  "U_LV0101": 0.9797180738523877,
  "I_LV0101_MV0101": 0.13740960586444734,
  "P_LV0102": 0.19200782357571974,
  "Q_LV0102": -0.11221211612400704,
  "U_LV0102": 0.9795928979113604,
  "I_LV0102_MV0102": 0.1310733783226703,
  "P_LV0103": 0.2177518897740936,
  "Q_LV0103": -0.11221211612400729,
  "U_LV0103": 0.9803066150149449,
  "I_LV0103_MV0103": 0.14427132004670257,
  "P_LV0201": 0.17861527028576135,
  "Q_LV0201": -0.1122121161240074,
  "U_LV0201": 0.9793539763726161,
  "I_LV0201_MV0201": 0.12435268281102163,
  "P_LV0202": 0.20569400500307206,
  "Q_LV0202": -0.11221211612400755,
  "U_LV0202": 0.9802040654117488,
  "I_LV0202_MV0202": 0.13801150932318354,
  "P_LV0203": 0.23168902472782052,
  "Q_LV0203": -0.11221211612400674,
  "U_LV0203": 0.9809252998093708,
  "I_LV0203_MV0203": 0.15151875345642687,
  "P_POIMV_MV0101": -0.6090378735827926,
  "Q_POIMV_MV0101": 0.3593423193497074,
  "U_POIMV": 0.9902239326663864,
  "I_POIMV_MV0101": 0.4123010317774276,
  "P_POIMV_MV0201": -0.6104510191480585,
  "Q_POIMV_MV0201": 0.3595674355843812,
  "I_POIMV_MV0201": 0.41307746747303337,
  "P_POI_POI_MV": -1.2194788927307596,
  "Q_POI_POI_MV": 0.7449552571379172,
  "U_POI": 0.9997984566786017,
  "I_POI_POI_MV": 0.8252091637685043
}