{
  "P_LV0101": 0.22992420511319883,
  "Q_LV0101": -0.09493830649335147,
  "U_LV0101": 0.9842442309257043,
  "I_LV0101_MV0101": 0.25273578459413176,
  "P_LV0102": 0.20895857393575362,
  "Q_LV0102": -0.09493830649335212,
  "U_LV0102": 0.9839478293444115,
  "I_LV0102_MV0102": 0.23325894739104663,
  "P_LV0103": 0.21346216770685922,
  "Q_LV0103": -0.0949383064933518,
  "U_LV0103": 0.9841561118019871,
  "I_LV0103_MV0103": 0.23738337571768736,
  "P_LV0201": 0.24707563071130706,
  "Q_LV0201": -0.09493830649335225,
  "U_LV0201": 0.9849303441342477,
  "I_LV0201_MV0201": 0.2687376171509939,
  "P_LV0202": 0.1862446327624688,
  "Q_LV0202": -0.09493830649335151,
  "U_LV0202": 0.9836612332772903,
  "I_LV0202_MV0202": 0.2125185667194543,
  "P_LV0203": 0.19602307130940558,
  "Q_LV0203": -0.09493830649335179,
  "U_LV0203": 0.9839875110920336,
  "I_LV0203_MV0203": 0.22134774081053837,
  "P_POIMV_MV0101": -0.6471184337167415,
  "Q_POIMV_MV0101": 0.3080713318738617,
  "U_POIMV": 0.9916201463479515,
  "I_POIMV_MV0101": 0.7227645604434025,
  "P_POIMV_MV0201": -0.6240423207837011,
  "Q_POIMV_MV0201": 0.3068510878713937,
  "I_POIMV_MV0201": 0.7012804006690248,
  "P_POI_POIMV": -1.2711507545001512,
  "Q_POI_POIMV": 0.6407605038775728,
  "U_POI": 0.9998266385372534,
  "I_POI_POIMV": 1.4237629878170062
}