{
  "P_LV0101": 0.03544211272057941,
  "Q_LV0101": -0.01715922318926269,
  "U_LV0101": 0.9845031311272059,
  "I_LV0101_MV0101": 0.02309243241533105,
  "P_LV0102": 0.03545325438167187,
  "Q_LV0102": -0.01715922318926272,
  "U_LV0102": 0.9848126217131077,
  "I_LV0102_MV0102": 0.023091054544031542,
  "P_LV0103": 0.03485652488208113,
  "Q_LV0103": -0.017159223189262683,
  "U_LV0103": 0.9848396292761373,
  "I_LV0103_MV0103": 0.022776048017295783,
  "P_LV0201": 0.03545873175379582,
  "Q_LV0201": -0.017159223189262763,
  "U_LV0201": 0.9849647709387728,
  "I_LV0201_MV0201": 0.023090377612283754,
  "P_LV0202": 0.03449634003151056,
  "Q_LV0202": -0.017159223189262725,
  "U_LV0202": 0.9850679511477143,
  "I_LV0202_MV0202": 0.022581562181000454,
  "P_LV0203": 0.035429362025521174,
  "Q_LV0203": -0.017159223189262655,
  "U_LV0203": 0.9854185267842598,
  "I_LV0203_MV0203": 0.02306425718465831,
  "P_POIMV_MV0101": -0.10432641530115916,
  "Q_POIMV_MV0101": 0.05802597928760633,
  "U_POIMV": 0.9999883038731572,
  "I_POIMV_MV0101": 0.06892350487094906,
  "P_POIMV_MV0201": -0.10386921298974983,
  "Q_POIMV_MV0201": 0.058021713970219935,
  "I_POIMV_MV0201": 0.06869173611164336,
  "P_POI_POI_MV": -0.20819462829090368,
  "Q_POI_POI_MV": 0.11599112045951188,
  "U_POI": 0.999988336093287,
  "I_POI_POI_MV": 0.1375987745742119
}