{
  "P_LV0101": 0.0207325207907551,
  "Q_LV0101": 0.0013392433616155417,
  "U_LV0101": 1.000913036139105,
  "I_LV0101_MV0101": 0.020756779130898132,
  "P_LV0102": 0.005932478218796055,
  "Q_LV0102": 0.0013392433616152212,
  "U_LV0102": 1.0005032802219072,
  "I_LV0102_MV0102": 0.0060787061253122585,
  "P_LV0103": -0.012435095631974827,
  "Q_LV0103": 0.0013392433616156642,
  "U_LV0103": 0.9999840810904305,
  "I_LV0103_MV0103": 0.012507204184524246,
  "P_LV0201": 0.019713775596667562,
  "Q_LV0201": 0.0013392433616157815,
  "U_LV0201": 1.0008929454236049,
  "I_LV0201_MV0201": 0.019741585415508116,
  "P_LV0202": -0.012834725499433383,
  "Q_LV0202": 0.001339243361615881,
  "U_LV0202": 0.9999860878864572,
  "I_LV0202_MV0202": 0.012904587746952821,
  "P_LV0203": 0.002765191487727356,
  "Q_LV0203": 0.001339243361615463,
  "U_LV0203": 1.0004235977502263,
  "I_LV0203_MV0203": 0.003071134060884737,
  "P_POIMV_MV0101": -0.014212336284799676,
  "Q_POIMV_MV0101": -0.005204552873919965,
  "U_POIMV": 1.0001496717934348,
  "I_POIMV_MV0101": 0.015133053746335914,
  "P_POIMV_MV0201": -0.00962831302581435,
  "Q_POIMV_MV0201": -0.005495758048141397,
  "I_POIMV_MV0201": 0.01108471852835862,
  "P_POI_POIMV": -0.02383064931036271,
  "Q_POI_POIMV": -0.011257341160217038,
  "U_POI": 1.0000030441426413,
  "I_POI_POIMV": 0.026355708062570943
}