{
  "P_LV0101": 0.000093,
  "Q_LV0101": 0.000287,
  "U_LV0101": 0.002502,
  "I_LV0101_MV0101": 0.000075,
  "P_LV0102": 0.000052,
  "Q_LV0102": 0.000140,
  "U_LV0102": 0.002501,
  "I_LV0102_MV0102": 0.000040,
  "P_LV0103": 0.000068,
  "Q_LV0103": 0.000210,
  "U_LV0103": 0.002500,
  "I_LV0103_MV0103": 0.000057,
  "P_LV0201": 0.000089,
  "Q_LV0201": 0.000274,
  "U_LV0201": 0.002502,
  "I_LV0201_MV0201": 0.000071,
  "P_LV0202": 0.000069,
  "Q_LV0202": 0.000211,
  "U_LV0202": 0.002500,
  "I_LV0202_MV0202": 0.000057,
  "P_LV0203": 0.000042,
  "Q_LV0203": 0.000075,
  "U_LV0203": 0.002501,
  "I_LV0203_MV0203": 0.000023,
  "P_POIMV_MV0101": 0.000165,
  "Q_POIMV_MV0101": 0.000352,
  "U_POIMV": 0.002500,
  "I_POIMV_MV0101": 0.000104,
  "P_POIMV_MV0201": 0.000161,
  "Q_POIMV_MV0201": 0.000255,
  "I_POIMV_MV0201": 0.000081,
  "P_POI_POIMV": 0.000337,
  "Q_POI_POIMV": 0.000610,
  "U_POI": 0.002500,
  "I_POI_POIMV": 0.000186
}
