{
  "P_LV0101": 0.000131,
  "Q_LV0101": 0.000140,
  "U_LV0101": 0.002504,
  "I_LV0101_MV0101": 0.000050,
  "P_LV0102": 0.000109,
  "Q_LV0102": 0.000198,
  "U_LV0102": 0.002502,
  "I_LV0102_MV0102": 0.000057,
  "P_LV0103": 0.000119,
  "Q_LV0103": 0.000266,
  "U_LV0103": 0.002502,
  "I_LV0103_MV0103": 0.000072,
  "P_LV0201": 0.000114,
  "Q_LV0201": 0.000193,
  "U_LV0201": 0.002503,
  "I_LV0201_MV0201": 0.000057,
  "P_LV0202": 0.000124,
  "Q_LV0202": 0.000294,
  "U_LV0202": 0.002502,
  "I_LV0202_MV0202": 0.000079,
  "P_LV0203": 0.000111,
  "Q_LV0203": 0.000196,
  "U_LV0203": 0.002504,
  "I_LV0203_MV0203": 0.000057,
  "P_POIMV_MV0101": 0.000390,
  "Q_POIMV_MV0101": 0.000493,
  "U_POIMV": 0.002501,
  "I_POIMV_MV0101": 0.000164,
  "P_POIMV_MV0201": 0.000411,
  "Q_POIMV_MV0201": 0.000430,
  "I_POIMV_MV0201": 0.000156,
  "P_POI_POIMV": 0.000808,
  "Q_POI_POIMV": 0.000925,
  "U_POI": 0.002500,
  "I_POI_POIMV": 0.000321
}
