{
  "irrad_LV0101": 276.0218618089231,
  "irrad_LV0102": 281.0336646639805,
  "irrad_LV0103": 188.58201980958216,
  "irrad_LV0201": 220.88447806662774,
  "irrad_LV0202": 267.97128870182775,
  "irrad_LV0203": 236.63737584639406
}