{
  "irrad_LV0101": 140.48185030586149,
  "irrad_LV0102": 197.59443715768705,
  "irrad_LV0103": 230.66635303508696,
  "irrad_LV0201": 147.7906492836832,
  "irrad_LV0202": 162.80340533638488,
  "irrad_LV0203": 204.19887927458993
}