{
  "irrad_LV0101": 221.7289228372255,
  "irrad_LV0102": 267.31087249395495,
  "irrad_LV0103": 221.26332889587988,
  "irrad_LV0201": 212.06311105725138,
  "irrad_LV0202": 265.5246034754929,
  "irrad_LV0203": 189.8363779694699
}