{
  "P_LV0101": 0.08279054850183085,
  "Q_LV0101": -0.03437596595977149,
  "U_LV0101": 0.9946891342468913,
  "I_LV0101_MV0101": 0.09012226594198047,
  "P_LV0102": 0.08429379865974937,
  "Q_LV0102": -0.03437596595977195,
  "U_LV0102": 0.9947939617683601,
  "I_LV0102_MV0102": 0.09151019892478393,
  "P_LV0103": 0.05656366765769605,
  "Q_LV0103": -0.03437596595977257,
  "U_LV0103": 0.9940822130052225,
  "I_LV0103_MV0103": 0.0665843297691837,
  "P_LV0201": 0.06625253150178394,
  "Q_LV0201": -0.034375965959771757,
  "U_LV0201": 0.9943528938247851,
  "I_LV0201_MV0201": 0.07506372782239847,
  "P_LV0202": 0.08037584352548405,
  "Q_LV0202": -0.03437596595977232,
  "U_LV0202": 0.9947989485523242,
  "I_LV0202_MV0202": 0.08787548265312184,
  "P_LV0203": 0.07097748712353451,
  "Q_LV0203": -0.03437596595977194,
  "U_LV0203": 0.9945839867475809,
  "I_LV0203_MV0203": 0.0792933282985987,
  "P_POIMV_MV0101": -0.22302503476635138,
  "Q_POIMV_MV0101": 0.10479652229423664,
  "U_POIMV": 0.9972024817272714,
  "I_POIMV_MV0101": 0.2471106082206036,
  "P_POIMV_MV0201": -0.21697547267569917,
  "Q_POIMV_MV0201": 0.10436543914534013,
  "I_POIMV_MV0201": 0.24144608890034847,
  "P_POI_POIMV": -0.43999050744140933,
  "Q_POI_POIMV": 0.21170387256870526,
  "U_POI": 0.9999427413872941,
  "I_POI_POIMV": 0.4883006048697179
}