{
  "P_LV0101": 0.06650581595280212,
  "Q_LV0101": -0.0275772533551123,
  "U_LV0101": 0.9957750963555367,
  "I_LV0101_MV0101": 0.04174369182543922,
  "P_LV0102": 0.08017775696911142,
  "Q_LV0102": -0.027577253355112,
  "U_LV0102": 0.9962118590196318,
  "I_LV0102_MV0102": 0.0491384248593786,
  "P_LV0103": 0.06636616477615069,
  "Q_LV0103": -0.02757725335511206,
  "U_LV0103": 0.9958802550816467,
  "I_LV0103_MV0103": 0.0416645089032216,
  "P_LV0201": 0.06360663306295741,
  "Q_LV0201": -0.02757725335511266,
  "U_LV0201": 0.9957939469381891,
  "I_LV0201_MV0201": 0.040195341240998494,
  "P_LV0202": 0.07964197987217742,
  "Q_LV0202": -0.02757725335511237,
  "U_LV0202": 0.9962867834091257,
  "I_LV0202_MV0202": 0.04884123154892074,
  "P_LV0203": 0.0569399023493769,
  "Q_LV0203": -0.027577253355111943,
  "U_LV0203": 0.9957116256302097,
  "I_LV0203_MV0203": 0.03668428031530474,
  "P_POIMV_MV0101": -0.21251958739594556,
  "Q_POIMV_MV0101": 0.08394576403725296,
  "U_POIMV": 0.997762472529726,
  "I_POIMV_MV0101": 0.13221939097307542,
  "P_POIMV_MV0201": -0.1996757603963033,
  "Q_POIMV_MV0201": 0.08345522450076714,
  "I_POIMV_MV0201": 0.1252270995120136,
  "P_POI_POI_MV": -0.41218534779164306,
  "Q_POI_POI_MV": 0.16942380271302682,
  "U_POI": 0.999954176668089,
  "I_POI_POI_MV": 0.25730616539258383
}