{
  "irrad_LV0101": -35.74623632785537,
  "irrad_LV0102": -44.42503795429091,
  "irrad_LV0103": 31.69617276886037,
  "irrad_LV0201": 40.02129837985747,
  "irrad_LV0202": 53.7335861544119,
  "irrad_LV0203": -22.158963496280055
}