{
  "P_LV0101": -0.010721797516560137,
  "Q_LV0101": 2.5978974830739867e-16,
  "U_LV0101": 0.9997397900180023,
  "I_LV0101_MV0101": 0.010724588161452562,
  "P_LV0102": -0.013324934609695822,
  "Q_LV0102": 1.521686321918676e-16,
  "U_LV0102": 0.9996645459327356,
  "I_LV0102_MV0102": 0.013329406013157154,
  "P_LV0103": 0.009507013363888234,
  "Q_LV0103": 6.185315732086154e-16,
  "U_LV0103": 1.0003064058560465,
  "I_LV0103_MV0103": 0.009504101251608282,
  "P_LV0201": 0.01200406816659157,
  "Q_LV0201": -3.418128112489645e-16,
  "U_LV0201": 1.0003990127228675,
  "I_LV0201_MV0201": 0.011999280301086183,
  "P_LV0202": 0.016116959147872582,
  "Q_LV0202": -9.245615341033086e-16,
  "U_LV0202": 1.0005190232571695,
  "I_LV0202_MV0202": 0.01610859841065705,
  "P_LV0203": -0.006646403766956135,
  "Q_LV0203": -5.18953964267598e-17,
  "U_LV0203": 0.9998844915642734,
  "I_LV0203_MV0203": 0.006647171571346348,
  "P_POIMV_MV0101": 0.014550506141404185,
  "Q_POIMV_MV0101": -0.0012200888072584348,
  "U_POIMV": 1.0000435883452157,
  "I_POIMV_MV0101": 0.014600933542201983,
  "P_POIMV_MV0201": -0.021461611027007166,
  "Q_POIMV_MV0201": -0.0014938926296395039,
  "I_POIMV_MV0201": 0.021512603689442297,
  "P_POI_POIMV": -0.006901104884750838,
  "Q_POI_POIMV": -0.0032791760395411984,
  "U_POI": 1.0000008867413266,
  "I_POI_POIMV": 0.007640558919082254
}