{
  "irrad_LV0101": -23.3945203126367,
  "irrad_LV0102": 31.71011097543277,
  "irrad_LV0103": -31.43236219489643,
  "irrad_LV0201": 5.26698718526293,
  "irrad_LV0202": -18.931317199466037,
  "irrad_LV0203": -49.90845786110407
}