{
  "P_LV0101": -0.007016999146108221,
  "Q_LV0101": -0.007250128777847154,
  "U_LV0101": 0.9982534974237571,
  "I_LV0101_MV0101": 0.01010738221420796,
  "P_LV0102": 0.009511194017404948,
  "Q_LV0102": -0.007250128777846284,
  "U_LV0102": 0.998706478776595,
  "I_LV0102_MV0102": 0.011974886867659974,
  "P_LV0103": -0.009427885493451013,
  "Q_LV0103": -0.007250128777846455,
  "U_LV0103": 0.9981696958608091,
  "I_LV0103_MV0103": 0.011915058037547244,
  "P_LV0201": 0.00157979065557457,
  "Q_LV0201": -0.007250128777846539,
  "U_LV0201": 0.9984660897392509,
  "I_LV0201_MV0201": 0.007431649196463647,
  "P_LV0202": -0.005678297090434553,
  "Q_LV0202": -0.007250128777846333,
  "U_LV0202": 0.9982429396453256,
  "I_LV0202_MV0202": 0.009225304113349736,
  "P_LV0203": -0.014969642528031598,
  "Q_LV0203": -0.00725012877784615,
  "U_LV0203": 0.9979686461089583,
  "I_LV0203_MV0203": 0.016666792295638107,
  "P_POIMV_MV0101": 0.006944846171563768,
  "Q_POIMV_MV0101": 0.02053258377259226,
  "U_POIMV": 0.9994650494749329,
  "I_POIMV_MV0101": 0.02168688421621673,
  "P_POIMV_MV0201": 0.019081193736383284,
  "Q_POIMV_MV0201": 0.02025500129855118,
  "I_POIMV_MV0201": 0.027842165553059548,
  "P_POI_POIMV": 0.026036039908480944,
  "Q_POI_POIMV": 0.04025220900484783,
  "U_POI": 0.9999891149885465,
  "I_POI_POIMV": 0.047939187881464576
}