{
  "irrad_LV0101": 163.8018328102247,
  "irrad_LV0102": 110.88518446963394,
  "irrad_LV0103": 182.90238436563814,
  "irrad_LV0201": 222.49065194545636,
  "irrad_LV0202": 191.2125551364781,
  "irrad_LV0203": 85.40634705182352
}