{
  "P_LV0101": -0.009294357514297354,
  "Q_LV0101": -0.0009015769917876275,
  "U_LV0101": 0.9995846364835131,
  "I_LV0101_MV0101": 0.00934186306387753,
  "P_LV0102": 0.001957485908942663,
  "Q_LV0102": -0.0009015769917877335,
  "U_LV0102": 0.9998995480416716,
  "I_LV0102_MV0102": 0.002155348095599508,
  "P_LV0103": 0.0007697421222368115,
  "Q_LV0103": -0.0009015769917873017,
  "U_LV0103": 0.9998668283525751,
  "I_LV0103_MV0103": 0.0011856299530639172,
  "P_LV0201": -0.007456464558978677,
  "Q_LV0201": -0.0009015769917876794,
  "U_LV0201": 0.9996054776286828,
  "I_LV0201_MV0201": 0.007513736920166167,
  "P_LV0202": -0.025250712737410825,
  "Q_LV0202": -0.0009015769917877422,
  "U_LV0202": 0.9990881947487955,
  "I_LV0202_MV0202": 0.025289862448747417,
  "P_LV0203": 0.0018615235249063277,
  "Q_LV0203": -0.0009015769917871468,
  "U_LV0203": 0.999849094712181,
  "I_LV0203_MV0203": 0.002068671645607936,
  "P_POIMV_MV0101": 0.006569744025227919,
  "Q_POIMV_MV0101": 0.0014444966006976756,
  "U_POIMV": 0.9999716243017138,
  "I_POIMV_MV0101": 0.006726862194887866,
  "P_POIMV_MV0201": 0.030866490357539078,
  "Q_POIMV_MV0201": 0.0012469129075611818,
  "I_POIMV_MV0201": 0.030892542444275764,
  "P_POI_POIMV": 0.03744623438359972,
  "Q_POI_POIMV": 0.002143854168480175,
  "U_POI": 0.9999994202144968,
  "I_POI_POIMV": 0.03750757538834432
}