{
  "irrad_LV0101": 1011.0877917333248,
  "irrad_LV0102": 1034.1178287348434,
  "irrad_LV0103": 1058.5130144871375,
  "irrad_LV0201": 1096.5640190119473,
  "irrad_LV0202": 1035.3719515505552,
  "irrad_LV0203": 1004.0664970724346
}