{
  "irrad_LV0101": 1069.342455221049,
  "irrad_LV0102": 1138.3814833274846,
  "irrad_LV0103": 1010.1586892105471,
  "irrad_LV0201": 1032.543440291543,
  "irrad_LV0202": 1104.8479235549455,
  "irrad_LV0203": 1039.0081553074667
}