{
  "P_LV0101": 0.030326769159703115,
  "Q_LV0101": -0.014585927350341352,
  "U_LV0101": 0.9871130552237373,
  "I_LV0101_MV0101": 0.019682684681186464,
  "P_LV0102": 0.031017536689085648,
  "Q_LV0102": -0.014585927350341399,
  "U_LV0102": 0.9875470523173863,
  "I_LV0102_MV0102": 0.02003873755206212,
  "P_LV0103": 0.03174925076274648,
  "Q_LV0103": -0.014585927350341431,
  "U_LV0103": 0.9878495207098865,
  "I_LV0103_MV0103": 0.020420410661428582,
  "P_LV0201": 0.03289056019201022,
  "Q_LV0201": -0.014585927350341372,
  "U_LV0201": 0.9880938851880645,
  "I_LV0201_MV0201": 0.021023189286677797,
  "P_LV0202": 0.031055153099293513,
  "Q_LV0202": -0.014585927350341418,
  "U_LV0202": 0.9879718120922857,
  "I_LV0202_MV0202": 0.020050017019017256,
  "P_LV0203": 0.03011617104535141,
  "Q_LV0203": -0.014585927350341405,
  "U_LV0203": 0.9879004460699244,
  "I_LV0203_MV0203": 0.01955615346686433,
  "P_POIMV_MV0101": -0.09200790511934542,
  "Q_POIMV_MV0101": 0.04870977853025238,
  "U_POIMV": 0.9999901714303028,
  "I_POIMV_MV0101": 0.06010632295647353,
  "P_POIMV_MV0201": -0.0928839637847716,
  "Q_POIMV_MV0201": 0.04881754908920044,
  "I_POIMV_MV0201": 0.0605827265459369,
  "P_POI_POI_MV": -0.1848908689041313,
  "Q_POI_POI_MV": 0.09747074916958809,
  "U_POI": 0.9999901985057752,
  "I_POI_POI_MV": 0.1206731628828904
}