{
  "P_LV0101": 0.3207407117097531,
  "Q_LV0101": -0.15093519715989098,
  "U_LV0101": 0.9725504497092938,
  "I_LV0101_MV0101": 0.3644849007573179,
  "P_LV0102": 0.3414484156847443,
  "Q_LV0102": -0.150935197159891,
  "U_LV0102": 0.973286538167551,
  "I_LV0102_MV0102": 0.38356725558671706,
  "P_LV0103": 0.3029890147307456,
  "Q_LV0103": -0.15093519715989148,
  "U_LV0103": 0.9725898661482174,
  "I_LV0103_MV0103": 0.34804213677533413,
  "P_LV0201": 0.3097031416768044,
  "Q_LV0201": -0.15093519715989112,
  "U_LV0201": 0.972735934170425,
  "I_LV0201_MV0201": 0.35418141687547555,
  "P_LV0202": 0.3313902927933433,
  "Q_LV0202": -0.1509351971598909,
  "U_LV0202": 0.9734969106856073,
  "I_LV0202_MV0202": 0.37405783536355597,
  "P_LV0203": 0.3116421812100095,
  "Q_LV0203": -0.1509351971598915,
  "U_LV0203": 0.973209716488435,
  "I_LV0203_MV0203": 0.3558011026469841,
  "P_POIMV_MV0101": -0.9531610988744887,
  "Q_POIMV_MV0101": 0.5078683515928333,
  "U_POIMV": 0.9860030802451524,
  "I_POIMV_MV0101": 1.0953530232290583,
  "P_POIMV_MV0201": -0.940161676705543,
  "Q_POIMV_MV0201": 0.506870339358386,
  "I_POIMV_MV0201": 1.083254696626798,
  "P_POI_POIMV": -1.8933127755797843,
  "Q_POI_POIMV": 1.0759738810693307,
  "U_POI": 0.9997088228438772,
  "I_POI_POIMV": 2.1783287160960056
}