{
  "P_LV0101": 0.32655244935296673,
  "Q_LV0101": -0.15911510918372038,
  "U_LV0101": 0.9707294796747825,
  "I_LV0101_MV0101": 0.21604918457971967,
  "P_LV0102": 0.3084190380039108,
  "Q_LV0102": -0.15911510918371974,
  "U_LV0102": 0.9706124177090792,
  "I_LV0102_MV0102": 0.20643282713042355,
  "P_LV0103": 0.32339395303886176,
  "Q_LV0103": -0.15911510918371935,
  "U_LV0103": 0.9710813935103261,
  "I_LV0103_MV0103": 0.21428433962714938,
  "P_LV0201": 0.33399551272883804,
  "Q_LV0201": -0.15911510918371904,
  "U_LV0201": 0.9713213656590798,
  "I_LV0201_MV0201": 0.219903199848047,
  "P_LV0202": 0.3070167848704564,
  "Q_LV0202": -0.15911510918371988,
  "U_LV0202": 0.971016450521,
  "I_LV0202_MV0202": 0.20560632664269707,
  "P_LV0203": 0.32853158588949805,
  "Q_LV0203": -0.1591151091837193,
  "U_LV0203": 0.9716300302208598,
  "I_LV0203_MV0203": 0.21690674851194927,
  "P_POIMV_MV0101": -0.9462087617162069,
  "Q_POIMV_MV0101": 0.5330475259913783,
  "U_POIMV": 0.9852784200530499,
  "I_POIMV_MV0101": 0.6363855288975062,
  "P_POIMV_MV0201": -0.9563065843894947,
  "Q_POIMV_MV0201": 0.5343929680678343,
  "I_POIMV_MV0201": 0.6419316383502873,
  "P_POI_POI_MV": -1.9025053461054893,
  "Q_POI_POI_MV": 1.1307065276932917,
  "U_POI": 0.9996940121014384,
  "I_POI_POI_MV": 1.2781526633023998
}