{
  "P_LV0101": 0.000243,
  "Q_LV0101": 0.000427,
  "U_LV0101": 0.002468,
  "I_LV0101_MV0101": 0.000071,
  "P_LV0102": 0.000244,
  "Q_LV0102": 0.000435,
  "U_LV0102": 0.002469,
  "I_LV0102_MV0102": 0.000072,
  "P_LV0103": 0.000245,
  "Q_LV0103": 0.000444,
  "U_LV0103": 0.002470,
  "I_LV0103_MV0103": 0.000074,
  "P_LV0201": 0.000247,
  "Q_LV0201": 0.000458,
  "U_LV0201": 0.002470,
  "I_LV0201_MV0201": 0.000075,
  "P_LV0202": 0.000244,
  "Q_LV0202": 0.000436,
  "U_LV0202": 0.002470,
  "I_LV0202_MV0202": 0.000072,
  "P_LV0203": 0.000243,
  "Q_LV0203": 0.000424,
  "U_LV0203": 0.002470,
  "I_LV0203_MV0203": 0.000071,
  "P_POIMV_MV0101": 0.000788,
  "Q_POIMV_MV0101": 0.001295,
  "U_POIMV": 0.002500,
  "I_POIMV_MV0101": 0.000217,
  "P_POIMV_MV0201": 0.000790,
  "Q_POIMV_MV0201": 0.001306,
  "I_POIMV_MV0201": 0.000218,
  "P_POI_POI_MV": 0.001577,
  "Q_POI_POI_MV": 0.002600,
  "U_POI": 0.002500,
  "I_POI_POI_MV": 0.000435
}
