{
  "P_LV0101": -0.011053692145497465,
  "Q_LV0101": 0.0029354694578090004,
  "U_LV0101": 1.0003724789461321,
  "I_LV0101_MV0101": 0.011432572068233029,
  "P_LV0102": -0.009030785738339717,
  "Q_LV0102": 0.0029354694578093677,
  "U_LV0102": 1.000425109874195,
  "I_LV0102_MV0102": 0.009491862555512315,
  "P_LV0103": -0.0011686720116626172,
  "Q_LV0103": 0.00293546945780932,
  "U_LV0103": 1.0006448915915873,
  "I_LV0103_MV0103": 0.0031575167517137377,
  "P_LV0201": -0.013835171784808876,
  "Q_LV0201": 0.0029354694578093434,
  "U_LV0201": 1.0003001960589872,
  "I_LV0201_MV0201": 0.01413891500431335,
  "P_LV0202": 0.0013735464550577881,
  "Q_LV0202": 0.0029354694578085294,
  "U_LV0202": 1.0007326872020426,
  "I_LV0202_MV0202": 0.0032385546126282292,
  "P_LV0203": 0.006060985919260967,
  "Q_LV0203": 0.0029354694578102923,
  "U_LV0203": 1.000868177152498,
  "I_LV0203_MV0203": 0.006728587193509394,
  "P_POIMV_MV0101": 0.021259864810190265,
  "Q_POIMV_MV0101": -0.010048127431446119,
  "U_POIMV": 1.0002782029380493,
  "I_POIMV_MV0101": 0.023508279013260025,
  "P_POIMV_MV0201": 0.00640799844279627,
  "Q_POIMV_MV0201": -0.010327849676002643,
  "I_POIMV_MV0201": 0.012150916061477612,
  "P_POI_POIMV": 0.027677863253732903,
  "Q_POI_POIMV": -0.02092652073542922,
  "U_POI": 1.000005658819951,
  "I_POI_POIMV": 0.03469826736665617
}