{
  "P_LV0101": 0.02329154613937273,
  "Q_LV0101": -0.0020184660325937233,
  "U_LV0101": 1.0002527455988328,
  "I_LV0101_MV0101": 0.023372936163610716,
  "P_LV0102": 0.011513612301506559,
  "Q_LV0102": -0.0020184660325941713,
  "U_LV0102": 0.9999331596668117,
  "I_LV0102_MV0102": 0.011689984643879131,
  "P_LV0103": -0.004400940147497496,
  "Q_LV0103": -0.00201846603259415,
  "U_LV0103": 0.9994882061373489,
  "I_LV0103_MV0103": 0.004844222659448345,
  "P_LV0201": 0.014707174014845266,
  "Q_LV0201": -0.002018466032594382,
  "U_LV0201": 1.0000236306272963,
  "I_LV0201_MV0201": 0.014844687864340659,
  "P_LV0202": -0.0009967471580352547,
  "Q_LV0202": -0.0020184660325944528,
  "U_LV0202": 0.9995901899700512,
  "I_LV0202_MV0202": 0.0022520804100330982,
  "P_LV0203": 0.0041676107954436385,
  "Q_LV0203": -0.0020184660325944176,
  "U_LV0203": 0.9997356135091933,
  "I_LV0203_MV0203": 0.004631903274256566,
  "P_POIMV_MV0101": -0.030384207393126417,
  "Q_POIMV_MV0101": 0.004880759541720181,
  "U_POIMV": 0.9998821660647036,
  "I_POIMV_MV0101": 0.030777347102936985,
  "P_POIMV_MV0201": -0.017870795688054386,
  "Q_POIMV_MV0201": 0.004534024756878807,
  "I_POIMV_MV0201": 0.01843916598019199,
  "P_POI_POIMV": -0.0482450030809048,
  "Q_POI_POIMV": 0.008880346272690076,
  "U_POI": 0.9999975985154923,
  "I_POI_POIMV": 0.04905560549317453
}