{
  "P_LV0101": 0.000104,
  "Q_LV0101": 0.000317,
  "U_LV0101": 0.002501,
  "I_LV0101_MV0101": 0.000082,
  "P_LV0102": 0.000072,
  "Q_LV0102": 0.000204,
  "U_LV0102": 0.002500,
  "I_LV0102_MV0102": 0.000056,
  "P_LV0103": 0.000060,
  "Q_LV0103": 0.000110,
  "U_LV0103": 0.002499,
  "I_LV0103_MV0103": 0.000034,
  "P_LV0201": 0.000073,
  "Q_LV0201": 0.000213,
  "U_LV0201": 0.002500,
  "I_LV0201_MV0201": 0.000056,
  "P_LV0202": 0.000055,
  "Q_LV0202": 0.000031,
  "U_LV0202": 0.002499,
  "I_LV0202_MV0202": 0.000017,
  "P_LV0203": 0.000059,
  "Q_LV0203": 0.000106,
  "U_LV0203": 0.002499,
  "I_LV0203_MV0203": 0.000032,
  "P_POIMV_MV0101": 0.000199,
  "Q_POIMV_MV0101": 0.000583,
  "U_POIMV": 0.002500,
  "I_POIMV_MV0101": 0.000161,
  "P_POIMV_MV0201": 0.000164,
  "Q_POIMV_MV0201": 0.000421,
  "I_POIMV_MV0201": 0.000120,
  "P_POI_POIMV": 0.000362,
  "Q_POI_POIMV": 0.001031,
  "U_POI": 0.002500,
  "I_POI_POIMV": 0.000289
}
