{
  "irrad_LV0101": -44.15291409868518,
  "irrad_LV0102": -50.23742340064147,
  "irrad_LV0103": 7.416913338104293,
  "irrad_LV0201": 78.23307062677826,
  "irrad_LV0202": -43.85308793860438,
  "irrad_LV0203": -29.129228312710303
}