{
  "irrad_LV0101": 28.819052713406947,
  "irrad_LV0102": -44.82559154258431,
  "irrad_LV0103": -39.57668508967479,
  "irrad_LV0201": 20.088278477341106,
  "irrad_LV0202": -40.79010485817934,
  "irrad_LV0203": 11.604884249618244
}