{
  "P_LV0101": 0.00864404422827136,
  "Q_LV0101": -1.1704500656958992e-16,
  "U_LV0101": 1.0002777906853124,
  "I_LV0101_MV0101": 0.00864164366015678,
  "P_LV0102": -0.01344507745295417,
  "Q_LV0102": -3.115035226046103e-17,
  "U_LV0102": 0.9996458384466087,
  "I_LV0102_MV0102": 0.013449840869489374,
  "P_LV0103": -0.01187070996835252,
  "Q_LV0103": 1.8212624103144663e-16,
  "U_LV0103": 0.9996818290123677,
  "I_LV0103_MV0103": 0.011874488085954456,
  "P_LV0201": 0.006025318366803468,
  "Q_LV0201": 1.2046399072231152e-15,
  "U_LV0201": 1.0002092012709092,
  "I_LV0201_MV0201": 0.006024058126187439,
  "P_LV0202": -0.012234665517159736,
  "Q_LV0202": 4.441978272972008e-16,
  "U_LV0202": 0.9996951006303992,
  "I_LV0202_MV0202": 0.01223839699668895,
  "P_LV0203": 0.00348079215910532,
  "Q_LV0203": 4.577086684317596e-17,
  "U_LV0203": 1.0001356184757513,
  "I_LV0203_MV0203": 0.0034803201633896346,
  "P_POIMV_MV0101": 0.01668340272090063,
  "Q_POIMV_MV0101": -0.0012178350430076534,
  "U_POIMV": 1.00004399304354,
  "I_POIMV_MV0101": 0.016727056823635778,
  "P_POIMV_MV0201": 0.00273413270895162,
  "Q_POIMV_MV0201": -0.001528788736095521,
  "I_POIMV_MV0201": 0.0031323814179819117,
  "P_POI_POIMV": 0.01942753543001937,
  "Q_POI_POIMV": -0.0033075220953833195,
  "U_POI": 1.0000008943945002,
  "I_POI_POIMV": 0.019707058141364937
}