{
  "P_LV0101": 0.000813,
  "Q_LV0101": 0.002411,
  "U_LV0101": 0.002514,
  "I_LV0101_MV0101": 0.000572,
  "P_LV0102": 0.000804,
  "Q_LV0102": 0.002385,
  "U_LV0102": 0.002514,
  "I_LV0102_MV0102": 0.000565,
  "P_LV0103": 0.000729,
  "Q_LV0103": 0.002162,
  "U_LV0103": 0.002513,
  "I_LV0103_MV0103": 0.000513,
  "P_LV0201": 0.000776,
  "Q_LV0201": 0.002302,
  "U_LV0201": 0.002514,
  "I_LV0201_MV0201": 0.000546,
  "P_LV0202": 0.000746,
  "Q_LV0202": 0.002214,
  "U_LV0202": 0.002514,
  "I_LV0202_MV0202": 0.000525,
  "P_LV0203": 0.000830,
  "Q_LV0203": 0.002461,
  "U_LV0203": 0.002516,
  "I_LV0203_MV0203": 0.000583,
  "P_POIMV_MV0101": 0.002339,
  "Q_POIMV_MV0101": 0.006913,
  "U_POIMV": 0.002498,
  "I_POIMV_MV0101": 0.001649,
  "P_POIMV_MV0201": 0.002344,
  "Q_POIMV_MV0201": 0.006927,
  "I_POIMV_MV0201": 0.001653,
  "P_POI_POIMV": 0.004708,
  "Q_POI_POIMV": 0.013841,
  "U_POI": 0.002500,
  "I_POI_POIMV": 0.003302
}
