{
  "irrad_LV0101": -59.35403863302182,
  "irrad_LV0102": 98.30899976913315,
  "irrad_LV0103": 107.30033452713879,
  "irrad_LV0201": 60.202703124336935,
  "irrad_LV0202": 35.6296932554313,
  "irrad_LV0203": 46.53908853744422
}