{
  "P_LV0101": -0.01780276888947453,
  "Q_LV0101": 0.006760665417454636,
  "U_LV0101": 1.001038250647678,
  "I_LV0101_MV0101": 0.01902349376359068,
  "P_LV0102": 0.02948699773348814,
  "Q_LV0102": 0.006760665417454315,
  "U_LV0102": 1.0023936292690967,
  "I_LV0102_MV0102": 0.030179861885305182,
  "P_LV0103": 0.032183876638298144,
  "Q_LV0103": 0.006760665417455393,
  "U_LV0103": 1.0024923131426993,
  "I_LV0103_MV0103": 0.03280453754601678,
  "P_LV0201": 0.018057319011952302,
  "Q_LV0201": 0.006760665417455598,
  "U_LV0201": 1.0020724124666405,
  "I_LV0201_MV0201": 0.019241549008457672,
  "P_LV0202": 0.010686841354657438,
  "Q_LV0202": 0.006760665417454856,
  "U_LV0202": 1.0018940770039517,
  "I_LV0202_MV0202": 0.012621850438001674,
  "P_LV0203": 0.013959027163788646,
  "Q_LV0203": 0.006760665417454418,
  "U_LV0203": 1.00199700117627,
  "I_LV0203_MV0203": 0.015479118364405842,
  "P_POIMV_MV0101": -0.04379850026043641,
  "Q_POIMV_MV0101": -0.021227723736501503,
  "U_POIMV": 1.0005775161671173,
  "I_POIMV_MV0101": 0.04864350998566412,
  "P_POIMV_MV0201": -0.0426786914248396,
  "Q_POIMV_MV0201": -0.021731322752145843,
  "I_POIMV_MV0201": 0.04786516542897454,
  "P_POI_POIMV": -0.08646719168473672,
  "Q_POI_POIMV": -0.04340372760361788,
  "U_POI": 1.0000117366802304,
  "I_POI_POIMV": 0.09674832861697681
}