{
  "P_LV0101": 0.000134,
  "Q_LV0101": 0.000185,
  "U_LV0101": 0.002488,
  "I_LV0101_MV0101": 0.000035,
  "P_LV0102": 0.000134,
  "Q_LV0102": 0.000183,
  "U_LV0102": 0.002488,
  "I_LV0102_MV0102": 0.000035,
  "P_LV0103": 0.000134,
  "Q_LV0103": 0.000211,
  "U_LV0103": 0.002489,
  "I_LV0103_MV0103": 0.000039,
  "P_LV0201": 0.000134,
  "Q_LV0201": 0.000211,
  "U_LV0201": 0.002489,
  "I_LV0201_MV0201": 0.000039,
  "P_LV0202": 0.000134,
  "Q_LV0202": 0.000148,
  "U_LV0202": 0.002487,
  "I_LV0202_MV0202": 0.000031,
  "P_LV0203": 0.000135,
  "Q_LV0203": 0.000239,
  "U_LV0203": 0.002490,
  "I_LV0203_MV0203": 0.000042,
  "P_POIMV_MV0101": 0.000407,
  "Q_POIMV_MV0101": 0.000578,
  "U_POIMV": 0.002500,
  "I_POIMV_MV0101": 0.000109,
  "P_POIMV_MV0201": 0.000407,
  "Q_POIMV_MV0201": 0.000603,
  "I_POIMV_MV0201": 0.000112,
  "P_POI_POI_MV": 0.000813,
  "Q_POI_POI_MV": 0.001182,
  "U_POI": 0.002500,
  "I_POI_POI_MV": 0.000221
}
