{
  "irrad_LV0101": 295.7666812016254,
  "irrad_LV0102": 297.44814381584666,
  "irrad_LV0103": 358.94448683491663,
  "irrad_LV0201": 361.374797339715,
  "irrad_LV0202": 312.72230593908426,
  "irrad_LV0203": 247.56716094169315
}