{
  "P_LV0101": 0.000314,
  "Q_LV0101": 0.000930,
  "U_LV0101": 0.002506,
  "I_LV0101_MV0101": 0.000221,
  "P_LV0102": 0.000315,
  "Q_LV0102": 0.000936,
  "U_LV0102": 0.002506,
  "I_LV0102_MV0102": 0.000222,
  "P_LV0103": 0.000381,
  "Q_LV0103": 0.001129,
  "U_LV0103": 0.002508,
  "I_LV0103_MV0103": 0.000268,
  "P_LV0201": 0.000383,
  "Q_LV0201": 0.001137,
  "U_LV0201": 0.002508,
  "I_LV0201_MV0201": 0.000270,
  "P_LV0202": 0.000332,
  "Q_LV0202": 0.000984,
  "U_LV0202": 0.002507,
  "I_LV0202_MV0202": 0.000234,
  "P_LV0203": 0.000263,
  "Q_LV0203": 0.000779,
  "U_LV0203": 0.002506,
  "I_LV0203_MV0203": 0.000185,
  "P_POIMV_MV0101": 0.001007,
  "Q_POIMV_MV0101": 0.002987,
  "U_POIMV": 0.002500,
  "I_POIMV_MV0101": 0.000712,
  "P_POIMV_MV0201": 0.000975,
  "Q_POIMV_MV0201": 0.002891,
  "I_POIMV_MV0201": 0.000689,
  "P_POI_POIMV": 0.001983,
  "Q_POI_POIMV": 0.005877,
  "U_POI": 0.002500,
  "I_POI_POIMV": 0.001401
}
