{
  "irrad_LV0101": 697.4792910164691,
  "irrad_LV0102": 664.5998668770686,
  "irrad_LV0103": 776.8667459136616,
  "irrad_LV0201": 718.0407716331176,
  "irrad_LV0202": 685.550560597436,
  "irrad_LV0203": 773.5771222356738
}