{
  "P_LV0101": 0.02092033315531198,
  "Q_LV0101": 0.01123764186706231,
  "U_LV0101": 1.0209592391158433,
  "I_LV0101_MV0101": 0.013429174554461598,
  "P_LV0102": 0.019934141140996217,
  "Q_LV0102": 0.011237641867062224,
  "U_LV0102": 1.021118934538696,
  "I_LV0102_MV0102": 0.012938546635115549,
  "P_LV0103": 0.02330149633276087,
  "Q_LV0103": 0.011237641867062293,
  "U_LV0103": 1.0221043520005184,
  "I_LV0103_MV0103": 0.014612902416109614,
  "P_LV0201": 0.02153705831146664,
  "Q_LV0201": 0.01123764186706219,
  "U_LV0201": 1.0216942466466188,
  "I_LV0201_MV0201": 0.013727519787072196,
  "P_LV0202": 0.02056254043271747,
  "Q_LV0202": 0.011237641867062163,
  "U_LV0202": 1.0218611123813144,
  "I_LV0202_MV0202": 0.013239582062158597,
  "P_LV0203": 0.02320282670315965,
  "Q_LV0203": 0.011237641867062192,
  "U_LV0203": 1.0226759078052365,
  "I_LV0203_MV0203": 0.014554581912442422,
  "P_POIMV_MV0101": -0.06365030515686954,
  "Q_POIMV_MV0101": -0.03147604310234442,
  "U_POIMV": 1.0000063476094967,
  "I_POIMV_MV0101": 0.0409960917891595,
  "P_POIMV_MV0201": -0.06474801829362775,
  "Q_POIMV_MV0201": -0.03142009587734407,
  "I_POIMV_MV0201": 0.04155102302500506,
  "P_POI_POI_MV": -0.1283973234505075,
  "Q_POI_POI_MV": -0.06295272475108504,
  "U_POI": 1.0000063301227389,
  "I_POI_POI_MV": 0.08256040079233676
}