{
  "P_LV0101": 0.001060,
  "Q_LV0101": 0.001762,
  "U_LV0101": 0.002463,
  "I_LV0101_MV0101": 0.000471,
  "P_LV0102": 0.001128,
  "Q_LV0102": 0.002101,
  "U_LV0102": 0.002466,
  "I_LV0102_MV0102": 0.000546,
  "P_LV0103": 0.001067,
  "Q_LV0103": 0.001803,
  "U_LV0103": 0.002464,
  "I_LV0103_MV0103": 0.000480,
  "P_LV0201": 0.001098,
  "Q_LV0201": 0.001959,
  "U_LV0201": 0.002465,
  "I_LV0201_MV0201": 0.000515,
  "P_LV0202": 0.001041,
  "Q_LV0202": 0.001660,
  "U_LV0202": 0.002464,
  "I_LV0202_MV0202": 0.000449,
  "P_LV0203": 0.001076,
  "Q_LV0203": 0.001848,
  "U_LV0203": 0.002465,
  "I_LV0203_MV0203": 0.000490,
  "P_POIMV_MV0101": 0.003380,
  "Q_POIMV_MV0101": 0.005637,
  "U_POIMV": 0.002482,
  "I_POIMV_MV0101": 0.001495,
  "P_POIMV_MV0201": 0.003333,
  "Q_POIMV_MV0201": 0.005438,
  "I_POIMV_MV0201": 0.001451,
  "P_POI_POIMV": 0.006867,
  "Q_POI_POIMV": 0.011085,
  "U_POI": 0.002500,
  "I_POI_POIMV": 0.002946
}
