{
  "irrad_LV0101": -36.22748601083158,
  "irrad_LV0102": -60.21830694536872,
  "irrad_LV0103": -79.50407726062646,
  "irrad_LV0201": 30.950589688200274,
  "irrad_LV0202": -9.855008958980232,
  "irrad_LV0203": -17.857093248277213
}