{
  "P_LV0101": -0.0210109741943362,
  "Q_LV0101": -0.001724139118946148,
  "U_LV0101": 0.999068685529391,
  "I_LV0101_MV0101": 0.02110124795423622,
  "P_LV0102": 0.0029031969041349364,
  "Q_LV0102": -0.0017241391189466897,
  "U_LV0102": 0.9997332565335566,
  "I_LV0102_MV0102": 0.0033774684003931806,
  "P_LV0103": -0.007534186905289246,
  "Q_LV0103": -0.0017241391189466173,
  "U_LV0103": 0.9994367829060522,
  "I_LV0103_MV0103": 0.007733302935738727,
  "P_LV0201": -0.0007924119827830758,
  "Q_LV0201": -0.0017241391189463146,
  "U_LV0201": 0.9996488626491107,
  "I_LV0201_MV0201": 0.0018981839677259943,
  "P_LV0202": 0.003383743560461812,
  "Q_LV0202": -0.0017241391189462706,
  "U_LV0202": 0.9997684044348495,
  "I_LV0202_MV0202": 0.00379856009858848,
  "P_LV0203": 0.003559901771411772,
  "Q_LV0203": -0.001724139118945898,
  "U_LV0203": 0.9997750871842246,
  "I_LV0203_MV0203": 0.003956336243404295,
  "P_POIMV_MV0101": 0.025656606469738108,
  "Q_POIMV_MV0101": 0.003971336966742456,
  "U_POIMV": 0.9999065635465292,
  "I_POIMV_MV0101": 0.025964571034455892,
  "P_POIMV_MV0201": -0.0061501957600285095,
  "Q_POIMV_MV0201": 0.0036211965469874485,
  "I_POIMV_MV0201": 0.007137751227090767,
  "P_POI_POIMV": 0.019516410709925592,
  "Q_POI_POIMV": 0.0070323373206520046,
  "U_POI": 0.9999980983212404,
  "I_POI_POIMV": 0.020744775051730505
}