{
  "irrad_LV0101": 108.73047238045248,
  "irrad_LV0102": 14.949575586573216,
  "irrad_LV0103": -10.233109024486302,
  "irrad_LV0201": -56.32226452316511,
  "irrad_LV0202": 25.460654171605423,
  "irrad_LV0203": 37.72571686507943
}