{
  "P_LV0101": 0.000061,
  "Q_LV0101": 0.000200,
  "U_LV0101": 0.002499,
  "I_LV0101_MV0101": 0.000055,
  "P_LV0102": 0.000066,
  "Q_LV0102": 0.000213,
  "U_LV0102": 0.002499,
  "I_LV0102_MV0102": 0.000057,
  "P_LV0103": 0.000057,
  "Q_LV0103": 0.000190,
  "U_LV0103": 0.002501,
  "I_LV0103_MV0103": 0.000052,
  "P_LV0201": 0.000064,
  "Q_LV0201": 0.000208,
  "U_LV0201": 0.002501,
  "I_LV0201_MV0201": 0.000056,
  "P_LV0202": 0.000072,
  "Q_LV0202": 0.000229,
  "U_LV0202": 0.002501,
  "I_LV0202_MV0202": 0.000060,
  "P_LV0203": 0.000045,
  "Q_LV0203": 0.000153,
  "U_LV0203": 0.002500,
  "I_LV0203_MV0203": 0.000042,
  "P_POIMV_MV0101": 0.000111,
  "Q_POIMV_MV0101": 0.000361,
  "U_POIMV": 0.002500,
  "I_POIMV_MV0101": 0.000101,
  "P_POIMV_MV0201": 0.000147,
  "Q_POIMV_MV0201": 0.000481,
  "I_POIMV_MV0201": 0.000133,
  "P_POI_POIMV": 0.000103,
  "Q_POI_POIMV": 0.000187,
  "U_POI": 0.002500,
  "I_POI_POIMV": 0.000057
}
