{
  "P_LV0101": 0.216273525602197,
  "Q_LV0101": 0.09870315809702199,
  "U_LV0101": 1.026294883456474,
  "I_LV0101_MV0101": 0.23164112349480634,
  "P_LV0102": 0.1979342743742604,
  "Q_LV0102": 0.09870315809702387,
  "U_LV0102": 1.0262302418611904,
  "I_LV0102_MV0102": 0.21552601770360777,
  "P_LV0103": 0.21183604049362983,
  "Q_LV0103": 0.09870315809702279,
  "U_LV0103": 1.026739167085603,
  "I_LV0103_MV0103": 0.22761615437936472,
  "P_LV0201": 0.2273371415673175,
  "Q_LV0201": 0.0987031580970239,
  "U_LV0201": 1.0271043441234367,
  "I_LV0201_MV0201": 0.2412993829247607,
  "P_LV0202": 0.20089193100596484,
  "Q_LV0202": 0.09870315809702267,
  "U_LV0202": 1.0268514654754501,
  "I_LV0202_MV0202": 0.21797702526881882,
  "P_LV0203": 0.2037965170515357,
  "Q_LV0203": 0.09870315809702229,
  "U_LV0203": 1.0270991736768549,
  "I_LV0203_MV0203": 0.22046612469863455,
  "P_POIMV_MV0101": -0.6214917190691267,
  "Q_POIMV_MV0101": -0.27607786736871276,
  "U_POIMV": 1.0071550298306262,
  "I_POIMV_MV0101": 0.6752209380177452,
  "P_POIMV_MV0201": -0.6270862622351387,
  "Q_POIMV_MV0201": -0.2758132805789728,
  "I_POIMV_MV0201": 0.6801953296914288,
  "P_POI_POIMV": -1.2485679813040471,
  "Q_POI_POIMV": -0.5285361775713682,
  "U_POI": 1.000142847595834,
  "I_POI_POIMV": 1.3556354310202505
}