{
  "P_LV0101": -0.0010435991144501359,
  "Q_LV0101": 0.0029042230869861054,
  "U_LV0101": 1.000644711913287,
  "I_LV0101_MV0101": 0.0030840464888330227,
  "P_LV0102": -0.013221637193200193,
  "Q_LV0102": 0.002904223086986208,
  "U_LV0102": 1.000293447675217,
  "I_LV0102_MV0102": 0.013532874889841201,
  "P_LV0103": -0.007619598280552405,
  "Q_LV0103": 0.0029042230869855317,
  "U_LV0103": 1.0004463606501761,
  "I_LV0103_MV0103": 0.008150672971374374,
  "P_LV0201": -0.005292161795412475,
  "Q_LV0201": 0.002904223086985128,
  "U_LV0201": 1.0005328861275677,
  "I_LV0201_MV0201": 0.006033463425206014,
  "P_LV0202": -0.006578635007559376,
  "Q_LV0202": 0.002904223086986527,
  "U_LV0202": 1.0004997431262657,
  "I_LV0202_MV0202": 0.007187579748276766,
  "P_LV0203": 0.005996470237423311,
  "Q_LV0203": 0.0029042230869856353,
  "U_LV0203": 1.0008545660451742,
  "I_LV0203_MV0203": 0.006657055814387987,
  "P_POIMV_MV0101": 0.021892613754971535,
  "Q_POIMV_MV0101": -0.009950245973186611,
  "U_POIMV": 1.0002758846313702,
  "I_POIMV_MV0101": 0.024041110189260084,
  "P_POIMV_MV0201": 0.005878212837956198,
  "Q_POIMV_MV0201": -0.010251251536772088,
  "I_POIMV_MV0201": 0.011813743107084128,
  "P_POI_POIMV": 0.027780826593033568,
  "Q_POI_POIMV": -0.02075205883875242,
  "U_POI": 1.0000056116428693,
  "I_POI_POIMV": 0.034675766425907556
}