{
  "P_LV0101": -0.00873122348612886,
  "Q_LV0101": 7.322191221976846e-05,
  "U_LV0101": 0.9998098432964155,
  "I_LV0101_MV0101": 0.008733191182905671,
  "P_LV0102": 0.00923134988434243,
  "Q_LV0102": 7.322191221906042e-05,
  "U_LV0102": 1.0003015663116739,
  "I_LV0102_MV0102": 0.009228857160883052,
  "P_LV0103": -0.020059262062235086,
  "Q_LV0103": 7.32219122191095e-05,
  "U_LV0103": 0.9994708069518917,
  "I_LV0103_MV0103": 0.020070016615279112,
  "P_LV0201": 0.00908933448936281,
  "Q_LV0201": 7.322191221938095e-05,
  "U_LV0201": 1.000310008105288,
  "I_LV0201_MV0201": 0.009086812429820958,
  "P_LV0202": -0.01160893965010284,
  "Q_LV0202": 7.322191221886071e-05,
  "U_LV0202": 0.9997270129804875,
  "I_LV0202_MV0202": 0.011612340585007248,
  "P_LV0203": 0.00015118432854470366,
  "Q_LV0203": 7.322191221927705e-05,
  "U_LV0203": 1.0000553446792722,
  "I_LV0203_MV0203": 0.0001679732908439887,
  "P_POIMV_MV0101": 0.019575306837396056,
  "Q_POIMV_MV0101": -0.001414338008089544,
  "U_POIMV": 1.000049479128573,
  "I_POIMV_MV0101": 0.019625363043298885,
  "P_POIMV_MV0201": 0.002374562393015367,
  "Q_POIMV_MV0201": -0.0017457737499171344,
  "I_POIMV_MV0201": 0.0029471024803394783,
  "P_POI_POIMV": 0.021959869230271597,
  "Q_POI_POIMV": -0.003719613911016495,
  "U_POI": 1.0000010058269517,
  "I_POI_POIMV": 0.022272637615137227
}