{
  "P_LV0101": 0.007347670878415012,
  "Q_LV0101": 1.2240562515023555e-16,
  "U_LV0101": 1.0002653708088156,
  "I_LV0101_MV0101": 0.007345721538349046,
  "P_LV0102": 0.033059724047889566,
  "Q_LV0102": 1.4374338735139993e-16,
  "U_LV0102": 1.0010080452214751,
  "I_LV0102_MV0102": 0.03302643191101929,
  "P_LV0103": 0.022970579913765964,
  "Q_LV0103": 2.4539110143504634e-16,
  "U_LV0103": 1.0007497771003837,
  "I_LV0103_MV0103": 0.02295337000256141,
  "P_LV0201": 0.008482391542970277,
  "Q_LV0201": -3.436871959267165e-16,
  "U_LV0201": 1.0003136601763007,
  "I_LV0201_MV0201": 0.008479731788802418,
  "P_LV0202": 0.028123407997491967,
  "Q_LV0202": -2.449558449271796e-16,
  "U_LV0202": 1.0008716631837857,
  "I_LV0202_MV0202": 0.028098915207601185,
  "P_LV0203": 1.2709033814657183e-05,
  "Q_LV0203": 7.292254079584597e-17,
  "U_LV0203": 1.0000992477012167,
  "I_LV0203_MV0203": 1.2707772597439303e-05,
  "P_POIMV_MV0101": -0.06332759212659766,
  "Q_POIMV_MV0101": -0.0010386846101937408,
  "U_POIMV": 1.0000395246251406,
  "I_POIMV_MV0101": 0.06333360644985528,
  "P_POIMV_MV0201": -0.036592625614275676,
  "Q_POIMV_MV0201": -0.0014355498987583815,
  "I_POIMV_MV0201": 0.0366193261501538,
  "P_POI_POIMV": -0.09991021774001436,
  "Q_POI_POIMV": -0.0029100999495312863,
  "U_POI": 1.00000078657394,
  "I_POI_POIMV": 0.09995251159438702
}