{
  "irrad_LV0101": 782.7801894870569,
  "irrad_LV0102": 792.6117464726861,
  "irrad_LV0103": 829.7316502682124,
  "irrad_LV0201": 880.7646826701471,
  "irrad_LV0202": 724.820871927628,
  "irrad_LV0203": 739.17136140325
}