{
  "irrad_LV0101": 874.2092722758578,
  "irrad_LV0102": 861.6013029017626,
  "irrad_LV0103": 748.1042465408071,
  "irrad_LV0201": 744.044069955169,
  "irrad_LV0202": 783.1202858242511,
  "irrad_LV0203": 802.8724616910862
}