{
  "P_LV0101": 0.2571332629458419,
  "Q_LV0101": -0.12198099488432596,
  "U_LV0101": 0.9784636271763993,
  "I_LV0101_MV0101": 0.29086365267822956,
  "P_LV0102": 0.23371471812524783,
  "Q_LV0102": -0.1219809948843261,
  "U_LV0102": 0.9781408903916516,
  "I_LV0102_MV0102": 0.26952374084643627,
  "P_LV0103": 0.2585212229406777,
  "Q_LV0103": -0.12198099488432594,
  "U_LV0103": 0.9788335679043444,
  "I_LV0103_MV0103": 0.29203548304440935,
  "P_LV0201": 0.23584591820367942,
  "Q_LV0201": -0.12198099488432654,
  "U_LV0201": 0.9782857252344577,
  "I_LV0201_MV0201": 0.27141699360864463,
  "P_LV0202": 0.239637148242812,
  "Q_LV0202": -0.12198099488432682,
  "U_LV0202": 0.9785936326411098,
  "I_LV0202_MV0202": 0.2747785063366687,
  "P_LV0203": 0.2518592351368406,
  "Q_LV0203": -0.12198099488432632,
  "U_LV0203": 0.9789904684565236,
  "I_LV0203_MV0203": 0.28584915135863476,
  "P_POIMV_MV0101": -0.7421005541793875,
  "Q_POIMV_MV0101": 0.3987410340914721,
  "U_POIMV": 0.9891195422130195,
  "I_POIMV_MV0101": 0.8517084564574062,
  "P_POIMV_MV0201": -0.7199306795338316,
  "Q_POIMV_MV0201": 0.397161073787629,
  "I_POIMV_MV0201": 0.8312592351217101,
  "P_POI_POIMV": -1.4620212337131642,
  "Q_POI_POIMV": 0.8322151572565417,
  "U_POI": 0.999774826277663,
  "I_POI_POIMV": 1.6826654775616454
}