{
  "P_LV0101": 0.26221207509717936,
  "Q_LV0101": -0.1166321098449233,
  "U_LV0101": 0.9798545060511452,
  "I_LV0101_MV0101": 0.16909519152229222,
  "P_LV0102": 0.2584304155824769,
  "Q_LV0102": -0.11663210984492285,
  "U_LV0102": 0.9799868834204599,
  "I_LV0102_MV0102": 0.1670391651857037,
  "P_LV0103": 0.22438788182125086,
  "Q_LV0103": -0.11663210984492321,
  "U_LV0103": 0.9792937001325722,
  "I_LV0103_MV0103": 0.14909283498877077,
  "P_LV0201": 0.22317006434716996,
  "Q_LV0201": -0.11663210984492313,
  "U_LV0201": 0.9792437242880055,
  "I_LV0201_MV0201": 0.14846372469762698,
  "P_LV0202": 0.2348906625779608,
  "Q_LV0202": -0.11663210984492281,
  "U_LV0202": 0.9797332590493166,
  "I_LV0202_MV0202": 0.15454398308845613,
  "P_LV0203": 0.24081516965650496,
  "Q_LV0203": -0.11663210984492285,
  "U_LV0203": 0.9799803408820009,
  "I_LV0203_MV0203": 0.15763888000378393,
  "P_POIMV_MV0101": -0.7379692979386618,
  "Q_POIMV_MV0101": 0.38178917182290206,
  "U_POIMV": 0.9896119480164441,
  "I_POIMV_MV0101": 0.4847443698741707,
  "P_POIMV_MV0201": -0.6920581285163507,
  "Q_POIMV_MV0201": 0.37848287968012073,
  "I_POIMV_MV0201": 0.4601900903431178,
  "P_POI_POI_MV": -1.4300174264553571,
  "Q_POI_POI_MV": 0.7945805934305099,
  "U_POI": 0.9997850111595882,
  "I_POI_POI_MV": 0.9447149981877874
}