{
  "P_LV0101": 0.23478865340334232,
  "Q_LV0101": -0.10737834404709708,
  "U_LV0101": 0.9813690021680996,
  "I_LV0101_MV0101": 0.1518889136869909,
  "P_LV0102": 0.23773755024119764,
  "Q_LV0102": -0.10737834404709685,
  "U_LV0102": 0.9816680087441831,
  "I_LV0102_MV0102": 0.1534215658758598,
  "P_LV0103": 0.24887136832149956,
  "Q_LV0103": -0.10737834404709679,
  "U_LV0103": 0.9820447649579264,
  "I_LV0103_MV0103": 0.15935086966886083,
  "P_LV0201": 0.2641783179833081,
  "Q_LV0201": -0.10737834404709728,
  "U_LV0201": 0.982367204806081,
  "I_LV0201_MV0201": 0.167596514724529,
  "P_LV0202": 0.21740421993821812,
  "Q_LV0202": -0.10737834404709751,
  "U_LV0202": 0.9814794017678476,
  "I_LV0202_MV0202": 0.14263538734310877,
  "P_LV0203": 0.22170853441233385,
  "Q_LV0203": -0.10737834404709756,
  "U_LV0203": 0.9816819205114566,
  "I_LV0203_MV0203": 0.14488001476521328,
  "P_POIMV_MV0101": -0.7149146522399406,
  "Q_POIMV_MV0101": 0.3512125097220178,
  "U_POIMV": 0.9904162548505928,
  "I_POIMV_MV0101": 0.4643242916161824,
  "P_POIMV_MV0201": -0.6966412486657418,
  "Q_POIMV_MV0201": 0.3501184168199529,
  "I_POIMV_MV0201": 0.45450095911946164,
  "P_POI_POIMV": -1.411545900905588,
  "Q_POI_POIMV": 0.7337425498330958,
  "U_POI": 0.9998014715078934,
  "I_POI_POIMV": 0.9186666328268727
}