{
  "P_LV0101": 0.0038038900314023624,
  "Q_LV0101": -0.012146236147917091,
  "U_LV0101": 0.9974841672598792,
  "I_LV0101_MV0101": 0.012760049035093975,
  "P_LV0102": 0.01978771736324799,
  "Q_LV0102": -0.012146236147917835,
  "U_LV0102": 0.997931859130498,
  "I_LV0102_MV0102": 0.023266318018196806,
  "P_LV0103": 0.0054502455609730695,
  "Q_LV0103": -0.012146236147917008,
  "U_LV0103": 0.9975345235627641,
  "I_LV0103_MV0103": 0.013345913809777989,
  "P_LV0201": 0.018209401014774713,
  "Q_LV0201": -0.012146236147917374,
  "U_LV0201": 0.9978049142741408,
  "I_LV0201_MV0201": 0.021936810925535906,
  "P_LV0202": -0.041019648917221964,
  "Q_LV0202": -0.012146236147917194,
  "U_LV0202": 0.9960833547579367,
  "I_LV0202_MV0202": 0.042948380116385895,
  "P_LV0203": -0.02507883911675609,
  "Q_LV0203": -0.012146236147917135,
  "U_LV0203": 0.9965152626595517,
  "I_LV0203_MV0203": 0.027962819878972117,
  "P_POIMV_MV0101": -0.029015666142413465,
  "Q_POIMV_MV0101": 0.035291451425564446,
  "U_POIMV": 0.9990680587241973,
  "I_POIMV_MV0101": 0.045730641050488366,
  "P_POIMV_MV0201": 0.0479831270864679,
  "Q_POIMV_MV0201": 0.03532256139311585,
  "I_POIMV_MV0201": 0.059637991177995564,
  "P_POI_POIMV": 0.018977460945017118,
  "Q_POI_POIMV": 0.07011787082137744,
  "U_POI": 0.9999810385863955,
  "I_POI_POIMV": 0.07264199848568091
}