{
    "090neg": {
        "08": {
            "P": {
                "Precision": 0.01,
                "Accuracy": 0.9646428571428557,
                "Recall": 0.01,
                "F1": 0.01,
                "norm2": 6.641267813833263e-05,
                "norminf": 0.0007143329581480606,
                "z": 0.002213927169004995
            },
            "Q": {
                "Precision": 0.0,
                "Accuracy": 0.9642857142857127,
                "Recall": 0.0,
                "F1": 0.0,
                "norm2": 1.7897452877485626e-05,
                "norminf": 0.00012395221850860504,
                "z": 0.0012384524591694563
            },
            "U": {
                "Precision": 0.0,
                "Accuracy": 0.9642857142857127,
                "Recall": 0.0,
                "F1": 0.0,
                "norm2": 0.00026541309234684956,
                "norminf": 0.0010644425415590841,
                "z": 0.0010637527181317208
            },
            "I": {
                "Precision": 0.0,
                "Accuracy": 0.9642857142857127,
                "Recall": 0.0,
                "F1": 0.0,
                "norm2": 3.675532661433665e-05,
                "norminf": 0.0003921931186478833,
                "z": 0.0002968771498796012
            }
        },
        "10": {
            "P": {
                "Precision": 0.1,
                "Accuracy": 0.9678571428571415,
                "Recall": 0.1,
                "F1": 0.1,
                "norm2": 0.00016499562559172613,
                "norminf": 0.0020187546360671215,
                "z": 0.006995084327737811
            },
            "Q": {
                "Precision": 0.0,
                "Accuracy": 0.9642857142857127,
                "Recall": 0.0,
                "F1": 0.0,
                "norm2": 6.176583620685298e-05,
                "norminf": 0.0004432730738003265,
                "z": 0.004249955710315212
            },
            "U": {
                "Precision": 0.0,
                "Accuracy": 0.9642857142857127,
                "Recall": 0.0,
                "F1": 0.0,
                "norm2": 0.0002542329689511119,
                "norminf": 0.0011090540816317241,
                "z": 0.0011090529595104814
            },
            "I": {
                "Precision": 0.0,
                "Accuracy": 0.9642857142857127,
                "Recall": 0.0,
                "F1": 0.0,
                "norm2": 0.00010281163581261346,
                "norminf": 0.0012252771358451753,
                "z": 0.0035988633928586023
            }
        },
        "13": {
            "P": {
                "Precision": 0.99,
                "Accuracy": 0.9996428571428573,
                "Recall": 0.99,
                "F1": 0.99,
                "norm2": 0.00011803086701178898,
                "norminf": 0.0016795583735126863,
                "z": 0.006755188076447105
            },
            "Q": {
                "Precision": 0.0,
                "Accuracy": 0.9642857142857127,
                "Recall": 0.0,
                "F1": 0.0,
                "norm2": 8.897989166589111e-05,
                "norminf": 0.0007639520016857926,
                "z": 0.006669083369825667
            },
            "U": {
                "Precision": 0.0,
                "Accuracy": 0.9642857142857127,
                "Recall": 0.0,
                "F1": 0.0,
                "norm2": 0.0002514953509005547,
                "norminf": 0.0012717745112312295,
                "z": 0.0012717233720076215
            },
            "I": {
                "Precision": 0.0,
                "Accuracy": 0.9449999999999996,
                "Recall": 0.0,
                "F1": 0.0,
                "norm2": 0.00011911799599090017,
                "norminf": 0.00167210835873156,
                "z": 0.009863939569902967
            }
        }
    },
    "090pos": {
        "08": {
            "P": {
                "Precision": 0.0,
                "Accuracy": 0.9642857142857127,
                "Recall": 0.0,
                "F1": 0.0,
                "norm2": 5.793097102247489e-05,
                "norminf": 0.00025804662285815904,
                "z": 0.002639776848009038
            },
            "Q": {
                "Precision": 0.0,
                "Accuracy": 0.9642857142857127,
                "Recall": 0.0,
                "F1": 0.0,
                "norm2": 1.9823353857593766e-05,
                "norminf": 0.00026769250939123523,
                "z": 0.0018741841320537168
            },
            "U": {
                "Precision": 0.0,
                "Accuracy": 0.9642857142857127,
                "Recall": 0.0,
                "F1": 0.0,
                "norm2": 0.00027452438422102024,
                "norminf": 0.0010951007954937864,
                "z": 0.0010950935358927816
            },
            "I": {
                "Precision": 0.0,
                "Accuracy": 0.9642857142857127,
                "Recall": 0.0,
                "F1": 0.0,
                "norm2": 4.3537355102300165e-05,
                "norminf": 0.00020463024091245342,
                "z": 0.00044992995200036917
            }
        },
        "10": {
            "P": {
                "Precision": 0.24,
                "Accuracy": 0.9728571428571416,
                "Recall": 0.24,
                "F1": 0.24,
                "norm2": 0.00015853624446664604,
                "norminf": 0.0007005629988705442,
                "z": 0.005541456143056928
            },
            "Q": {
                "Precision": 0.0,
                "Accuracy": 0.9642857142857127,
                "Recall": 0.0,
                "F1": 0.0,
                "norm2": 4.811304866713263e-05,
                "norminf": 0.0006857241859699537,
                "z": 0.004897890236121955
            },
            "U": {
                "Precision": 0.0,
                "Accuracy": 0.9642857142857127,
                "Recall": 0.0,
                "F1": 0.0,
                "norm2": 0.0002642373837788335,
                "norminf": 0.0011288853283218292,
                "z": 0.0011288647254322172
            },
            "I": {
                "Precision": 0.0,
                "Accuracy": 0.9642857142857127,
                "Recall": 0.0,
                "F1": 0.0,
                "norm2": 0.00012770436792649084,
                "norminf": 0.0005478807790046402,
                "z": 0.003024094883661984
            }
        },
        "13": {
            "P": {
                "Precision": 1.0,
                "Accuracy": 1.0,
                "Recall": 1.0,
                "F1": 1.0,
                "norm2": 0.0001143714876232944,
                "norminf": 0.0005236206982852342,
                "z": 0.00560666285699904
            },
            "Q": {
                "Precision": 0.0,
                "Accuracy": 0.9642857142857127,
                "Recall": 0.0,
                "F1": 0.0,
                "norm2": 7.26432106175312e-05,
                "norminf": 0.0010796475725849896,
                "z": 0.008404808625371858
            },
            "U": {
                "Precision": 0.55,
                "Accuracy": 0.9839285714285707,
                "Recall": 0.55,
                "F1": 0.55,
                "norm2": 0.00024314863659648592,
                "norminf": 0.0011624023738586575,
                "z": 0.0011623945775073507
            },
            "I": {
                "Precision": 0.0,
                "Accuracy": 0.9382142857142861,
                "Recall": 0.0,
                "F1": 0.0,
                "norm2": 0.0001474963179937132,
                "norminf": 0.0009050839998791505,
                "z": 0.009097470943584979
            }
        }
    }
}