{
    "090neg": {
        "08": {
            "P": {
                "Precision": 0.135,
                "Accuracy": 0.957499999999999,
                "Recall": 0.27,
                "F1": 0.17999999999999997,
                "norm2": 0.0001351780948722088,
                "norminf": 0.0019071330156045984,
                "z": 0.007108611672811642
            },
            "Q": {
                "Precision": 0.0,
                "Accuracy": 0.9642857142857127,
                "Recall": 0.0,
                "F1": 0.0,
                "norm2": 4.167579858692146e-05,
                "norminf": 0.00031464817933912206,
                "z": 0.0030396991456060813
            },
            "U": {
                "Precision": 0.0,
                "Accuracy": 0.9642857142857127,
                "Recall": 0.0,
                "F1": 0.0,
                "norm2": 0.0006340602575313066,
                "norminf": 0.002538111157901435,
                "z": 0.0025387966012672594
            },
            "I": {
                "Precision": 0.0,
                "Accuracy": 0.957499999999999,
                "Recall": 0.0,
                "F1": 0.0,
                "norm2": 7.02516169322315e-05,
                "norminf": 0.0006950403841318053,
                "z": 0.0006211519008077872
            }
        },
        "10": {
            "P": {
                "Precision": 1.0,
                "Accuracy": 1.0,
                "Recall": 1.0,
                "F1": 1.0,
                "norm2": 0.00011699145608006833,
                "norminf": 0.0016560023434804927,
                "z": 0.006307430915266462
            },
            "Q": {
                "Precision": 0.0,
                "Accuracy": 0.9642857142857127,
                "Recall": 0.0,
                "F1": 0.0,
                "norm2": 0.00014790402326637637,
                "norminf": 0.001147291191072962,
                "z": 0.010715434658935192
            },
            "U": {
                "Precision": 0.0,
                "Accuracy": 0.9642857142857127,
                "Recall": 0.0,
                "F1": 0.0,
                "norm2": 0.0005922553279147529,
                "norminf": 0.0025940704134300896,
                "z": 0.0025940686269275482
            },
            "I": {
                "Precision": 0.0,
                "Accuracy": 0.8957142857142855,
                "Recall": 0.0,
                "F1": 0.0,
                "norm2": 9.95161284452666e-05,
                "norminf": 0.0011109691076936323,
                "z": 0.008678803655911805
            }
        },
        "13": {
            "P": {
                "Precision": 1.0,
                "Accuracy": 1.0,
                "Recall": 1.0,
                "F1": 1.0,
                "norm2": 0.00012891698922331358,
                "norminf": 0.0018776831806645866,
                "z": 0.007910980796118992
            },
            "Q": {
                "Precision": 0.285,
                "Accuracy": 0.9699999999999985,
                "Recall": 0.41,
                "F1": 0.32666666666666677,
                "norm2": 0.00021301944490752242,
                "norminf": 0.0019327353681624915,
                "z": 0.01657831451188228
            },
            "U": {
                "Precision": 1.0,
                "Accuracy": 1.0,
                "Recall": 1.0,
                "F1": 1.0,
                "norm2": 0.0002547346712417132,
                "norminf": 0.0012861127739504496,
                "z": 0.0012861638811230303
            },
            "I": {
                "Precision": 0.0,
                "Accuracy": 0.8928571428571427,
                "Recall": 0.0,
                "F1": 0.0,
                "norm2": 0.0001075718283877887,
                "norminf": 0.0013455644058495099,
                "z": 0.02459023564980339
            }
        }
    },
    "090pos": {
        "08": {
            "P": {
                "Precision": 0.06,
                "Accuracy": 0.9607142857142847,
                "Recall": 0.12,
                "F1": 0.08,
                "norm2": 0.00011249082707908987,
                "norminf": 0.0006574133563749173,
                "z": 0.007500337772628763
            },
            "Q": {
                "Precision": 0.0,
                "Accuracy": 0.9642857142857127,
                "Recall": 0.0,
                "F1": 0.0,
                "norm2": 4.8943311484788567e-05,
                "norminf": 0.0006973334116866758,
                "z": 0.005029749416146308
            },
            "U": {
                "Precision": 0.0,
                "Accuracy": 0.9642857142857127,
                "Recall": 0.0,
                "F1": 0.0,
                "norm2": 0.000638703108230452,
                "norminf": 0.002551724958064405,
                "z": 0.002551733818530886
            },
            "I": {
                "Precision": 0.0,
                "Accuracy": 0.9642857142857127,
                "Recall": 0.0,
                "F1": 0.0,
                "norm2": 9.07263060633244e-05,
                "norminf": 0.00044664187955052004,
                "z": 0.0009218110804136481
            }
        },
        "10": {
            "P": {
                "Precision": 1.0,
                "Accuracy": 1.0,
                "Recall": 1.0,
                "F1": 1.0,
                "norm2": 0.00010345161044350905,
                "norminf": 0.0004594440872878092,
                "z": 0.004226023072210821
            },
            "Q": {
                "Precision": 0.0,
                "Accuracy": 0.9642857142857127,
                "Recall": 0.0,
                "F1": 0.0,
                "norm2": 0.0001150266558782417,
                "norminf": 0.0016764303396127511,
                "z": 0.012189636042968535
            },
            "U": {
                "Precision": 0.0,
                "Accuracy": 0.9642857142857127,
                "Recall": 0.0,
                "F1": 0.0,
                "norm2": 0.0006021767872884666,
                "norminf": 0.0025752788370110593,
                "z": 0.0025752986476627027
            },
            "I": {
                "Precision": 0.0,
                "Accuracy": 0.8928571428571427,
                "Recall": 0.0,
                "F1": 0.0,
                "norm2": 0.000145240406852806,
                "norminf": 0.0007978376464346271,
                "z": 0.007751661629480262
            }
        },
        "13": {
            "P": {
                "Precision": 1.0,
                "Accuracy": 1.0,
                "Recall": 1.0,
                "F1": 1.0,
                "norm2": 0.00012042677699438683,
                "norminf": 0.0006410609749931883,
                "z": 0.006487599676649576
            },
            "Q": {
                "Precision": 0.0,
                "Accuracy": 0.9507142857142853,
                "Recall": 0.0,
                "F1": 0.0,
                "norm2": 0.00018125754845780547,
                "norminf": 0.002701295567755466,
                "z": 0.02127556855757822
            },
            "U": {
                "Precision": 1.0,
                "Accuracy": 1.0,
                "Recall": 1.0,
                "F1": 1.0,
                "norm2": 0.0002619020874549783,
                "norminf": 0.0012556723166751783,
                "z": 0.0012556801407036878
            },
            "I": {
                "Precision": 0.0,
                "Accuracy": 0.8928571428571427,
                "Recall": 0.0,
                "F1": 0.0,
                "norm2": 0.00019119079263937484,
                "norminf": 0.0013794207869347885,
                "z": 0.021854848022153442
            }
        }
    }
}