{
    "090neg": {
        "08": {
            "P": {
                "Precision": 0.01,
                "Accuracy": 0.965862068965519,
                "Recall": 0.01,
                "norm2": 0.0008696415188232427,
                "norminf": 0.0007560362687790323
            },
            "Q": {
                "Precision": 0.0,
                "Accuracy": 0.965517241379312,
                "Recall": 0.0,
                "norm2": 0.00024473789317229385,
                "norminf": 0.0001367451871707004
            },
            "U": {
                "Precision": 0.0,
                "Accuracy": 0.965517241379312,
                "Recall": 0.0,
                "norm2": 0.003616908665631156,
                "norminf": 0.0009730483479280772
            },
            "I": {
                "Precision": 0.0,
                "Accuracy": 0.965517241379312,
                "Recall": 0.0,
                "norm2": 0.0004929868351485095,
                "norminf": 0.00034975531453650176
            }
        },
        "10": {
            "P": {
                "Precision": 0.29,
                "Accuracy": 0.9755172413793116,
                "Recall": 0.29,
                "norm2": 0.002196961836387928,
                "norminf": 0.0020416283841384864
            },
            "Q": {
                "Precision": 0.0,
                "Accuracy": 0.965517241379312,
                "Recall": 0.0,
                "norm2": 0.000843974010771065,
                "norminf": 0.0004756133828783726
            },
            "U": {
                "Precision": 0.0,
                "Accuracy": 0.965517241379312,
                "Recall": 0.0,
                "norm2": 0.0034395872045120553,
                "norminf": 0.0010207872088634695
            },
            "I": {
                "Precision": 0.0,
                "Accuracy": 0.965517241379312,
                "Recall": 0.0,
                "norm2": 0.0013405914456792027,
                "norminf": 0.0010860521265242374
            }
        },
        "13": {
            "P": {
                "Precision": 1.0,
                "Accuracy": 1.0,
                "Recall": 1.0,
                "norm2": 0.0019416963724805442,
                "norminf": 0.0018991608938627213
            },
            "Q": {
                "Precision": 0.0,
                "Accuracy": 0.965517241379312,
                "Recall": 0.0,
                "norm2": 0.0012815336663805285,
                "norminf": 0.0008328369009112435
            },
            "U": {
                "Precision": 0.0,
                "Accuracy": 0.965517241379312,
                "Recall": 0.0,
                "norm2": 0.0033193529157287105,
                "norminf": 0.0011572820375600856
            },
            "I": {
                "Precision": 0.0,
                "Accuracy": 0.9448275862068963,
                "Recall": 0.0,
                "norm2": 0.0015020688818340455,
                "norminf": 0.0013958687911399758
            }
        }
    },
    "090pos": {
        "08": {
            "P": {
                "Precision": 0.0,
                "Accuracy": 0.965517241379312,
                "Recall": 0.0,
                "norm2": 0.0007185000518725407,
                "norminf": 0.00022797006777437124
            },
            "Q": {
                "Precision": 0.0,
                "Accuracy": 0.965517241379312,
                "Recall": 0.0,
                "norm2": 0.00030756331139906464,
                "norminf": 0.00029128764492148296
            },
            "U": {
                "Precision": 0.0,
                "Accuracy": 0.965517241379312,
                "Recall": 0.0,
                "norm2": 0.0036388412983387624,
                "norminf": 0.0009712278490426018
            },
            "I": {
                "Precision": 0.0,
                "Accuracy": 0.965517241379312,
                "Recall": 0.0,
                "norm2": 0.0005534261368274767,
                "norminf": 0.00021492888779531594
            }
        },
        "10": {
            "P": {
                "Precision": 0.16,
                "Accuracy": 0.9710344827586225,
                "Recall": 0.16,
                "norm2": 0.0022998360171248115,
                "norminf": 0.0006847910768259402
            },
            "Q": {
                "Precision": 0.0,
                "Accuracy": 0.965517241379312,
                "Recall": 0.0,
                "norm2": 0.0007188314296116442,
                "norminf": 0.0006984436299994634
            },
            "U": {
                "Precision": 0.0,
                "Accuracy": 0.965517241379312,
                "Recall": 0.0,
                "norm2": 0.0034133048518291786,
                "norminf": 0.0009862812735462478
            },
            "I": {
                "Precision": 0.0,
                "Accuracy": 0.965517241379312,
                "Recall": 0.0,
                "norm2": 0.001720071662638334,
                "norminf": 0.0005664333075619199
            }
        },
        "13": {
            "P": {
                "Precision": 1.0,
                "Accuracy": 1.0,
                "Recall": 1.0,
                "norm2": 0.0016675968051217496,
                "norminf": 0.0007017615245156428
            },
            "Q": {
                "Precision": 0.0,
                "Accuracy": 0.965517241379312,
                "Recall": 0.0,
                "norm2": 0.0010948555583935626,
                "norminf": 0.0010876405191245263
            },
            "U": {
                "Precision": 0.42,
                "Accuracy": 0.9800000000000014,
                "Recall": 0.42,
                "norm2": 0.0031081337862433013,
                "norminf": 0.0010199541669776858
            },
            "I": {
                "Precision": 0.0,
                "Accuracy": 0.9372413793103442,
                "Recall": 0.0,
                "norm2": 0.0019434017104827425,
                "norminf": 0.0009474591648100672
            }
        }
    }
}