{
    "090neg": {
        "08": {
            "P": {
                "Precision": 0.76,
                "Accuracy": 0.9914285714285711,
                "Recall": 0.76,
                "F1": 0.76,
                "norm2": 7.189885428062303e-05,
                "norminf": 0.0007669279579179811,
                "z": 0.0024345552109577904
            },
            "Q": {
                "Precision": 0.0,
                "Accuracy": 0.9642857142857127,
                "Recall": 0.0,
                "F1": 0.0,
                "norm2": 4.0372965961302624e-05,
                "norminf": 0.00027106102994140955,
                "z": 0.002737316293442798
            },
            "U": {
                "Precision": 0.0,
                "Accuracy": 0.9642857142857127,
                "Recall": 0.0,
                "F1": 0.0,
                "norm2": 0.0006244194271296836,
                "norminf": 0.00250831277251108,
                "z": 0.0025076154392989314
            },
            "I": {
                "Precision": 0.0,
                "Accuracy": 0.9603571428571417,
                "Recall": 0.0,
                "F1": 0.0,
                "norm2": 8.280466858965914e-05,
                "norminf": 0.0009149613220113384,
                "z": 0.0007236543147887642
            }
        },
        "10": {
            "P": {
                "Precision": 1.0,
                "Accuracy": 1.0,
                "Recall": 1.0,
                "F1": 1.0,
                "norm2": 9.261613588917781e-05,
                "norminf": 0.0011609198676367572,
                "z": 0.0040951817723244134
            },
            "Q": {
                "Precision": 0.0,
                "Accuracy": 0.9642857142857127,
                "Recall": 0.0,
                "F1": 0.0,
                "norm2": 0.00014086895823411399,
                "norminf": 0.000976105341389073,
                "z": 0.00946597113106312
            },
            "U": {
                "Precision": 0.0,
                "Accuracy": 0.9642857142857127,
                "Recall": 0.0,
                "F1": 0.0,
                "norm2": 0.0005901796726133544,
                "norminf": 0.002580068169145151,
                "z": 0.0025800679839905727
            },
            "I": {
                "Precision": 0.0,
                "Accuracy": 0.8714285714285717,
                "Recall": 0.0,
                "F1": 0.0,
                "norm2": 0.0001553646358912267,
                "norminf": 0.002190407047500568,
                "z": 0.008858454709529921
            }
        },
        "13": {
            "P": {
                "Precision": 1.0,
                "Accuracy": 1.0,
                "Recall": 1.0,
                "F1": 1.0,
                "norm2": 0.00011659207675775418,
                "norminf": 0.0016593427392366767,
                "z": 0.006681421024471608
            },
            "Q": {
                "Precision": 0.0,
                "Accuracy": 0.9642857142857127,
                "Recall": 0.0,
                "F1": 0.0,
                "norm2": 0.00019975652483791352,
                "norminf": 0.001683107817088869,
                "z": 0.01478251669124232
            },
            "U": {
                "Precision": 0.0,
                "Accuracy": 0.9642857142857127,
                "Recall": 0.0,
                "F1": 0.0,
                "norm2": 0.000587457040721195,
                "norminf": 0.0029771186439967647,
                "z": 0.0029770674552750277
            },
            "I": {
                "Precision": 0.0,
                "Accuracy": 0.8928571428571427,
                "Recall": 0.0,
                "F1": 0.0,
                "norm2": 0.00013318772720423473,
                "norminf": 0.0017714992154262187,
                "z": 0.024608530560083452
            }
        }
    },
    "090pos": {
        "08": {
            "P": {
                "Precision": 0.4,
                "Accuracy": 0.9785714285714273,
                "Recall": 0.4,
                "F1": 0.4,
                "norm2": 8.534761041323173e-05,
                "norminf": 0.0003796499623583993,
                "z": 0.003940597249708156
            },
            "Q": {
                "Precision": 0.0,
                "Accuracy": 0.9642857142857127,
                "Recall": 0.0,
                "F1": 0.0,
                "norm2": 4.709862047796902e-05,
                "norminf": 0.0006320278084897946,
                "z": 0.0043910645609395735
            },
            "U": {
                "Precision": 0.0,
                "Accuracy": 0.9642857142857127,
                "Recall": 0.0,
                "F1": 0.0,
                "norm2": 0.0006437736856595033,
                "norminf": 0.0025639450766537395,
                "z": 0.0025639398634765033
            },
            "I": {
                "Precision": 0.0,
                "Accuracy": 0.9642857142857127,
                "Recall": 0.0,
                "F1": 0.0,
                "norm2": 9.71044824298001e-05,
                "norminf": 0.0004492198625757915,
                "z": 0.0009854966353500094
            }
        },
        "10": {
            "P": {
                "Precision": 1.0,
                "Accuracy": 1.0,
                "Recall": 1.0,
                "F1": 1.0,
                "norm2": 9.811735512394209e-05,
                "norminf": 0.00043422924583984333,
                "z": 0.0035612794941132296
            },
            "Q": {
                "Precision": 0.0,
                "Accuracy": 0.9642857142857127,
                "Recall": 0.0,
                "F1": 0.0,
                "norm2": 0.00010661436805229515,
                "norminf": 0.0015087076017908396,
                "z": 0.010722365825614548
            },
            "U": {
                "Precision": 0.0,
                "Accuracy": 0.9642857142857127,
                "Recall": 0.0,
                "F1": 0.0,
                "norm2": 0.0006151016725162066,
                "norminf": 0.002621843738346956,
                "z": 0.0026218242488230616
            },
            "I": {
                "Precision": 0.0,
                "Accuracy": 0.9125000000000004,
                "Recall": 0.0,
                "F1": 0.0,
                "norm2": 0.0001520766035419077,
                "norminf": 0.0007123969507075966,
                "z": 0.008127969772685161
            }
        },
        "13": {
            "P": {
                "Precision": 1.0,
                "Accuracy": 1.0,
                "Recall": 1.0,
                "F1": 1.0,
                "norm2": 0.00011337628897725381,
                "norminf": 0.0005196294016636593,
                "z": 0.005553433854566481
            },
            "Q": {
                "Precision": 0.51,
                "Accuracy": 0.9824999999999992,
                "Recall": 0.51,
                "F1": 0.51,
                "norm2": 0.00016225640746055813,
                "norminf": 0.0024082362806939848,
                "z": 0.018730490863388797
            },
            "U": {
                "Precision": 1.0,
                "Accuracy": 1.0,
                "Recall": 1.0,
                "F1": 1.0,
                "norm2": 0.00026178470567551974,
                "norminf": 0.0012534589824290078,
                "z": 0.0012534505034596344
            },
            "I": {
                "Precision": 0.0,
                "Accuracy": 0.9207142857142862,
                "Recall": 0.0,
                "F1": 0.0,
                "norm2": 0.00019077945984113568,
                "norminf": 0.001187355522335536,
                "z": 0.023362308071675508
            }
        }
    }
}