{
    "090neg": {
        "08": {
            "P": {
                "Precision": 0.105,
                "Accuracy": 0.9675862068965532,
                "Recall": 0.15,
                "norm2": 0.0013929917544806673,
                "norminf": 0.0012735090852138843
            },
            "Q": {
                "Precision": 0.0,
                "Accuracy": 0.965517241379312,
                "Recall": 0.0,
                "norm2": 0.00041029329694322164,
                "norminf": 0.00023280804063726567
            },
            "U": {
                "Precision": 0.0,
                "Accuracy": 0.965517241379312,
                "Recall": 0.0,
                "norm2": 0.0059953417954580765,
                "norminf": 0.0016123030241396797
            },
            "I": {
                "Precision": 0.0,
                "Accuracy": 0.9644827586206914,
                "Recall": 0.0,
                "norm2": 0.0007774303704517199,
                "norminf": 0.0005469877170313186
            }
        },
        "10": {
            "P": {
                "Precision": 1.0,
                "Accuracy": 1.0,
                "Recall": 1.0,
                "norm2": 0.002093344101861625,
                "norminf": 0.0020191208812822426
            },
            "Q": {
                "Precision": 0.0,
                "Accuracy": 0.965517241379312,
                "Recall": 0.0,
                "norm2": 0.0014532846671492696,
                "norminf": 0.0008340747288262052
            },
            "U": {
                "Precision": 0.0,
                "Accuracy": 0.965517241379312,
                "Recall": 0.0,
                "norm2": 0.005603900848492976,
                "norminf": 0.0016564417778819106
            },
            "I": {
                "Precision": 0.0,
                "Accuracy": 0.9593103448275877,
                "Recall": 0.0,
                "norm2": 0.0020530389689512414,
                "norminf": 0.0016414490267573879
            }
        },
        "13": {
            "P": {
                "Precision": 1.0,
                "Accuracy": 1.0,
                "Recall": 1.0,
                "norm2": 0.0019082445342257115,
                "norminf": 0.0018652677730249035
            },
            "Q": {
                "Precision": 0.0,
                "Accuracy": 0.965517241379312,
                "Recall": 0.0,
                "norm2": 0.002161944793184618,
                "norminf": 0.0014157780139789444
            },
            "U": {
                "Precision": 0.27,
                "Accuracy": 0.9748275862068977,
                "Recall": 0.27,
                "norm2": 0.00485967188622952,
                "norminf": 0.0016919022064968902
            },
            "I": {
                "Precision": 0.0,
                "Accuracy": 0.9155172413793102,
                "Recall": 0.0,
                "norm2": 0.0014928806960979697,
                "norminf": 0.001341956200465867
            }
        }
    },
    "090pos": {
        "08": {
            "P": {
                "Precision": 0.0,
                "Accuracy": 0.965517241379312,
                "Recall": 0.0,
                "norm2": 0.0011003899112843505,
                "norminf": 0.00036728439510587353
            },
            "Q": {
                "Precision": 0.0,
                "Accuracy": 0.965517241379312,
                "Recall": 0.0,
                "norm2": 0.0004987454070921541,
                "norminf": 0.00047415722373816304
            },
            "U": {
                "Precision": 0.0,
                "Accuracy": 0.965517241379312,
                "Recall": 0.0,
                "norm2": 0.005910209456990926,
                "norminf": 0.0015808135415034297
            },
            "I": {
                "Precision": 0.0,
                "Accuracy": 0.965517241379312,
                "Recall": 0.0,
                "norm2": 0.0009623189204018726,
                "norminf": 0.0003731603549286944
            }
        },
        "10": {
            "P": {
                "Precision": 0.93,
                "Accuracy": 0.997586206896552,
                "Recall": 0.93,
                "norm2": 0.0015300406473397407,
                "norminf": 0.00045586719320560797
            },
            "Q": {
                "Precision": 0.0,
                "Accuracy": 0.965517241379312,
                "Recall": 0.0,
                "norm2": 0.0011870934846133774,
                "norminf": 0.001157372945095776
            },
            "U": {
                "Precision": 0.0,
                "Accuracy": 0.965517241379312,
                "Recall": 0.0,
                "norm2": 0.005867555950982796,
                "norminf": 0.001690304445733337
            },
            "I": {
                "Precision": 0.0,
                "Accuracy": 0.9537931034482773,
                "Recall": 0.0,
                "norm2": 0.00263995005269603,
                "norminf": 0.0008950246518456328
            }
        },
        "13": {
            "P": {
                "Precision": 1.0,
                "Accuracy": 1.0,
                "Recall": 1.0,
                "norm2": 0.0016493855462413065,
                "norminf": 0.0006932227145248815
            },
            "Q": {
                "Precision": 0.0,
                "Accuracy": 0.965517241379312,
                "Recall": 0.0,
                "norm2": 0.0019196962197613125,
                "norminf": 0.0019073795719967744
            },
            "U": {
                "Precision": 1.0,
                "Accuracy": 1.0,
                "Recall": 1.0,
                "norm2": 0.00340999708273621,
                "norminf": 0.001118244131165438
            },
            "I": {
                "Precision": 0.0,
                "Accuracy": 0.9175862068965516,
                "Recall": 0.0,
                "norm2": 0.002272463904319901,
                "norminf": 0.001227457147001576
            }
        }
    }
}