{
    "090neg": {
        "08": {
            "P": {
                "Precision": 0.32,
                "Accuracy": 0.9757142857142845,
                "Recall": 0.32,
                "F1": 0.32,
                "norm2": 8.261223424640124e-05,
                "norminf": 0.0008753218451248091,
                "z": 0.0027212715004719134
            },
            "Q": {
                "Precision": 0.0,
                "Accuracy": 0.9642857142857127,
                "Recall": 0.0,
                "F1": 0.0,
                "norm2": 2.8724820444929996e-05,
                "norminf": 0.00019729121762478984,
                "z": 0.0019777434047868574
            },
            "U": {
                "Precision": 0.0,
                "Accuracy": 0.9642857142857127,
                "Recall": 0.0,
                "F1": 0.0,
                "norm2": 0.00045320533841298956,
                "norminf": 0.0018222232988208897,
                "z": 0.0018215228043054576
            },
            "I": {
                "Precision": 0.0,
                "Accuracy": 0.9642857142857127,
                "Recall": 0.0,
                "F1": 0.0,
                "norm2": 6.052956349599675e-05,
                "norminf": 0.0006550689514445107,
                "z": 0.0004854658086152905
            }
        },
        "10": {
            "P": {
                "Precision": 0.9,
                "Accuracy": 0.9964285714285714,
                "Recall": 0.9,
                "F1": 0.9,
                "norm2": 0.00010668817939447343,
                "norminf": 0.0013244156800124994,
                "z": 0.004657952374177638
            },
            "Q": {
                "Precision": 0.0,
                "Accuracy": 0.9642857142857127,
                "Recall": 0.0,
                "F1": 0.0,
                "norm2": 0.00010024801295703409,
                "norminf": 0.0007114783607085384,
                "z": 0.006844050230790233
            },
            "U": {
                "Precision": 0.0,
                "Accuracy": 0.9642857142857127,
                "Recall": 0.0,
                "F1": 0.0,
                "norm2": 0.0004324645170386004,
                "norminf": 0.0018922585856528506,
                "z": 0.0018922588794366701
            },
            "I": {
                "Precision": 0.0,
                "Accuracy": 0.9507142857142844,
                "Recall": 0.0,
                "F1": 0.0,
                "norm2": 0.0001545903238775723,
                "norminf": 0.0019008209527733887,
                "z": 0.0060601617045688725
            }
        },
        "13": {
            "P": {
                "Precision": 1.0,
                "Accuracy": 1.0,
                "Recall": 1.0,
                "F1": 1.0,
                "norm2": 0.00011671111596708906,
                "norminf": 0.0016609200629109377,
                "z": 0.006691654735299346
            },
            "Q": {
                "Precision": 0.0,
                "Accuracy": 0.9642857142857127,
                "Recall": 0.0,
                "F1": 0.0,
                "norm2": 0.00014325914193508661,
                "norminf": 0.001218252944636008,
                "z": 0.010663001623181328
            },
            "U": {
                "Precision": 0.0,
                "Accuracy": 0.9642857142857127,
                "Recall": 0.0,
                "F1": 0.0,
                "norm2": 0.0004298904148447649,
                "norminf": 0.0021752679314577137,
                "z": 0.00217521671748476
            },
            "I": {
                "Precision": 0.0,
                "Accuracy": 0.9185714285714295,
                "Recall": 0.0,
                "F1": 0.0,
                "norm2": 0.0001388775985790973,
                "norminf": 0.0019580695584450847,
                "z": 0.01714104357313152
            }
        }
    },
    "090pos": {
        "08": {
            "P": {
                "Precision": 0.0,
                "Accuracy": 0.9642857142857127,
                "Recall": 0.0,
                "F1": 0.0,
                "norm2": 9.524056913587172e-05,
                "norminf": 0.00042337660637634887,
                "z": 0.004165455132331576
            },
            "Q": {
                "Precision": 0.0,
                "Accuracy": 0.9642857142857127,
                "Recall": 0.0,
                "F1": 0.0,
                "norm2": 3.329519277980363e-05,
                "norminf": 0.00044967387335735686,
                "z": 0.0031391216200204446
            },
            "U": {
                "Precision": 0.0,
                "Accuracy": 0.9642857142857127,
                "Recall": 0.0,
                "F1": 0.0,
                "norm2": 0.0004614046474294163,
                "norminf": 0.0018423372747890098,
                "z": 0.0018423278539587606
            },
            "I": {
                "Precision": 0.0,
                "Accuracy": 0.9642857142857127,
                "Recall": 0.0,
                "F1": 0.0,
                "norm2": 7.394927830656535e-05,
                "norminf": 0.00034446008893432853,
                "z": 0.0007661359669525444
            }
        },
        "10": {
            "P": {
                "Precision": 1.0,
                "Accuracy": 1.0,
                "Recall": 1.0,
                "F1": 1.0,
                "norm2": 9.781751995615332e-05,
                "norminf": 0.00043294257140709337,
                "z": 0.0035600051688204157
            },
            "Q": {
                "Precision": 0.0,
                "Accuracy": 0.9642857142857127,
                "Recall": 0.0,
                "F1": 0.0,
                "norm2": 7.594738590886389e-05,
                "norminf": 0.0010779148055485366,
                "z": 0.007676960040373797
            },
            "U": {
                "Precision": 0.0,
                "Accuracy": 0.9642857142857127,
                "Recall": 0.0,
                "F1": 0.0,
                "norm2": 0.0004310716934085289,
                "norminf": 0.0018408350463101453,
                "z": 0.0018408146146483783
            },
            "I": {
                "Precision": 0.0,
                "Accuracy": 0.9332142857142866,
                "Recall": 0.0,
                "F1": 0.0,
                "norm2": 0.0001482829815765038,
                "norminf": 0.0007279548110905165,
                "z": 0.005800089443489945
            }
        },
        "13": {
            "P": {
                "Precision": 1.0,
                "Accuracy": 1.0,
                "Recall": 1.0,
                "F1": 1.0,
                "norm2": 0.00011322248130540403,
                "norminf": 0.0005196080480104293,
                "z": 0.005557602614299757
            },
            "Q": {
                "Precision": 0.0,
                "Accuracy": 0.9642857142857127,
                "Recall": 0.0,
                "F1": 0.0,
                "norm2": 0.00011866798305901145,
                "norminf": 0.001761674418884851,
                "z": 0.013686434639569525
            },
            "U": {
                "Precision": 1.0,
                "Accuracy": 1.0,
                "Recall": 1.0,
                "F1": 1.0,
                "norm2": 0.0002633381607614389,
                "norminf": 0.0012600436449955676,
                "z": 0.0012600354423580606
            },
            "I": {
                "Precision": 0.0,
                "Accuracy": 0.9207142857142866,
                "Recall": 0.0,
                "F1": 0.0,
                "norm2": 0.0001669088962197461,
                "norminf": 0.0010721706678841181,
                "z": 0.015824688400056162
            }
        }
    }
}