{
    "090neg": {
        "08": {
            "P": {
                "Precision": 0.0,
                "Accuracy": 0.9642857142857127,
                "Recall": 0.0,
                "F1": 0.0,
                "norm2": 6.149099971069688e-05,
                "norminf": 0.0007768270008052048,
                "z": 0.002685923572026776
            },
            "Q": {
                "Precision": 0.0,
                "Accuracy": 0.9642857142857127,
                "Recall": 0.0,
                "F1": 0.0,
                "norm2": 1.7525630791912406e-05,
                "norminf": 0.00012987267503995813,
                "z": 0.0012631818307944271
            },
            "U": {
                "Precision": 0.0,
                "Accuracy": 0.9642857142857127,
                "Recall": 0.0,
                "F1": 0.0,
                "norm2": 0.00027040641746573277,
                "norminf": 0.001083570890176685,
                "z": 0.0010842609485394283
            },
            "I": {
                "Precision": 0.0,
                "Accuracy": 0.9642857142857127,
                "Recall": 0.0,
                "F1": 0.0,
                "norm2": 3.526111385752022e-05,
                "norminf": 0.0003588437440854153,
                "z": 0.0002773873242243716
            }
        },
        "10": {
            "P": {
                "Precision": 0.31,
                "Accuracy": 0.9753571428571415,
                "Recall": 0.31,
                "F1": 0.31,
                "norm2": 0.00014752714990721324,
                "norminf": 0.0020176826862788877,
                "z": 0.007698293724382307
            },
            "Q": {
                "Precision": 0.0,
                "Accuracy": 0.9642857142857127,
                "Recall": 0.0,
                "F1": 0.0,
                "norm2": 6.517680628905163e-05,
                "norminf": 0.0004904520939581625,
                "z": 0.0046234038355161995
            },
            "U": {
                "Precision": 0.0,
                "Accuracy": 0.9642857142857127,
                "Recall": 0.0,
                "F1": 0.0,
                "norm2": 0.00025325462144924044,
                "norminf": 0.0011068808082593119,
                "z": 0.0011068801894503432
            },
            "I": {
                "Precision": 0.0,
                "Accuracy": 0.9642857142857127,
                "Recall": 0.0,
                "F1": 0.0,
                "norm2": 9.514603112147149e-05,
                "norminf": 0.0011096258284992145,
                "z": 0.003306082085787576
            }
        },
        "13": {
            "P": {
                "Precision": 1.0,
                "Accuracy": 1.0,
                "Recall": 1.0,
                "F1": 1.0,
                "norm2": 0.00013122383385280088,
                "norminf": 0.0019125350489353843,
                "z": 0.00805541974072748
            },
            "Q": {
                "Precision": 0.0,
                "Accuracy": 0.9642857142857127,
                "Recall": 0.0,
                "F1": 0.0,
                "norm2": 8.989449704509283e-05,
                "norminf": 0.0007937072760304353,
                "z": 0.006870848768733379
            },
            "U": {
                "Precision": 0.47,
                "Accuracy": 0.981071428571428,
                "Recall": 0.47,
                "F1": 0.47,
                "norm2": 0.00023239889236706737,
                "norminf": 0.0011727294431214553,
                "z": 0.001172780681012694
            },
            "I": {
                "Precision": 0.0,
                "Accuracy": 0.9428571428571426,
                "Recall": 0.0,
                "F1": 0.0,
                "norm2": 0.00010399474742149185,
                "norminf": 0.0014217275880789272,
                "z": 0.009461814666490584
            }
        }
    },
    "090pos": {
        "08": {
            "P": {
                "Precision": 0.0,
                "Accuracy": 0.9642857142857127,
                "Recall": 0.0,
                "F1": 0.0,
                "norm2": 4.885780780373117e-05,
                "norminf": 0.0002187653922087185,
                "z": 0.002809220155860847
            },
            "Q": {
                "Precision": 0.0,
                "Accuracy": 0.9642857142857127,
                "Recall": 0.0,
                "F1": 0.0,
                "norm2": 1.9685016607278783e-05,
                "norminf": 0.00027686299155097236,
                "z": 0.001977741823675175
            },
            "U": {
                "Precision": 0.0,
                "Accuracy": 0.9642857142857127,
                "Recall": 0.0,
                "F1": 0.0,
                "norm2": 0.00027193386336691103,
                "norminf": 0.0010851665115399656,
                "z": 0.0010851737470257516
            },
            "I": {
                "Precision": 0.0,
                "Accuracy": 0.9642857142857127,
                "Recall": 0.0,
                "F1": 0.0,
                "norm2": 4.082014324863899e-05,
                "norminf": 0.00019480144718762694,
                "z": 0.0004220832417626804
            }
        },
        "10": {
            "P": {
                "Precision": 0.15,
                "Accuracy": 0.9696428571428561,
                "Recall": 0.15,
                "F1": 0.15,
                "norm2": 0.0001669062016235025,
                "norminf": 0.0007418175544291716,
                "z": 0.007223780835403618
            },
            "Q": {
                "Precision": 0.0,
                "Accuracy": 0.9642857142857127,
                "Recall": 0.0,
                "F1": 0.0,
                "norm2": 4.859485199797485e-05,
                "norminf": 0.000702450875088616,
                "z": 0.005071340083211351
            },
            "U": {
                "Precision": 0.0,
                "Accuracy": 0.9642857142857127,
                "Recall": 0.0,
                "F1": 0.0,
                "norm2": 0.0002609973399402726,
                "norminf": 0.001117167835601942,
                "z": 0.0011171884762386775
            },
            "I": {
                "Precision": 0.0,
                "Accuracy": 0.9642857142857127,
                "Recall": 0.0,
                "F1": 0.0,
                "norm2": 0.00013098226530724536,
                "norminf": 0.0005624623564250131,
                "z": 0.003111796780912714
            }
        },
        "13": {
            "P": {
                "Precision": 1.0,
                "Accuracy": 1.0,
                "Recall": 1.0,
                "F1": 1.0,
                "norm2": 0.000122342646296504,
                "norminf": 0.0006526740124046193,
                "z": 0.006586470628890721
            },
            "Q": {
                "Precision": 0.0,
                "Accuracy": 0.9642857142857127,
                "Recall": 0.0,
                "F1": 0.0,
                "norm2": 7.277242116935544e-05,
                "norminf": 0.001083967329121236,
                "z": 0.008485957545484823
            },
            "U": {
                "Precision": 0.49,
                "Accuracy": 0.9817857142857133,
                "Recall": 0.49,
                "F1": 0.49,
                "norm2": 0.0002409994719036444,
                "norminf": 0.0011548985042511162,
                "z": 0.0011549061918979975
            },
            "I": {
                "Precision": 0.0,
                "Accuracy": 0.9371428571428575,
                "Recall": 0.0,
                "F1": 0.0,
                "norm2": 0.00013990285399231406,
                "norminf": 0.0008765073924611144,
                "z": 0.008780989068101062
            }
        }
    }
}