{
    "090neg": {
        "08": {
            "P": {
                "Precision": 0.0,
                "Accuracy": 0.965517241379312,
                "Recall": 0.0,
                "norm2": 0.0002756075170466599,
                "norminf": 0.0002312541672989965
            },
            "Q": {
                "Precision": 0.0,
                "Accuracy": 0.965517241379312,
                "Recall": 0.0,
                "norm2": 8.336523601868142e-05,
                "norminf": 4.581358785452738e-05
            },
            "U": {
                "Precision": 0.0,
                "Accuracy": 0.965517241379312,
                "Recall": 0.0,
                "norm2": 0.001188931621014735,
                "norminf": 0.0003198377379592454
            },
            "I": {
                "Precision": 0.0,
                "Accuracy": 0.965517241379312,
                "Recall": 0.0,
                "norm2": 0.00015716874770231826,
                "norminf": 0.0001148941237296408
            }
        },
        "10": {
            "P": {
                "Precision": 0.0,
                "Accuracy": 0.965517241379312,
                "Recall": 0.0,
                "norm2": 0.000862937432716843,
                "norminf": 0.0007765481248029549
            },
            "Q": {
                "Precision": 0.0,
                "Accuracy": 0.965517241379312,
                "Recall": 0.0,
                "norm2": 0.0003078108222221504,
                "norminf": 0.00017316582266612367
            },
            "U": {
                "Precision": 0.0,
                "Accuracy": 0.965517241379312,
                "Recall": 0.0,
                "norm2": 0.0012602817102395742,
                "norminf": 0.0003728205573275922
            },
            "I": {
                "Precision": 0.0,
                "Accuracy": 0.965517241379312,
                "Recall": 0.0,
                "norm2": 0.00044741981827608654,
                "norminf": 0.0003645810036605146
            }
        },
        "13": {
            "P": {
                "Precision": 0.17,
                "Accuracy": 0.971379310344829,
                "Recall": 0.17,
                "norm2": 0.001054836017607406,
                "norminf": 0.0010291759626715558
            },
            "Q": {
                "Precision": 0.0,
                "Accuracy": 0.965517241379312,
                "Recall": 0.0,
                "norm2": 0.00045064685230852657,
                "norminf": 0.0002908096839543439
            },
            "U": {
                "Precision": 0.0,
                "Accuracy": 0.965517241379312,
                "Recall": 0.0,
                "norm2": 0.0010387372628155801,
                "norminf": 0.00036217875365591735
            },
            "I": {
                "Precision": 0.0,
                "Accuracy": 0.965517241379312,
                "Recall": 0.0,
                "norm2": 0.0005856216379816262,
                "norminf": 0.0005482599707026403
            }
        }
    },
    "090pos": {
        "08": {
            "P": {
                "Precision": 0.0,
                "Accuracy": 0.965517241379312,
                "Recall": 0.0,
                "norm2": 0.0002197430104826027,
                "norminf": 6.612502721888403e-05
            },
            "Q": {
                "Precision": 0.0,
                "Accuracy": 0.965517241379312,
                "Recall": 0.0,
                "norm2": 0.0001020650462913931,
                "norminf": 9.671272329630609e-05
            },
            "U": {
                "Precision": 0.0,
                "Accuracy": 0.965517241379312,
                "Recall": 0.0,
                "norm2": 0.0013288082180010923,
                "norminf": 0.0003548230631499849
            },
            "I": {
                "Precision": 0.0,
                "Accuracy": 0.965517241379312,
                "Recall": 0.0,
                "norm2": 0.00018357899212588584,
                "norminf": 7.090228907989271e-05
            }
        },
        "10": {
            "P": {
                "Precision": 0.0,
                "Accuracy": 0.965517241379312,
                "Recall": 0.0,
                "norm2": 0.0008212751421141472,
                "norminf": 0.0002431621508609616
            },
            "Q": {
                "Precision": 0.0,
                "Accuracy": 0.965517241379312,
                "Recall": 0.0,
                "norm2": 0.000222566664423351,
                "norminf": 0.0002154651144360198
            },
            "U": {
                "Precision": 0.0,
                "Accuracy": 0.965517241379312,
                "Recall": 0.0,
                "norm2": 0.0011406152805375847,
                "norminf": 0.00032877232651145726
            },
            "I": {
                "Precision": 0.0,
                "Accuracy": 0.965517241379312,
                "Recall": 0.0,
                "norm2": 0.0006073135683702983,
                "norminf": 0.00020049744199964302
            }
        },
        "13": {
            "P": {
                "Precision": 0.24,
                "Accuracy": 0.9737931034482773,
                "Recall": 0.24,
                "norm2": 0.0010051426664455967,
                "norminf": 0.0004170705138995623
            },
            "Q": {
                "Precision": 0.0,
                "Accuracy": 0.965517241379312,
                "Recall": 0.0,
                "norm2": 0.00034514138923240475,
                "norminf": 0.00034278076340651167
            },
            "U": {
                "Precision": 0.0,
                "Accuracy": 0.965517241379312,
                "Recall": 0.0,
                "norm2": 0.0010661039063337972,
                "norminf": 0.00034915274827464817
            },
            "I": {
                "Precision": 0.0,
                "Accuracy": 0.965517241379312,
                "Recall": 0.0,
                "norm2": 0.0008172194070849264,
                "norminf": 0.00038304902970572654
            }
        }
    }
}