{
    "090neg": {
        "08": {
            "P": {
                "Precision": 0.185,
                "Accuracy": 0.9682142857142844,
                "Recall": 0.26,
                "F1": 0.21,
                "norm2": 9.937829368417952e-05,
                "norminf": 0.0013560402162659502,
                "z": 0.0047605838518455035
            },
            "Q": {
                "Precision": 0.0,
                "Accuracy": 0.9642857142857127,
                "Recall": 0.0,
                "F1": 0.0,
                "norm2": 2.9862699620728145e-05,
                "norminf": 0.00022638207090194706,
                "z": 0.0021848641367520753
            },
            "U": {
                "Precision": 0.0,
                "Accuracy": 0.9642857142857127,
                "Recall": 0.0,
                "F1": 0.0,
                "norm2": 0.00044378604491744904,
                "norminf": 0.001777229166287342,
                "z": 0.0017779154956348697
            },
            "I": {
                "Precision": 0.0,
                "Accuracy": 0.9642857142857127,
                "Recall": 0.0,
                "F1": 0.0,
                "norm2": 5.99095400914025e-05,
                "norminf": 0.0005957321297983432,
                "z": 0.0004709395102629558
            }
        },
        "10": {
            "P": {
                "Precision": 1.0,
                "Accuracy": 1.0,
                "Recall": 1.0,
                "F1": 1.0,
                "norm2": 0.00014566177420117151,
                "norminf": 0.0020948988196040365,
                "z": 0.00812813791688583
            },
            "Q": {
                "Precision": 0.0,
                "Accuracy": 0.9642857142857127,
                "Recall": 0.0,
                "F1": 0.0,
                "norm2": 0.00010655486358587787,
                "norminf": 0.0008159653134876876,
                "z": 0.007642690786060764
            },
            "U": {
                "Precision": 0.0,
                "Accuracy": 0.9642857142857127,
                "Recall": 0.0,
                "F1": 0.0,
                "norm2": 0.00042446375454323706,
                "norminf": 0.0018545441036687772,
                "z": 0.0018545437444182022
            },
            "I": {
                "Precision": 0.0,
                "Accuracy": 0.9592857142857126,
                "Recall": 0.0,
                "F1": 0.0,
                "norm2": 0.0001517493350593541,
                "norminf": 0.0017471940277412345,
                "z": 0.005624256717083677
            }
        },
        "13": {
            "P": {
                "Precision": 1.0,
                "Accuracy": 1.0,
                "Recall": 1.0,
                "F1": 1.0,
                "norm2": 0.00012926387900135704,
                "norminf": 0.0018828151038991548,
                "z": 0.007928456775775566
            },
            "Q": {
                "Precision": 0.0,
                "Accuracy": 0.9642857142857127,
                "Recall": 0.0,
                "F1": 0.0,
                "norm2": 0.00015401340861079864,
                "norminf": 0.0013722641254820755,
                "z": 0.011858599280713
            },
            "U": {
                "Precision": 1.0,
                "Accuracy": 1.0,
                "Recall": 1.0,
                "F1": 1.0,
                "norm2": 0.00025606186781392345,
                "norminf": 0.0012916697569590652,
                "z": 0.0012917209955207144
            },
            "I": {
                "Precision": 0.0,
                "Accuracy": 0.9117857142857144,
                "Recall": 0.0,
                "F1": 0.0,
                "norm2": 0.00010429828195793863,
                "norminf": 0.0013670746290019831,
                "z": 0.017372766864867863
            }
        }
    },
    "090pos": {
        "08": {
            "P": {
                "Precision": 0.0,
                "Accuracy": 0.9642857142857127,
                "Recall": 0.0,
                "F1": 0.0,
                "norm2": 8.81237870640414e-05,
                "norminf": 0.00039460788946519166,
                "z": 0.005193657750517798
            },
            "Q": {
                "Precision": 0.0,
                "Accuracy": 0.9642857142857127,
                "Recall": 0.0,
                "F1": 0.0,
                "norm2": 3.457684706911833e-05,
                "norminf": 0.0004872373195104851,
                "z": 0.0034941305319408146
            },
            "U": {
                "Precision": 0.0,
                "Accuracy": 0.9642857142857127,
                "Recall": 0.0,
                "F1": 0.0,
                "norm2": 0.0004593259755026824,
                "norminf": 0.0018367106567838398,
                "z": 0.0018367213074426015
            },
            "I": {
                "Precision": 0.0,
                "Accuracy": 0.9642857142857127,
                "Recall": 0.0,
                "F1": 0.0,
                "norm2": 7.007771261302965e-05,
                "norminf": 0.00033675578878643585,
                "z": 0.0007264860359027625
            }
        },
        "10": {
            "P": {
                "Precision": 0.89,
                "Accuracy": 0.9960714285714283,
                "Recall": 0.89,
                "F1": 0.89,
                "norm2": 0.00012018019055992208,
                "norminf": 0.000533937893584937,
                "z": 0.005067093694484299
            },
            "Q": {
                "Precision": 0.0,
                "Accuracy": 0.9642857142857127,
                "Recall": 0.0,
                "F1": 0.0,
                "norm2": 8.133559727030856e-05,
                "norminf": 0.001181770313851509,
                "z": 0.00856807280866251
            },
            "U": {
                "Precision": 0.0,
                "Accuracy": 0.9642857142857127,
                "Recall": 0.0,
                "F1": 0.0,
                "norm2": 0.0004391202742138234,
                "norminf": 0.001876174416327312,
                "z": 0.0018761939212709943
            },
            "I": {
                "Precision": 0.0,
                "Accuracy": 0.951785714285713,
                "Recall": 0.0,
                "F1": 0.0,
                "norm2": 0.0001916976969183723,
                "norminf": 0.0008496206019158637,
                "z": 0.005217369721408003
            }
        },
        "13": {
            "P": {
                "Precision": 1.0,
                "Accuracy": 1.0,
                "Recall": 1.0,
                "F1": 1.0,
                "norm2": 0.00012083663263995664,
                "norminf": 0.000643525776351066,
                "z": 0.006501833261225223
            },
            "Q": {
                "Precision": 0.0,
                "Accuracy": 0.9642857142857127,
                "Recall": 0.0,
                "F1": 0.0,
                "norm2": 0.00012701486862227708,
                "norminf": 0.0018926909947333992,
                "z": 0.014845792630565598
            },
            "U": {
                "Precision": 1.0,
                "Accuracy": 1.0,
                "Recall": 1.0,
                "F1": 1.0,
                "norm2": 0.00026337770973950347,
                "norminf": 0.0012638793587710006,
                "z": 0.0012638874484840557
            },
            "I": {
                "Precision": 0.0,
                "Accuracy": 0.913928571428572,
                "Recall": 0.0,
                "F1": 0.0,
                "norm2": 0.00016428045956833602,
                "norminf": 0.0011578052605562016,
                "z": 0.015768405727389877
            }
        }
    }
}