{
    "090neg": {
        "08": {
            "P": {
                "Precision": 0.8,
                "Accuracy": 0.9931034482758625,
                "Recall": 0.8,
                "norm2": 0.0009469637513607054,
                "norminf": 0.0007100835925652738
            },
            "Q": {
                "Precision": 0.0,
                "Accuracy": 0.965517241379312,
                "Recall": 0.0,
                "norm2": 0.0005521806227437065,
                "norminf": 0.0002849088290272972
            },
            "U": {
                "Precision": 0.0,
                "Accuracy": 0.965517241379312,
                "Recall": 0.0,
                "norm2": 0.008274128240920949,
                "norminf": 0.0022319381149626238
            },
            "I": {
                "Precision": 0.0,
                "Accuracy": 0.9620689655172427,
                "Recall": 0.0,
                "norm2": 0.0011334457207930132,
                "norminf": 0.0008721267539076371
            }
        },
        "10": {
            "P": {
                "Precision": 1.0,
                "Accuracy": 1.0,
                "Recall": 1.0,
                "norm2": 0.0013226263365704188,
                "norminf": 0.0011416810401677746
            },
            "Q": {
                "Precision": 0.0,
                "Accuracy": 0.965517241379312,
                "Recall": 0.0,
                "norm2": 0.0019750940824121684,
                "norminf": 0.0010447461875031038
            },
            "U": {
                "Precision": 0.0,
                "Accuracy": 0.965517241379312,
                "Recall": 0.0,
                "norm2": 0.007865545472465024,
                "norminf": 0.0023333200780210396
            },
            "I": {
                "Precision": 0.0,
                "Accuracy": 0.8765517241379296,
                "Recall": 0.0,
                "norm2": 0.0022890677197729037,
                "norminf": 0.0021775775589374237
            }
        },
        "13": {
            "P": {
                "Precision": 1.0,
                "Accuracy": 1.0,
                "Recall": 1.0,
                "norm2": 0.0017087774813128928,
                "norminf": 0.0016401829505497912
            },
            "Q": {
                "Precision": 0.0,
                "Accuracy": 0.965517241379312,
                "Recall": 0.0,
                "norm2": 0.0028561616146735164,
                "norminf": 0.0017828793801373
            },
            "U": {
                "Precision": 0.0,
                "Accuracy": 0.965517241379312,
                "Recall": 0.0,
                "norm2": 0.007714677618125627,
                "norminf": 0.002694941149121325
            },
            "I": {
                "Precision": 0.0,
                "Accuracy": 0.8965517241379318,
                "Recall": 0.0,
                "norm2": 0.0018513542448859506,
                "norminf": 0.0016515070331119164
            }
        }
    },
    "090pos": {
        "08": {
            "P": {
                "Precision": 0.41,
                "Accuracy": 0.9796551724137941,
                "Recall": 0.41,
                "norm2": 0.0011989996566089541,
                "norminf": 0.0003568630941791451
            },
            "Q": {
                "Precision": 0.0,
                "Accuracy": 0.965517241379312,
                "Recall": 0.0,
                "norm2": 0.0006610949919280873,
                "norminf": 0.0006046877613606228
            },
            "U": {
                "Precision": 0.0,
                "Accuracy": 0.965517241379312,
                "Recall": 0.0,
                "norm2": 0.008485278125776579,
                "norminf": 0.0022687240051123747
            },
            "I": {
                "Precision": 0.0,
                "Accuracy": 0.965517241379312,
                "Recall": 0.0,
                "norm2": 0.0014125373316891449,
                "norminf": 0.0005301526244832311
            }
        },
        "10": {
            "P": {
                "Precision": 1.0,
                "Accuracy": 1.0,
                "Recall": 1.0,
                "norm2": 0.0013198863710636194,
                "norminf": 0.00039055839669952295
            },
            "Q": {
                "Precision": 0.0,
                "Accuracy": 0.965517241379312,
                "Recall": 0.0,
                "norm2": 0.0015624807964090717,
                "norminf": 0.0014906144128157938
            },
            "U": {
                "Precision": 0.0,
                "Accuracy": 0.965517241379312,
                "Recall": 0.0,
                "norm2": 0.00804071693827842,
                "norminf": 0.0023195472783260262
            },
            "I": {
                "Precision": 0.0,
                "Accuracy": 0.9158620689655171,
                "Recall": 0.0,
                "norm2": 0.00206926067761902,
                "norminf": 0.0007685882189340698
            }
        },
        "13": {
            "P": {
                "Precision": 1.0,
                "Accuracy": 1.0,
                "Recall": 1.0,
                "norm2": 0.001537093754828578,
                "norminf": 0.0005676645236170729
            },
            "Q": {
                "Precision": 0.46,
                "Accuracy": 0.9813793103448281,
                "Recall": 0.46,
                "norm2": 0.0024053483133174305,
                "norminf": 0.002383566420458645
            },
            "U": {
                "Precision": 1.0,
                "Accuracy": 1.0,
                "Recall": 1.0,
                "norm2": 0.0034036424862324815,
                "norminf": 0.0011128299257559093
            },
            "I": {
                "Precision": 0.0,
                "Accuracy": 0.9220689655172408,
                "Recall": 0.0,
                "norm2": 0.0025998701235693577,
                "norminf": 0.0012657490159973062
            }
        }
    }
}