{
    "090neg": {
        "08": {
            "P": {
                "Precision": 0.0,
                "Accuracy": 0.965517241379312,
                "Recall": 0.0,
                "norm2": 0.0003118802261560888,
                "norminf": 0.0002453852324120398
            },
            "Q": {
                "Precision": 0.0,
                "Accuracy": 0.965517241379312,
                "Recall": 0.0,
                "norm2": 7.957331991948198e-05,
                "norminf": 4.246674015920826e-05
            },
            "U": {
                "Precision": 0.0,
                "Accuracy": 0.965517241379312,
                "Recall": 0.0,
                "norm2": 0.001151328771048413,
                "norminf": 0.00030991596404863597
            },
            "I": {
                "Precision": 0.0,
                "Accuracy": 0.965517241379312,
                "Recall": 0.0,
                "norm2": 0.00015632483761641956,
                "norminf": 0.00011627000069007187
            }
        },
        "10": {
            "P": {
                "Precision": 0.0,
                "Accuracy": 0.965517241379312,
                "Recall": 0.0,
                "norm2": 0.0008646903028992718,
                "norminf": 0.0007494266679172945
            },
            "Q": {
                "Precision": 0.0,
                "Accuracy": 0.965517241379312,
                "Recall": 0.0,
                "norm2": 0.00027426684397609724,
                "norminf": 0.00015113106769406025
            },
            "U": {
                "Precision": 0.0,
                "Accuracy": 0.965517241379312,
                "Recall": 0.0,
                "norm2": 0.001098476501266498,
                "norminf": 0.0003275609540632907
            },
            "I": {
                "Precision": 0.0,
                "Accuracy": 0.965517241379312,
                "Recall": 0.0,
                "norm2": 0.00047917383913801217,
                "norminf": 0.00039361418372060533
            }
        },
        "13": {
            "P": {
                "Precision": 0.0,
                "Accuracy": 0.965517241379312,
                "Recall": 0.0,
                "norm2": 0.0010482552813256079,
                "norminf": 0.0010076018518719331
            },
            "Q": {
                "Precision": 0.0,
                "Accuracy": 0.965517241379312,
                "Recall": 0.0,
                "norm2": 0.0004099516127472744,
                "norminf": 0.0002618783280087145
            },
            "U": {
                "Precision": 0.0,
                "Accuracy": 0.965517241379312,
                "Recall": 0.0,
                "norm2": 0.001195300397919053,
                "norminf": 0.000417617931445553
            },
            "I": {
                "Precision": 0.0,
                "Accuracy": 0.965517241379312,
                "Recall": 0.0,
                "norm2": 0.0005984123346048533,
                "norminf": 0.0005621809858483728
            }
        }
    },
    "090pos": {
        "08": {
            "P": {
                "Precision": 0.0,
                "Accuracy": 0.965517241379312,
                "Recall": 0.0,
                "norm2": 0.00024226584280843125,
                "norminf": 7.220045598955283e-05
            },
            "Q": {
                "Precision": 0.0,
                "Accuracy": 0.965517241379312,
                "Recall": 0.0,
                "norm2": 8.644409944443904e-05,
                "norminf": 8.033526062976692e-05
            },
            "U": {
                "Precision": 0.0,
                "Accuracy": 0.965517241379312,
                "Recall": 0.0,
                "norm2": 0.0012681818432910069,
                "norminf": 0.0003392699463938187
            },
            "I": {
                "Precision": 0.0,
                "Accuracy": 0.965517241379312,
                "Recall": 0.0,
                "norm2": 0.00021544061442903262,
                "norminf": 8.182495496243058e-05
            }
        },
        "10": {
            "P": {
                "Precision": 0.0,
                "Accuracy": 0.965517241379312,
                "Recall": 0.0,
                "norm2": 0.0009355579863879204,
                "norminf": 0.00027684816547390856
            },
            "Q": {
                "Precision": 0.0,
                "Accuracy": 0.965517241379312,
                "Recall": 0.0,
                "norm2": 0.0002332000126536311,
                "norminf": 0.0002246284070250848
            },
            "U": {
                "Precision": 0.0,
                "Accuracy": 0.965517241379312,
                "Recall": 0.0,
                "norm2": 0.0010866774306870688,
                "norminf": 0.0003127788321614444
            },
            "I": {
                "Precision": 0.0,
                "Accuracy": 0.965517241379312,
                "Recall": 0.0,
                "norm2": 0.0005646227238959373,
                "norminf": 0.00018788265561715757
            }
        },
        "13": {
            "P": {
                "Precision": 0.33,
                "Accuracy": 0.9768965517241394,
                "Recall": 0.33,
                "norm2": 0.0010043870637587878,
                "norminf": 0.0003745215212364572
            },
            "Q": {
                "Precision": 0.0,
                "Accuracy": 0.965517241379312,
                "Recall": 0.0,
                "norm2": 0.00036982974691748203,
                "norminf": 0.00036706927627765394
            },
            "U": {
                "Precision": 0.0,
                "Accuracy": 0.965517241379312,
                "Recall": 0.0,
                "norm2": 0.0012215379178872512,
                "norminf": 0.0004002932392496761
            },
            "I": {
                "Precision": 0.0,
                "Accuracy": 0.965517241379312,
                "Recall": 0.0,
                "norm2": 0.0007551034509746779,
                "norminf": 0.00035477093666630655
            }
        }
    }
}