{
    "090neg": {
        "08": {
            "P": {
                "Precision": 0.07,
                "Accuracy": 0.9679310344827603,
                "Recall": 0.07,
                "norm2": 0.0009364673875499985,
                "norminf": 0.0007026689481199721
            },
            "Q": {
                "Precision": 0.0,
                "Accuracy": 0.965517241379312,
                "Recall": 0.0,
                "norm2": 0.00024155033974872182,
                "norminf": 0.0001287580741725791
            },
            "U": {
                "Precision": 0.0,
                "Accuracy": 0.965517241379312,
                "Recall": 0.0,
                "norm2": 0.0035379192200130694,
                "norminf": 0.0009527653681512105
            },
            "I": {
                "Precision": 0.0,
                "Accuracy": 0.965517241379312,
                "Recall": 0.0,
                "norm2": 0.0005116477085919529,
                "norminf": 0.000381436262132403
            }
        },
        "10": {
            "P": {
                "Precision": 0.09,
                "Accuracy": 0.9686206896551741,
                "Recall": 0.09,
                "norm2": 0.002356962795677943,
                "norminf": 0.001988821294012747
            },
            "Q": {
                "Precision": 0.0,
                "Accuracy": 0.965517241379312,
                "Recall": 0.0,
                "norm2": 0.0008298875150874701,
                "norminf": 0.00045481035562321636
            },
            "U": {
                "Precision": 0.0,
                "Accuracy": 0.965517241379312,
                "Recall": 0.0,
                "norm2": 0.0034775221023569075,
                "norminf": 0.0010298634570756083
            },
            "I": {
                "Precision": 0.0,
                "Accuracy": 0.965517241379312,
                "Recall": 0.0,
                "norm2": 0.0013742568885521855,
                "norminf": 0.001133827610762621
            }
        },
        "13": {
            "P": {
                "Precision": 0.11,
                "Accuracy": 0.9693103448275879,
                "Recall": 0.11,
                "norm2": 0.003076605513939748,
                "norminf": 0.0029231600610020725
            },
            "Q": {
                "Precision": 0.0,
                "Accuracy": 0.965517241379312,
                "Recall": 0.0,
                "norm2": 0.001211551143819148,
                "norminf": 0.0007683390727638928
            },
            "U": {
                "Precision": 0.0,
                "Accuracy": 0.965517241379312,
                "Recall": 0.0,
                "norm2": 0.0032830817339324094,
                "norminf": 0.0011478902320013228
            },
            "I": {
                "Precision": 0.0,
                "Accuracy": 0.9441379310344825,
                "Recall": 0.0,
                "norm2": 0.0017529946426989617,
                "norminf": 0.0016651987007180302
            }
        }
    },
    "090pos": {
        "08": {
            "P": {
                "Precision": 0.0,
                "Accuracy": 0.965517241379312,
                "Recall": 0.0,
                "norm2": 0.0007580103838030243,
                "norminf": 0.0002257907971949402
            },
            "Q": {
                "Precision": 0.0,
                "Accuracy": 0.965517241379312,
                "Recall": 0.0,
                "norm2": 0.0002890033715049315,
                "norminf": 0.0002676950292745972
            },
            "U": {
                "Precision": 0.0,
                "Accuracy": 0.965517241379312,
                "Recall": 0.0,
                "norm2": 0.0034178358119732323,
                "norminf": 0.0009107416260216161
            },
            "I": {
                "Precision": 0.0,
                "Accuracy": 0.965517241379312,
                "Recall": 0.0,
                "norm2": 0.0005548410289664895,
                "norminf": 0.0002107919870965902
            }
        },
        "10": {
            "P": {
                "Precision": 0.31,
                "Accuracy": 0.9762068965517254,
                "Recall": 0.31,
                "norm2": 0.0020137387758590473,
                "norminf": 0.0005954446803057523
            },
            "Q": {
                "Precision": 0.0,
                "Accuracy": 0.965517241379312,
                "Recall": 0.0,
                "norm2": 0.0006724165685387459,
                "norminf": 0.0006465662018491481
            },
            "U": {
                "Precision": 0.0,
                "Accuracy": 0.965517241379312,
                "Recall": 0.0,
                "norm2": 0.0034625535065968705,
                "norminf": 0.0009986065088151675
            },
            "I": {
                "Precision": 0.0,
                "Accuracy": 0.9648275862068982,
                "Recall": 0.0,
                "norm2": 0.0017782705829770143,
                "norminf": 0.0005947052093118366
            }
        },
        "13": {
            "P": {
                "Precision": 1.0,
                "Accuracy": 1.0,
                "Recall": 1.0,
                "norm2": 0.001551985551437793,
                "norminf": 0.0005724444182400145
            },
            "Q": {
                "Precision": 0.0,
                "Accuracy": 0.965517241379312,
                "Recall": 0.0,
                "norm2": 0.0010582820700256782,
                "norminf": 0.001049852303354164
            },
            "U": {
                "Precision": 0.55,
                "Accuracy": 0.9844827586206902,
                "Recall": 0.55,
                "norm2": 0.003139547583189896,
                "norminf": 0.0010292868319370218
            },
            "I": {
                "Precision": 0.0,
                "Accuracy": 0.9417241379310345,
                "Recall": 0.0,
                "norm2": 0.0020067857090717233,
                "norminf": 0.000956815171126526
            }
        }
    }
}