{
    "090neg": {
        "08": {
            "P": {
                "Precision": 0.0,
                "Accuracy": 0.9642857142857127,
                "Recall": 0.0,
                "F1": 0.0,
                "norm2": 2.1897144049357824e-05,
                "norminf": 0.0002668400556027006,
                "z": 0.000890632682221025
            },
            "Q": {
                "Precision": 0.0,
                "Accuracy": 0.9642857142857127,
                "Recall": 0.0,
                "F1": 0.0,
                "norm2": 5.570652107909623e-06,
                "norminf": 4.0437504470791644e-05,
                "z": 0.0003949881808882896
            },
            "U": {
                "Precision": 0.0,
                "Accuracy": 0.9642857142857127,
                "Recall": 0.0,
                "F1": 0.0,
                "norm2": 9.282365396094599e-05,
                "norminf": 0.0003730152799653685,
                "z": 0.0003737160292816588
            },
            "I": {
                "Precision": 0.0,
                "Accuracy": 0.9642857142857127,
                "Recall": 0.0,
                "F1": 0.0,
                "norm2": 1.1567163267422222e-05,
                "norminf": 0.00011944715736644129,
                "z": 9.087857307992845e-05
            }
        },
        "10": {
            "P": {
                "Precision": 0.0,
                "Accuracy": 0.9642857142857127,
                "Recall": 0.0,
                "F1": 0.0,
                "norm2": 6.227939321902461e-05,
                "norminf": 0.0008196431498441359,
                "z": 0.003040767244729703
            },
            "Q": {
                "Precision": 0.0,
                "Accuracy": 0.9642857142857127,
                "Recall": 0.0,
                "F1": 0.0,
                "norm2": 2.184202342189079e-05,
                "norminf": 0.00016157326548458696,
                "z": 0.0015310832609785041
            },
            "U": {
                "Precision": 0.0,
                "Accuracy": 0.9642857142857127,
                "Recall": 0.0,
                "F1": 0.0,
                "norm2": 9.49132886320742e-05,
                "norminf": 0.0004147021403384876,
                "z": 0.000414701481640698
            },
            "I": {
                "Precision": 0.0,
                "Accuracy": 0.9642857142857127,
                "Recall": 0.0,
                "F1": 0.0,
                "norm2": 3.2565948551683215e-05,
                "norminf": 0.0003827670836126851,
                "z": 0.0011495637485765926
            }
        },
        "13": {
            "P": {
                "Precision": 0.14,
                "Accuracy": 0.969285714285713,
                "Recall": 0.14,
                "F1": 0.14,
                "norm2": 6.84597080104755e-05,
                "norminf": 0.0009945158385542719,
                "z": 0.004161354943209071
            },
            "Q": {
                "Precision": 0.0,
                "Accuracy": 0.9642857142857127,
                "Recall": 0.0,
                "F1": 0.0,
                "norm2": 3.0296171008431238e-05,
                "norminf": 0.0002652699963273009,
                "z": 0.0023020920860624735
            },
            "U": {
                "Precision": 0.0,
                "Accuracy": 0.9642857142857127,
                "Recall": 0.0,
                "F1": 0.0,
                "norm2": 8.733770954723642e-05,
                "norminf": 0.0004414211391873557,
                "z": 0.00044147230100070157
            },
            "I": {
                "Precision": 0.0,
                "Accuracy": 0.9642857142857127,
                "Recall": 0.0,
                "F1": 0.0,
                "norm2": 4.228662171570242e-05,
                "norminf": 0.0005831246493935627,
                "z": 0.0032498850721626405
            }
        }
    },
    "090pos": {
        "08": {
            "P": {
                "Precision": 0.0,
                "Accuracy": 0.9642857142857127,
                "Recall": 0.0,
                "F1": 0.0,
                "norm2": 1.738198009029623e-05,
                "norminf": 7.775524321165239e-05,
                "z": 0.0009331508011239724
            },
            "Q": {
                "Precision": 0.0,
                "Accuracy": 0.9642857142857127,
                "Recall": 0.0,
                "F1": 0.0,
                "norm2": 6.880848305748466e-06,
                "norminf": 9.571722521744874e-05,
                "z": 0.0006801763637507385
            },
            "U": {
                "Precision": 0.0,
                "Accuracy": 0.9642857142857127,
                "Recall": 0.0,
                "F1": 0.0,
                "norm2": 8.940114184357109e-05,
                "norminf": 0.0003559065675111439,
                "z": 0.0003559132902398043
            },
            "I": {
                "Precision": 0.0,
                "Accuracy": 0.9642857142857127,
                "Recall": 0.0,
                "F1": 0.0,
                "norm2": 1.3399270283331932e-05,
                "norminf": 6.366733802765534e-05,
                "z": 0.00013783975976591016
            }
        },
        "10": {
            "P": {
                "Precision": 0.0,
                "Accuracy": 0.9642857142857127,
                "Recall": 0.0,
                "F1": 0.0,
                "norm2": 6.477782553549307e-05,
                "norminf": 0.0002876040376242739,
                "z": 0.0026247770981686026
            },
            "Q": {
                "Precision": 0.0,
                "Accuracy": 0.9642857142857127,
                "Recall": 0.0,
                "F1": 0.0,
                "norm2": 1.5802903143005496e-05,
                "norminf": 0.0002272841460286723,
                "z": 0.0016344359238716422
            },
            "U": {
                "Precision": 0.0,
                "Accuracy": 0.9642857142857127,
                "Recall": 0.0,
                "F1": 0.0,
                "norm2": 7.961455554605595e-05,
                "norminf": 0.0003399763897254027,
                "z": 0.00033999558135174636
            },
            "I": {
                "Precision": 0.0,
                "Accuracy": 0.9642857142857127,
                "Recall": 0.0,
                "F1": 0.0,
                "norm2": 4.097945142514137e-05,
                "norminf": 0.00017591247884980678,
                "z": 0.0009763550059446669
            }
        },
        "13": {
            "P": {
                "Precision": 0.21,
                "Accuracy": 0.971785714285713,
                "Recall": 0.21,
                "F1": 0.21,
                "norm2": 6.778127913810105e-05,
                "norminf": 0.0003550456745897135,
                "z": 0.0036155918273972102
            },
            "Q": {
                "Precision": 0.0,
                "Accuracy": 0.9642857142857127,
                "Recall": 0.0,
                "F1": 0.0,
                "norm2": 2.1682142620686762e-05,
                "norminf": 0.00032284394906536564,
                "z": 0.0025230489674598934
            },
            "U": {
                "Precision": 0.0,
                "Accuracy": 0.9642857142857127,
                "Recall": 0.0,
                "F1": 0.0,
                "norm2": 8.623418920904508e-05,
                "norminf": 0.00041320059322931036,
                "z": 0.0004132083087682625
            },
            "I": {
                "Precision": 0.0,
                "Accuracy": 0.9642857142857127,
                "Recall": 0.0,
                "F1": 0.0,
                "norm2": 5.843359697988687e-05,
                "norminf": 0.00035161260974960753,
                "z": 0.0030003441218433647
            }
        }
    }
}