{
  "irrad_LV0101": 246.1295812404043,
  "irrad_LV0102": 221.25928270278493,
  "irrad_LV0103": 141.2687465212907,
  "irrad_LV0201": 259.6739374899871,
  "irrad_LV0202": 241.6279383373899,
  "irrad_LV0203": 236.77129292640592
}