{
  "P_LV0101": 0.06327641866625532,
  "Q_LV0101": 5.227376296259972e-16,
  "U_LV0101": 1.0017784970423917,
  "I_LV0101_MV0101": 0.0631640815340616,
  "P_LV0102": 0.0598063352148097,
  "Q_LV0102": -3.663053709078043e-16,
  "U_LV0102": 1.001780937602394,
  "I_LV0102_MV0102": 0.05970001321640917,
  "P_LV0103": 0.07642416295362146,
  "Q_LV0103": -7.129713486264741e-17,
  "U_LV0103": 1.0022718954201442,
  "I_LV0103_MV0103": 0.07625092881765888,
  "P_LV0201": 0.04313434134712411,
  "Q_LV0201": -1.0989795379655376e-15,
  "U_LV0201": 1.0013337302716712,
  "I_LV0201_MV0201": 0.043076888397059546,
  "P_LV0202": 0.04153244960796598,
  "Q_LV0202": -3.423738524507219e-16,
  "U_LV0202": 1.0013682479777353,
  "I_LV0202_MV0202": 0.041475700564543395,
  "P_LV0203": 0.07016900108532793,
  "Q_LV0203": 2.505480101090353e-16,
  "U_LV0203": 1.002178984857734,
  "I_LV0203_MV0203": 0.07001643633077069,
  "P_POIMV_MV0101": -0.19910482754835357,
  "Q_POIMV_MV0101": 0.0006038520439233253,
  "U_POIMV": 0.9999931563812148,
  "I_POIMV_MV0101": 0.19910710585111527,
  "P_POIMV_MV0201": -0.1545632224037945,
  "Q_POIMV_MV0201": -0.00035426665090199094,
  "I_POIMV_MV0201": 0.15456468618350927,
  "P_POI_POIMV": -0.35365804995180794,
  "Q_POI_POIMV": 0.001312279252033477,
  "U_POI": 0.9999996405646585,
  "I_POI_POIMV": 0.3536606117252538
}