{
  "irrad_LV0101": -24.53207474647943,
  "irrad_LV0102": -30.370243275157176,
  "irrad_LV0103": -38.83271295951396,
  "irrad_LV0201": -40.987013791044866,
  "irrad_LV0202": -42.397528462206594,
  "irrad_LV0203": 6.640794604614425
}