{
  "irrad_LV0101": 1150.8571815736225,
  "irrad_LV0102": 1026.672685498336,
  "irrad_LV0103": 1114.0018159722351,
  "irrad_LV0201": 1165.1484163859327,
  "irrad_LV0202": 1217.7718260358006,
  "irrad_LV0203": 1177.336008072498
}