{
  "irrad_LV0101": 1131.6681338070493,
  "irrad_LV0102": 1077.736399326549,
  "irrad_LV0103": 1047.5097736412797,
  "irrad_LV0201": 1246.7432983931578,
  "irrad_LV0202": 1116.3357849348185,
  "irrad_LV0203": 1056.3815458507402
}