{
  "irrad_LV0101": 1169.099768484352,
  "irrad_LV0102": 1209.07110554356,
  "irrad_LV0103": 1126.6905470878087,
  "irrad_LV0201": 1120.9680086541637,
  "irrad_LV0202": 1090.3717076245455,
  "irrad_LV0203": 1165.8968184116145
}