{
  "irrad_LV0101": 1032.4251698516327,
  "irrad_LV0102": 1215.3818999306466,
  "irrad_LV0103": 1184.2395076669231,
  "irrad_LV0201": 1109.0473573163629,
  "irrad_LV0202": 1075.7655176141284,
  "irrad_LV0203": 1037.027832259141
}