{
  "P_LV0101": 0.34519040153315544,
  "Q_LV0101": -0.16906042667369164,
  "U_LV0101": 0.968594282938481,
  "I_LV0101_MV0101": 0.396829521173301,
  "P_LV0102": 0.3079422557590585,
  "Q_LV0102": -0.16906042667369064,
  "U_LV0102": 0.9680657971245903,
  "I_LV0102_MV0102": 0.3628858673537392,
  "P_LV0103": 0.33413592956713906,
  "Q_LV0103": -0.1690604266736908,
  "U_LV0103": 0.9687786383411185,
  "I_LV0103_MV0103": 0.3865388933229976,
  "P_LV0201": 0.3488965414909881,
  "Q_LV0201": -0.16906042667369142,
  "U_LV0201": 0.9691570596971889,
  "I_LV0201_MV0201": 0.40003694141153545,
  "P_LV0202": 0.3490091770469197,
  "Q_LV0202": -0.1690604266736908,
  "U_LV0202": 0.9694699362414437,
  "I_LV0202_MV0202": 0.40001239560002827,
  "P_LV0203": 0.34906550675130465,
  "Q_LV0203": -0.16906042667369162,
  "U_LV0203": 0.9696264076425132,
  "I_LV0203_MV0203": 0.40000012844277155,
  "P_POIMV_MV0101": -0.9741335749363316,
  "Q_POIMV_MV0101": 0.567504411300888,
  "U_POIMV": 0.9842289199058871,
  "I_POIMV_MV0101": 1.14545022696025,
  "P_POIMV_MV0201": -1.0315754826466446,
  "Q_POIMV_MV0201": 0.5737387575824755,
  "I_POIMV_MV0201": 1.1993058679958837,
  "P_POI_POIMV": -2.005699057582995,
  "Q_POI_POIMV": 1.2122575053913351,
  "U_POI": 0.9996719306034166,
  "I_POI_POIMV": 2.344355458946895
}