{
  "P_LV0101": 0.3096676674048481,
  "Q_LV0101": -0.15064751852309455,
  "U_LV0101": 0.9722910956212854,
  "I_LV0101_MV0101": 0.2044865698157412,
  "P_LV0102": 0.3504583378120133,
  "Q_LV0102": -0.1506475185230952,
  "U_LV0102": 0.9734953828111483,
  "I_LV0102_MV0102": 0.2262353339046878,
  "P_LV0103": 0.3505182570204409,
  "Q_LV0103": -0.15064751852309483,
  "U_LV0103": 0.9736618250567806,
  "I_LV0103_MV0103": 0.2262293027762939,
  "P_LV0201": 0.33264987934285195,
  "Q_LV0201": -0.15064751852309463,
  "U_LV0201": 0.9732124346481518,
  "I_LV0201_MV0201": 0.2166353066585732,
  "P_LV0202": 0.32266725787207345,
  "Q_LV0202": -0.15064751852309466,
  "U_LV0202": 0.9732841659500424,
  "I_LV0202_MV0202": 0.2112391783078772,
  "P_LV0203": 0.3110481991597934,
  "Q_LV0203": -0.15064751852309433,
  "U_LV0203": 0.9731711847702961,
  "I_LV0203_MV0203": 0.2050384515263803,
  "P_POIMV_MV0101": -0.9976440774314597,
  "Q_POIMV_MV0101": 0.5114445019455616,
  "U_POIMV": 0.98592851341463,
  "I_POIMV_MV0101": 0.6565064314570077,
  "P_POIMV_MV0201": -0.9535277461749274,
  "Q_POIMV_MV0201": 0.5072454476805319,
  "I_POIMV_MV0201": 0.632468291623905,
  "P_POI_POI_MV": -1.9511618236066786,
  "Q_POI_POI_MV": 1.0830212108739943,
  "U_POI": 0.9997069078754592,
  "I_POI_POI_MV": 1.2887833885026299
}