{
  "P_LV0101": 0.000257,
  "Q_LV0101": 0.000471,
  "U_LV0101": 0.002467,
  "I_LV0101_MV0101": 0.000078,
  "P_LV0102": 0.000255,
  "Q_LV0102": 0.000451,
  "U_LV0102": 0.002467,
  "I_LV0102_MV0102": 0.000075,
  "P_LV0103": 0.000253,
  "Q_LV0103": 0.000440,
  "U_LV0103": 0.002467,
  "I_LV0103_MV0103": 0.000074,
  "P_LV0201": 0.000260,
  "Q_LV0201": 0.000490,
  "U_LV0201": 0.002469,
  "I_LV0201_MV0201": 0.000080,
  "P_LV0202": 0.000257,
  "Q_LV0202": 0.000465,
  "U_LV0202": 0.002469,
  "I_LV0202_MV0202": 0.000077,
  "P_LV0203": 0.000254,
  "Q_LV0203": 0.000443,
  "U_LV0203": 0.002468,
  "I_LV0203_MV0203": 0.000074,
  "P_POIMV_MV0101": 0.000826,
  "Q_POIMV_MV0101": 0.001350,
  "U_POIMV": 0.002500,
  "I_POIMV_MV0101": 0.000226,
  "P_POIMV_MV0201": 0.000834,
  "Q_POIMV_MV0201": 0.001384,
  "I_POIMV_MV0201": 0.000231,
  "P_POI_POI_MV": 0.001659,
  "Q_POI_POI_MV": 0.002734,
  "U_POI": 0.002500,
  "I_POI_POI_MV": 0.000457
}
