{
  "irrad_LV0101": 998.413729398257,
  "irrad_LV0102": 961.1409994715115,
  "irrad_LV0103": 910.4571356799514,
  "irrad_LV0201": 914.4795649219351,
  "irrad_LV0202": 913.2962383785231,
  "irrad_LV0203": 1068.5687492600773
}