{
  "P_LV0101": 0.30175381538575624,
  "Q_LV0101": 0.13663391271308364,
  "U_LV0101": 1.0356711541211625,
  "I_LV0101_MV0101": 0.18465823768271789,
  "P_LV0102": 0.29899035359341974,
  "Q_LV0102": 0.13663391271308362,
  "U_LV0102": 1.0361158016804801,
  "I_LV0102_MV0102": 0.18317732425928918,
  "P_LV0103": 0.2867125386051628,
  "Q_LV0103": 0.13663391271308434,
  "U_LV0103": 1.0360990136848895,
  "I_LV0103_MV0103": 0.17698048394991933,
  "P_LV0201": 0.2970826077353943,
  "Q_LV0201": 0.13663391271308445,
  "U_LV0201": 1.0362822903852418,
  "I_LV0201_MV0201": 0.18218171591603408,
  "P_LV0202": 0.25577843430570846,
  "Q_LV0202": 0.13663391271308462,
  "U_LV0202": 1.0358528650746848,
  "I_LV0202_MV0202": 0.16162821592497545,
  "P_LV0203": 0.28211372421010644,
  "Q_LV0203": 0.13663391271308467,
  "U_LV0203": 1.036677050152396,
  "I_LV0203_MV0203": 0.17457320815028823,
  "P_POIMV_MV0101": -0.8785610007826108,
  "Q_POIMV_MV0101": -0.36952341860137494,
  "U_POIMV": 1.009535513100134,
  "I_POIMV_MV0101": 0.5450801860374315,
  "P_POIMV_MV0201": -0.8263482819689898,
  "Q_POIMV_MV0201": -0.3733054105489373,
  "I_POIMV_MV0201": 0.5185716012819384,
  "P_POI_POIMV": -1.7048992827511373,
  "Q_POI_POIMV": -0.6992090659769019,
  "U_POI": 1.0001889358324485,
  "I_POI_POIMV": 1.0636873215810738
}