{
  "P_LV0101": 0.26077628799876035,
  "Q_LV0101": 0.11857486696160673,
  "U_LV0101": 1.031083369774162,
  "I_LV0101_MV0101": 0.16040675365525278,
  "P_LV0102": 0.28752222063120153,
  "Q_LV0102": 0.11857486696160531,
  "U_LV0102": 1.0321486204762291,
  "I_LV0102_MV0102": 0.17397047311053457,
  "P_LV0103": 0.2796146375746651,
  "Q_LV0103": 0.1185748669616071,
  "U_LV0103": 1.032212884283888,
  "I_LV0103_MV0103": 0.16987910792255242,
  "P_LV0201": 0.30600280761394033,
  "Q_LV0201": 0.11857486696160596,
  "U_LV0201": 1.0327777076946292,
  "I_LV0201_MV0201": 0.18345762490014664,
  "P_LV0202": 0.28457447172709316,
  "Q_LV0202": 0.1185748669616075,
  "U_LV0202": 1.0327695261626673,
  "I_LV0202_MV0202": 0.1723436071279815,
  "P_LV0203": 0.24482646110341102,
  "Q_LV0203": 0.11857486696160668,
  "U_LV0203": 1.032104831233832,
  "I_LV0203_MV0203": 0.1521708292340592,
  "P_POIMV_MV0101": -0.8202678631055278,
  "Q_POIMV_MV0101": -0.3212759664966143,
  "U_POIMV": 1.008232534112292,
  "I_POIMV_MV0101": 0.5044587360001217,
  "P_POIMV_MV0201": -0.8271159290131891,
  "Q_POIMV_MV0201": -0.3205329991999406,
  "I_POIMV_MV0201": 0.5079582246597055,
  "P_POI_POI_MV": -1.6473737921180824,
  "Q_POI_POI_MV": -0.6023367181405774,
  "U_POI": 1.0001627561890698,
  "I_POI_POI_MV": 1.012529619284609
}