{
  "P_LV0101": 0.2994662080276137,
  "Q_LV0101": 0.15522942146757243,
  "U_LV0101": 1.0394333933321154,
  "I_LV0101_MV0101": 0.32451069528031656,
  "P_LV0102": 0.28828655097228933,
  "Q_LV0102": 0.1552294214675738,
  "U_LV0102": 1.0396958967950332,
  "I_LV0102_MV0102": 0.3149211407759585,
  "P_LV0103": 0.2730843316408361,
  "Q_LV0103": 0.15522942146757396,
  "U_LV0103": 1.0396119832384103,
  "I_LV0103_MV0103": 0.3021509640291824,
  "P_LV0201": 0.2742908271012724,
  "Q_LV0201": 0.15522942146757363,
  "U_LV0201": 1.0396618176640966,
  "I_LV0201_MV0201": 0.3031458931597698,
  "P_LV0202": 0.27393589777450156,
  "Q_LV0202": 0.1552294214675732,
  "U_LV0202": 1.0401775094978143,
  "I_LV0202_MV0202": 0.30269868557534557,
  "P_LV0203": 0.32050864479857366,
  "Q_LV0203": 0.15522942146757304,
  "U_LV0203": 1.0414522546515164,
  "I_LV0203_MV0203": 0.34194627247892645,
  "P_POIMV_MV0101": -0.8519822600658244,
  "Q_POIMV_MV0101": -0.42547887870568957,
  "U_POIMV": 1.0109318433650119,
  "I_POIMV_MV0101": 0.9420181541160064,
  "P_POIMV_MV0201": -0.8590785536139265,
  "Q_POIMV_MV0201": -0.4246666663258907,
  "I_POIMV_MV0201": 0.9479470260244696,
  "P_POI_POIMV": -1.7110508136798934,
  "Q_POI_POIMV": -0.8042019812023682,
  "U_POI": 1.0002173153722653,
  "I_POI_POIMV": 1.8902070416176295
}