{
  "irrad_LV0101": 20.01633997656784,
  "irrad_LV0102": -94.91152081235195,
  "irrad_LV0103": 98.24738508189684,
  "irrad_LV0201": -6.949185580827792,
  "irrad_LV0202": -23.77207100148971,
  "irrad_LV0203": 86.24261338421331
}