{
  "P_LV0101": 0.006003740989205959,
  "Q_LV0101": 0.012528338481499575,
  "U_LV0101": 1.0029495585770631,
  "I_LV0101_MV0101": 0.013851737593796636,
  "P_LV0102": -0.02846795110974621,
  "Q_LV0102": 0.012528338481499627,
  "U_LV0102": 1.0019993785607404,
  "I_LV0102_MV0102": 0.031040727187856897,
  "P_LV0103": 0.029468516901141634,
  "Q_LV0103": 0.012528338481498506,
  "U_LV0103": 1.0036300931597628,
  "I_LV0103_MV0103": 0.03190531054716569,
  "P_LV0201": -0.002084352602026931,
  "Q_LV0201": 0.012528338481499174,
  "U_LV0201": 1.0027592022865095,
  "I_LV0201_MV0201": 0.012665595994862687,
  "P_LV0202": -0.007130242453767029,
  "Q_LV0202": 0.01252833848149894,
  "U_LV0202": 1.0026440879927998,
  "I_LV0202_MV0202": 0.014377241897363264,
  "P_LV0203": 0.02586778170220839,
  "Q_LV0203": 0.012528338481499193,
  "U_LV0203": 1.0035756593832477,
  "I_LV0203_MV0203": 0.028639574306518912,
  "P_POIMV_MV0101": -0.006942229853848403,
  "Q_POIMV_MV0101": -0.03855800188034664,
  "U_POIMV": 1.0010369585153698,
  "I_POIMV_MV0101": 0.03913739547406716,
  "P_POIMV_MV0201": -0.01661704918774376,
  "Q_POIMV_MV0201": -0.03897763506057572,
  "I_POIMV_MV0201": 0.042328060057225086,
  "P_POI_POIMV": -0.023549279041491677,
  "Q_POI_POIMV": -0.07801624753801661,
  "U_POI": 1.0000210964282696,
  "I_POI_POIMV": 0.08149124630921978
}