{
  "P_LV0101": 0.002127,
  "Q_LV0101": 0.003513,
  "U_LV0101": 0.002421,
  "I_LV0101_MV0101": 0.000958,
  "P_LV0102": 0.002090,
  "Q_LV0102": 0.003309,
  "U_LV0102": 0.002420,
  "I_LV0102_MV0102": 0.000913,
  "P_LV0103": 0.002127,
  "Q_LV0103": 0.003509,
  "U_LV0103": 0.002422,
  "I_LV0103_MV0103": 0.000957,
  "P_LV0201": 0.002146,
  "Q_LV0201": 0.003610,
  "U_LV0201": 0.002422,
  "I_LV0201_MV0201": 0.000979,
  "P_LV0202": 0.002113,
  "Q_LV0202": 0.003436,
  "U_LV0202": 0.002422,
  "I_LV0202_MV0202": 0.000941,
  "P_LV0203": 0.002165,
  "Q_LV0203": 0.003709,
  "U_LV0203": 0.002424,
  "I_LV0203_MV0203": 0.001001,
  "P_POIMV_MV0101": 0.006847,
  "Q_POIMV_MV0101": 0.010237,
  "U_POIMV": 0.002461,
  "I_POIMV_MV0101": 0.002826,
  "P_POIMV_MV0201": 0.006956,
  "Q_POIMV_MV0201": 0.010645,
  "I_POIMV_MV0201": 0.002918,
  "P_POI_POIMV": 0.014426,
  "Q_POI_POIMV": 0.020929,
  "U_POI": 0.002499,
  "I_POI_POIMV": 0.005743
}
