{
  "P_LV0101": 0.025299416889517652,
  "Q_LV0101": -0.009100037207398905,
  "U_LV0101": 0.9987336851288519,
  "I_LV0101_MV0101": 0.026920353276364554,
  "P_LV0102": -0.042378031305520106,
  "Q_LV0102": -0.00910003720739821,
  "U_LV0102": 0.9968051385298419,
  "I_LV0102_MV0102": 0.04348298994136034,
  "P_LV0103": 0.007585237973717208,
  "Q_LV0103": -0.00910003720739823,
  "U_LV0103": 0.9982151854622268,
  "I_LV0103_MV0103": 0.011867975468958767,
  "P_LV0201": -0.015225240325126151,
  "Q_LV0201": -0.009100037207398189,
  "U_LV0201": 0.9976068281826478,
  "I_LV0201_MV0201": 0.01778004263164672,
  "P_LV0202": 0.0017513223640999629,
  "Q_LV0202": -0.009100037207398487,
  "U_LV0202": 0.998087825925738,
  "I_LV0202_MV0202": 0.009284782078908056,
  "P_LV0203": 0.018789225427663005,
  "Q_LV0203": -0.00910003720739892,
  "U_LV0203": 0.9985672830878763,
  "I_LV0203_MV0203": 0.020906870769178486,
  "P_POIMV_MV0101": 0.00957137618024717,
  "Q_POIMV_MV0101": 0.02641244896585704,
  "U_POIMV": 0.9993122216831923,
  "I_POIMV_MV0101": 0.028112549727312995,
  "P_POIMV_MV0201": -0.005290452795293277,
  "Q_POIMV_MV0201": 0.025863664846156098,
  "I_POIMV_MV0201": 0.026417374779042154,
  "P_POI_POIMV": 0.004290923386036545,
  "Q_POI_POIMV": 0.051746092641224095,
  "U_POI": 0.9999860067976319,
  "I_POI_POIMV": 0.051924421826656256
}