{
  "P_LV0101": 0.000161,
  "Q_LV0101": 0.000338,
  "U_LV0101": 0.002497,
  "I_LV0101_MV0101": 0.000092,
  "P_LV0102": 0.000196,
  "Q_LV0102": 0.000504,
  "U_LV0102": 0.002492,
  "I_LV0102_MV0102": 0.000129,
  "P_LV0103": 0.000164,
  "Q_LV0103": 0.000141,
  "U_LV0103": 0.002496,
  "I_LV0103_MV0103": 0.000056,
  "P_LV0201": 0.000145,
  "Q_LV0201": 0.000218,
  "U_LV0201": 0.002494,
  "I_LV0201_MV0201": 0.000065,
  "P_LV0202": 0.000184,
  "Q_LV0202": 0.000066,
  "U_LV0202": 0.002495,
  "I_LV0202_MV0202": 0.000051,
  "P_LV0203": 0.000150,
  "Q_LV0203": 0.000262,
  "U_LV0203": 0.002496,
  "I_LV0203_MV0203": 0.000075,
  "P_POIMV_MV0101": 0.000534,
  "Q_POIMV_MV0101": 0.000250,
  "U_POIMV": 0.002498,
  "I_POIMV_MV0101": 0.000155,
  "P_POIMV_MV0201": 0.000536,
  "Q_POIMV_MV0201": 0.000194,
  "I_POIMV_MV0201": 0.000150,
  "P_POI_POIMV": 0.001079,
  "Q_POI_POIMV": 0.000336,
  "U_POI": 0.002500,
  "I_POI_POIMV": 0.000298
}
