{
  "P_LV0101": 0.020000,
  "Q_LV0101": 0.002000,
  "U_LV0101": 0.002500,
  "I_LV0101_MV0101": 0.010000,
  "P_LV0102": 0.020000,
  "Q_LV0102": 0.002000,
  "U_LV0102": 0.002500,
  "I_LV0102_MV0102": 0.010000,
  "P_LV0103": 0.020000,
  "Q_LV0103": 0.002000,
  "U_LV0103": 0.002500,
  "I_LV0103_MV0103": 0.010000,
  "P_LV0201": 0.002000,
  "Q_LV0201": 0.002000,
  "U_LV0201": 0.002500,
  "I_LV0201_MV0201": 0.010000,
  "P_LV0202": 0.020000,
  "Q_LV0202": 0.002000,
  "U_LV0202": 0.002500,
  "I_LV0202_MV0202": 0.010000,
  "P_LV0203": 0.002000,
  "Q_LV0203": 0.002000,
  "U_LV0203": 0.002500,
  "I_LV0203_MV0203": 0.010000,
  "P_POIMV_MV0101": 0.020000,
  "Q_POIMV_MV0101": 0.020000,
  "U_POIMV": 0.002500,
  "I_POIMV_MV0101": 0.010000,
  "P_POIMV_MV0201": 0.020000,
  "Q_POIMV_MV0201": 0.020000,
  "I_POIMV_MV0201": 0.010000,
  "P_POI_POIMV": 0.020000,
  "Q_POI_POIMV": 0.020000,
  "U_POI": 0.002500,
  "I_POI_POIMV": 0.010000
}
