{
  "irrad_LV0101": -45.831748473877646,
  "irrad_LV0102": 51.10730474437638,
  "irrad_LV0103": -10.895001323916874,
  "irrad_LV0201": -39.8669049861191,
  "irrad_LV0202": 33.644727022708274,
  "irrad_LV0203": -115.33184001131056
}