{
  "P_LV0101": -0.013746866172422916,
  "Q_LV0101": 0.01675408794627621,
  "U_LV0101": 1.0033201023183962,
  "I_LV0101_MV0101": 0.02160028963805013,
  "P_LV0102": 0.01532922705653729,
  "Q_LV0102": 0.016754087946276842,
  "U_LV0102": 1.004148783934696,
  "I_LV0102_MV0102": 0.022614867201433162,
  "P_LV0103": -0.0032678684565922715,
  "Q_LV0103": 0.01675408794627704,
  "U_LV0103": 1.003642138789055,
  "I_LV0103_MV0103": 0.017007865395750905,
  "P_LV0201": -0.0119577591037192,
  "Q_LV0201": 0.016754087946276603,
  "U_LV0201": 1.003356882083891,
  "I_LV0201_MV0201": 0.02051480410081729,
  "P_LV0202": 0.010091466618439932,
  "Q_LV0202": 0.016754087946276988,
  "U_LV0202": 1.0039665201261265,
  "I_LV0202_MV0202": 0.019481284336467855,
  "P_LV0203": -0.03459286243374337,
  "Q_LV0203": 0.016754087946277186,
  "U_LV0203": 1.0027023712699525,
  "I_LV0203_MV0203": 0.03833292402269834,
  "P_POIMV_MV0101": 0.0017227521234417509,
  "Q_POIMV_MV0101": -0.051361730561211516,
  "U_POIMV": 1.0013727318435477,
  "I_POIMV_MV0101": 0.05132016550368735,
  "P_POIMV_MV0201": 0.03652862112562616,
  "Q_POIMV_MV0201": -0.051503170155285716,
  "I_POIMV_MV0201": 0.06305547763625168,
  "P_POI_POIMV": 0.03826137324948535,
  "Q_POI_POIMV": -0.10327443294227123,
  "U_POI": 1.0000279262945067,
  "I_POI_POIMV": 0.11013112069067105
}