{
  "P_LV0101": 0.000238,
  "Q_LV0101": 0.000203,
  "U_LV0101": 0.002508,
  "I_LV0101_MV0101": 0.000077,
  "P_LV0102": 0.000238,
  "Q_LV0102": 0.000222,
  "U_LV0102": 0.002510,
  "I_LV0102_MV0102": 0.000080,
  "P_LV0103": 0.000237,
  "Q_LV0103": 0.000088,
  "U_LV0103": 0.002509,
  "I_LV0103_MV0103": 0.000063,
  "P_LV0201": 0.000238,
  "Q_LV0201": 0.000181,
  "U_LV0201": 0.002508,
  "I_LV0201_MV0201": 0.000074,
  "P_LV0202": 0.000238,
  "Q_LV0202": 0.000159,
  "U_LV0202": 0.002510,
  "I_LV0202_MV0202": 0.000071,
  "P_LV0203": 0.000248,
  "Q_LV0203": 0.000430,
  "U_LV0203": 0.002507,
  "I_LV0203_MV0203": 0.000119,
  "P_POIMV_MV0101": 0.000726,
  "Q_POIMV_MV0101": 0.000230,
  "U_POIMV": 0.002503,
  "I_POIMV_MV0101": 0.000189,
  "P_POIMV_MV0201": 0.000728,
  "Q_POIMV_MV0201": 0.000552,
  "I_POIMV_MV0201": 0.000226,
  "P_POI_POIMV": 0.001459,
  "Q_POI_POIMV": 0.000705,
  "U_POI": 0.002500,
  "I_POI_POIMV": 0.000403
}
