{
  "P_LV0101": -0.0012113402268975572,
  "Q_LV0101": -0.005687804025753753,
  "U_LV0101": 0.9987497766682892,
  "I_LV0101_MV0101": 0.0058226437192262035,
  "P_LV0102": -0.015426246360115692,
  "Q_LV0102": -0.0056878040257537016,
  "U_LV0102": 0.9983316317920296,
  "I_LV0102_MV0102": 0.016468893129987658,
  "P_LV0103": -0.0065161601415668685,
  "Q_LV0103": -0.0056878040257529955,
  "U_LV0103": 0.9985743774972453,
  "I_LV0103_MV0103": 0.008661710017642718,
  "P_LV0201": -0.042750718680226805,
  "Q_LV0201": -0.005687804025753087,
  "U_LV0201": 0.997524995539204,
  "I_LV0201_MV0201": 0.04323443360635639,
  "P_LV0202": 0.005933409345770386,
  "Q_LV0202": -0.005687804025752978,
  "U_LV0202": 0.9988888085540343,
  "I_LV0202_MV0202": 0.00822841710414637,
  "P_LV0203": -0.011743845612122062,
  "Q_LV0203": -0.005687804025753644,
  "U_LV0203": 0.9983853001959452,
  "I_LV0203_MV0203": 0.013069821184507906,
  "P_POIMV_MV0101": 0.02316504572422673,
  "Q_POIMV_MV0101": 0.015844546369862655,
  "U_POIMV": 0.999586247677312,
  "I_POIMV_MV0101": 0.02807705820722321,
  "P_POIMV_MV0201": 0.04862265740212024,
  "Q_POIMV_MV0201": 0.015803416319499775,
  "I_POIMV_MV0201": 0.05114758202202189,
  "P_POI_POIMV": 0.0717977031268243,
  "Q_POI_POIMV": 0.03116229243369162,
  "U_POI": 0.9999915729372606,
  "I_POI_POIMV": 0.07826941863630696
}