{
  "P_LV0101": 0.000136,
  "Q_LV0101": 0.000050,
  "U_LV0101": 0.002497,
  "I_LV0101_MV0101": 0.000039,
  "P_LV0102": 0.000106,
  "Q_LV0102": 0.000220,
  "U_LV0102": 0.002496,
  "I_LV0102_MV0102": 0.000061,
  "P_LV0103": 0.000125,
  "Q_LV0103": 0.000140,
  "U_LV0103": 0.002496,
  "I_LV0103_MV0103": 0.000050,
  "P_LV0201": 0.000179,
  "Q_LV0201": 0.000508,
  "U_LV0201": 0.002494,
  "I_LV0201_MV0201": 0.000128,
  "P_LV0202": 0.000127,
  "Q_LV0202": 0.000131,
  "U_LV0202": 0.002497,
  "I_LV0202_MV0202": 0.000048,
  "P_LV0203": 0.000110,
  "Q_LV0203": 0.000193,
  "U_LV0203": 0.002496,
  "I_LV0203_MV0203": 0.000057,
  "P_POIMV_MV0101": 0.000348,
  "Q_POIMV_MV0101": 0.000475,
  "U_POIMV": 0.002499,
  "I_POIMV_MV0101": 0.000155,
  "P_POIMV_MV0201": 0.000311,
  "Q_POIMV_MV0201": 0.000691,
  "I_POIMV_MV0201": 0.000189,
  "P_POI_POIMV": 0.000623,
  "Q_POI_POIMV": 0.001180,
  "U_POI": 0.002500,
  "I_POI_POIMV": 0.000341
}
