{
  "irrad_LV0101": 27.243048106079115,
  "irrad_LV0102": 21.553057019256055,
  "irrad_LV0103": 49.268990399267246,
  "irrad_LV0201": 17.607486460506045,
  "irrad_LV0202": -29.06133401236569,
  "irrad_LV0203": 71.55780987078809
}