{
  "P_LV0101": 0.008171334258753046,
  "Q_LV0101": -0.010395098523535203,
  "U_LV0101": 0.9979952950000923,
  "I_LV0101_MV0101": 0.013248843368557781,
  "P_LV0102": 0.006464666968121142,
  "Q_LV0102": -0.010395098523534698,
  "U_LV0102": 0.9979534096513625,
  "I_LV0102_MV0102": 0.012266427496407419,
  "P_LV0103": 0.014777839380383847,
  "Q_LV0103": -0.010395098523534534,
  "U_LV0103": 0.998188508988165,
  "I_LV0103_MV0103": 0.01810051179436805,
  "P_LV0201": 0.005281224654636143,
  "Q_LV0201": -0.010395098523535158,
  "U_LV0201": 0.9979098232017207,
  "I_LV0201_MV0201": 0.011684156390683454,
  "P_LV0202": -0.008716714564965257,
  "Q_LV0202": -0.010395098523535236,
  "U_LV0202": 0.9975190213230467,
  "I_LV0202_MV0202": 0.013599845234979377,
  "P_LV0203": 0.021463192407902062,
  "Q_LV0203": -0.010395098523535016,
  "U_LV0203": 0.9983653668794149,
  "I_LV0203_MV0203": 0.023887038107979635,
  "P_POIMV_MV0101": -0.02939424978376337,
  "Q_POIMV_MV0101": 0.030005745671587647,
  "U_POIMV": 0.9992123720048323,
  "I_POIMV_MV0101": 0.04203747506605975,
  "P_POIMV_MV0201": -0.018000868673198056,
  "Q_POIMV_MV0201": 0.029756797252446177,
  "I_POIMV_MV0201": 0.034805255040252114,
  "P_POI_POIMV": -0.047385118456748726,
  "Q_POI_POIMV": 0.05927251253478971,
  "U_POI": 0.9999839713857219,
  "I_POI_POIMV": 0.07588652582578047
}