{
  "irrad_LV0101": 1018.1739869624406,
  "irrad_LV0102": 1008.4236067010306,
  "irrad_LV0103": 943.8339580861401,
  "irrad_LV0201": 1098.0666415817973,
  "irrad_LV0202": 1039.5098056605584,
  "irrad_LV0203": 1038.2691789967637
}