{
  "irrad_LV0101": 1051.6013657488015,
  "irrad_LV0102": 1074.9467168720594,
  "irrad_LV0103": 964.8832554479197,
  "irrad_LV0201": 1041.2703368135424,
  "irrad_LV0202": 1115.3565317823584,
  "irrad_LV0203": 1128.227920954371
}