{
  "P_LV0101": 0.31541941390094336,
  "Q_LV0101": 4.578299491036288e-16,
  "U_LV0101": 1.0066631904492085,
  "I_LV0101_MV0101": 0.313331625605772,
  "P_LV0102": 0.32242166514218856,
  "Q_LV0102": 8.442249119267436e-16,
  "U_LV0102": 1.0072217794640492,
  "I_LV0102_MV0102": 0.320109902025502,
  "P_LV0103": 0.28940901070388686,
  "Q_LV0103": -4.857465800684383e-16,
  "U_LV0103": 1.0067020816872347,
  "I_LV0103_MV0103": 0.2874822809731721,
  "P_LV0201": 0.3123207044489707,
  "Q_LV0201": 1.7486012637919594e-16,
  "U_LV0201": 1.0072714953825292,
  "I_LV0201_MV0201": 0.3100660605216088,
  "P_LV0202": 0.3345422657328659,
  "Q_LV0202": -6.821348208771895e-17,
  "U_LV0202": 1.0081919469477032,
  "I_LV0202_MV0202": 0.33182398128222623,
  "P_LV0203": 0.33840293590785786,
  "Q_LV0203": 1.7591674811832646e-16,
  "U_LV0203": 1.0084981302715594,
  "I_LV0203_MV0203": 0.33555137659673767,
  "P_POIMV_MV0101": -0.9187702980284485,
  "Q_POIMV_MV0101": 0.03848829665548692,
  "U_POIMV": 0.9985962983811161,
  "I_POIMV_MV0101": 0.9208687280929914,
  "P_POIMV_MV0201": -0.9750212706950379,
  "Q_POIMV_MV0201": 0.043667509026022344,
  "I_POIMV_MV0201": 0.9773705686425026,
  "P_POI_POIMV": -1.893781568723962,
  "Q_POI_POIMV": 0.12850781945826384,
  "U_POI": 0.9999651169940375,
  "I_POI_POIMV": 1.8982029039106378
}