{
  "P_LV0101": 0.3096699356339988,
  "Q_LV0101": 2.417208470290172e-16,
  "U_LV0101": 1.006625495822015,
  "I_LV0101_MV0101": 0.3076317229389475,
  "P_LV0102": 0.3023114744894909,
  "Q_LV0102": 7.125182027121285e-16,
  "U_LV0102": 1.006868083606193,
  "I_LV0102_MV0102": 0.30024933694067835,
  "P_LV0103": 0.29797577015077725,
  "Q_LV0103": 2.0713449138912216e-16,
  "U_LV0103": 1.0069732556120032,
  "I_LV0103_MV0103": 0.2959122980576857,
  "P_LV0201": 0.29037624747297724,
  "Q_LV0201": -4.923468113560541e-16,
  "U_LV0201": 1.0068435515169085,
  "I_LV0201_MV0201": 0.2884025497660455,
  "P_LV0202": 0.3425561676977813,
  "Q_LV0202": -5.789495730336621e-17,
  "U_LV0202": 1.0083936530718376,
  "I_LV0202_MV0202": 0.33970480343094517,
  "P_LV0203": 0.30754149566494615,
  "Q_LV0203": 7.204890563180404e-17,
  "U_LV0203": 1.007855541719909,
  "I_LV0203_MV0203": 0.30514442093568833,
  "P_POIMV_MV0101": -0.9017983907683629,
  "Q_POIMV_MV0101": 0.03695680505393284,
  "U_POIMV": 0.9986882396464758,
  "I_POIMV_MV0101": 0.9037408320967906,
  "P_POIMV_MV0201": -0.9311060367697337,
  "Q_POIMV_MV0201": 0.03981304061159108,
  "I_POIMV_MV0201": 0.9331809381092019,
  "P_POI_POIMV": -1.8328944275374786,
  "Q_POI_POIMV": 0.12013974179808429,
  "U_POI": 0.9999673883118703,
  "I_POI_POIMV": 1.836887478940855
}