{
  "P_LV0101": 0.03024986631251072,
  "Q_LV0101": -6.624717035875253e-17,
  "U_LV0101": 1.0077708175696776,
  "I_LV0101_MV0101": 0.017330099417440948,
  "P_LV0102": 0.030463013718035864,
  "Q_LV0102": 5.628848450588719e-17,
  "U_LV0102": 1.0082169205294216,
  "I_LV0102_MV0102": 0.017444489189092145,
  "P_LV0103": 0.02937750656776934,
  "Q_LV0103": -6.243611478118415e-17,
  "U_LV0103": 1.008177446440344,
  "I_LV0103_MV0103": 0.016823537746165258,
  "P_LV0201": 0.03054454161873662,
  "Q_LV0201": 7.71751414004164e-17,
  "U_LV0201": 1.0084698959363658,
  "I_LV0201_MV0201": 0.017486788050799756,
  "P_LV0202": 0.03250023091434964,
  "Q_LV0202": 1.042326569118014e-16,
  "U_LV0202": 1.00930899651711,
  "I_LV0202_MV0202": 0.018590953941632356,
  "P_LV0203": 0.03055366973102011,
  "Q_LV0203": -6.623613618102509e-18,
  "U_LV0203": 1.0090960347725535,
  "I_LV0203_MV0203": 0.01748116020286554,
  "P_POIMV_MV0101": -0.08929234446347323,
  "Q_POIMV_MV0101": 0.0036106359496272944,
  "U_POIMV": 0.9999992466847091,
  "I_POIMV_MV0101": 0.05159512736667416,
  "P_POIMV_MV0201": -0.09267736008180805,
  "Q_POIMV_MV0201": 0.003915175230240209,
  "I_POIMV_MV0201": 0.05355506397629786,
  "P_POI_POI_MV": -0.1819687045453156,
  "Q_POI_POI_MV": 0.007469229632988572,
  "U_POI": 0.9999992487594955,
  "I_POI_POI_MV": 0.10514822658221767
}