{
  "P_LV0101": 0.2859508254167211,
  "Q_LV0101": 5.639160536706772e-16,
  "U_LV0101": 1.006150281455854,
  "I_LV0101_MV0101": 0.164084619437224,
  "P_LV0102": 0.30504438584202187,
  "Q_LV0102": 7.1637314584975285e-16,
  "U_LV0102": 1.0069682274795713,
  "I_LV0102_MV0102": 0.17489872418466984,
  "P_LV0103": 0.2946823687777479,
  "Q_LV0103": 6.962908098634746e-16,
  "U_LV0103": 1.0069402843814745,
  "I_LV0103_MV0103": 0.1689622985376703,
  "P_LV0201": 0.32665270443266875,
  "Q_LV0201": 5.333726988954004e-16,
  "U_LV0201": 1.0076656985398185,
  "I_LV0201_MV0201": 0.18715832751775285,
  "P_LV0202": 0.2869878483951764,
  "Q_LV0202": -4.0100858541746183e-16,
  "U_LV0202": 1.0072130951429343,
  "I_LV0202_MV0202": 0.1645059147107227,
  "P_LV0203": 0.31720173544367036,
  "Q_LV0203": 7.989436169058145e-16,
  "U_LV0203": 1.0080797814114044,
  "I_LV0203_MV0203": 0.18166866424938272,
  "P_POIMV_MV0101": -0.877929038666025,
  "Q_POIMV_MV0101": 0.034977829151785045,
  "U_POIMV": 0.9987376866500483,
  "I_POIMV_MV0101": 0.5079158429317193,
  "P_POIMV_MV0201": -0.9217059506881924,
  "Q_POIMV_MV0201": 0.038886874976753916,
  "I_POIMV_MV0201": 0.5332937644205752,
  "P_POI_POIMV": -1.799624989353859,
  "Q_POI_POIMV": 0.11564695186780227,
  "U_POI": 0.9999686077341414,
  "I_POI_POIMV": 1.0411897851691918
}