{
  "P_LV0101": 0.3053931391466013,
  "Q_LV0101": 9.93691959363404e-16,
  "U_LV0101": 1.0065380237180988,
  "I_LV0101_MV0101": 0.17517352245039156,
  "P_LV0102": 0.30246859061753445,
  "Q_LV0102": -2.3482027326437335e-17,
  "U_LV0102": 1.006866845972495,
  "I_LV0102_MV0102": 0.173439340974398,
  "P_LV0103": 0.283095442413538,
  "Q_LV0103": -6.114895877665318e-16,
  "U_LV0103": 1.006632908170654,
  "I_LV0103_MV0103": 0.16236825615093403,
  "P_LV0201": 0.3293563015347409,
  "Q_LV0201": 5.605644660021577e-16,
  "U_LV0201": 1.007705736854946,
  "I_LV0201_MV0201": 0.18869987774789643,
  "P_LV0202": 0.31179264721881184,
  "Q_LV0202": 4.0549141970399306e-16,
  "U_LV0202": 1.007747287333893,
  "I_LV0202_MV0202": 0.1786296733969613,
  "P_LV0203": 0.31142053117949364,
  "Q_LV0203": -4.2639971087396257e-16,
  "U_LV0203": 1.0079471533217028,
  "I_LV0203_MV0203": 0.1783811055124546,
  "P_POIMV_MV0101": -0.8831323432546014,
  "Q_POIMV_MV0101": 0.03541463627857411,
  "U_POIMV": 0.9986992721794121,
  "I_POIMV_MV0101": 0.5109511069866964,
  "P_POIMV_MV0201": -0.9430242766374022,
  "Q_POIMV_MV0201": 0.04069192386737086,
  "I_POIMV_MV0201": 0.5456717320709413,
  "P_POI_POI_MV": -1.8261466198921743,
  "Q_POI_POI_MV": 0.11915183019254982,
  "U_POI": 0.9999676563798572,
  "I_POI_POI_MV": 1.0566023037104906
}