{
  "irrad_LV0101": 1118.4060373017817,
  "irrad_LV0102": 1001.2350984619356,
  "irrad_LV0103": 1087.4491681715708,
  "irrad_LV0201": 1078.9786373091188,
  "irrad_LV0202": 1075.3311181652862,
  "irrad_LV0203": 1062.9422856895928
}