{
  "P_LV0101": 0.3354569405088341,
  "Q_LV0101": 0.15441207332262724,
  "U_LV0101": 1.0398022633868493,
  "I_LV0101_MV0101": 0.35515320918197246,
  "P_LV0102": 0.30031245509941173,
  "Q_LV0102": 0.15441207332262752,
  "U_LV0102": 1.0396042850131164,
  "I_LV0102_MV0102": 0.32481999575331727,
  "P_LV0103": 0.32617167535485975,
  "Q_LV0103": 0.15441207332262677,
  "U_LV0103": 1.0404312155274182,
  "I_LV0103_MV0103": 0.34685175616335073,
  "P_LV0201": 0.32363100741063167,
  "Q_LV0201": 0.15441207332262796,
  "U_LV0201": 1.0403861361840951,
  "I_LV0201_MV0201": 0.3446611657353265,
  "P_LV0202": 0.32253696323380526,
  "Q_LV0202": 0.15441207332262696,
  "U_LV0202": 1.040915187817893,
  "I_LV0202_MV0202": 0.34353768854421024,
  "P_LV0203": 0.3188210320780694,
  "Q_LV0203": 0.15441207332262644,
  "U_LV0203": 1.0411118161589592,
  "I_LV0203_MV0203": 0.34025700765244954,
  "P_POIMV_MV0101": -0.9513983271433517,
  "Q_POIMV_MV0101": -0.4151383452949631,
  "U_POIMV": 1.0106092600163326,
  "I_POIMV_MV0101": 1.0271292300709292,
  "P_POIMV_MV0201": -0.9536805027073569,
  "Q_POIMV_MV0201": -0.4148354314903031,
  "I_POIMV_MV0201": 1.0290797905295157,
  "P_POI_POIMV": -1.9050688298502152,
  "Q_POI_POIMV": -0.7754879964436441,
  "U_POI": 1.000209528308585,
  "I_POI_POIMV": 2.056428103862734
}