{
    "090neg": {
        "08": {
            "P": {
                "Precision": 0.0,
                "Accuracy": 0.965517241379312,
                "Recall": 0.0,
                "norm2": 0.000874494577785523,
                "norminf": 0.0007599677405240224
            },
            "Q": {
                "Precision": 0.0,
                "Accuracy": 0.965517241379312,
                "Recall": 0.0,
                "norm2": 0.00024965888324471574,
                "norminf": 0.0001404806938824188
            },
            "U": {
                "Precision": 0.0,
                "Accuracy": 0.965517241379312,
                "Recall": 0.0,
                "norm2": 0.003497499292664943,
                "norminf": 0.0009417720584475009
            },
            "I": {
                "Precision": 0.0,
                "Accuracy": 0.965517241379312,
                "Recall": 0.0,
                "norm2": 0.0005076416557264114,
                "norminf": 0.00036046137615934447
            }
        },
        "10": {
            "P": {
                "Precision": 0.32,
                "Accuracy": 0.9765517241379321,
                "Recall": 0.32,
                "norm2": 0.0021835219028980405,
                "norminf": 0.0020409706278665595
            },
            "Q": {
                "Precision": 0.0,
                "Accuracy": 0.965517241379312,
                "Recall": 0.0,
                "norm2": 0.0008916102588348827,
                "norminf": 0.0005047142747939648
            },
            "U": {
                "Precision": 0.0,
                "Accuracy": 0.965517241379312,
                "Recall": 0.0,
                "norm2": 0.0033700865945106816,
                "norminf": 0.0010023315576259762
            },
            "I": {
                "Precision": 0.0,
                "Accuracy": 0.965517241379312,
                "Recall": 0.0,
                "norm2": 0.001374653776212293,
                "norminf": 0.0011132295950552075
            }
        },
        "13": {
            "P": {
                "Precision": 1.0,
                "Accuracy": 1.0,
                "Recall": 1.0,
                "norm2": 0.001943971233568903,
                "norminf": 0.0019017724572168726
            },
            "Q": {
                "Precision": 0.0,
                "Accuracy": 0.965517241379312,
                "Recall": 0.0,
                "norm2": 0.0012495507459951189,
                "norminf": 0.0008117660687069373
            },
            "U": {
                "Precision": 0.0,
                "Accuracy": 0.965517241379312,
                "Recall": 0.0,
                "norm2": 0.0032445670998276716,
                "norminf": 0.0011313388164019777
            },
            "I": {
                "Precision": 0.0,
                "Accuracy": 0.9448275862068967,
                "Recall": 0.0,
                "norm2": 0.001522609823692435,
                "norminf": 0.0014144433729154694
            }
        }
    },
    "090pos": {
        "08": {
            "P": {
                "Precision": 0.0,
                "Accuracy": 0.965517241379312,
                "Recall": 0.0,
                "norm2": 0.0006994609404056149,
                "norminf": 0.00022114604223384294
            },
            "Q": {
                "Precision": 0.0,
                "Accuracy": 0.965517241379312,
                "Recall": 0.0,
                "norm2": 0.00030024610764819504,
                "norminf": 0.0002854579242439481
            },
            "U": {
                "Precision": 0.0,
                "Accuracy": 0.965517241379312,
                "Recall": 0.0,
                "norm2": 0.003505625137937662,
                "norminf": 0.0009357165418298163
            },
            "I": {
                "Precision": 0.0,
                "Accuracy": 0.965517241379312,
                "Recall": 0.0,
                "norm2": 0.0005933229622981505,
                "norminf": 0.00022767370202452896
            }
        },
        "10": {
            "P": {
                "Precision": 0.17,
                "Accuracy": 0.9713793103448292,
                "Recall": 0.17,
                "norm2": 0.0023522987925783194,
                "norminf": 0.0007017998592261043
            },
            "Q": {
                "Precision": 0.0,
                "Accuracy": 0.965517241379312,
                "Recall": 0.0,
                "norm2": 0.0007226145543764677,
                "norminf": 0.0007027291726652885
            },
            "U": {
                "Precision": 0.0,
                "Accuracy": 0.965517241379312,
                "Recall": 0.0,
                "norm2": 0.003389359547428665,
                "norminf": 0.0009775126687559376
            },
            "I": {
                "Precision": 0.0,
                "Accuracy": 0.965517241379312,
                "Recall": 0.0,
                "norm2": 0.0017107184461284597,
                "norminf": 0.0005637865921456963
            }
        },
        "13": {
            "P": {
                "Precision": 1.0,
                "Accuracy": 1.0,
                "Recall": 1.0,
                "norm2": 0.0016652575212205095,
                "norminf": 0.0007006313249842288
            },
            "Q": {
                "Precision": 0.0,
                "Accuracy": 0.965517241379312,
                "Recall": 0.0,
                "norm2": 0.0010952502035638143,
                "norminf": 0.0010880361740640532
            },
            "U": {
                "Precision": 0.52,
                "Accuracy": 0.9834482758620698,
                "Recall": 0.52,
                "norm2": 0.0031250635190428594,
                "norminf": 0.0010265935501837342
            },
            "I": {
                "Precision": 0.0,
                "Accuracy": 0.9362068965517234,
                "Recall": 0.0,
                "norm2": 0.001953948917500091,
                "norminf": 0.000956075063430728
            }
        }
    }
}