{
    "090neg": {
        "08": {
            "P": {
                "Precision": 0.29,
                "Accuracy": 0.979714285714286,
                "Recall": 0.29,
                "F1": 0.29,
                "norm2": 9.47490689010944e-05,
                "norminf": 0.001239687143604331,
                "z": 0.004614491216052346
            },
            "Q": {
                "Precision": 0.0,
                "Accuracy": 0.9714285714285715,
                "Recall": 0.0,
                "F1": 0.0,
                "norm2": 3.6519560605365e-05,
                "norminf": 0.0003086335421261288,
                "z": 0.0028003147067449507
            },
            "U": {
                "Precision": 0.0,
                "Accuracy": 0.9714285714285715,
                "Recall": 0.0,
                "F1": 0.0,
                "norm2": 0.0005510556049687051,
                "norminf": 0.002222817402193713,
                "z": 0.002225641745755815
            },
            "I": {
                "Precision": 0.33,
                "Accuracy": 0.980857142857143,
                "Recall": 0.33,
                "F1": 0.33,
                "norm2": 6.056918298018525e-05,
                "norminf": 0.00060152141934675,
                "z": 0.0005361014410301442
            }
        },
        "10": {
            "P": {
                "Precision": 1.0,
                "Accuracy": 1.0,
                "Recall": 1.0,
                "F1": 1.0,
                "norm2": 8.571107062625653e-05,
                "norminf": 0.0011235834612635508,
                "z": 0.004124522645375509
            },
            "Q": {
                "Precision": 0.0,
                "Accuracy": 0.9714285714285715,
                "Recall": 0.0,
                "F1": 0.0,
                "norm2": 0.00012761012459832456,
                "norminf": 0.001105571687557314,
                "z": 0.009734295830154664
            },
            "U": {
                "Precision": 0.0,
                "Accuracy": 0.9714285714285715,
                "Recall": 0.0,
                "F1": 0.0,
                "norm2": 0.0005195545397894254,
                "norminf": 0.002291659493926431,
                "z": 0.002292837251190988
            },
            "I": {
                "Precision": 1.0,
                "Accuracy": 1.0,
                "Recall": 1.0,
                "F1": 1.0,
                "norm2": 8.604114443833236e-05,
                "norminf": 0.0009621427997027055,
                "z": 0.004290366835075644
            }
        },
        "13": {
            "P": {
                "Precision": 1.0,
                "Accuracy": 1.0,
                "Recall": 1.0,
                "F1": 1.0,
                "norm2": 0.00011248301167018699,
                "norminf": 0.0016186259408651816,
                "z": 0.0066792213154770455
            },
            "Q": {
                "Precision": 0.72,
                "Accuracy": 0.992,
                "Recall": 0.72,
                "F1": 0.72,
                "norm2": 0.0001744005185498461,
                "norminf": 0.0017407873902696325,
                "z": 0.014202111374466917
            },
            "U": {
                "Precision": 1.0,
                "Accuracy": 1.0,
                "Recall": 1.0,
                "F1": 1.0,
                "norm2": 0.0002162327535214185,
                "norminf": 0.001118174343363364,
                "z": 0.0011193186560998958
            },
            "I": {
                "Precision": 1.0,
                "Accuracy": 1.0,
                "Recall": 1.0,
                "F1": 1.0,
                "norm2": 0.00010418734471539346,
                "norminf": 0.0014012751701075522,
                "z": 0.010373103071820423
            }
        }
    },
    "090pos": {
        "08": {
            "P": {
                "Precision": 0.05,
                "Accuracy": 0.9728571428571429,
                "Recall": 0.05,
                "F1": 0.05,
                "norm2": 9.624591352097151e-05,
                "norminf": 0.00047183137274751317,
                "z": 0.006436584959934532
            },
            "Q": {
                "Precision": 0.0,
                "Accuracy": 0.9714285714285715,
                "Recall": 0.0,
                "F1": 0.0,
                "norm2": 4.5975715738050987e-05,
                "norminf": 0.0006495424789763993,
                "z": 0.004637623384561935
            },
            "U": {
                "Precision": 0.0,
                "Accuracy": 0.9714285714285715,
                "Recall": 0.0,
                "F1": 0.0,
                "norm2": 0.0005556389018820503,
                "norminf": 0.002217748914665678,
                "z": 0.002218535417151959
            },
            "I": {
                "Precision": 0.0,
                "Accuracy": 0.9714285714285715,
                "Recall": 0.0,
                "F1": 0.0,
                "norm2": 8.11758467643571e-05,
                "norminf": 0.0004366615778760585,
                "z": 0.0008939458267799457
            }
        },
        "10": {
            "P": {
                "Precision": 1.0,
                "Accuracy": 1.0,
                "Recall": 1.0,
                "F1": 1.0,
                "norm2": 8.040988147020412e-05,
                "norminf": 0.00036097992533049125,
                "z": 0.0035250796904042923
            },
            "Q": {
                "Precision": 0.0,
                "Accuracy": 0.9714285714285715,
                "Recall": 0.0,
                "F1": 0.0,
                "norm2": 0.00010614933893313337,
                "norminf": 0.0015301428691099407,
                "z": 0.01096753449322535
            },
            "U": {
                "Precision": 0.0,
                "Accuracy": 0.9714285714285715,
                "Recall": 0.0,
                "F1": 0.0,
                "norm2": 0.0005337074370633819,
                "norminf": 0.0023013613540467225,
                "z": 0.0023023489842992073
            },
            "I": {
                "Precision": 0.71,
                "Accuracy": 0.9917142857142861,
                "Recall": 0.71,
                "F1": 0.71,
                "norm2": 0.00014370288038724642,
                "norminf": 0.0006929716540144671,
                "z": 0.004427572205569534
            }
        },
        "13": {
            "P": {
                "Precision": 1.0,
                "Accuracy": 1.0,
                "Recall": 1.0,
                "F1": 1.0,
                "norm2": 9.469172784320042e-05,
                "norminf": 0.0005838373361440063,
                "z": 0.005442511242725307
            },
            "Q": {
                "Precision": 0.21,
                "Accuracy": 0.9774285714285714,
                "Recall": 0.21,
                "F1": 0.21,
                "norm2": 0.00017041741417759618,
                "norminf": 0.0025255865892557018,
                "z": 0.01947016238866059
            },
            "U": {
                "Precision": 1.0,
                "Accuracy": 1.0,
                "Recall": 1.0,
                "F1": 1.0,
                "norm2": 0.0002219518803990472,
                "norminf": 0.0010834417609906844,
                "z": 0.0010844352624187926
            },
            "I": {
                "Precision": 1.0,
                "Accuracy": 1.0,
                "Recall": 1.0,
                "F1": 1.0,
                "norm2": 0.00013071841493857817,
                "norminf": 0.0009368350292112693,
                "z": 0.009053122699574588
            }
        }
    }
}