{
    "090neg": {
        "08": {
            "P": {
                "Precision": 0.85,
                "Accuracy": 0.9948275862068968,
                "Recall": 0.85,
                "norm2": 0.0009137859494809836,
                "norminf": 0.0006859258520006006
            },
            "Q": {
                "Precision": 0.0,
                "Accuracy": 0.965517241379312,
                "Recall": 0.0,
                "norm2": 0.0005473026586695033,
                "norminf": 0.0002810196897503914
            },
            "U": {
                "Precision": 0.0,
                "Accuracy": 0.965517241379312,
                "Recall": 0.0,
                "norm2": 0.008214336642225508,
                "norminf": 0.0022181983707010022
            },
            "I": {
                "Precision": 0.0,
                "Accuracy": 0.9631034482758636,
                "Recall": 0.0,
                "norm2": 0.0011028556615887346,
                "norminf": 0.0008488492011470872
            }
        },
        "10": {
            "P": {
                "Precision": 1.0,
                "Accuracy": 1.0,
                "Recall": 1.0,
                "norm2": 0.0013195438486385577,
                "norminf": 0.0011384474378839603
            },
            "Q": {
                "Precision": 0.0,
                "Accuracy": 0.965517241379312,
                "Recall": 0.0,
                "norm2": 0.00195411795759999,
                "norminf": 0.001032779130089192
            },
            "U": {
                "Precision": 0.0,
                "Accuracy": 0.965517241379312,
                "Recall": 0.0,
                "norm2": 0.007862049183013656,
                "norminf": 0.002338483198618658
            },
            "I": {
                "Precision": 0.0,
                "Accuracy": 0.8768965517241364,
                "Recall": 0.0,
                "norm2": 0.0022485069214760378,
                "norminf": 0.0021188190292456854
            }
        },
        "13": {
            "P": {
                "Precision": 1.0,
                "Accuracy": 1.0,
                "Recall": 1.0,
                "norm2": 0.0017057454416764407,
                "norminf": 0.0016373784811111736
            },
            "Q": {
                "Precision": 0.0,
                "Accuracy": 0.965517241379312,
                "Recall": 0.0,
                "norm2": 0.002837422151488048,
                "norminf": 0.0017720837680484302
            },
            "U": {
                "Precision": 0.0,
                "Accuracy": 0.965517241379312,
                "Recall": 0.0,
                "norm2": 0.007783619425875651,
                "norminf": 0.0027245788784506864
            },
            "I": {
                "Precision": 0.0,
                "Accuracy": 0.8965517241379318,
                "Recall": 0.0,
                "norm2": 0.0018665920008463196,
                "norminf": 0.0016711186149469216
            }
        }
    },
    "090pos": {
        "08": {
            "P": {
                "Precision": 0.28,
                "Accuracy": 0.9751724137931046,
                "Recall": 0.28,
                "norm2": 0.0012443732186993954,
                "norminf": 0.00037056718027153493
            },
            "Q": {
                "Precision": 0.0,
                "Accuracy": 0.965517241379312,
                "Recall": 0.0,
                "norm2": 0.0006756884122223867,
                "norminf": 0.000614226415201069
            },
            "U": {
                "Precision": 0.0,
                "Accuracy": 0.965517241379312,
                "Recall": 0.0,
                "norm2": 0.008428073837013925,
                "norminf": 0.0022534278626764183
            },
            "I": {
                "Precision": 0.0,
                "Accuracy": 0.965517241379312,
                "Recall": 0.0,
                "norm2": 0.00131597287135896,
                "norminf": 0.0004931169890952925
            }
        },
        "10": {
            "P": {
                "Precision": 1.0,
                "Accuracy": 1.0,
                "Recall": 1.0,
                "norm2": 0.0013102443839385178,
                "norminf": 0.00038771009404566127
            },
            "Q": {
                "Precision": 0.0,
                "Accuracy": 0.965517241379312,
                "Recall": 0.0,
                "norm2": 0.0015379937995612244,
                "norminf": 0.0014681829030737759
            },
            "U": {
                "Precision": 0.0,
                "Accuracy": 0.965517241379312,
                "Recall": 0.0,
                "norm2": 0.007935325599427463,
                "norminf": 0.0022854435233590985
            },
            "I": {
                "Precision": 0.0,
                "Accuracy": 0.9131034482758618,
                "Recall": 0.0,
                "norm2": 0.0020842136710605,
                "norminf": 0.0007977246950218197
            }
        },
        "13": {
            "P": {
                "Precision": 1.0,
                "Accuracy": 1.0,
                "Recall": 1.0,
                "norm2": 0.0015363984248454301,
                "norminf": 0.0005673692818023901
            },
            "Q": {
                "Precision": 0.55,
                "Accuracy": 0.9844827586206902,
                "Recall": 0.55,
                "norm2": 0.002406422086680802,
                "norminf": 0.0023848758701580475
            },
            "U": {
                "Precision": 1.0,
                "Accuracy": 1.0,
                "Recall": 1.0,
                "norm2": 0.0034043816469637007,
                "norminf": 0.0011157983936158765
            },
            "I": {
                "Precision": 0.0,
                "Accuracy": 0.9210344827586202,
                "Recall": 0.0,
                "norm2": 0.002591357453564789,
                "norminf": 0.0012623783532512767
            }
        }
    }
}