{
    "090neg": {
        "08": {
            "P": {
                "Precision": 0.0,
                "Accuracy": 0.9714285714285715,
                "Recall": 0.0,
                "F1": 0.0,
                "norm2": 2.0683082713313766e-05,
                "norminf": 0.0002335508817237808,
                "z": 0.0007328683446841378
            },
            "Q": {
                "Precision": 0.0,
                "Accuracy": 0.9714285714285715,
                "Recall": 0.0,
                "F1": 0.0,
                "norm2": 5.191947810043833e-06,
                "norminf": 4.1205386372309414e-05,
                "z": 0.0004063674056251691
            },
            "U": {
                "Precision": 0.0,
                "Accuracy": 0.9714285714285715,
                "Recall": 0.0,
                "F1": 0.0,
                "norm2": 7.5803210222617e-05,
                "norminf": 0.00030536832093363886,
                "z": 0.0003029649745493113
            },
            "I": {
                "Precision": 0.0,
                "Accuracy": 0.9714285714285715,
                "Recall": 0.0,
                "F1": 0.0,
                "norm2": 1.0958972158305362e-05,
                "norminf": 0.00011737844735133173,
                "z": 9.060825817738023e-05
            }
        },
        "10": {
            "P": {
                "Precision": 0.0,
                "Accuracy": 0.9714285714285715,
                "Recall": 0.0,
                "F1": 0.0,
                "norm2": 5.8064148845179575e-05,
                "norminf": 0.000730682931019715,
                "z": 0.0025732165639320626
            },
            "Q": {
                "Precision": 0.0,
                "Accuracy": 0.9714285714285715,
                "Recall": 0.0,
                "F1": 0.0,
                "norm2": 1.6233985562283987e-05,
                "norminf": 0.0001339719919164728,
                "z": 0.001220822929754835
            },
            "U": {
                "Precision": 0.0,
                "Accuracy": 0.9714285714285715,
                "Recall": 0.0,
                "F1": 0.0,
                "norm2": 7.376473531863514e-05,
                "norminf": 0.00032655268315273547,
                "z": 0.00032540476670965155
            },
            "I": {
                "Precision": 0.0,
                "Accuracy": 0.9714285714285715,
                "Recall": 0.0,
                "F1": 0.0,
                "norm2": 2.7751821290835656e-05,
                "norminf": 0.00033104855105137274,
                "z": 0.0009932978188192615
            }
        },
        "13": {
            "P": {
                "Precision": 0.31,
                "Accuracy": 0.9802857142857142,
                "Recall": 0.31,
                "F1": 0.31,
                "norm2": 6.77353941482679e-05,
                "norminf": 0.0009579046053577011,
                "z": 0.003827120054125766
            },
            "Q": {
                "Precision": 0.0,
                "Accuracy": 0.9714285714285715,
                "Recall": 0.0,
                "F1": 0.0,
                "norm2": 2.4651425229228546e-05,
                "norminf": 0.0002390769894790701,
                "z": 0.0019863109750667116
            },
            "U": {
                "Precision": 0.0,
                "Accuracy": 0.9714285714285715,
                "Recall": 0.0,
                "F1": 0.0,
                "norm2": 7.316382008158215e-05,
                "norminf": 0.0003791368468621903,
                "z": 0.0003781757158135968
            },
            "I": {
                "Precision": 0.0,
                "Accuracy": 0.9714285714285715,
                "Recall": 0.0,
                "F1": 0.0,
                "norm2": 4.1276822096024904e-05,
                "norminf": 0.0005677766449273636,
                "z": 0.0031256697379636544
            }
        }
    },
    "090pos": {
        "08": {
            "P": {
                "Precision": 0.0,
                "Accuracy": 0.9714285714285715,
                "Recall": 0.0,
                "F1": 0.0,
                "norm2": 1.5083560386408282e-05,
                "norminf": 6.823669557686873e-05,
                "z": 0.0008033482766116165
            },
            "Q": {
                "Precision": 0.0,
                "Accuracy": 0.9714285714285715,
                "Recall": 0.0,
                "F1": 0.0,
                "norm2": 6.404757238608652e-06,
                "norminf": 8.753535364324882e-05,
                "z": 0.000588442385186377
            },
            "U": {
                "Precision": 0.0,
                "Accuracy": 0.9714285714285715,
                "Recall": 0.0,
                "F1": 0.0,
                "norm2": 7.300314873973175e-05,
                "norminf": 0.00029135677138865336,
                "z": 0.0002901742928804496
            },
            "I": {
                "Precision": 0.0,
                "Accuracy": 0.9714285714285715,
                "Recall": 0.0,
                "F1": 0.0,
                "norm2": 1.1694412898315756e-05,
                "norminf": 6.267446994433933e-05,
                "z": 0.00012710523168852218
            }
        },
        "10": {
            "P": {
                "Precision": 0.0,
                "Accuracy": 0.9714285714285715,
                "Recall": 0.0,
                "F1": 0.0,
                "norm2": 5.3081649826714325e-05,
                "norminf": 0.00023886516297498604,
                "z": 0.002118760553135495
            },
            "Q": {
                "Precision": 0.0,
                "Accuracy": 0.9714285714285715,
                "Recall": 0.0,
                "F1": 0.0,
                "norm2": 1.4778206829247905e-05,
                "norminf": 0.00020962308839940656,
                "z": 0.0014582995516307473
            },
            "U": {
                "Precision": 0.0,
                "Accuracy": 0.9714285714285715,
                "Recall": 0.0,
                "F1": 0.0,
                "norm2": 7.754453083580855e-05,
                "norminf": 0.00033433454097488326,
                "z": 0.00033309822204388826
            },
            "I": {
                "Precision": 0.0,
                "Accuracy": 0.9714285714285715,
                "Recall": 0.0,
                "F1": 0.0,
                "norm2": 3.5236532583232343e-05,
                "norminf": 0.00016939783886267933,
                "z": 0.0008939035538438077
            }
        },
        "13": {
            "P": {
                "Precision": 0.33,
                "Accuracy": 0.9808571428571432,
                "Recall": 0.33,
                "F1": 0.33,
                "norm2": 6.154537055310462e-05,
                "norminf": 0.00034146824438586077,
                "z": 0.003298821651138599
            },
            "Q": {
                "Precision": 0.0,
                "Accuracy": 0.9714285714285715,
                "Recall": 0.0,
                "F1": 0.0,
                "norm2": 2.2959275225172146e-05,
                "norminf": 0.0003389375268135608,
                "z": 0.0025735033955136886
            },
            "U": {
                "Precision": 0.0,
                "Accuracy": 0.9714285714285715,
                "Recall": 0.0,
                "F1": 0.0,
                "norm2": 7.576011360900531e-05,
                "norminf": 0.00036943007822512583,
                "z": 0.00036820284458672915
            },
            "I": {
                "Precision": 0.0,
                "Accuracy": 0.9714285714285715,
                "Recall": 0.0,
                "F1": 0.0,
                "norm2": 4.613581024900421e-05,
                "norminf": 0.00032114494907359515,
                "z": 0.002518533633071447
            }
        }
    }
}