{
    "090neg": {
        "08": {
            "P": {
                "Precision": 0.0,
                "Accuracy": 0.969696969696969,
                "Recall": 0.0,
                "norm2": 0.00029091530984763257,
                "norminf": 0.00024131046587487105
            },
            "Q": {
                "Precision": 0.0,
                "Accuracy": 0.969696969696969,
                "Recall": 0.0,
                "norm2": 8.571094183653125e-05,
                "norminf": 4.049407108796976e-05
            },
            "U": {
                "Precision": 0.0,
                "Accuracy": 0.969696969696969,
                "Recall": 0.0,
                "norm2": 0.00114139441026792,
                "norminf": 0.0003062099892102732
            },
            "I": {
                "Precision": 0.0,
                "Accuracy": 0.969696969696969,
                "Recall": 0.0,
                "norm2": 0.00018238376579537792,
                "norminf": 0.00012881076241349487
            }
        },
        "10": {
            "P": {
                "Precision": 0.0,
                "Accuracy": 0.969696969696969,
                "Recall": 0.0,
                "norm2": 0.0007592472801708509,
                "norminf": 0.000683042815703222
            },
            "Q": {
                "Precision": 0.0,
                "Accuracy": 0.969696969696969,
                "Recall": 0.0,
                "norm2": 0.000282139459988908,
                "norminf": 0.0001371421402899653
            },
            "U": {
                "Precision": 0.0,
                "Accuracy": 0.969696969696969,
                "Recall": 0.0,
                "norm2": 0.0011430059590476068,
                "norminf": 0.00033710403809806053
            },
            "I": {
                "Precision": 0.0,
                "Accuracy": 0.969696969696969,
                "Recall": 0.0,
                "norm2": 0.0005337783103821705,
                "norminf": 0.00042457392945089876
            }
        },
        "13": {
            "P": {
                "Precision": 0.34,
                "Accuracy": 0.9799999999999994,
                "Recall": 0.34,
                "norm2": 0.0010415387883174483,
                "norminf": 0.0010131211355237436
            },
            "Q": {
                "Precision": 0.0,
                "Accuracy": 0.969696969696969,
                "Recall": 0.0,
                "norm2": 0.00039705123135539295,
                "norminf": 0.00023718580974637637
            },
            "U": {
                "Precision": 0.0,
                "Accuracy": 0.969696969696969,
                "Recall": 0.0,
                "norm2": 0.0011150712562837655,
                "norminf": 0.0003854840653503
            },
            "I": {
                "Precision": 0.0,
                "Accuracy": 0.969696969696969,
                "Recall": 0.0,
                "norm2": 0.0006457410633578861,
                "norminf": 0.0005967218349217062
            }
        }
    },
    "090pos": {
        "08": {
            "P": {
                "Precision": 0.0,
                "Accuracy": 0.969696969696969,
                "Recall": 0.0,
                "norm2": 0.00019960360475691205,
                "norminf": 6.700587892554787e-05
            },
            "Q": {
                "Precision": 0.0,
                "Accuracy": 0.969696969696969,
                "Recall": 0.0,
                "norm2": 0.00011247427975976793,
                "norminf": 9.942767862108903e-05
            },
            "U": {
                "Precision": 0.0,
                "Accuracy": 0.969696969696969,
                "Recall": 0.0,
                "norm2": 0.001211330866672801,
                "norminf": 0.0003240769930057108
            },
            "I": {
                "Precision": 0.0,
                "Accuracy": 0.969696969696969,
                "Recall": 0.0,
                "norm2": 0.00018787221774729018,
                "norminf": 6.220339480627723e-05
            }
        },
        "10": {
            "P": {
                "Precision": 0.0,
                "Accuracy": 0.969696969696969,
                "Recall": 0.0,
                "norm2": 0.0006479934828300541,
                "norminf": 0.00020349268234938654
            },
            "Q": {
                "Precision": 0.0,
                "Accuracy": 0.969696969696969,
                "Recall": 0.0,
                "norm2": 0.00024138375768465294,
                "norminf": 0.0002218358473116422
            },
            "U": {
                "Precision": 0.0,
                "Accuracy": 0.969696969696969,
                "Recall": 0.0,
                "norm2": 0.0011386363721867128,
                "norminf": 0.0003283924714254094
            },
            "I": {
                "Precision": 0.0,
                "Accuracy": 0.969696969696969,
                "Recall": 0.0,
                "norm2": 0.0007771923224859655,
                "norminf": 0.0002287514550593972
            }
        },
        "13": {
            "P": {
                "Precision": 0.36,
                "Accuracy": 0.98060606060606,
                "Recall": 0.36,
                "norm2": 0.0007859835420022639,
                "norminf": 0.00037126662130639867
            },
            "Q": {
                "Precision": 0.0,
                "Accuracy": 0.969696969696969,
                "Recall": 0.0,
                "norm2": 0.00040645668643229986,
                "norminf": 0.00039675703387758164
            },
            "U": {
                "Precision": 0.0,
                "Accuracy": 0.969696969696969,
                "Recall": 0.0,
                "norm2": 0.0011759018962363174,
                "norminf": 0.0003859188177917239
            },
            "I": {
                "Precision": 0.0,
                "Accuracy": 0.969696969696969,
                "Recall": 0.0,
                "norm2": 0.0008755246899547832,
                "norminf": 0.00035671776398244815
            }
        }
    }
}