{
    "090neg": {
        "08": {
            "P": {
                "Precision": 0.0,
                "Accuracy": 0.9646875,
                "Recall": 0.0,
                "F1": 0.0,
                "norm2": 8.829864836868666e-05,
                "norminf": 0.00120748514645172,
                "z": 0.004386604024767444
            },
            "Q": {
                "Precision": 0.0,
                "Accuracy": 0.96875,
                "Recall": 0.0,
                "F1": 0.0,
                "norm2": 3.130362768536998e-05,
                "norminf": 0.00020019736233293007,
                "z": 0.0018965377762114708
            },
            "U": {
                "Precision": 0.0,
                "Accuracy": 0.96875,
                "Recall": 0.0,
                "F1": 0.0,
                "norm2": 0.00044305018578974807,
                "norminf": 0.0017751190459812582,
                "z": 0.0017885354591576441
            },
            "I": {
                "Precision": 0.002,
                "Accuracy": 0.9678125,
                "Recall": 0.01,
                "F1": 0.0033333333333333335,
                "norm2": 7.079254482468975e-05,
                "norminf": 0.0006713879737587025,
                "z": 0.0004704497782103466
            }
        },
        "10": {
            "P": {
                "Precision": 0.25,
                "Accuracy": 0.953125,
                "Recall": 0.25,
                "F1": 0.25,
                "norm2": 0.00027493458347254535,
                "norminf": 0.0037775270396085024,
                "z": 0.015764629614291724
            },
            "Q": {
                "Precision": 0.0,
                "Accuracy": 0.96875,
                "Recall": 0.0,
                "F1": 0.0,
                "norm2": 0.00010967044092955567,
                "norminf": 0.0007354045512358597,
                "z": 0.0068986706350988355
            },
            "U": {
                "Precision": 0.0,
                "Accuracy": 0.96875,
                "Recall": 0.0,
                "F1": 0.0,
                "norm2": 0.00041394150873594077,
                "norminf": 0.00179406975945265,
                "z": 0.0017976311109501708
            },
            "I": {
                "Precision": 0.055,
                "Accuracy": 0.953125,
                "Recall": 0.22,
                "F1": 0.08800000000000002,
                "norm2": 0.00017542072942790132,
                "norminf": 0.0020654449574950295,
                "z": 0.0056921905338235945
            }
        },
        "13": {
            "P": {
                "Precision": 1.0,
                "Accuracy": 1.0,
                "Recall": 1.0,
                "F1": 1.0,
                "norm2": 0.00010723406721012548,
                "norminf": 0.0015758009974384168,
                "z": 0.00665900783471169
            },
            "Q": {
                "Precision": 0.0,
                "Accuracy": 0.96875,
                "Recall": 0.0,
                "F1": 0.0,
                "norm2": 0.0001532870082697755,
                "norminf": 0.0012695833394087551,
                "z": 0.01128181542562915
            },
            "U": {
                "Precision": 1.0,
                "Accuracy": 1.0,
                "Recall": 1.0,
                "F1": 1.0,
                "norm2": 0.00025170659098472343,
                "norminf": 0.0012586503753926337,
                "z": 0.0012457110906314783
            },
            "I": {
                "Precision": 0.01,
                "Accuracy": 0.926875,
                "Recall": 0.02,
                "F1": 0.013333333333333332,
                "norm2": 0.0001779857855509414,
                "norminf": 0.0025573721554091864,
                "z": 0.01558289470749068
            }
        }
    },
    "090pos": {
        "08": {
            "P": {
                "Precision": 0.0,
                "Accuracy": 0.96875,
                "Recall": 0.0,
                "F1": 0.0,
                "norm2": 6.451657049590445e-05,
                "norminf": 0.0003483538890738158,
                "z": 0.004396595498841744
            },
            "Q": {
                "Precision": 0.0,
                "Accuracy": 0.96875,
                "Recall": 0.0,
                "F1": 0.0,
                "norm2": 3.6848724305970294e-05,
                "norminf": 0.0004906630958815561,
                "z": 0.00320696437404747
            },
            "U": {
                "Precision": 0.0,
                "Accuracy": 0.96875,
                "Recall": 0.0,
                "F1": 0.0,
                "norm2": 0.0004583561438137939,
                "norminf": 0.0018289939579589397,
                "z": 0.0018362130253688491
            },
            "I": {
                "Precision": 0.0,
                "Accuracy": 0.96875,
                "Recall": 0.0,
                "F1": 0.0,
                "norm2": 7.756700192064188e-05,
                "norminf": 0.00034075880583588124,
                "z": 0.0006929888630956814
            }
        },
        "10": {
            "P": {
                "Precision": 0.9,
                "Accuracy": 0.996875,
                "Recall": 0.9,
                "F1": 0.9,
                "norm2": 8.488321963820586e-05,
                "norminf": 0.00041062518941918256,
                "z": 0.00418950330589641
            },
            "Q": {
                "Precision": 0.0,
                "Accuracy": 0.96875,
                "Recall": 0.0,
                "F1": 0.0,
                "norm2": 8.703642915674832e-05,
                "norminf": 0.0011993031862792903,
                "z": 0.008133153102390645
            },
            "U": {
                "Precision": 0.0,
                "Accuracy": 0.96875,
                "Recall": 0.0,
                "F1": 0.0,
                "norm2": 0.00042538463619219073,
                "norminf": 0.0018251994638596102,
                "z": 0.0018242853626955502
            },
            "I": {
                "Precision": 0.12,
                "Accuracy": 0.9709375,
                "Recall": 0.16,
                "F1": 0.13333333333333333,
                "norm2": 0.0002395781973572712,
                "norminf": 0.00108481177954733,
                "z": 0.004937803979802392
            }
        },
        "13": {
            "P": {
                "Precision": 1.0,
                "Accuracy": 1.0,
                "Recall": 1.0,
                "F1": 1.0,
                "norm2": 0.00010125286156757587,
                "norminf": 0.0009085010136164362,
                "z": 0.006518816763333062
            },
            "Q": {
                "Precision": 0.0,
                "Accuracy": 0.96875,
                "Recall": 0.0,
                "F1": 0.0,
                "norm2": 0.00013046191365589742,
                "norminf": 0.0019148809231386865,
                "z": 0.014088468413395566
            },
            "U": {
                "Precision": 1.0,
                "Accuracy": 1.0,
                "Recall": 1.0,
                "F1": 1.0,
                "norm2": 0.0002581024900330429,
                "norminf": 0.0012411000368930235,
                "z": 0.0012625678555885655
            },
            "I": {
                "Precision": 0.405,
                "Accuracy": 0.96,
                "Recall": 0.55,
                "F1": 0.4533333333333332,
                "norm2": 0.00025036490160884156,
                "norminf": 0.0016899402240366256,
                "z": 0.013370295483800978
            }
        }
    }
}