{
    "090neg": {
        "08": {
            "P": {
                "Precision": 0.0,
                "Accuracy": 0.9714285714285715,
                "Recall": 0.0,
                "norm2": 0.0009352083668234986,
                "norminf": 0.000678642591964389
            },
            "Q": {
                "Precision": 0.0,
                "Accuracy": 0.9714285714285715,
                "Recall": 0.0,
                "norm2": 0.00022873429752172508,
                "norminf": 0.00011805622669319615
            },
            "U": {
                "Precision": 0.0,
                "Accuracy": 0.9714285714285715,
                "Recall": 0.0,
                "norm2": 0.003393337366390774,
                "norminf": 0.0009114059240230154
            },
            "I": {
                "Precision": 0.0,
                "Accuracy": 0.9714285714285715,
                "Recall": 0.0,
                "norm2": 0.0005186025622492126,
                "norminf": 0.0003707158237990837
            }
        },
        "10": {
            "P": {
                "Precision": 0.03,
                "Accuracy": 0.9722857142857144,
                "Recall": 0.03,
                "norm2": 0.0024045065484749107,
                "norminf": 0.001968266531324048
            },
            "Q": {
                "Precision": 0.0,
                "Accuracy": 0.9714285714285715,
                "Recall": 0.0,
                "norm2": 0.0007739571296036217,
                "norminf": 0.0004206830107151527
            },
            "U": {
                "Precision": 0.0,
                "Accuracy": 0.9714285714285715,
                "Recall": 0.0,
                "norm2": 0.0033518231379034086,
                "norminf": 0.0009905302071590483
            },
            "I": {
                "Precision": 0.0,
                "Accuracy": 0.9714285714285715,
                "Recall": 0.0,
                "norm2": 0.0013626073727178425,
                "norminf": 0.001091472503530493
            }
        },
        "13": {
            "P": {
                "Precision": 1.0,
                "Accuracy": 1.0,
                "Recall": 1.0,
                "norm2": 0.0015817080410265839,
                "norminf": 0.0014884592977168886
            },
            "Q": {
                "Precision": 0.0,
                "Accuracy": 0.9714285714285715,
                "Recall": 0.0,
                "norm2": 0.0011164887245529297,
                "norminf": 0.0007179699495400927
            },
            "U": {
                "Precision": 0.0,
                "Accuracy": 0.9714285714285715,
                "Recall": 0.0,
                "norm2": 0.0032678063551609517,
                "norminf": 0.0011291068313053643
            },
            "I": {
                "Precision": 0.13666666666666666,
                "Accuracy": 0.9662857142857137,
                "Recall": 0.28,
                "norm2": 0.0017090809334444547,
                "norminf": 0.001577432181320373
            }
        }
    },
    "090pos": {
        "08": {
            "P": {
                "Precision": 0.0,
                "Accuracy": 0.9714285714285715,
                "Recall": 0.0,
                "norm2": 0.0007324771399998502,
                "norminf": 0.0002204480873182124
            },
            "Q": {
                "Precision": 0.0,
                "Accuracy": 0.9714285714285715,
                "Recall": 0.0,
                "norm2": 0.00028203949409050114,
                "norminf": 0.000256026451697442
            },
            "U": {
                "Precision": 0.0,
                "Accuracy": 0.9714285714285715,
                "Recall": 0.0,
                "norm2": 0.003591616327233425,
                "norminf": 0.0009586693576400141
            },
            "I": {
                "Precision": 0.0,
                "Accuracy": 0.9714285714285715,
                "Recall": 0.0,
                "norm2": 0.0005512493418092275,
                "norminf": 0.00019620843282817547
            }
        },
        "10": {
            "P": {
                "Precision": 0.03,
                "Accuracy": 0.9722857142857144,
                "Recall": 0.03,
                "norm2": 0.002455175661917943,
                "norminf": 0.0007362688798152561
            },
            "Q": {
                "Precision": 0.0,
                "Accuracy": 0.9714285714285715,
                "Recall": 0.0,
                "norm2": 0.000675575007550131,
                "norminf": 0.0006363447495086683
            },
            "U": {
                "Precision": 0.0,
                "Accuracy": 0.9714285714285715,
                "Recall": 0.0,
                "norm2": 0.003331970575996943,
                "norminf": 0.0009549179723440492
            },
            "I": {
                "Precision": 0.195,
                "Accuracy": 0.9714285714285715,
                "Recall": 0.38,
                "norm2": 0.001618151227560557,
                "norminf": 0.0005344600150894507
            }
        },
        "13": {
            "P": {
                "Precision": 1.0,
                "Accuracy": 1.0,
                "Recall": 1.0,
                "norm2": 0.0013736339725870673,
                "norminf": 0.0005034233738307137
            },
            "Q": {
                "Precision": 0.0,
                "Accuracy": 0.9714285714285715,
                "Recall": 0.0,
                "norm2": 0.0010531802216921175,
                "norminf": 0.0010353675499617965
            },
            "U": {
                "Precision": 0.54,
                "Accuracy": 0.9868571428571429,
                "Recall": 0.54,
                "norm2": 0.0030750629969795327,
                "norminf": 0.0009979140902745742
            },
            "I": {
                "Precision": 0.275,
                "Accuracy": 0.9674285714285712,
                "Recall": 0.49,
                "norm2": 0.002028869772240233,
                "norminf": 0.0009493866548099428
            }
        }
    }
}