{
    "090neg": {
        "08": {
            "P": {
                "Precision": 0.0,
                "Accuracy": 0.9684848484848477,
                "Recall": 0.0,
                "norm2": 0.0007711815413897352,
                "norminf": 0.000705813410141537
            },
            "Q": {
                "Precision": 0.0,
                "Accuracy": 0.969696969696969,
                "Recall": 0.0,
                "norm2": 0.0002620190054756177,
                "norminf": 0.0001277463891868047
            },
            "U": {
                "Precision": 0.0,
                "Accuracy": 0.969696969696969,
                "Recall": 0.0,
                "norm2": 0.0035349593255678503,
                "norminf": 0.000948250966530697
            },
            "I": {
                "Precision": 0.0,
                "Accuracy": 0.969696969696969,
                "Recall": 0.0,
                "norm2": 0.000572795133374567,
                "norminf": 0.0003895161353606658
            }
        },
        "10": {
            "P": {
                "Precision": 0.0,
                "Accuracy": 0.9548484848484838,
                "Recall": 0.0,
                "norm2": 0.002475114936629397,
                "norminf": 0.002324120243895408
            },
            "Q": {
                "Precision": 0.0,
                "Accuracy": 0.969696969696969,
                "Recall": 0.0,
                "norm2": 0.0009226554645193991,
                "norminf": 0.00046814362202270534
            },
            "U": {
                "Precision": 0.0,
                "Accuracy": 0.969696969696969,
                "Recall": 0.0,
                "norm2": 0.0033781568909715194,
                "norminf": 0.0009935616860664376
            },
            "I": {
                "Precision": 0.0,
                "Accuracy": 0.969696969696969,
                "Recall": 0.0,
                "norm2": 0.0015525911482310805,
                "norminf": 0.0012071170043387658
            }
        },
        "13": {
            "P": {
                "Precision": 1.0,
                "Accuracy": 1.0,
                "Recall": 1.0,
                "norm2": 0.0016183376579526508,
                "norminf": 0.001592181182256227
            },
            "Q": {
                "Precision": 0.0,
                "Accuracy": 0.969696969696969,
                "Recall": 0.0,
                "norm2": 0.0012813750054354199,
                "norminf": 0.0007809951899950118
            },
            "U": {
                "Precision": 0.62,
                "Accuracy": 0.9884848484848482,
                "Recall": 0.62,
                "norm2": 0.003045508061380562,
                "norminf": 0.001050823911417398
            },
            "I": {
                "Precision": 0.0,
                "Accuracy": 0.9436363636363625,
                "Recall": 0.0,
                "norm2": 0.0018736340421887602,
                "norminf": 0.0017346614631534962
            }
        }
    },
    "090pos": {
        "08": {
            "P": {
                "Precision": 0.0,
                "Accuracy": 0.969696969696969,
                "Recall": 0.0,
                "norm2": 0.0005791842528423606,
                "norminf": 0.00023262778004092598
            },
            "Q": {
                "Precision": 0.0,
                "Accuracy": 0.969696969696969,
                "Recall": 0.0,
                "norm2": 0.0003254302985045959,
                "norminf": 0.0002881667289365808
            },
            "U": {
                "Precision": 0.0,
                "Accuracy": 0.969696969696969,
                "Recall": 0.0,
                "norm2": 0.003716892352360398,
                "norminf": 0.000993667460313512
            },
            "I": {
                "Precision": 0.0,
                "Accuracy": 0.969696969696969,
                "Recall": 0.0,
                "norm2": 0.0006472482411787423,
                "norminf": 0.00021217745089390893
            }
        },
        "10": {
            "P": {
                "Precision": 0.14,
                "Accuracy": 0.9739393939393932,
                "Recall": 0.14,
                "norm2": 0.0017814393480222652,
                "norminf": 0.000707315597589262
            },
            "Q": {
                "Precision": 0.0,
                "Accuracy": 0.969696969696969,
                "Recall": 0.0,
                "norm2": 0.0007384698114987201,
                "norminf": 0.000685480162095966
            },
            "U": {
                "Precision": 0.0,
                "Accuracy": 0.969696969696969,
                "Recall": 0.0,
                "norm2": 0.0034801829315043555,
                "norminf": 0.001005907907654864
            },
            "I": {
                "Precision": 0.0,
                "Accuracy": 0.969696969696969,
                "Recall": 0.0,
                "norm2": 0.002037996032025275,
                "norminf": 0.0006015052759117689
            }
        },
        "13": {
            "P": {
                "Precision": 0.99,
                "Accuracy": 0.9993939393939394,
                "Recall": 1.0,
                "norm2": 0.0013953259442496201,
                "norminf": 0.0008891915606005707
            },
            "Q": {
                "Precision": 0.0,
                "Accuracy": 0.969696969696969,
                "Recall": 0.0,
                "norm2": 0.0011775166061383103,
                "norminf": 0.0011554502973942205
            },
            "U": {
                "Precision": 0.56,
                "Accuracy": 0.9866666666666662,
                "Recall": 0.56,
                "norm2": 0.0030882886969894312,
                "norminf": 0.001018503696288877
            },
            "I": {
                "Precision": 0.065,
                "Accuracy": 0.947272727272726,
                "Recall": 0.13,
                "norm2": 0.0024760673576674063,
                "norminf": 0.0010739400972882773
            }
        }
    }
}