{
    "090neg": {
        "08": {
            "P": {
                "Precision": 0.0,
                "Accuracy": 0.9714285714285715,
                "Recall": 0.0,
                "norm2": 0.00030537934130267134,
                "norminf": 0.00024578949730490575
            },
            "Q": {
                "Precision": 0.0,
                "Accuracy": 0.9714285714285715,
                "Recall": 0.0,
                "norm2": 7.758779014386805e-05,
                "norminf": 4.1779832660001625e-05
            },
            "U": {
                "Precision": 0.0,
                "Accuracy": 0.9714285714285715,
                "Recall": 0.0,
                "norm2": 0.0010602046342018054,
                "norminf": 0.0002851650265091521
            },
            "I": {
                "Precision": 0.0,
                "Accuracy": 0.9714285714285715,
                "Recall": 0.0,
                "norm2": 0.00015946672076803936,
                "norminf": 0.00010981342876220879
            }
        },
        "10": {
            "P": {
                "Precision": 0.0,
                "Accuracy": 0.9714285714285715,
                "Recall": 0.0,
                "norm2": 0.0007963203308892336,
                "norminf": 0.0006936081859102006
            },
            "Q": {
                "Precision": 0.0,
                "Accuracy": 0.9714285714285715,
                "Recall": 0.0,
                "norm2": 0.00027854059134373475,
                "norminf": 0.00015518851784286026
            },
            "U": {
                "Precision": 0.0,
                "Accuracy": 0.9714285714285715,
                "Recall": 0.0,
                "norm2": 0.0011341153938962305,
                "norminf": 0.00033432329866621814
            },
            "I": {
                "Precision": 0.0,
                "Accuracy": 0.9714285714285715,
                "Recall": 0.0,
                "norm2": 0.00037549330456311335,
                "norminf": 0.0002956582924888462
            }
        },
        "13": {
            "P": {
                "Precision": 0.22,
                "Accuracy": 0.9777142857142859,
                "Recall": 0.22,
                "norm2": 0.0010076937266331023,
                "norminf": 0.0009651943214053881
            },
            "Q": {
                "Precision": 0.0,
                "Accuracy": 0.9714285714285715,
                "Recall": 0.0,
                "norm2": 0.0004323174240808776,
                "norminf": 0.0002823352757801811
            },
            "U": {
                "Precision": 0.0,
                "Accuracy": 0.9714285714285715,
                "Recall": 0.0,
                "norm2": 0.0010509978955926269,
                "norminf": 0.0003627784504707543
            },
            "I": {
                "Precision": 0.0,
                "Accuracy": 0.9714285714285715,
                "Recall": 0.0,
                "norm2": 0.0005756970675125522,
                "norminf": 0.0005248597233464536
            }
        }
    },
    "090pos": {
        "08": {
            "P": {
                "Precision": 0.0,
                "Accuracy": 0.9714285714285715,
                "Recall": 0.0,
                "norm2": 0.00021943571734550575,
                "norminf": 6.596588972546558e-05
            },
            "Q": {
                "Precision": 0.0,
                "Accuracy": 0.9714285714285715,
                "Recall": 0.0,
                "norm2": 9.823259677114638e-05,
                "norminf": 9.070038663501867e-05
            },
            "U": {
                "Precision": 0.0,
                "Accuracy": 0.9714285714285715,
                "Recall": 0.0,
                "norm2": 0.0013224589097565952,
                "norminf": 0.0003527195542103545
            },
            "I": {
                "Precision": 0.0,
                "Accuracy": 0.9714285714285715,
                "Recall": 0.0,
                "norm2": 0.00020021267178961543,
                "norminf": 7.178914850715757e-05
            }
        },
        "10": {
            "P": {
                "Precision": 0.0,
                "Accuracy": 0.9714285714285715,
                "Recall": 0.0,
                "norm2": 0.0008093152641498065,
                "norminf": 0.0002424326507134955
            },
            "Q": {
                "Precision": 0.0,
                "Accuracy": 0.9714285714285715,
                "Recall": 0.0,
                "norm2": 0.0002243478409376045,
                "norminf": 0.00021344552236615577
            },
            "U": {
                "Precision": 0.0,
                "Accuracy": 0.9714285714285715,
                "Recall": 0.0,
                "norm2": 0.0011312238458786796,
                "norminf": 0.0003247627195962943
            },
            "I": {
                "Precision": 0.0,
                "Accuracy": 0.9714285714285715,
                "Recall": 0.0,
                "norm2": 0.0005457914845096271,
                "norminf": 0.00017124201003905216
            }
        },
        "13": {
            "P": {
                "Precision": 0.27,
                "Accuracy": 0.9791428571428572,
                "Recall": 0.27,
                "norm2": 0.0009031851126248608,
                "norminf": 0.0003674846366724749
            },
            "Q": {
                "Precision": 0.0,
                "Accuracy": 0.9714285714285715,
                "Recall": 0.0,
                "norm2": 0.0003539287698222529,
                "norminf": 0.0003488697413070141
            },
            "U": {
                "Precision": 0.0,
                "Accuracy": 0.9714285714285715,
                "Recall": 0.0,
                "norm2": 0.001121279347721731,
                "norminf": 0.00036504638925800804
            },
            "I": {
                "Precision": 0.0,
                "Accuracy": 0.9714285714285715,
                "Recall": 0.0,
                "norm2": 0.0007923625483378823,
                "norminf": 0.0003637786834527268
            }
        }
    }
}