{
    "090neg": {
        "08": {
            "P": {
                "Precision": 0.0,
                "Accuracy": 0.9642857142857127,
                "Recall": 0.0,
                "F1": 0.0,
                "norm2": 2.14971398837167e-05,
                "norminf": 0.0002615055141276001,
                "z": 0.0008723276893872938
            },
            "Q": {
                "Precision": 0.0,
                "Accuracy": 0.9642857142857127,
                "Recall": 0.0,
                "F1": 0.0,
                "norm2": 6.5194275717688e-06,
                "norminf": 4.757112906742189e-05,
                "z": 0.0004644133767447451
            },
            "U": {
                "Precision": 0.0,
                "Accuracy": 0.9642857142857127,
                "Recall": 0.0,
                "F1": 0.0,
                "norm2": 8.92945619476208e-05,
                "norminf": 0.00035820364386261017,
                "z": 0.00035889511003359354
            },
            "I": {
                "Precision": 0.0,
                "Accuracy": 0.9642857142857127,
                "Recall": 0.0,
                "F1": 0.0,
                "norm2": 1.2269297313545525e-05,
                "norminf": 0.00012664236460104393,
                "z": 9.657702994618191e-05
            }
        },
        "10": {
            "P": {
                "Precision": 0.0,
                "Accuracy": 0.9642857142857127,
                "Recall": 0.0,
                "F1": 0.0,
                "norm2": 5.9240846480281304e-05,
                "norminf": 0.0007786198650136467,
                "z": 0.0029062501843319143
            },
            "Q": {
                "Precision": 0.0,
                "Accuracy": 0.9642857142857127,
                "Recall": 0.0,
                "F1": 0.0,
                "norm2": 2.003022391944096e-05,
                "norminf": 0.0001473597065452259,
                "z": 0.0014001749223879535
            },
            "U": {
                "Precision": 0.0,
                "Accuracy": 0.9642857142857127,
                "Recall": 0.0,
                "F1": 0.0,
                "norm2": 8.983444268514143e-05,
                "norminf": 0.00039348917304228516,
                "z": 0.0003934878599935665
            },
            "I": {
                "Precision": 0.0,
                "Accuracy": 0.9642857142857127,
                "Recall": 0.0,
                "F1": 0.0,
                "norm2": 3.1206791604892055e-05,
                "norminf": 0.00036671810610489964,
                "z": 0.0010907313833387667
            }
        },
        "13": {
            "P": {
                "Precision": 0.17,
                "Accuracy": 0.9703571428571414,
                "Recall": 0.17,
                "F1": 0.17,
                "norm2": 7.499757550789095e-05,
                "norminf": 0.001089758075648478,
                "z": 0.004562550726471735
            },
            "Q": {
                "Precision": 0.0,
                "Accuracy": 0.9642857142857127,
                "Recall": 0.0,
                "F1": 0.0,
                "norm2": 3.175511544872089e-05,
                "norminf": 0.0002778933426534369,
                "z": 0.0024123082188788215
            },
            "U": {
                "Precision": 0.0,
                "Accuracy": 0.9642857142857127,
                "Recall": 0.0,
                "F1": 0.0,
                "norm2": 8.231795367799559e-05,
                "norminf": 0.00041575000327505606,
                "z": 0.0004158012324527316
            },
            "I": {
                "Precision": 0.0,
                "Accuracy": 0.9642857142857127,
                "Recall": 0.0,
                "F1": 0.0,
                "norm2": 3.984963197452923e-05,
                "norminf": 0.0005495974288441841,
                "z": 0.0030651870243851016
            }
        }
    },
    "090pos": {
        "08": {
            "P": {
                "Precision": 0.0,
                "Accuracy": 0.9642857142857127,
                "Recall": 0.0,
                "F1": 0.0,
                "norm2": 1.852643757690013e-05,
                "norminf": 8.287117990662618e-05,
                "z": 0.0009983993046898633
            },
            "Q": {
                "Precision": 0.0,
                "Accuracy": 0.9642857142857127,
                "Recall": 0.0,
                "F1": 0.0,
                "norm2": 7.073709799981303e-06,
                "norminf": 9.832969403829272e-05,
                "z": 0.0006984719243476065
            },
            "U": {
                "Precision": 0.0,
                "Accuracy": 0.9642857142857127,
                "Recall": 0.0,
                "F1": 0.0,
                "norm2": 9.295330416441757e-05,
                "norminf": 0.00037122994411323604,
                "z": 0.0003712392323281999
            },
            "I": {
                "Precision": 0.0,
                "Accuracy": 0.9642857142857127,
                "Recall": 0.0,
                "F1": 0.0,
                "norm2": 1.3779840820492197e-05,
                "norminf": 6.538893827199077e-05,
                "z": 0.0001416823182050962
            }
        },
        "10": {
            "P": {
                "Precision": 0.0,
                "Accuracy": 0.9642857142857127,
                "Recall": 0.0,
                "F1": 0.0,
                "norm2": 6.553458366976242e-05,
                "norminf": 0.0002909618042487738,
                "z": 0.0026563117280646985
            },
            "Q": {
                "Precision": 0.0,
                "Accuracy": 0.9642857142857127,
                "Recall": 0.0,
                "F1": 0.0,
                "norm2": 1.4986864690027134e-05,
                "norminf": 0.00021599870778083786,
                "z": 0.0015558147837960417
            },
            "U": {
                "Precision": 0.0,
                "Accuracy": 0.9642857142857127,
                "Recall": 0.0,
                "F1": 0.0,
                "norm2": 8.890893909547301e-05,
                "norminf": 0.0003802393733578224,
                "z": 0.0003802597112515738
            },
            "I": {
                "Precision": 0.0,
                "Accuracy": 0.9642857142857127,
                "Recall": 0.0,
                "F1": 0.0,
                "norm2": 4.563752779880895e-05,
                "norminf": 0.00019599733814148923,
                "z": 0.001086033051709696
            }
        },
        "13": {
            "P": {
                "Precision": 0.28,
                "Accuracy": 0.9742857142857129,
                "Recall": 0.28,
                "F1": 0.28,
                "norm2": 7.668052490282837e-05,
                "norminf": 0.00040279264177109695,
                "z": 0.004074170439968048
            },
            "Q": {
                "Precision": 0.0,
                "Accuracy": 0.9642857142857127,
                "Recall": 0.0,
                "F1": 0.0,
                "norm2": 2.356489514125934e-05,
                "norminf": 0.0003508915629698883,
                "z": 0.002743557174244957
            },
            "U": {
                "Precision": 0.0,
                "Accuracy": 0.9642857142857127,
                "Recall": 0.0,
                "F1": 0.0,
                "norm2": 8.723725063404235e-05,
                "norminf": 0.00041771477498339096,
                "z": 0.00041772260301965904
            },
            "I": {
                "Precision": 0.0,
                "Accuracy": 0.9642857142857127,
                "Recall": 0.0,
                "F1": 0.0,
                "norm2": 5.8238834863198146e-05,
                "norminf": 0.0003501184046350181,
                "z": 0.0029944537526959635
            }
        }
    }
}