{
    "090neg": {
        "08": {
            "P": {
                "Precision": 0.27,
                "Accuracy": 0.9791428571428572,
                "Recall": 0.27,
                "norm2": 0.0014542571617908548,
                "norminf": 0.0012693679866305962
            },
            "Q": {
                "Precision": 0.0,
                "Accuracy": 0.9714285714285715,
                "Recall": 0.0,
                "norm2": 0.0005470353071178126,
                "norminf": 0.00030855397816404226
            },
            "U": {
                "Precision": 0.0,
                "Accuracy": 0.9714285714285715,
                "Recall": 0.0,
                "norm2": 0.008309134476786512,
                "norminf": 0.002228668038306222
            },
            "I": {
                "Precision": 0.38,
                "Accuracy": 0.9822857142857143,
                "Recall": 0.38,
                "norm2": 0.0008791849529818806,
                "norminf": 0.000582341668357158
            }
        },
        "10": {
            "P": {
                "Precision": 1.0,
                "Accuracy": 1.0,
                "Recall": 1.0,
                "norm2": 0.0012834148439330602,
                "norminf": 0.0011217410067727706
            },
            "Q": {
                "Precision": 0.0,
                "Accuracy": 0.9714285714285715,
                "Recall": 0.0,
                "norm2": 0.0019010635029996304,
                "norminf": 0.0010970929683099028
            },
            "U": {
                "Precision": 0.0,
                "Accuracy": 0.9714285714285715,
                "Recall": 0.0,
                "norm2": 0.007686143762396501,
                "norminf": 0.0022637481693276815
            },
            "I": {
                "Precision": 1.0,
                "Accuracy": 1.0,
                "Recall": 1.0,
                "norm2": 0.0012935647730825924,
                "norminf": 0.0009661670132151279
            }
        },
        "13": {
            "P": {
                "Precision": 1.0,
                "Accuracy": 1.0,
                "Recall": 1.0,
                "norm2": 0.0016845510728756411,
                "norminf": 0.0016160056702175618
            },
            "Q": {
                "Precision": 0.77,
                "Accuracy": 0.9934285714285714,
                "Recall": 0.77,
                "norm2": 0.002631671666955524,
                "norminf": 0.0017514787836278823
            },
            "U": {
                "Precision": 1.0,
                "Accuracy": 1.0,
                "Recall": 1.0,
                "norm2": 0.0032422344805926335,
                "norminf": 0.0011190048609815485
            },
            "I": {
                "Precision": 1.0,
                "Accuracy": 1.0,
                "Recall": 1.0,
                "norm2": 0.0015615723221974645,
                "norminf": 0.0014008177188848524
            }
        }
    },
    "090pos": {
        "08": {
            "P": {
                "Precision": 0.07,
                "Accuracy": 0.9734285714285714,
                "Recall": 0.07,
                "norm2": 0.0014274336249583818,
                "norminf": 0.00046680961018949696
            },
            "Q": {
                "Precision": 0.0,
                "Accuracy": 0.9714285714285715,
                "Recall": 0.0,
                "norm2": 0.0006916179958897814,
                "norminf": 0.0006469156886497473
            },
            "U": {
                "Precision": 0.0,
                "Accuracy": 0.9714285714285715,
                "Recall": 0.0,
                "norm2": 0.00839146000746272,
                "norminf": 0.002241212696279162
            },
            "I": {
                "Precision": 0.0,
                "Accuracy": 0.9714285714285715,
                "Recall": 0.0,
                "norm2": 0.0012507893460818832,
                "norminf": 0.00045158448025784726
            }
        },
        "10": {
            "P": {
                "Precision": 1.0,
                "Accuracy": 1.0,
                "Recall": 1.0,
                "norm2": 0.0012043540901681877,
                "norminf": 0.0003606769014236044
            },
            "Q": {
                "Precision": 0.0,
                "Accuracy": 0.9714285714285715,
                "Recall": 0.0,
                "norm2": 0.0016141196976124977,
                "norminf": 0.0015494517772782412
            },
            "U": {
                "Precision": 0.0,
                "Accuracy": 0.9714285714285715,
                "Recall": 0.0,
                "norm2": 0.00792419326750904,
                "norminf": 0.002275734801262794
            },
            "I": {
                "Precision": 0.8,
                "Accuracy": 0.9942857142857143,
                "Recall": 0.8,
                "norm2": 0.0020024626820743666,
                "norminf": 0.0006530957880164401
            }
        },
        "13": {
            "P": {
                "Precision": 1.0,
                "Accuracy": 1.0,
                "Recall": 1.0,
                "norm2": 0.0014202264737106288,
                "norminf": 0.0005838330564542149
            },
            "Q": {
                "Precision": 0.22,
                "Accuracy": 0.9777142857142858,
                "Recall": 0.22,
                "norm2": 0.0025510941773838535,
                "norminf": 0.0025204604405633393
            },
            "U": {
                "Precision": 1.0,
                "Accuracy": 1.0,
                "Recall": 1.0,
                "norm2": 0.003329523947954872,
                "norminf": 0.001084294837978086
            },
            "I": {
                "Precision": 1.0,
                "Accuracy": 1.0,
                "Recall": 1.0,
                "norm2": 0.0019575467436564603,
                "norminf": 0.0009347564455217095
            }
        }
    }
}