{
    "090neg": {
        "08": {
            "P": {
                "Precision": 0.41,
                "Accuracy": 0.9796551724137941,
                "Recall": 0.41,
                "norm2": 0.001142325976699476,
                "norminf": 0.0008438071190310448
            },
            "Q": {
                "Precision": 0.0,
                "Accuracy": 0.965517241379312,
                "Recall": 0.0,
                "norm2": 0.0004005461788467547,
                "norminf": 0.00021172033520572398
            },
            "U": {
                "Precision": 0.0,
                "Accuracy": 0.965517241379312,
                "Recall": 0.0,
                "norm2": 0.0059531851100210545,
                "norminf": 0.0015998419395404984
            },
            "I": {
                "Precision": 0.0,
                "Accuracy": 0.965517241379312,
                "Recall": 0.0,
                "norm2": 0.0008621417011323356,
                "norminf": 0.0006502547284363658
            }
        },
        "10": {
            "P": {
                "Precision": 0.91,
                "Accuracy": 0.996896551724138,
                "Recall": 0.91,
                "norm2": 0.001493129388980273,
                "norminf": 0.0012784115741372338
            },
            "Q": {
                "Precision": 0.0,
                "Accuracy": 0.965517241379312,
                "Recall": 0.0,
                "norm2": 0.0014130125315218495,
                "norminf": 0.0007597267700858634
            },
            "U": {
                "Precision": 0.0,
                "Accuracy": 0.965517241379312,
                "Recall": 0.0,
                "norm2": 0.0056572884678625915,
                "norminf": 0.0016789951332472285
            },
            "I": {
                "Precision": 0.0,
                "Accuracy": 0.947586206896553,
                "Recall": 0.0,
                "norm2": 0.0021530519694214576,
                "norminf": 0.0018439594888687084
            }
        },
        "13": {
            "P": {
                "Precision": 1.0,
                "Accuracy": 1.0,
                "Recall": 1.0,
                "norm2": 0.0017108236244559065,
                "norminf": 0.001642082070409997
            },
            "Q": {
                "Precision": 0.0,
                "Accuracy": 0.965517241379312,
                "Recall": 0.0,
                "norm2": 0.002039093402863855,
                "norminf": 0.0012835013902477788
            },
            "U": {
                "Precision": 0.0,
                "Accuracy": 0.965517241379312,
                "Recall": 0.0,
                "norm2": 0.005511277125387978,
                "norminf": 0.0019272698491990747
            },
            "I": {
                "Precision": 0.0,
                "Accuracy": 0.9203448275862065,
                "Recall": 0.0,
                "norm2": 0.0020450283478437112,
                "norminf": 0.0019495351884650125
            }
        }
    },
    "090pos": {
        "08": {
            "P": {
                "Precision": 0.01,
                "Accuracy": 0.965862068965519,
                "Recall": 0.01,
                "norm2": 0.0012277202123734258,
                "norminf": 0.0003653934353134769
            },
            "Q": {
                "Precision": 0.0,
                "Accuracy": 0.965517241379312,
                "Recall": 0.0,
                "norm2": 0.00047902088128758016,
                "norminf": 0.0004404337697307903
            },
            "U": {
                "Precision": 0.0,
                "Accuracy": 0.965517241379312,
                "Recall": 0.0,
                "norm2": 0.005921153510246625,
                "norminf": 0.0015783229042735968
            },
            "I": {
                "Precision": 0.0,
                "Accuracy": 0.965517241379312,
                "Recall": 0.0,
                "norm2": 0.001049652295858417,
                "norminf": 0.0003943511730972338
            }
        },
        "10": {
            "P": {
                "Precision": 1.0,
                "Accuracy": 1.0,
                "Recall": 1.0,
                "norm2": 0.0013110023346467367,
                "norminf": 0.00038794051757813587
            },
            "Q": {
                "Precision": 0.0,
                "Accuracy": 0.965517241379312,
                "Recall": 0.0,
                "norm2": 0.0011262600411848034,
                "norminf": 0.001078543346257752
            },
            "U": {
                "Precision": 0.0,
                "Accuracy": 0.965517241379312,
                "Recall": 0.0,
                "norm2": 0.005838148714203641,
                "norminf": 0.0016811621423029632
            },
            "I": {
                "Precision": 0.0,
                "Accuracy": 0.9396551724137927,
                "Recall": 0.0,
                "norm2": 0.0021223781578339654,
                "norminf": 0.0008106663836343442
            }
        },
        "13": {
            "P": {
                "Precision": 1.0,
                "Accuracy": 1.0,
                "Recall": 1.0,
                "norm2": 0.0015371198405105795,
                "norminf": 0.0005682997231666076
            },
            "Q": {
                "Precision": 0.0,
                "Accuracy": 0.965517241379312,
                "Recall": 0.0,
                "norm2": 0.0017466234418195992,
                "norminf": 0.001731569712967911
            },
            "U": {
                "Precision": 1.0,
                "Accuracy": 1.0,
                "Recall": 1.0,
                "norm2": 0.0034080148721663305,
                "norminf": 0.001116243855675747
            },
            "I": {
                "Precision": 0.0,
                "Accuracy": 0.9237931034482751,
                "Recall": 0.0,
                "norm2": 0.0022945298825092246,
                "norminf": 0.0011444520964534232
            }
        }
    }
}