{
    "090neg": {
        "08": {
            "P": {
                "Precision": 0.18,
                "Accuracy": 0.9693103448275876,
                "Recall": 0.25,
                "norm2": 0.0013983332554006152,
                "norminf": 0.00129309285411905
            },
            "Q": {
                "Precision": 0.0,
                "Accuracy": 0.965517241379312,
                "Recall": 0.0,
                "norm2": 0.00041543315371639453,
                "norminf": 0.0002376477798410881
            },
            "U": {
                "Precision": 0.0,
                "Accuracy": 0.965517241379312,
                "Recall": 0.0,
                "norm2": 0.005973188904914705,
                "norminf": 0.001603386801011656
            },
            "I": {
                "Precision": 0.0,
                "Accuracy": 0.9651724137931051,
                "Recall": 0.0,
                "norm2": 0.0008088561050246687,
                "norminf": 0.0005648899699246579
            }
        },
        "10": {
            "P": {
                "Precision": 1.0,
                "Accuracy": 1.0,
                "Recall": 1.0,
                "norm2": 0.0022066432865430084,
                "norminf": 0.002146269037214956
            },
            "Q": {
                "Precision": 0.0,
                "Accuracy": 0.965517241379312,
                "Recall": 0.0,
                "norm2": 0.001472883218268971,
                "norminf": 0.0008417187525702996
            },
            "U": {
                "Precision": 0.0,
                "Accuracy": 0.965517241379312,
                "Recall": 0.0,
                "norm2": 0.005604559876940382,
                "norminf": 0.001660231284186734
            },
            "I": {
                "Precision": 0.0,
                "Accuracy": 0.9572413793103464,
                "Recall": 0.0,
                "norm2": 0.0020636062529453777,
                "norminf": 0.0016459163910509432
            }
        },
        "13": {
            "P": {
                "Precision": 1.0,
                "Accuracy": 1.0,
                "Recall": 1.0,
                "norm2": 0.0019082262306606998,
                "norminf": 0.0018652521591545012
            },
            "Q": {
                "Precision": 0.0,
                "Accuracy": 0.965517241379312,
                "Recall": 0.0,
                "norm2": 0.0021300175343487962,
                "norminf": 0.0013947726445750763
            },
            "U": {
                "Precision": 0.27,
                "Accuracy": 0.9748275862068978,
                "Recall": 0.27,
                "norm2": 0.0046818064092300545,
                "norminf": 0.0016312841510075248
            },
            "I": {
                "Precision": 0.0,
                "Accuracy": 0.9168965517241376,
                "Recall": 0.0,
                "norm2": 0.0014936569515029432,
                "norminf": 0.0013446695586394476
            }
        }
    },
    "090pos": {
        "08": {
            "P": {
                "Precision": 0.0,
                "Accuracy": 0.965517241379312,
                "Recall": 0.0,
                "norm2": 0.0011521515591558838,
                "norminf": 0.000387363667201116
            },
            "Q": {
                "Precision": 0.0,
                "Accuracy": 0.965517241379312,
                "Recall": 0.0,
                "norm2": 0.0005025704765788996,
                "norminf": 0.0004803859928183973
            },
            "U": {
                "Precision": 0.0,
                "Accuracy": 0.965517241379312,
                "Recall": 0.0,
                "norm2": 0.006028931772175306,
                "norminf": 0.0016082726732601538
            },
            "I": {
                "Precision": 0.0,
                "Accuracy": 0.965517241379312,
                "Recall": 0.0,
                "norm2": 0.0009782339418375446,
                "norminf": 0.0003779119405285014
            }
        },
        "10": {
            "P": {
                "Precision": 0.82,
                "Accuracy": 0.9937931034482763,
                "Recall": 0.82,
                "norm2": 0.0017495273038801292,
                "norminf": 0.0005250645481128213
            },
            "Q": {
                "Precision": 0.0,
                "Accuracy": 0.965517241379312,
                "Recall": 0.0,
                "norm2": 0.0012005417979523388,
                "norminf": 0.0011712802814529332
            },
            "U": {
                "Precision": 0.0,
                "Accuracy": 0.965517241379312,
                "Recall": 0.0,
                "norm2": 0.005873777981117778,
                "norminf": 0.0016996857381885412
            },
            "I": {
                "Precision": 0.0,
                "Accuracy": 0.9551724137931052,
                "Recall": 0.0,
                "norm2": 0.0026733387656408397,
                "norminf": 0.0009002657355050481
            }
        },
        "13": {
            "P": {
                "Precision": 1.0,
                "Accuracy": 1.0,
                "Recall": 1.0,
                "norm2": 0.001651308147150739,
                "norminf": 0.0006941480637358177
            },
            "Q": {
                "Precision": 0.0,
                "Accuracy": 0.965517241379312,
                "Recall": 0.0,
                "norm2": 0.0019508337253894817,
                "norminf": 0.00193833634054567
            },
            "U": {
                "Precision": 1.0,
                "Accuracy": 1.0,
                "Recall": 1.0,
                "norm2": 0.003410426098662982,
                "norminf": 0.0011196518041422321
            },
            "I": {
                "Precision": 0.0,
                "Accuracy": 0.9179310344827585,
                "Recall": 0.0,
                "norm2": 0.0022735611256610596,
                "norminf": 0.0012293094365325953
            }
        }
    }
}