{
    "090neg": {
        "08": {
            "P": {
                "Precision": 0.2926666666666664,
                "Accuracy": 0.9384848484848473,
                "Recall": 0.65,
                "norm2": 0.0011236991398446126,
                "norminf": 0.0009214752391845993
            },
            "Q": {
                "Precision": 0.0,
                "Accuracy": 0.969696969696969,
                "Recall": 0.0,
                "norm2": 0.0005785422251213502,
                "norminf": 0.00026213616867787115
            },
            "U": {
                "Precision": 0.0,
                "Accuracy": 0.969696969696969,
                "Recall": 0.0,
                "norm2": 0.008215375134666629,
                "norminf": 0.002208317451735783
            },
            "I": {
                "Precision": 0.0,
                "Accuracy": 0.9566666666666657,
                "Recall": 0.0,
                "norm2": 0.001279738328956202,
                "norminf": 0.0009920681792634045
            }
        },
        "10": {
            "P": {
                "Precision": 0.6160000000000009,
                "Accuracy": 0.9418181818181806,
                "Recall": 1.0,
                "norm2": 0.002035854765933689,
                "norminf": 0.001839291377886718
            },
            "Q": {
                "Precision": 0.0,
                "Accuracy": 0.969696969696969,
                "Recall": 0.0,
                "norm2": 0.0020068396485537028,
                "norminf": 0.0009456221279980514
            },
            "U": {
                "Precision": 0.0,
                "Accuracy": 0.969696969696969,
                "Recall": 0.0,
                "norm2": 0.007844409858860405,
                "norminf": 0.0023079951656776454
            },
            "I": {
                "Precision": 0.0,
                "Accuracy": 0.9263636363636352,
                "Recall": 0.0,
                "norm2": 0.003565703198236696,
                "norminf": 0.003144497265027659
            }
        },
        "13": {
            "P": {
                "Precision": 1.0,
                "Accuracy": 1.0,
                "Recall": 1.0,
                "norm2": 0.0014723939126529235,
                "norminf": 0.0014310368463093558
            },
            "Q": {
                "Precision": 0.98,
                "Accuracy": 0.9993939393939394,
                "Recall": 0.98,
                "norm2": 0.002512171857045177,
                "norminf": 0.0014687156457480989
            },
            "U": {
                "Precision": 1.0,
                "Accuracy": 1.0,
                "Recall": 1.0,
                "norm2": 0.003260197204566067,
                "norminf": 0.0011284213497842644
            },
            "I": {
                "Precision": 0.0,
                "Accuracy": 0.9290909090909076,
                "Recall": 0.0,
                "norm2": 0.0058941552133882046,
                "norminf": 0.005786370421422728
            }
        }
    },
    "090pos": {
        "08": {
            "P": {
                "Precision": 0.06666666666666665,
                "Accuracy": 0.9672727272727265,
                "Recall": 0.14,
                "norm2": 0.0012784291748689064,
                "norminf": 0.0004086284492509107
            },
            "Q": {
                "Precision": 0.0,
                "Accuracy": 0.969696969696969,
                "Recall": 0.0,
                "norm2": 0.0007259148554759409,
                "norminf": 0.0006179465427629127
            },
            "U": {
                "Precision": 0.0,
                "Accuracy": 0.969696969696969,
                "Recall": 0.0,
                "norm2": 0.008286233691346939,
                "norminf": 0.0022114933872498634
            },
            "I": {
                "Precision": 0.0,
                "Accuracy": 0.969696969696969,
                "Recall": 0.0,
                "norm2": 0.0015821761128942211,
                "norminf": 0.0005179559718992665
            }
        },
        "10": {
            "P": {
                "Precision": 1.0,
                "Accuracy": 1.0,
                "Recall": 1.0,
                "norm2": 0.0009829912899735633,
                "norminf": 0.00030289746605970835
            },
            "Q": {
                "Precision": 0.0,
                "Accuracy": 0.969696969696969,
                "Recall": 0.0,
                "norm2": 0.0016553473802998172,
                "norminf": 0.0014958692912410431
            },
            "U": {
                "Precision": 0.0,
                "Accuracy": 0.969696969696969,
                "Recall": 0.0,
                "norm2": 0.00787373746984384,
                "norminf": 0.002275751307632452
            },
            "I": {
                "Precision": 0.0,
                "Accuracy": 0.9299999999999987,
                "Recall": 0.0,
                "norm2": 0.004787388334776572,
                "norminf": 0.0033535653521685814
            }
        },
        "13": {
            "P": {
                "Precision": 1.0,
                "Accuracy": 1.0,
                "Recall": 1.0,
                "norm2": 0.0011649395399812626,
                "norminf": 0.0005426207202267741
            },
            "Q": {
                "Precision": 0.43,
                "Accuracy": 0.9663636363636356,
                "Recall": 0.43,
                "norm2": 0.002268882378686729,
                "norminf": 0.0022093503936919845
            },
            "U": {
                "Precision": 1.0,
                "Accuracy": 1.0,
                "Recall": 1.0,
                "norm2": 0.003352286557575097,
                "norminf": 0.0010999617810338736
            },
            "I": {
                "Precision": 0.0,
                "Accuracy": 0.9127272727272713,
                "Recall": 0.0,
                "norm2": 0.006263009857892786,
                "norminf": 0.004252345595676617
            }
        }
    }
}