{
    "090neg": {
        "08": {
            "P": {
                "Precision": 0.58,
                "Accuracy": 0.9880000000000002,
                "Recall": 0.58,
                "F1": 0.58,
                "norm2": 7.534470005279824e-05,
                "norminf": 0.0008079439433375058,
                "z": 0.0025301845054805545
            },
            "Q": {
                "Precision": 0.0,
                "Accuracy": 0.9714285714285715,
                "Recall": 0.0,
                "F1": 0.0,
                "norm2": 3.514929344477183e-05,
                "norminf": 0.0002678315783516205,
                "z": 0.002562490996608493
            },
            "U": {
                "Precision": 0.0,
                "Accuracy": 0.9714285714285715,
                "Recall": 0.0,
                "F1": 0.0,
                "norm2": 0.0005413635604839005,
                "norminf": 0.002182326100627201,
                "z": 0.0021798303365061023
            },
            "I": {
                "Precision": 0.13,
                "Accuracy": 0.9751428571428572,
                "Recall": 0.13,
                "F1": 0.13,
                "norm2": 7.36881169462043e-05,
                "norminf": 0.0008067917968759864,
                "z": 0.0006215556902317001
            }
        },
        "10": {
            "P": {
                "Precision": 1.0,
                "Accuracy": 1.0,
                "Recall": 1.0,
                "F1": 1.0,
                "norm2": 8.144346517941464e-05,
                "norminf": 0.0010239936176214327,
                "z": 0.003599137649856957
            },
            "Q": {
                "Precision": 0.0,
                "Accuracy": 0.9714285714285715,
                "Recall": 0.0,
                "F1": 0.0,
                "norm2": 0.0001220957142667481,
                "norminf": 0.0009681816249409148,
                "z": 0.008804222583395705
            },
            "U": {
                "Precision": 0.0,
                "Accuracy": 0.9714285714285715,
                "Recall": 0.0,
                "F1": 0.0,
                "norm2": 0.0005237111662211608,
                "norminf": 0.0023177151245439586,
                "z": 0.0023165776293656002
            },
            "I": {
                "Precision": 0.7,
                "Accuracy": 0.9894285714285715,
                "Recall": 0.77,
                "F1": 0.7233333333333332,
                "norm2": 0.0001579019643494915,
                "norminf": 0.002107720272217353,
                "z": 0.006657325739191069
            }
        },
        "13": {
            "P": {
                "Precision": 1.0,
                "Accuracy": 1.0,
                "Recall": 1.0,
                "F1": 1.0,
                "norm2": 0.0001047279848736956,
                "norminf": 0.0014785811644593327,
                "z": 0.005898423145130203
            },
            "Q": {
                "Precision": 1.0,
                "Accuracy": 1.0,
                "Recall": 1.0,
                "F1": 1.0,
                "norm2": 0.00014980467727685915,
                "norminf": 0.0014289058520780206,
                "z": 0.011823234644663333
            },
            "U": {
                "Precision": 0.0,
                "Accuracy": 0.9714285714285715,
                "Recall": 0.0,
                "F1": 0.0,
                "norm2": 0.0005038416159769964,
                "norminf": 0.002617259146403711,
                "z": 0.002615938109063416
            },
            "I": {
                "Precision": 1.0,
                "Accuracy": 1.0,
                "Recall": 1.0,
                "F1": 1.0,
                "norm2": 0.0001432612176476138,
                "norminf": 0.0019911514265324036,
                "z": 0.0143851982688266
            }
        }
    },
    "090pos": {
        "08": {
            "P": {
                "Precision": 0.12,
                "Accuracy": 0.9748571428571428,
                "Recall": 0.12,
                "F1": 0.12,
                "norm2": 9.843225164214132e-05,
                "norminf": 0.0004445701169453931,
                "z": 0.00465952095822901
            },
            "Q": {
                "Precision": 0.0,
                "Accuracy": 0.9714285714285715,
                "Recall": 0.0,
                "F1": 0.0,
                "norm2": 4.3699571111119655e-05,
                "norminf": 0.0005831028636586599,
                "z": 0.003986769788354089
            },
            "U": {
                "Precision": 0.0,
                "Accuracy": 0.9714285714285715,
                "Recall": 0.0,
                "F1": 0.0,
                "norm2": 0.0005533120977852958,
                "norminf": 0.002208892857190916,
                "z": 0.002207631510312438
            },
            "I": {
                "Precision": 0.0,
                "Accuracy": 0.9714285714285715,
                "Recall": 0.0,
                "F1": 0.0,
                "norm2": 8.621536531442227e-05,
                "norminf": 0.0004651590886625301,
                "z": 0.0009320878902040204
            }
        },
        "10": {
            "P": {
                "Precision": 1.0,
                "Accuracy": 1.0,
                "Recall": 1.0,
                "F1": 1.0,
                "norm2": 7.769074086693793e-05,
                "norminf": 0.00035000135256088913,
                "z": 0.00310244493965533
            },
            "Q": {
                "Precision": 0.0,
                "Accuracy": 0.9714285714285715,
                "Recall": 0.0,
                "F1": 0.0,
                "norm2": 0.00010100455224158964,
                "norminf": 0.0014119846588712948,
                "z": 0.009868708764789891
            },
            "U": {
                "Precision": 0.0,
                "Accuracy": 0.9714285714285715,
                "Recall": 0.0,
                "F1": 0.0,
                "norm2": 0.0005307824558353437,
                "norminf": 0.0022810163683402006,
                "z": 0.002279745157150621
            },
            "I": {
                "Precision": 1.0,
                "Accuracy": 1.0,
                "Recall": 1.0,
                "F1": 1.0,
                "norm2": 0.00015520778508460936,
                "norminf": 0.0009839003676675561,
                "z": 0.005305645464965453
            }
        },
        "13": {
            "P": {
                "Precision": 1.0,
                "Accuracy": 1.0,
                "Recall": 1.0,
                "F1": 1.0,
                "norm2": 9.043923643354328e-05,
                "norminf": 0.0004988548595475928,
                "z": 0.0048400883843547375
            },
            "Q": {
                "Precision": 0.76,
                "Accuracy": 0.9931428571428572,
                "Recall": 0.76,
                "F1": 0.76,
                "norm2": 0.00014512970817583335,
                "norminf": 0.0021350257779352375,
                "z": 0.016260589017365268
            },
            "U": {
                "Precision": 1.0,
                "Accuracy": 1.0,
                "Recall": 1.0,
                "F1": 1.0,
                "norm2": 0.0002218007102473608,
                "norminf": 0.0010803540045655536,
                "z": 0.0010792819860564505
            },
            "I": {
                "Precision": 1.0,
                "Accuracy": 1.0,
                "Recall": 1.0,
                "F1": 1.0,
                "norm2": 0.00015874601026641218,
                "norminf": 0.001071320929076176,
                "z": 0.01251643309078769
            }
        }
    }
}