{
    "090neg": {
        "08": {
            "P": {
                "Precision": 0.38,
                "Accuracy": 0.9778571428571418,
                "Recall": 0.38,
                "F1": 0.38,
                "norm2": 8.080416760158889e-05,
                "norminf": 0.0008580503579800946,
                "z": 0.002687168384776184
            },
            "Q": {
                "Precision": 0.0,
                "Accuracy": 0.9642857142857127,
                "Recall": 0.0,
                "F1": 0.0,
                "norm2": 2.9143094114493405e-05,
                "norminf": 0.00019892936644338332,
                "z": 0.0019962036139343454
            },
            "U": {
                "Precision": 0.0,
                "Accuracy": 0.9642857142857127,
                "Recall": 0.0,
                "F1": 0.0,
                "norm2": 0.000447260962202453,
                "norminf": 0.0017957070086865434,
                "z": 0.0017950120480217779
            },
            "I": {
                "Precision": 0.0,
                "Accuracy": 0.9642857142857127,
                "Recall": 0.0,
                "F1": 0.0,
                "norm2": 6.31469517610881e-05,
                "norminf": 0.0006794994498183127,
                "z": 0.0005153859485775089
            }
        },
        "10": {
            "P": {
                "Precision": 0.92,
                "Accuracy": 0.9971428571428571,
                "Recall": 0.92,
                "F1": 0.92,
                "norm2": 0.00010374208500647419,
                "norminf": 0.0012901367069681512,
                "z": 0.004540345866386385
            },
            "Q": {
                "Precision": 0.0,
                "Accuracy": 0.9642857142857127,
                "Recall": 0.0,
                "F1": 0.0,
                "norm2": 0.00010127254803441878,
                "norminf": 0.0007160593738493526,
                "z": 0.006899447483997529
            },
            "U": {
                "Precision": 0.0,
                "Accuracy": 0.9642857142857127,
                "Recall": 0.0,
                "F1": 0.0,
                "norm2": 0.00042931096655925215,
                "norminf": 0.0018803447206003465,
                "z": 0.001880345779075866
            },
            "I": {
                "Precision": 0.0,
                "Accuracy": 0.9521428571428556,
                "Recall": 0.0,
                "F1": 0.0,
                "norm2": 0.00015322576203484202,
                "norminf": 0.0018685309077361057,
                "z": 0.006086280506848694
            }
        },
        "13": {
            "P": {
                "Precision": 1.0,
                "Accuracy": 1.0,
                "Recall": 1.0,
                "F1": 1.0,
                "norm2": 0.00011679500699980102,
                "norminf": 0.0016622630391801064,
                "z": 0.006691892581270072
            },
            "Q": {
                "Precision": 0.0,
                "Accuracy": 0.9642857142857127,
                "Recall": 0.0,
                "F1": 0.0,
                "norm2": 0.00014733890132273824,
                "norminf": 0.0012528467309908886,
                "z": 0.010976420663233925
            },
            "U": {
                "Precision": 0.0,
                "Accuracy": 0.9642857142857127,
                "Recall": 0.0,
                "F1": 0.0,
                "norm2": 0.0004198820268072477,
                "norminf": 0.0021231202057072117,
                "z": 0.0021230690245608286
            },
            "I": {
                "Precision": 0.0,
                "Accuracy": 0.9142857142857147,
                "Recall": 0.0,
                "F1": 0.0,
                "norm2": 0.00014230576699803517,
                "norminf": 0.0020103294363738723,
                "z": 0.017600552274030665
            }
        }
    },
    "090pos": {
        "08": {
            "P": {
                "Precision": 0.01,
                "Accuracy": 0.9646428571428557,
                "Recall": 0.01,
                "F1": 0.01,
                "norm2": 9.425834674712794e-05,
                "norminf": 0.0004189991498849821,
                "z": 0.004130725539982546
            },
            "Q": {
                "Precision": 0.0,
                "Accuracy": 0.9642857142857127,
                "Recall": 0.0,
                "F1": 0.0,
                "norm2": 3.3253606152213094e-05,
                "norminf": 0.00045695230296128876,
                "z": 0.0032058394026765694
            },
            "U": {
                "Precision": 0.0,
                "Accuracy": 0.9642857142857127,
                "Recall": 0.0,
                "F1": 0.0,
                "norm2": 0.0004605399224636008,
                "norminf": 0.0018339906103567438,
                "z": 0.0018339860120471906
            },
            "I": {
                "Precision": 0.0,
                "Accuracy": 0.9642857142857127,
                "Recall": 0.0,
                "F1": 0.0,
                "norm2": 7.286143628460682e-05,
                "norminf": 0.0003397241389919636,
                "z": 0.0007523117433058218
            }
        },
        "10": {
            "P": {
                "Precision": 1.0,
                "Accuracy": 1.0,
                "Recall": 1.0,
                "F1": 1.0,
                "norm2": 9.780713101376592e-05,
                "norminf": 0.00043289514754004,
                "z": 0.0035604487894971195
            },
            "Q": {
                "Precision": 0.0,
                "Accuracy": 0.9642857142857127,
                "Recall": 0.0,
                "F1": 0.0,
                "norm2": 7.649849806136392e-05,
                "norminf": 0.0010863879297684708,
                "z": 0.0077387462694727275
            },
            "U": {
                "Precision": 0.0,
                "Accuracy": 0.9642857142857127,
                "Recall": 0.0,
                "F1": 0.0,
                "norm2": 0.00043424260976625777,
                "norminf": 0.0018562870588052726,
                "z": 0.00185626615213774
            },
            "I": {
                "Precision": 0.0,
                "Accuracy": 0.9346428571428578,
                "Recall": 0.0,
                "F1": 0.0,
                "norm2": 0.00015233889323496624,
                "norminf": 0.0007672440966834582,
                "z": 0.005518284335485152
            }
        },
        "13": {
            "P": {
                "Precision": 1.0,
                "Accuracy": 1.0,
                "Recall": 1.0,
                "F1": 1.0,
                "norm2": 0.0001133895215843868,
                "norminf": 0.0005202698812328666,
                "z": 0.005552466745736509
            },
            "Q": {
                "Precision": 0.0,
                "Accuracy": 0.9642857142857127,
                "Recall": 0.0,
                "F1": 0.0,
                "norm2": 0.00011640513989085112,
                "norminf": 0.001728458693458792,
                "z": 0.013431849543498662
            },
            "U": {
                "Precision": 1.0,
                "Accuracy": 1.0,
                "Recall": 1.0,
                "F1": 1.0,
                "norm2": 0.00026327143863119076,
                "norminf": 0.001258831284803037,
                "z": 0.0012588233300243922
            },
            "I": {
                "Precision": 0.0,
                "Accuracy": 0.9185714285714294,
                "Recall": 0.0,
                "F1": 0.0,
                "norm2": 0.00016747878481326766,
                "norminf": 0.0010779814764190722,
                "z": 0.016117472068693465
            }
        }
    }
}