{
    "090neg": {
        "08": {
            "P": {
                "Precision": 0.08133333333333337,
                "Accuracy": 0.9421875,
                "Recall": 0.31,
                "F1": 0.1202380952380953,
                "norm2": 8.109080969500295e-05,
                "norminf": 0.000920819472447586,
                "z": 0.003070147535199319
            },
            "Q": {
                "Precision": 0.0,
                "Accuracy": 0.96875,
                "Recall": 0.0,
                "F1": 0.0,
                "norm2": 3.0338500460043036e-05,
                "norminf": 0.00018075387887443007,
                "z": 0.00221759696640488
            },
            "U": {
                "Precision": 0.0,
                "Accuracy": 0.96875,
                "Recall": 0.0,
                "F1": 0.0,
                "norm2": 0.00045349383321906575,
                "norminf": 0.001816066691150645,
                "z": 0.0018046631902591448
            },
            "I": {
                "Precision": 0.0,
                "Accuracy": 0.9609375,
                "Recall": 0.0,
                "F1": 0.0,
                "norm2": 6.817051872003182e-05,
                "norminf": 0.000721453193947762,
                "z": 0.00048177538035447604
            }
        },
        "10": {
            "P": {
                "Precision": 0.19033333333333333,
                "Accuracy": 0.92375,
                "Recall": 0.55,
                "F1": 0.24571428571428566,
                "norm2": 0.00020510835833636098,
                "norminf": 0.002738080342248006,
                "z": 0.009398732218289728
            },
            "Q": {
                "Precision": 0.0,
                "Accuracy": 0.96875,
                "Recall": 0.0,
                "F1": 0.0,
                "norm2": 0.00010582580197440747,
                "norminf": 0.0006543920639245271,
                "z": 0.006992535866921366
            },
            "U": {
                "Precision": 0.0,
                "Accuracy": 0.96875,
                "Recall": 0.0,
                "F1": 0.0,
                "norm2": 0.0004088932025514619,
                "norminf": 0.0017816455891669469,
                "z": 0.0017317305892342527
            },
            "I": {
                "Precision": 0.0,
                "Accuracy": 0.935,
                "Recall": 0.0,
                "F1": 0.0,
                "norm2": 0.00018421786899890804,
                "norminf": 0.0023853495964883875,
                "z": 0.0061484334577660595
            }
        },
        "13": {
            "P": {
                "Precision": 1.0,
                "Accuracy": 1.0,
                "Recall": 1.0,
                "F1": 1.0,
                "norm2": 9.988722085364864e-05,
                "norminf": 0.0014444679804858195,
                "z": 0.005885045392008816
            },
            "Q": {
                "Precision": 0.05,
                "Accuracy": 0.9703125,
                "Recall": 0.05,
                "F1": 0.05,
                "norm2": 0.00014383276429192794,
                "norminf": 0.0011308616951133355,
                "z": 0.01023100266549982
            },
            "U": {
                "Precision": 1.0,
                "Accuracy": 1.0,
                "Recall": 1.0,
                "F1": 1.0,
                "norm2": 0.00025251566907877283,
                "norminf": 0.0012651460044082008,
                "z": 0.0012720352226894105
            },
            "I": {
                "Precision": 0.0,
                "Accuracy": 0.934375,
                "Recall": 0.0,
                "F1": 0.0,
                "norm2": 0.00024491240429150437,
                "norminf": 0.0036213443780621223,
                "z": 0.017145302088131174
            }
        }
    },
    "090pos": {
        "08": {
            "P": {
                "Precision": 0.0,
                "Accuracy": 0.96875,
                "Recall": 0.0,
                "F1": 0.0,
                "norm2": 8.181930295438154e-05,
                "norminf": 0.00036943155748937474,
                "z": 0.0039827749458531785
            },
            "Q": {
                "Precision": 0.0,
                "Accuracy": 0.96875,
                "Recall": 0.0,
                "F1": 0.0,
                "norm2": 3.7514481905674254e-05,
                "norminf": 0.0004702412901074826,
                "z": 0.0030843908519837334
            },
            "U": {
                "Precision": 0.0,
                "Accuracy": 0.96875,
                "Recall": 0.0,
                "F1": 0.0,
                "norm2": 0.0004529142460443014,
                "norminf": 0.0018063799871684471,
                "z": 0.0017985007611340453
            },
            "I": {
                "Precision": 0.0,
                "Accuracy": 0.96875,
                "Recall": 0.0,
                "F1": 0.0,
                "norm2": 8.304033896461062e-05,
                "norminf": 0.0003633875183647361,
                "z": 0.0007516680213308815
            }
        },
        "10": {
            "P": {
                "Precision": 0.95,
                "Accuracy": 0.9984375,
                "Recall": 0.95,
                "F1": 0.95,
                "norm2": 7.882111573498018e-05,
                "norminf": 0.00035854150454882604,
                "z": 0.0033055189638588733
            },
            "Q": {
                "Precision": 0.0,
                "Accuracy": 0.96875,
                "Recall": 0.0,
                "F1": 0.0,
                "norm2": 8.333506716507342e-05,
                "norminf": 0.0011071679233383015,
                "z": 0.007415262196078561
            },
            "U": {
                "Precision": 0.0,
                "Accuracy": 0.96875,
                "Recall": 0.0,
                "F1": 0.0,
                "norm2": 0.00043602329098963187,
                "norminf": 0.0018645322403274146,
                "z": 0.0018608753742648122
            },
            "I": {
                "Precision": 0.0,
                "Accuracy": 0.92625,
                "Recall": 0.0,
                "F1": 0.0,
                "norm2": 0.00022653810935849262,
                "norminf": 0.0015365639276849164,
                "z": 0.005495986210065077
            }
        },
        "13": {
            "P": {
                "Precision": 1.0,
                "Accuracy": 1.0,
                "Recall": 1.0,
                "F1": 1.0,
                "norm2": 8.455927839917633e-05,
                "norminf": 0.0005122330250409335,
                "z": 0.0047647109823343555
            },
            "Q": {
                "Precision": 0.19,
                "Accuracy": 0.9746875,
                "Recall": 0.19,
                "F1": 0.19,
                "norm2": 0.00012390033928748513,
                "norminf": 0.0017911723281336545,
                "z": 0.013265724164170005
            },
            "U": {
                "Precision": 1.0,
                "Accuracy": 1.0,
                "Recall": 1.0,
                "F1": 1.0,
                "norm2": 0.00025751216309204887,
                "norminf": 0.0012369487265704348,
                "z": 0.0012431218941803168
            },
            "I": {
                "Precision": 0.0,
                "Accuracy": 0.9315625,
                "Recall": 0.0,
                "F1": 0.0,
                "norm2": 0.00032530431894631966,
                "norminf": 0.002882106073807943,
                "z": 0.016155736209263815
            }
        }
    }
}