{
    "090neg": {
        "08": {
            "P": {
                "Precision": 0.04,
                "Accuracy": 0.9668965517241395,
                "Recall": 0.04,
                "norm2": 0.0008757191058002771,
                "norminf": 0.0006610413742986076
            },
            "Q": {
                "Precision": 0.0,
                "Accuracy": 0.965517241379312,
                "Recall": 0.0,
                "norm2": 0.0002386122441006606,
                "norminf": 0.00012583257565166762
            },
            "U": {
                "Precision": 0.0,
                "Accuracy": 0.965517241379312,
                "Recall": 0.0,
                "norm2": 0.0034496339161957375,
                "norminf": 0.0009270375939515895
            },
            "I": {
                "Precision": 0.0,
                "Accuracy": 0.965517241379312,
                "Recall": 0.0,
                "norm2": 0.0005161257120750935,
                "norminf": 0.00038606845440906424
            }
        },
        "10": {
            "P": {
                "Precision": 0.09,
                "Accuracy": 0.9686206896551741,
                "Recall": 0.09,
                "norm2": 0.002397752642179783,
                "norminf": 0.0020214682702329677
            },
            "Q": {
                "Precision": 0.0,
                "Accuracy": 0.965517241379312,
                "Recall": 0.0,
                "norm2": 0.0008261916733493549,
                "norminf": 0.00045158486087744864
            },
            "U": {
                "Precision": 0.0,
                "Accuracy": 0.965517241379312,
                "Recall": 0.0,
                "norm2": 0.003399532398695779,
                "norminf": 0.001010403510042266
            },
            "I": {
                "Precision": 0.0,
                "Accuracy": 0.965517241379312,
                "Recall": 0.0,
                "norm2": 0.0013939485392943888,
                "norminf": 0.001152006443800363
            }
        },
        "13": {
            "P": {
                "Precision": 0.11,
                "Accuracy": 0.9693103448275877,
                "Recall": 0.11,
                "norm2": 0.0030097595528326697,
                "norminf": 0.002861148044253139
            },
            "Q": {
                "Precision": 0.0,
                "Accuracy": 0.965517241379312,
                "Recall": 0.0,
                "norm2": 0.0012116607481540901,
                "norminf": 0.00076920480691819
            },
            "U": {
                "Precision": 0.0,
                "Accuracy": 0.965517241379312,
                "Recall": 0.0,
                "norm2": 0.0032459918236487865,
                "norminf": 0.0011338256141407111
            },
            "I": {
                "Precision": 0.0,
                "Accuracy": 0.9434482758620691,
                "Recall": 0.0,
                "norm2": 0.001787733834215498,
                "norminf": 0.0016999428213755597
            }
        }
    },
    "090pos": {
        "08": {
            "P": {
                "Precision": 0.0,
                "Accuracy": 0.965517241379312,
                "Recall": 0.0,
                "norm2": 0.0006800223898000582,
                "norminf": 0.00020279548465023555
            },
            "Q": {
                "Precision": 0.0,
                "Accuracy": 0.965517241379312,
                "Recall": 0.0,
                "norm2": 0.00028623803629315855,
                "norminf": 0.0002674551021431704
            },
            "U": {
                "Precision": 0.0,
                "Accuracy": 0.965517241379312,
                "Recall": 0.0,
                "norm2": 0.0035990198558230736,
                "norminf": 0.0009595507529693737
            },
            "I": {
                "Precision": 0.0,
                "Accuracy": 0.965517241379312,
                "Recall": 0.0,
                "norm2": 0.0005773262473105561,
                "norminf": 0.00021969911221935367
            }
        },
        "10": {
            "P": {
                "Precision": 0.27,
                "Accuracy": 0.9748275862068978,
                "Recall": 0.27,
                "norm2": 0.0021187164538150837,
                "norminf": 0.0006264308600972912
            },
            "Q": {
                "Precision": 0.0,
                "Accuracy": 0.965517241379312,
                "Recall": 0.0,
                "norm2": 0.0006834740989118429,
                "norminf": 0.000657141863891677
            },
            "U": {
                "Precision": 0.0,
                "Accuracy": 0.965517241379312,
                "Recall": 0.0,
                "norm2": 0.003354871764594314,
                "norminf": 0.0009674604862318081
            },
            "I": {
                "Precision": 0.0,
                "Accuracy": 0.9641379310344843,
                "Recall": 0.0,
                "norm2": 0.0017726757089667818,
                "norminf": 0.0005925150918899558
            }
        },
        "13": {
            "P": {
                "Precision": 1.0,
                "Accuracy": 1.0,
                "Recall": 1.0,
                "norm2": 0.0015503499759619717,
                "norminf": 0.0005719316977377753
            },
            "Q": {
                "Precision": 0.0,
                "Accuracy": 0.965517241379312,
                "Recall": 0.0,
                "norm2": 0.0010529907696638168,
                "norminf": 0.0010444796772821551
            },
            "U": {
                "Precision": 0.63,
                "Accuracy": 0.9872413793103455,
                "Recall": 0.63,
                "norm2": 0.00318768535070802,
                "norminf": 0.0010448090790214338
            },
            "I": {
                "Precision": 0.0,
                "Accuracy": 0.9389655172413789,
                "Recall": 0.0,
                "norm2": 0.0020405853561883697,
                "norminf": 0.0009758092536301132
            }
        }
    }
}