{
    "090neg": {
        "08": {
            "P": {
                "Precision": 0.0,
                "Accuracy": 0.969696969696969,
                "Recall": 0.0,
                "norm2": 0.00024165761272112822,
                "norminf": 0.0002119431559833851
            },
            "Q": {
                "Precision": 0.0,
                "Accuracy": 0.969696969696969,
                "Recall": 0.0,
                "norm2": 9.244921157146026e-05,
                "norminf": 4.425393795465471e-05
            },
            "U": {
                "Precision": 0.0,
                "Accuracy": 0.969696969696969,
                "Recall": 0.0,
                "norm2": 0.0010874712299133562,
                "norminf": 0.0002921896043530203
            },
            "I": {
                "Precision": 0.0,
                "Accuracy": 0.969696969696969,
                "Recall": 0.0,
                "norm2": 0.00017754874743066936,
                "norminf": 0.00012347571785655264
            }
        },
        "10": {
            "P": {
                "Precision": 0.0,
                "Accuracy": 0.969696969696969,
                "Recall": 0.0,
                "norm2": 0.0006835728583327183,
                "norminf": 0.000634378796313253
            },
            "Q": {
                "Precision": 0.0,
                "Accuracy": 0.969696969696969,
                "Recall": 0.0,
                "norm2": 0.00031599734744473833,
                "norminf": 0.0001579202310094452
            },
            "U": {
                "Precision": 0.0,
                "Accuracy": 0.969696969696969,
                "Recall": 0.0,
                "norm2": 0.0011045512621109194,
                "norminf": 0.00032452200495665216
            },
            "I": {
                "Precision": 0.0,
                "Accuracy": 0.969696969696969,
                "Recall": 0.0,
                "norm2": 0.000445875200395092,
                "norminf": 0.00035248329122121723
            }
        },
        "13": {
            "P": {
                "Precision": 0.2,
                "Accuracy": 0.9757575757575752,
                "Recall": 0.2,
                "norm2": 0.0009270476427467062,
                "norminf": 0.0009108118247159802
            },
            "Q": {
                "Precision": 0.0,
                "Accuracy": 0.969696969696969,
                "Recall": 0.0,
                "norm2": 0.0003995102372065726,
                "norminf": 0.00024132030470532694
            },
            "U": {
                "Precision": 0.0,
                "Accuracy": 0.969696969696969,
                "Recall": 0.0,
                "norm2": 0.0011987501202654824,
                "norminf": 0.0004140537677783196
            },
            "I": {
                "Precision": 0.0,
                "Accuracy": 0.969696969696969,
                "Recall": 0.0,
                "norm2": 0.0006259971977341169,
                "norminf": 0.000575338954759198
            }
        }
    },
    "090pos": {
        "08": {
            "P": {
                "Precision": 0.0,
                "Accuracy": 0.969696969696969,
                "Recall": 0.0,
                "norm2": 0.0002125269860437104,
                "norminf": 7.977651858436464e-05
            },
            "Q": {
                "Precision": 0.0,
                "Accuracy": 0.969696969696969,
                "Recall": 0.0,
                "norm2": 0.00010663414337991328,
                "norminf": 9.50307961853869e-05
            },
            "U": {
                "Precision": 0.0,
                "Accuracy": 0.969696969696969,
                "Recall": 0.0,
                "norm2": 0.0011614221811731195,
                "norminf": 0.00030990542404936373
            },
            "I": {
                "Precision": 0.0,
                "Accuracy": 0.969696969696969,
                "Recall": 0.0,
                "norm2": 0.00019798198900876186,
                "norminf": 6.476305913857505e-05
            }
        },
        "10": {
            "P": {
                "Precision": 0.0,
                "Accuracy": 0.969696969696969,
                "Recall": 0.0,
                "norm2": 0.0006372987686149791,
                "norminf": 0.00023385781914879499
            },
            "Q": {
                "Precision": 0.0,
                "Accuracy": 0.969696969696969,
                "Recall": 0.0,
                "norm2": 0.00025712688677880034,
                "norminf": 0.00023745438558197217
            },
            "U": {
                "Precision": 0.0,
                "Accuracy": 0.969696969696969,
                "Recall": 0.0,
                "norm2": 0.0011788001708072581,
                "norminf": 0.0003411646693958503
            },
            "I": {
                "Precision": 0.0,
                "Accuracy": 0.969696969696969,
                "Recall": 0.0,
                "norm2": 0.0007788511914611853,
                "norminf": 0.0002296120510354993
            }
        },
        "13": {
            "P": {
                "Precision": 0.21,
                "Accuracy": 0.9748484848484843,
                "Recall": 0.24,
                "norm2": 0.0007120391537450269,
                "norminf": 0.0003731515088425064
            },
            "Q": {
                "Precision": 0.0,
                "Accuracy": 0.969696969696969,
                "Recall": 0.0,
                "norm2": 0.00040650977599173294,
                "norminf": 0.00039808169343406695
            },
            "U": {
                "Precision": 0.0,
                "Accuracy": 0.969696969696969,
                "Recall": 0.0,
                "norm2": 0.0011128819867144456,
                "norminf": 0.0003659615923570292
            },
            "I": {
                "Precision": 0.0,
                "Accuracy": 0.9693939393939387,
                "Recall": 0.0,
                "norm2": 0.0009180187107393436,
                "norminf": 0.0003699218250037073
            }
        }
    }
}