{
    "090neg": {
        "08": {
            "P": {
                "Precision": 0.085,
                "Accuracy": 0.9555172413793115,
                "Recall": 0.17,
                "norm2": 0.0019013178367739332,
                "norminf": 0.0018092093132821385
            },
            "Q": {
                "Precision": 0.0,
                "Accuracy": 0.965517241379312,
                "Recall": 0.0,
                "norm2": 0.0005799482433784361,
                "norminf": 0.0003321903777456625
            },
            "U": {
                "Precision": 0.0,
                "Accuracy": 0.965517241379312,
                "Recall": 0.0,
                "norm2": 0.008350897225680365,
                "norminf": 0.002248969041370853
            },
            "I": {
                "Precision": 0.0,
                "Accuracy": 0.9558620689655183,
                "Recall": 0.0,
                "norm2": 0.000934744084040147,
                "norminf": 0.0006439941840486685
            }
        },
        "10": {
            "P": {
                "Precision": 1.0,
                "Accuracy": 1.0,
                "Recall": 1.0,
                "norm2": 0.0016841641968762728,
                "norminf": 0.0016003232332217098
            },
            "Q": {
                "Precision": 0.0,
                "Accuracy": 0.965517241379312,
                "Recall": 0.0,
                "norm2": 0.002074146425422526,
                "norminf": 0.0012082402369383615
            },
            "U": {
                "Precision": 0.0,
                "Accuracy": 0.965517241379312,
                "Recall": 0.0,
                "norm2": 0.00787927100919278,
                "norminf": 0.002333951578371802
            },
            "I": {
                "Precision": 0.0,
                "Accuracy": 0.9013793103448284,
                "Recall": 0.0,
                "norm2": 0.0014232264210027796,
                "norminf": 0.0011093066680480112
            }
        },
        "13": {
            "P": {
                "Precision": 1.0,
                "Accuracy": 1.0,
                "Recall": 1.0,
                "norm2": 0.0019084061515226985,
                "norminf": 0.001865448865759295
            },
            "Q": {
                "Precision": 0.32,
                "Accuracy": 0.9744827586206912,
                "Recall": 0.38,
                "norm2": 0.0029828562153635363,
                "norminf": 0.0019783240961437974
            },
            "U": {
                "Precision": 0.95,
                "Accuracy": 0.9982758620689657,
                "Recall": 0.95,
                "norm2": 0.0034833069398379686,
                "norminf": 0.0012132644018100647
            },
            "I": {
                "Precision": 0.0,
                "Accuracy": 0.8965517241379318,
                "Recall": 0.0,
                "norm2": 0.0015212186948517297,
                "norminf": 0.0013151859208121964
            }
        }
    },
    "090pos": {
        "08": {
            "P": {
                "Precision": 0.04,
                "Accuracy": 0.961379310344829,
                "Recall": 0.08,
                "norm2": 0.001557972592704569,
                "norminf": 0.000669260786189827
            },
            "Q": {
                "Precision": 0.0,
                "Accuracy": 0.965517241379312,
                "Recall": 0.0,
                "norm2": 0.0007300004569079951,
                "norminf": 0.0007011774531985648
            },
            "U": {
                "Precision": 0.0,
                "Accuracy": 0.965517241379312,
                "Recall": 0.0,
                "norm2": 0.008403034301610827,
                "norminf": 0.00224714238118628
            },
            "I": {
                "Precision": 0.0,
                "Accuracy": 0.965517241379312,
                "Recall": 0.0,
                "norm2": 0.0012949256652240015,
                "norminf": 0.00050375681717294
            }
        },
        "10": {
            "P": {
                "Precision": 1.0,
                "Accuracy": 1.0,
                "Recall": 1.0,
                "norm2": 0.0013884562002159113,
                "norminf": 0.0004110533076808942
            },
            "Q": {
                "Precision": 0.0,
                "Accuracy": 0.965517241379312,
                "Recall": 0.0,
                "norm2": 0.0016748938187518179,
                "norminf": 0.0016380531856153024
            },
            "U": {
                "Precision": 0.0,
                "Accuracy": 0.965517241379312,
                "Recall": 0.0,
                "norm2": 0.00817518313549817,
                "norminf": 0.0023634916216321257
            },
            "I": {
                "Precision": 0.0,
                "Accuracy": 0.8965517241379318,
                "Recall": 0.0,
                "norm2": 0.002006660466682476,
                "norminf": 0.000871826463103953
            }
        },
        "13": {
            "P": {
                "Precision": 1.0,
                "Accuracy": 1.0,
                "Recall": 1.0,
                "norm2": 0.001643732248372026,
                "norminf": 0.0006904632006512013
            },
            "Q": {
                "Precision": 0.0,
                "Accuracy": 0.9541379310344837,
                "Recall": 0.0,
                "norm2": 0.002712321070684752,
                "norminf": 0.002694681217753665
            },
            "U": {
                "Precision": 1.0,
                "Accuracy": 1.0,
                "Recall": 1.0,
                "norm2": 0.0034033898309424986,
                "norminf": 0.0011183629494266544
            },
            "I": {
                "Precision": 0.0,
                "Accuracy": 0.8965517241379318,
                "Recall": 0.0,
                "norm2": 0.00265180437705182,
                "norminf": 0.0014635580271905946
            }
        }
    }
}