{
    "090neg": {
        "08": {
            "P": {
                "Precision": 0.11733333333333333,
                "Accuracy": 0.9448484848484839,
                "Recall": 0.34,
                "norm2": 0.0011223638890902853,
                "norminf": 0.0008886722622130617
            },
            "Q": {
                "Precision": 0.0,
                "Accuracy": 0.969696969696969,
                "Recall": 0.0,
                "norm2": 0.000415473847744177,
                "norminf": 0.0001926129055881265
            },
            "U": {
                "Precision": 0.0,
                "Accuracy": 0.969696969696969,
                "Recall": 0.0,
                "norm2": 0.005947292699834453,
                "norminf": 0.0016009070669773106
            },
            "I": {
                "Precision": 0.0,
                "Accuracy": 0.9621212121212115,
                "Recall": 0.0,
                "norm2": 0.0009548238986803563,
                "norminf": 0.0007056235406478761
            }
        },
        "10": {
            "P": {
                "Precision": 0.2186666666666666,
                "Accuracy": 0.9281818181818173,
                "Recall": 0.57,
                "norm2": 0.00295835429839473,
                "norminf": 0.0026721480618581905
            },
            "Q": {
                "Precision": 0.0,
                "Accuracy": 0.969696969696969,
                "Recall": 0.0,
                "norm2": 0.0014507803712365105,
                "norminf": 0.0006934327949222163
            },
            "U": {
                "Precision": 0.0,
                "Accuracy": 0.969696969696969,
                "Recall": 0.0,
                "norm2": 0.005521181260766644,
                "norminf": 0.0016265398226235884
            },
            "I": {
                "Precision": 0.0,
                "Accuracy": 0.9296969696969686,
                "Recall": 0.0,
                "norm2": 0.002770972962000081,
                "norminf": 0.0024644430930597216
            }
        },
        "13": {
            "P": {
                "Precision": 1.0,
                "Accuracy": 1.0,
                "Recall": 1.0,
                "norm2": 0.0014771927952472634,
                "norminf": 0.0014354922694384987
            },
            "Q": {
                "Precision": 0.05,
                "Accuracy": 0.9712121212121205,
                "Recall": 0.05,
                "norm2": 0.0020730735388108036,
                "norminf": 0.0012152121193014288
            },
            "U": {
                "Precision": 1.0,
                "Accuracy": 1.0,
                "Recall": 1.0,
                "norm2": 0.003276104331340215,
                "norminf": 0.001131920820128428
            },
            "I": {
                "Precision": 0.0,
                "Accuracy": 0.9354545454545441,
                "Recall": 0.0,
                "norm2": 0.0038218388786257014,
                "norminf": 0.0037736454185777215
            }
        }
    },
    "090pos": {
        "08": {
            "P": {
                "Precision": 0.0,
                "Accuracy": 0.969696969696969,
                "Recall": 0.0,
                "norm2": 0.0010204505562488905,
                "norminf": 0.00031237435911173116
            },
            "Q": {
                "Precision": 0.0,
                "Accuracy": 0.969696969696969,
                "Recall": 0.0,
                "norm2": 0.0005278041176333588,
                "norminf": 0.000449465433937446
            },
            "U": {
                "Precision": 0.0,
                "Accuracy": 0.969696969696969,
                "Recall": 0.0,
                "norm2": 0.005889644736036025,
                "norminf": 0.0015754426538528588
            },
            "I": {
                "Precision": 0.0,
                "Accuracy": 0.969696969696969,
                "Recall": 0.0,
                "norm2": 0.0010801085400847985,
                "norminf": 0.00035306432518211083
            }
        },
        "10": {
            "P": {
                "Precision": 0.96,
                "Accuracy": 0.9987878787878788,
                "Recall": 0.96,
                "norm2": 0.0010594773564936706,
                "norminf": 0.0003255544054195858
            },
            "Q": {
                "Precision": 0.0,
                "Accuracy": 0.969696969696969,
                "Recall": 0.0,
                "norm2": 0.0011780976939399002,
                "norminf": 0.0010703604928188693
            },
            "U": {
                "Precision": 0.0,
                "Accuracy": 0.969696969696969,
                "Recall": 0.0,
                "norm2": 0.005635797191550145,
                "norminf": 0.0016314268471956362
            },
            "I": {
                "Precision": 0.0,
                "Accuracy": 0.9306060606060593,
                "Recall": 0.0,
                "norm2": 0.0031985356082587287,
                "norminf": 0.001663303666655076
            }
        },
        "13": {
            "P": {
                "Precision": 1.0,
                "Accuracy": 1.0,
                "Recall": 1.0,
                "norm2": 0.0010866234391501196,
                "norminf": 0.0005143722594665556
            },
            "Q": {
                "Precision": 0.17,
                "Accuracy": 0.9748484848484843,
                "Recall": 0.17,
                "norm2": 0.0018119698851666948,
                "norminf": 0.0017603730929077722
            },
            "U": {
                "Precision": 1.0,
                "Accuracy": 1.0,
                "Recall": 1.0,
                "norm2": 0.003331123555698407,
                "norminf": 0.0010926768714862468
            },
            "I": {
                "Precision": 0.0,
                "Accuracy": 0.9363636363636352,
                "Recall": 0.0,
                "norm2": 0.004396480682899109,
                "norminf": 0.0027387768918721257
            }
        }
    }
}