{
    "090neg": {
        "08": {
            "P": {
                "Precision": 0.15,
                "Accuracy": 0.9757142857142856,
                "Recall": 0.15,
                "norm2": 0.0012227232419847476,
                "norminf": 0.0010460397738540784
            },
            "Q": {
                "Precision": 0.0,
                "Accuracy": 0.9714285714285715,
                "Recall": 0.0,
                "norm2": 0.00038507706468209334,
                "norminf": 0.00021514766617987014
            },
            "U": {
                "Precision": 0.0,
                "Accuracy": 0.9714285714285715,
                "Recall": 0.0,
                "norm2": 0.005886068225590283,
                "norminf": 0.001579787814925151
            },
            "I": {
                "Precision": 0.0,
                "Accuracy": 0.9714285714285715,
                "Recall": 0.0,
                "norm2": 0.0007752472013820848,
                "norminf": 0.0005227435131820168
            }
        },
        "10": {
            "P": {
                "Precision": 0.97,
                "Accuracy": 0.9991428571428572,
                "Recall": 0.97,
                "norm2": 0.0013366335267410376,
                "norminf": 0.001169708783081731
            },
            "Q": {
                "Precision": 0.0,
                "Accuracy": 0.9714285714285715,
                "Recall": 0.0,
                "norm2": 0.0013680236068230578,
                "norminf": 0.0007823476861160983
            },
            "U": {
                "Precision": 0.0,
                "Accuracy": 0.9714285714285715,
                "Recall": 0.0,
                "norm2": 0.005430488591106581,
                "norminf": 0.0016009611541248781
            },
            "I": {
                "Precision": 0.45,
                "Accuracy": 0.9842857142857143,
                "Recall": 0.45,
                "norm2": 0.0016658601803238692,
                "norminf": 0.0012738810139032175
            }
        },
        "13": {
            "P": {
                "Precision": 1.0,
                "Accuracy": 1.0,
                "Recall": 1.0,
                "norm2": 0.0016947657022448681,
                "norminf": 0.00162594893095643
            },
            "Q": {
                "Precision": 0.0,
                "Accuracy": 0.9714285714285715,
                "Recall": 0.0,
                "norm2": 0.0019502531921690583,
                "norminf": 0.001290341197152095
            },
            "U": {
                "Precision": 1.0,
                "Accuracy": 1.0,
                "Recall": 1.0,
                "norm2": 0.003252922985980483,
                "norminf": 0.0011212365352603682
            },
            "I": {
                "Precision": 1.0,
                "Accuracy": 1.0,
                "Recall": 1.0,
                "norm2": 0.0015988052485463552,
                "norminf": 0.001423691316595792
            }
        }
    },
    "090pos": {
        "08": {
            "P": {
                "Precision": 0.0,
                "Accuracy": 0.9714285714285715,
                "Recall": 0.0,
                "norm2": 0.0011239357904370543,
                "norminf": 0.0003541511333128833
            },
            "Q": {
                "Precision": 0.0,
                "Accuracy": 0.9714285714285715,
                "Recall": 0.0,
                "norm2": 0.0004890078501466788,
                "norminf": 0.00045496223538149527
            },
            "U": {
                "Precision": 0.0,
                "Accuracy": 0.9714285714285715,
                "Recall": 0.0,
                "norm2": 0.0060114661771475605,
                "norminf": 0.0016026533764063023
            },
            "I": {
                "Precision": 0.0,
                "Accuracy": 0.9714285714285715,
                "Recall": 0.0,
                "norm2": 0.000909824188736166,
                "norminf": 0.00032521658081886563
            }
        },
        "10": {
            "P": {
                "Precision": 0.74,
                "Accuracy": 0.9925714285714287,
                "Recall": 0.74,
                "norm2": 0.0017509743777985778,
                "norminf": 0.0005238146533370247
            },
            "Q": {
                "Precision": 0.0,
                "Accuracy": 0.9714285714285715,
                "Recall": 0.0,
                "norm2": 0.0011400573224428806,
                "norminf": 0.0010920548975290223
            },
            "U": {
                "Precision": 0.0,
                "Accuracy": 0.9714285714285715,
                "Recall": 0.0,
                "norm2": 0.005692479316312147,
                "norminf": 0.0016365118934257871
            },
            "I": {
                "Precision": 0.0,
                "Accuracy": 0.9714285714285715,
                "Recall": 0.0,
                "norm2": 0.002787676417385462,
                "norminf": 0.0008543233025372587
            }
        },
        "13": {
            "P": {
                "Precision": 1.0,
                "Accuracy": 1.0,
                "Recall": 1.0,
                "norm2": 0.0014193159544399361,
                "norminf": 0.0005828714721009365
            },
            "Q": {
                "Precision": 0.0,
                "Accuracy": 0.9714285714285715,
                "Recall": 0.0,
                "norm2": 0.001818449362886309,
                "norminf": 0.0017953555947439193
            },
            "U": {
                "Precision": 1.0,
                "Accuracy": 1.0,
                "Recall": 1.0,
                "norm2": 0.003332602472844278,
                "norminf": 0.0010867627991472716
            },
            "I": {
                "Precision": 1.0,
                "Accuracy": 1.0,
                "Recall": 1.0,
                "norm2": 0.0020779819363511655,
                "norminf": 0.0009869339635076458
            }
        }
    }
}