{
    "090neg": {
        "08": {
            "P": {
                "Precision": 0.0,
                "Accuracy": 0.96875,
                "Recall": 0.0,
                "F1": 0.0,
                "norm2": 1.92110588626902e-05,
                "norminf": 0.0002498025915640467,
                "z": 0.0013382079391323087
            },
            "Q": {
                "Precision": 0.0,
                "Accuracy": 0.96875,
                "Recall": 0.0,
                "F1": 0.0,
                "norm2": 6.305787928318637e-06,
                "norminf": 3.969596114275164e-05,
                "z": 0.001566580446986086
            },
            "U": {
                "Precision": 0.0,
                "Accuracy": 0.96875,
                "Recall": 0.0,
                "F1": 0.0,
                "norm2": 9.206277441994131e-05,
                "norminf": 0.0003686077637139529,
                "z": 0.000403490225173031
            },
            "I": {
                "Precision": 0.0,
                "Accuracy": 0.96875,
                "Recall": 0.0,
                "F1": 0.0,
                "norm2": 1.4481171446724823e-05,
                "norminf": 0.0001433367479129688,
                "z": 0.00010680461191400719
            }
        },
        "10": {
            "P": {
                "Precision": 0.0,
                "Accuracy": 0.96875,
                "Recall": 0.0,
                "F1": 0.0,
                "norm2": 5.367142574753122e-05,
                "norminf": 0.0007318586038413378,
                "z": 0.003315246946807043
            },
            "Q": {
                "Precision": 0.0,
                "Accuracy": 0.96875,
                "Recall": 0.0,
                "F1": 0.0,
                "norm2": 2.0443193879466556e-05,
                "norminf": 0.00013338831076189716,
                "z": 0.004002351633064675
            },
            "U": {
                "Precision": 0.0,
                "Accuracy": 0.96875,
                "Recall": 0.0,
                "F1": 0.0,
                "norm2": 9.475062997340661e-05,
                "norminf": 0.00041167317338678175,
                "z": 0.0007013365297411212
            },
            "I": {
                "Precision": 0.0,
                "Accuracy": 0.96875,
                "Recall": 0.0,
                "F1": 0.0,
                "norm2": 3.9748039045163925e-05,
                "norminf": 0.000453389595106245,
                "z": 0.0013178516461709393
            }
        },
        "13": {
            "P": {
                "Precision": 0.23,
                "Accuracy": 0.9759375,
                "Recall": 0.23,
                "F1": 0.23,
                "norm2": 6.68699981103442e-05,
                "norminf": 0.0009812261964474366,
                "z": 0.004145509934289808
            },
            "Q": {
                "Precision": 0.0,
                "Accuracy": 0.96875,
                "Recall": 0.0,
                "F1": 0.0,
                "norm2": 3.075196194718058e-05,
                "norminf": 0.000249724002317121,
                "z": 0.0022081472271400964
            },
            "U": {
                "Precision": 0.0,
                "Accuracy": 0.96875,
                "Recall": 0.0,
                "F1": 0.0,
                "norm2": 8.871994236621793e-05,
                "norminf": 0.0004441176753809184,
                "z": 0.00044244092124575584
            },
            "I": {
                "Precision": 0.0,
                "Accuracy": 0.96875,
                "Recall": 0.0,
                "F1": 0.0,
                "norm2": 4.512441063640512e-05,
                "norminf": 0.0006096555192980846,
                "z": 0.0031307762874827204
            }
        }
    },
    "090pos": {
        "08": {
            "P": {
                "Precision": 0.0,
                "Accuracy": 0.96875,
                "Recall": 0.0,
                "F1": 0.0,
                "norm2": 1.5099493366157475e-05,
                "norminf": 7.336006590429323e-05,
                "z": 0.001424638646236287
            },
            "Q": {
                "Precision": 0.0,
                "Accuracy": 0.96875,
                "Recall": 0.0,
                "F1": 0.0,
                "norm2": 7.324045176387163e-06,
                "norminf": 9.419698567457502e-05,
                "z": 0.0012588365743010119
            },
            "U": {
                "Precision": 0.0,
                "Accuracy": 0.96875,
                "Recall": 0.0,
                "F1": 0.0,
                "norm2": 9.10239933327224e-05,
                "norminf": 0.0003633072058004383,
                "z": 0.0003913266847306196
            },
            "I": {
                "Precision": 0.0,
                "Accuracy": 0.96875,
                "Recall": 0.0,
                "F1": 0.0,
                "norm2": 1.56582376357409e-05,
                "norminf": 6.869252305281127e-05,
                "z": 0.0001514315208136255
            }
        },
        "10": {
            "P": {
                "Precision": 0.0,
                "Accuracy": 0.96875,
                "Recall": 0.0,
                "F1": 0.0,
                "norm2": 5.2688474986718815e-05,
                "norminf": 0.0002444656063794781,
                "z": 0.0025153475516515
            },
            "Q": {
                "Precision": 0.0,
                "Accuracy": 0.96875,
                "Recall": 0.0,
                "F1": 0.0,
                "norm2": 1.6550122075599465e-05,
                "norminf": 0.00022593090275797146,
                "z": 0.0015258126524889941
            },
            "U": {
                "Precision": 0.0,
                "Accuracy": 0.96875,
                "Recall": 0.0,
                "F1": 0.0,
                "norm2": 8.395429276302732e-05,
                "norminf": 0.0003595546909759739,
                "z": 0.0003581999351951559
            },
            "I": {
                "Precision": 0.0,
                "Accuracy": 0.96875,
                "Recall": 0.0,
                "F1": 0.0,
                "norm2": 4.6883605103979325e-05,
                "norminf": 0.00020725068529338974,
                "z": 0.0009304717388681921
            }
        },
        "13": {
            "P": {
                "Precision": 0.245,
                "Accuracy": 0.9746875,
                "Recall": 0.27,
                "F1": 0.25333333333333335,
                "norm2": 5.879721291747429e-05,
                "norminf": 0.00040980258754571566,
                "z": 0.003825709850766614
            },
            "Q": {
                "Precision": 0.0,
                "Accuracy": 0.96875,
                "Recall": 0.0,
                "F1": 0.0,
                "norm2": 2.5337235843329622e-05,
                "norminf": 0.00036997284521643524,
                "z": 0.003435439438463619
            },
            "U": {
                "Precision": 0.0,
                "Accuracy": 0.96875,
                "Recall": 0.0,
                "F1": 0.0,
                "norm2": 8.844511824883791e-05,
                "norminf": 0.0004253385495909745,
                "z": 0.0004931599205251991
            },
            "I": {
                "Precision": 0.0,
                "Accuracy": 0.96875,
                "Recall": 0.0,
                "F1": 0.0,
                "norm2": 6.676654690234507e-05,
                "norminf": 0.0003386614561243606,
                "z": 0.0028964392174715757
            }
        }
    }
}