{
  "irrad_LV0101": 98.03352453915143,
  "irrad_LV0102": 92.62997169845272,
  "irrad_LV0103": 3.754162069404728,
  "irrad_LV0201": 97.07777454788084,
  "irrad_LV0202": 177.63586829875567,
  "irrad_LV0203": 188.70797503111788
}