{
  "P_LV0101": 0.0294043711428283,
  "Q_LV0101": -0.027413331908388513,
  "U_LV0101": 0.9948088514809238,
  "I_LV0101_MV0101": 0.040410620916935015,
  "P_LV0102": 0.02778361871181339,
  "Q_LV0102": -0.027413331908387854,
  "U_LV0102": 0.9947589870719213,
  "I_LV0102_MV0102": 0.03923665614300649,
  "P_LV0103": 0.0011260308689097416,
  "Q_LV0103": -0.027413331908387604,
  "U_LV0103": 0.9940100075608763,
  "I_LV0103_MV0103": 0.0276017830729469,
  "P_LV0201": 0.029117701581622708,
  "Q_LV0201": -0.027413331908387836,
  "U_LV0201": 0.9948874297333573,
  "I_LV0201_MV0201": 0.04019715128339286,
  "P_LV0202": 0.053280457111884956,
  "Q_LV0202": -0.027413331908388204,
  "U_LV0202": 0.9955923187588639,
  "I_LV0202_MV0202": 0.06018436793169501,
  "P_LV0203": 0.05660144691840124,
  "Q_LV0203": -0.027413331908388187,
  "U_LV0203": 0.9957077006550963,
  "I_LV0203_MV0203": 0.06316160509216158,
  "P_POIMV_MV0101": -0.0581980519643821,
  "Q_POIMV_MV0101": 0.0815232184368142,
  "U_POIMV": 0.9978259134021557,
  "I_POIMV_MV0101": 0.1003833477753374,
  "P_POIMV_MV0201": -0.1387027125286977,
  "Q_POIMV_MV0201": 0.08199919312994552,
  "I_POIMV_MV0201": 0.16147931128274898,
  "P_POI_POIMV": -0.19689076449251033,
  "Q_POI_POIMV": 0.16381321617382127,
  "U_POI": 0.9999556987960828,
  "I_POI_POIMV": 0.2561377670428598
}