{
  "P_LV0101": 0.000352,
  "Q_LV0101": 0.000372,
  "U_LV0101": 0.002487,
  "I_LV0101_MV0101": 0.000123,
  "P_LV0102": 0.000352,
  "Q_LV0102": 0.000356,
  "U_LV0102": 0.002487,
  "I_LV0102_MV0102": 0.000121,
  "P_LV0103": 0.000362,
  "Q_LV0103": 0.000117,
  "U_LV0103": 0.002485,
  "I_LV0103_MV0103": 0.000094,
  "P_LV0201": 0.000352,
  "Q_LV0201": 0.000369,
  "U_LV0201": 0.002487,
  "I_LV0201_MV0201": 0.000123,
  "P_LV0202": 0.000344,
  "Q_LV0202": 0.000567,
  "U_LV0202": 0.002489,
  "I_LV0202_MV0202": 0.000150,
  "P_LV0203": 0.000350,
  "Q_LV0203": 0.000602,
  "U_LV0203": 0.002489,
  "I_LV0203_MV0203": 0.000158,
  "P_POIMV_MV0101": 0.001063,
  "Q_POIMV_MV0101": 0.000811,
  "U_POIMV": 0.002495,
  "I_POIMV_MV0101": 0.000325,
  "P_POIMV_MV0201": 0.001034,
  "Q_POIMV_MV0201": 0.001554,
  "I_POIMV_MV0201": 0.000431,
  "P_POI_POIMV": 0.002098,
  "Q_POI_POIMV": 0.002432,
  "U_POI": 0.002500,
  "I_POI_POIMV": 0.000764
}
