{
  "irrad_LV0101": 551.2949872135737,
  "irrad_LV0102": 585.1570725459579,
  "irrad_LV0103": 547.7551015815778,
  "irrad_LV0201": 430.3057255809572,
  "irrad_LV0202": 541.1759645006629,
  "irrad_LV0203": 549.4215187697853
}