{
  "P_LV0101": 0.01640295693054803,
  "Q_LV0101": 3.747567438052646e-17,
  "U_LV0101": 1.0044463216022657,
  "I_LV0101_MV0101": 0.009428330211066984,
  "P_LV0102": 0.015152039725100586,
  "Q_LV0102": -1.0171740007899735e-17,
  "U_LV0102": 1.004361271682024,
  "I_LV0102_MV0102": 0.00871004733128371,
  "P_LV0103": 0.01740677652026835,
  "Q_LV0103": 3.796827300095567e-17,
  "U_LV0103": 1.0050307719207843,
  "I_LV0103_MV0103": 0.00999950189633866,
  "P_LV0201": 0.016851768901386302,
  "Q_LV0201": -4.161652352742513e-17,
  "U_LV0201": 1.0048970847404273,
  "I_LV0201_MV0201": 0.009681959933290003,
  "P_LV0202": 0.017570338257682616,
  "Q_LV0202": -2.9319378696536637e-17,
  "U_LV0202": 1.005295279387937,
  "I_LV0202_MV0202": 0.010090805886407869,
  "P_LV0203": 0.015301243271843207,
  "Q_LV0203": 7.802531727293198e-17,
  "U_LV0203": 1.004845907931604,
  "I_LV0203_MV0203": 0.008791573764896034,
  "P_POIMV_MV0101": -0.048723459721657036,
  "Q_POIMV_MV0101": 0.000987678661715563,
  "U_POIMV": 0.9999998047746261,
  "I_POIMV_MV0101": 0.028136287149565557,
  "P_POIMV_MV0201": -0.04946130412187699,
  "Q_POIMV_MV0201": 0.0010045445887243432,
  "I_POIMV_MV0201": 0.02856239176999821,
  "P_POI_POI_MV": -0.09818376384356951,
  "Q_POI_POI_MV": 0.0019356361590325832,
  "U_POI": 0.9999998053123025,
  "I_POI_POI_MV": 0.056697448281466785
}