{
    "090neg": {
        "10": {
            "2.5": {
                "3": {
                    "Precision": 0.9334999999999998,
                    "Accuracy": 0.9620857142857124,
                    "Recall": 0.5966666666666665
                },
                "4": {
                    "Precision": 0.9051119047619042,
                    "Accuracy": 0.9410571428571415,
                    "Recall": 0.5325
                },
                "5": {
                    "Precision": 0.8763773809523807,
                    "Accuracy": 0.9211428571428559,
                    "Recall": 0.5116000000000017
                },
                "6": {
                    "Precision": 0.8556615079365076,
                    "Accuracy": 0.8990571428571391,
                    "Recall": 0.49416666666666675
                }
            }
        }
    },
    "090pos": {
        "10": {
            "2.5": {
                "3": {
                    "Precision": 0.8901999999999993,
                    "Accuracy": 0.9586571428571408,
                    "Recall": 0.5800000000000004
                },
                "4": {
                    "Precision": 0.8610714285714286,
                    "Accuracy": 0.9380571428571415,
                    "Recall": 0.5415
                },
                "5": {
                    "Precision": 0.8270714285714285,
                    "Accuracy": 0.9156857142857119,
                    "Recall": 0.4952000000000006
                },
                "6": {
                    "Precision": 0.8175944444444435,
                    "Accuracy": 0.8939714285714261,
                    "Recall": 0.48200000000000015
                }
            }
        }
    },
    "100pos": {
        "10": {
            "2.5": {
                "3": {
                    "Precision": 0.805,
                    "Accuracy": 0.949028571428572,
                    "Recall": 0.40533333333333266
                },
                "4": {
                    "Precision": 0.891,
                    "Accuracy": 0.9328285714285706,
                    "Recall": 0.41225
                },
                "5": {
                    "Precision": 0.897,
                    "Accuracy": 0.9137999999999977,
                    "Recall": 0.3965999999999986
                },
                "6": {
                    "Precision": 0.924,
                    "Accuracy": 0.8957428571428522,
                    "Recall": 0.39183333333333287
                }
            }
        }
    }
}