{
  "irrad_LV0101": 4.72932297816016,
  "irrad_LV0102": -20.24791184920763,
  "irrad_LV0103": 14.626438047384738,
  "irrad_LV0201": -2.566227441384985,
  "irrad_LV0202": -138.91762635328527,
  "irrad_LV0203": -113.06676329774572
}