{
  "irrad_LV0101": -78.12532298484237,
  "irrad_LV0102": 8.128851728845111,
  "irrad_LV0103": 52.27439559724959,
  "irrad_LV0201": -34.70923733511056,
  "irrad_LV0202": 60.94229715823359,
  "irrad_LV0203": -62.43188087642372
}