{
  "P_LV0101": -0.02343306540796869,
  "Q_LV0101": 2.911829851210008e-16,
  "U_LV0101": 0.9993839487413835,
  "I_LV0101_MV0101": 0.023447510276185756,
  "P_LV0102": 0.0024381840224924766,
  "Q_LV0102": 1.2971652857865693e-15,
  "U_LV0102": 1.0001212418234262,
  "I_LV0102_MV0102": 0.0024378884484516764,
  "P_LV0103": 0.015679286617861936,
  "Q_LV0103": 1.7142068912256237e-16,
  "U_LV0103": 1.0004975733151182,
  "I_LV0103_MV0103": 0.015671488903175546,
  "P_LV0201": -0.010410757967581868,
  "Q_LV0201": -1.377881071013441e-16,
  "U_LV0201": 0.9997414958489684,
  "I_LV0201_MV0201": 0.010413449887604374,
  "P_LV0202": 0.01827915432359647,
  "Q_LV0202": 6.423897871976397e-19,
  "U_LV0202": 1.0005360981085532,
  "I_LV0202_MV0202": 0.018269360154173343,
  "P_LV0203": -0.018725943039027023,
  "Q_LV0203": -6.351039485985554e-16,
  "U_LV0203": 0.9994950707932279,
  "I_LV0203_MV0203": 0.018735403091248444,
  "P_POIMV_MV0101": 0.005338264537613213,
  "Q_POIMV_MV0101": -0.0011618456371706998,
  "U_POIMV": 1.0000421575198961,
  "I_POIMV_MV0101": 0.0054630062392608154,
  "P_POIMV_MV0201": 0.010879951961101142,
  "Q_POIMV_MV0201": -0.001445910112920501,
  "I_POIMV_MV0201": 0.010975147126344426,
  "P_POI_POIMV": 0.016228216499526722,
  "Q_POI_POIMV": -0.003170148912431614,
  "U_POI": 1.000000857250738,
  "I_POI_POIMV": 0.01653494439452635
}