{
  "irrad_LV0101": 242.16027639377373,
  "irrad_LV0102": 314.44624149732886,
  "irrad_LV0103": 288.5398906762715,
  "irrad_LV0201": 233.24897050298054,
  "irrad_LV0202": 172.6434628471083,
  "irrad_LV0203": 173.28972055787023
}