{
  "P_LV0101": 0.007263403694405253,
  "Q_LV0101": 0.0025173544600759273,
  "U_LV0101": 1.0055469114914215,
  "I_LV0101_MV0101": 0.004413764143560992,
  "P_LV0102": 0.009431563368674237,
  "Q_LV0102": 0.0025173544600759963,
  "U_LV0102": 1.0062579575257602,
  "I_LV0102_MV0102": 0.005600889927992076,
  "P_LV0103": 0.00865452310813105,
  "Q_LV0103": 0.0025173544600759733,
  "U_LV0103": 1.006128482221045,
  "I_LV0103_MV0103": 0.005172078678916597,
  "P_LV0201": 0.006996116205750789,
  "Q_LV0201": 0.002517354460075879,
  "U_LV0201": 1.005605304754871,
  "I_LV0201_MV0201": 0.004268806807885651,
  "P_LV0202": 0.0051783025049885675,
  "Q_LV0202": 0.002517354460075812,
  "U_LV0202": 1.0052203018747952,
  "I_LV0202_MV0202": 0.003306985341128211,
  "P_LV0203": 0.00519768648783575,
  "Q_LV0203": 0.002517354460075869,
  "U_LV0203": 1.0052731821015268,
  "I_LV0203_MV0203": 0.0033168272027331892,
  "P_POIMV_MV0101": -0.025279413019148933,
  "Q_POIMV_MV0101": -0.007352446264832224,
  "U_POIMV": 1.0000015070608723,
  "I_POIMV_MV0101": 0.015199836617161776,
  "P_POIMV_MV0201": -0.01733374774543961,
  "Q_POIMV_MV0201": -0.007537134641459886,
  "I_POIMV_MV0201": 0.010912777413985815,
  "P_POI_POI_MV": -0.04261216076460661,
  "Q_POI_POI_MV": -0.014946172013878822,
  "U_POI": 1.0000015029091645,
  "I_POI_POI_MV": 0.0260715564903811
}