{
  "P_LV0101": 0.000165,
  "Q_LV0101": 0.000053,
  "U_LV0101": 0.002496,
  "I_LV0101_MV0101": 0.000046,
  "P_LV0102": 0.000132,
  "Q_LV0102": 0.000179,
  "U_LV0102": 0.002497,
  "I_LV0102_MV0102": 0.000057,
  "P_LV0103": 0.000123,
  "Q_LV0103": 0.000200,
  "U_LV0103": 0.002495,
  "I_LV0103_MV0103": 0.000059,
  "P_LV0201": 0.000160,
  "Q_LV0201": 0.000091,
  "U_LV0201": 0.002496,
  "I_LV0201_MV0201": 0.000049,
  "P_LV0202": 0.000129,
  "Q_LV0202": 0.000239,
  "U_LV0202": 0.002495,
  "I_LV0202_MV0202": 0.000068,
  "P_LV0203": 0.000126,
  "Q_LV0203": 0.000221,
  "U_LV0203": 0.002497,
  "I_LV0203_MV0203": 0.000063,
  "P_POIMV_MV0101": 0.000475,
  "Q_POIMV_MV0101": 0.000166,
  "U_POIMV": 0.002499,
  "I_POIMV_MV0101": 0.000134,
  "P_POIMV_MV0201": 0.000470,
  "Q_POIMV_MV0201": 0.000182,
  "I_POIMV_MV0201": 0.000134,
  "P_POI_POIMV": 0.000937,
  "Q_POI_POIMV": 0.000346,
  "U_POI": 0.002500,
  "I_POI_POIMV": 0.000265
}
