{
  "P_LV0101": 0.0027959089648719954,
  "Q_LV0101": 0.005326590679873465,
  "U_LV0101": 1.0013018721834037,
  "I_LV0101_MV0101": 0.006007963901308055,
  "P_LV0102": 0.016868686432209776,
  "Q_LV0102": 0.005326590679874086,
  "U_LV0102": 1.0017248776349834,
  "I_LV0102_MV0102": 0.017659230494864026,
  "P_LV0103": 0.026394568723699385,
  "Q_LV0103": 0.005326590679872411,
  "U_LV0103": 1.002005832920066,
  "I_LV0103_MV0103": 0.026872772704612913,
  "P_LV0201": 0.024659140052062378,
  "Q_LV0201": 0.00532659067987432,
  "U_LV0201": 1.0019392772406774,
  "I_LV0201_MV0201": 0.025179047419311155,
  "P_LV0202": 0.00727943409368133,
  "Q_LV0202": 0.005326590679873351,
  "U_LV0202": 1.0014809886063543,
  "I_LV0202_MV0202": 0.009006790147215738,
  "P_LV0203": 0.010998033388661458,
  "Q_LV0203": 0.005326590679873377,
  "U_LV0203": 1.0015937326412054,
  "I_LV0203_MV0203": 0.012200592615818798,
  "P_POIMV_MV0101": -0.046026702603512604,
  "Q_POIMV_MV0101": -0.017103891523674974,
  "U_POIMV": 1.0004654246184423,
  "I_POIMV_MV0101": 0.049079096830637735,
  "P_POIMV_MV0201": -0.04290993802794674,
  "Q_POIMV_MV0201": -0.01741587290695179,
  "I_POIMV_MV0201": 0.04628801710052784,
  "P_POI_POIMV": -0.08892664063114336,
  "Q_POI_POIMV": -0.034967310170941346,
  "U_POI": 1.0000094553649226,
  "I_POI_POIMV": 0.09555358459802546
}