{
  "irrad_LV0101": 605.5404981866957,
  "irrad_LV0102": 492.79012097245305,
  "irrad_LV0103": 538.8696463424778,
  "irrad_LV0201": 472.4906014805588,
  "irrad_LV0202": 590.2037004401749,
  "irrad_LV0203": 521.0817299106855
}