{
  "P_LV0101": 0.001021,
  "Q_LV0101": 0.001924,
  "U_LV0101": 0.002552,
  "I_LV0101_MV0101": 0.000482,
  "P_LV0102": 0.000950,
  "Q_LV0102": 0.001573,
  "U_LV0102": 0.002551,
  "I_LV0102_MV0102": 0.000407,
  "P_LV0103": 0.000978,
  "Q_LV0103": 0.001716,
  "U_LV0103": 0.002552,
  "I_LV0103_MV0103": 0.000437,
  "P_LV0201": 0.000939,
  "Q_LV0201": 0.001510,
  "U_LV0201": 0.002551,
  "I_LV0201_MV0201": 0.000394,
  "P_LV0202": 0.001011,
  "Q_LV0202": 0.001876,
  "U_LV0202": 0.002554,
  "I_LV0202_MV0202": 0.000471,
  "P_LV0203": 0.000967,
  "Q_LV0203": 0.001661,
  "U_LV0203": 0.002553,
  "I_LV0203_MV0203": 0.000425,
  "P_POIMV_MV0101": 0.002841,
  "Q_POIMV_MV0101": 0.005177,
  "U_POIMV": 0.002514,
  "I_POIMV_MV0101": 0.001326,
  "P_POIMV_MV0201": 0.002814,
  "Q_POIMV_MV0201": 0.005011,
  "I_POIMV_MV0201": 0.001291,
  "P_POI_POIMV": 0.005541,
  "Q_POI_POIMV": 0.010180,
  "U_POI": 0.002500,
  "I_POI_POIMV": 0.002618
}
