{
  "P_LV0101": 0.11302420729628367,
  "Q_LV0101": -0.014933515172178656,
  "U_LV0101": 1.000045994910115,
  "I_LV0101_MV0101": 0.1140012533126982,
  "P_LV0102": 0.0801909307875895,
  "Q_LV0102": -0.018002133496877626,
  "U_LV0102": 1.0000266592086076,
  "I_LV0102_MV0102": 0.08080021699637242,
  "P_LV0103": 0.12785543811796793,
  "Q_LV0103": -0.014933515172178656,
  "U_LV0103": 0.993345040791075,
  "I_LV0103_MV0103": 0.12864295579099175,
  "P_LV0201": 0.07906580293215139,
  "Q_LV0201": -0.009921581997954313,
  "U_LV0201": 0.9999923980203462,
  "I_LV0201_MV0201": 0.0064579673478730735,
  "P_LV0202": 0.08008864643709512,
  "Q_LV0202": -0.009921581997954313,
  "U_LV0202": 1.0001211189211405,
  "I_LV0202_MV0202": 0.0806910884721677,
  "P_LV0203": 0.014669376403103396,
  "Q_LV0203": -0.009921581997954313,
  "U_LV0203": 1.0001855783721283,
  "I_LV0203_MV0203": 0.08119336028852636,
  "P_POIMV_MV0101": -0.3199900161817101,
  "Q_POIMV_MV0101": 0.0435807432651743,
  "U_POIMV": 0.9990091419141558,
  "I_POIMV_MV0101": 0.32326440902148784,
  "P_POIMV_MV0201": -0.23913038861131958,
  "Q_POIMV_MV0201": 0.03096923631068473,
  "I_POIMV_MV0201": 0.2413665876642245,
  "P_POI_POIMV": -0.4472959945486412,
  "Q_POI_POIMV": 0.07813520468248845,
  "U_POI": 1.0,
  "I_POI_POIMV": 0.5645535734248484
}