{
  "P_LV0101": 0.045925673371974084,
  "Q_LV0101": -0.009205591544493692,
  "U_LV0101": 0.9994726497933928,
  "I_LV0101_MV0101": 0.04686390732974301,
  "P_LV0102": 0.03569723832253665,
  "Q_LV0102": -0.007274324768183682,
  "U_LV0102": 0.9996687204836915,
  "I_LV0102_MV0102": 0.036250415857030295,
  "P_LV0103": 0.059836345039208996,
  "Q_LV0103": -0.009205591544493692,
  "U_LV0103": 0.9996681733892228,
  "I_LV0103_MV0103": 0.060543900766293395,
  "P_LV0201": 0.03426525741561541,
  "Q_LV0201": -0.006239345380156836,
  "U_LV0201": 0.9996236242159271,
  "I_LV0201_MV0201": 0.0012161510281059596,
  "P_LV0202": 0.035083532219570404,
  "Q_LV0202": -0.006239345380156836,
  "U_LV0202": 0.9996889470028326,
  "I_LV0202_MV0202": 0.035645109923903795,
  "P_LV0203": 0.00671363649092882,
  "Q_LV0203": -0.006239345380156836,
  "U_LV0203": 0.9997076518598035,
  "I_LV0203_MV0203": 0.03554371393772383,
  "P_POIMV_MV0101": -0.14124368794212602,
  "Q_POIMV_MV0101": 0.024385980289049387,
  "U_POIMV": 0.9994540290235345,
  "I_POIMV_MV0101": 0.14341167022332688,
  "P_POIMV_MV0201": -0.104209832327259,
  "Q_POIMV_MV0201": 0.01769451613557062,
  "I_POIMV_MV0201": 0.10575913712892092,
  "P_POI_POIMV": -0.1963645172827529,
  "Q_POI_POIMV": 0.042323022201551715,
  "U_POI": 1.0,
  "I_POI_POIMV": 0.24907564812050872
}