{
  "P_LV0101": 0.28660075008523694,
  "Q_LV0101": -0.007159904534606205,
  "U_LV0101": 1.0052854586489288,
  "I_LV0101_MV0101": 0.2851828489138949,
  "P_LV0102": 0.1887146266621207,
  "Q_LV0102": -0.006746346642745316,
  "U_LV0102": 1.003671485881764,
  "I_LV0102_MV0102": 0.18808529623745157,
  "P_LV0103": 0.2774974428912376,
  "Q_LV0103": -0.007159904534606205,
  "U_LV0103": 0.8666879153606966,
  "I_LV0103_MV0103": 0.27605045581556753,
  "P_LV0201": 0.19311285373337878,
  "Q_LV0201": -0.0048073644732355945,
  "U_LV0201": 1.0038008781087937,
  "I_LV0201_MV0201": 0.046885010012989434,
  "P_LV0202": 0.19290828503239005,
  "Q_LV0202": -0.0048073644732355945,
  "U_LV0202": 1.0040554195681257,
  "I_LV0202_MV0202": 0.19218877052005823,
  "P_LV0203": 0.07060186494191201,
  "Q_LV0203": -0.0048073644732355945,
  "U_LV0203": 1.004249322817087,
  "I_LV0203_MV0203": 0.19479899175588117,
  "P_POIMV_MV0101": -0.7470552975592891,
  "Q_POIMV_MV0101": 0.044918452565390864,
  "U_POIMV": 0.9988980672180958,
  "I_POIMV_MV0101": 0.7492300941014527,
  "P_POIMV_MV0201": -0.5779981898384148,
  "Q_POIMV_MV0201": 0.028737152577453462,
  "I_POIMV_MV0201": 0.5793505370645448,
  "P_POI_POIMV": -1.0600437510715766,
  "Q_POI_POIMV": 0.09607267417897272,
  "U_POI": 1.0,
  "I_POI_POIMV": 1.3285317848184002
}