{
  "P_LV0101": 0.1331742243436754,
  "Q_LV0101": -0.01431980906921241,
  "U_LV0101": 1.000672063196477,
  "I_LV0101_MV0101": 0.1338519370132671,
  "P_LV0102": 0.08233890214797135,
  "Q_LV0102": -0.01787884803600459,
  "U_LV0102": 1.0001610221769586,
  "I_LV0102_MV0102": 0.08287321304420225,
  "P_LV0103": 0.11108080463689056,
  "Q_LV0103": -0.01431980906921241,
  "U_LV0103": 0.9918585034028466,
  "I_LV0103_MV0103": 0.11196590762963352,
  "P_LV0201": 0.08561200136379134,
  "Q_LV0201": -0.009512444595976815,
  "U_LV0201": 1.0002655520512367,
  "I_LV0201_MV0201": 0.007545272408131387,
  "P_LV0202": 0.08438458915785883,
  "Q_LV0202": -0.009512444595976815,
  "U_LV0202": 1.0003420044075582,
  "I_LV0202_MV0202": 0.08489001980992533,
  "P_LV0203": 0.01739338805109214,
  "Q_LV0203": -0.009512444595976815,
  "U_LV0203": 1.0004204778074701,
  "I_LV0203_MV0203": 0.08579780378149587,
  "P_POIMV_MV0101": -0.32548446099771516,
  "Q_POIMV_MV0101": 0.04211341814522337,
  "U_POIMV": 0.9990375937087158,
  "I_POIMV_MV0101": 0.328513778494348,
  "P_POIMV_MV0201": -0.25459680713124333,
  "Q_POIMV_MV0201": 0.030100207860844462,
  "I_POIMV_MV0201": 0.2566169303807093,
  "P_POI_POIMV": -0.4640648317914265,
  "Q_POI_POIMV": 0.0761056628521334,
  "U_POI": 1.0,
  "I_POI_POIMV": 0.5850524331647186
}