{
  "P_LV0101": 0.3,
  "Q_LV0101": -0.0041936583702693484,
  "U_LV0101": 1.006113193126274,
  "I_LV0101_MV0101": 0.29820631706042605,
  "P_LV0102": 0.19914763041254688,
  "Q_LV0102": 0.004743663426610034,
  "U_LV0102": 1.0043495532810636,
  "I_LV0102_MV0102": 0.1983042433885482,
  "P_LV0103": 0.2970337538356631,
  "Q_LV0103": -0.0041936583702693484,
  "U_LV0103": 0.8559951888849805,
  "I_LV0103_MV0103": 0.29512258170585687,
  "P_LV0201": 0.20170473917490625,
  "Q_LV0201": -0.0027616774633481074,
  "U_LV0201": 1.0044268344011515,
  "I_LV0201_MV0201": 0.05178251646507873,
  "P_LV0202": 0.20201159222638937,
  "Q_LV0202": -0.0027616774633481074,
  "U_LV0202": 1.0047069351811921,
  "I_LV0202_MV0202": 0.20108397938112021,
  "P_LV0203": 0.07817040058969893,
  "Q_LV0203": -0.0027616774633481074,
  "U_LV0203": 1.0048923398456093,
  "I_LV0203_MV0203": 0.20308241822202344,
  "P_POIMV_MV0101": -0.7897506549861277,
  "Q_POIMV_MV0101": 0.04009031048267275,
  "U_POIMV": 0.9990066372220117,
  "I_POIMV_MV0101": 0.7915538576712935,
  "P_POIMV_MV0201": -0.603859102328961,
  "Q_POIMV_MV0201": 0.02403113794407296,
  "I_POIMV_MV0201": 0.6049380068649253,
  "P_POI_POIMV": -1.1148888940609136,
  "Q_POI_POIMV": 0.08894807197023816,
  "U_POI": 1.0,
  "I_POI_POIMV": 1.3964454573383538
}