{
  "P_LV0101": 0.2848619161268326,
  "Q_LV0101": -0.007875894988066826,
  "U_LV0101": 1.0051223761357615,
  "I_LV0101_MV0101": 0.2835184838454323,
  "P_LV0102": 0.1882032049096488,
  "Q_LV0102": -0.009215853975124588,
  "U_LV0102": 1.0035743315514671,
  "I_LV0102_MV0102": 0.18760492274916918,
  "P_LV0103": 0.2748380497783839,
  "Q_LV0103": -0.007875894988066826,
  "U_LV0103": 0.8693977399569597,
  "I_LV0103_MV0103": 0.27347742032511135,
  "P_LV0201": 0.1902488919195363,
  "Q_LV0201": -0.005216501875213092,
  "U_LV0201": 1.003641338165745,
  "I_LV0201_MV0201": 0.04549316920497171,
  "P_LV0202": 0.18973747016706444,
  "Q_LV0202": -0.005114217524718718,
  "U_LV0202": 1.00389758585913,
  "I_LV0202_MV0202": 0.1890694679348833,
  "P_LV0203": 0.06608201184893892,
  "Q_LV0203": -0.005216501875213092,
  "U_LV0203": 1.0040526246951884,
  "I_LV0203_MV0203": 0.19077421278044776,
  "P_POIMV_MV0101": -0.7422216457954254,
  "Q_POIMV_MV0101": 0.046403065659501024,
  "U_POIMV": 0.998874395126424,
  "I_POIMV_MV0101": 0.7445087939623144,
  "P_POIMV_MV0201": -0.5679948823992967,
  "Q_POIMV_MV0201": 0.029321086203217512,
  "I_POIMV_MV0201": 0.56939209735626,
  "P_POI_POIMV": -1.048174131369088,
  "Q_POI_POIMV": 0.09763608427972686,
  "U_POI": 1.0,
  "I_POI_POIMV": 1.313849365712471
}