{
  "P_LV0101": 0.2971360381861575,
  "Q_LV0101": -0.006955335833617457,
  "U_LV0101": 1.0055074255633953,
  "I_LV0101_MV0101": 0.29558949487368275,
  "P_LV0102": 0.1975110808046369,
  "Q_LV0102": -0.0034689420848810215,
  "U_LV0102": 1.0038740210002242,
  "I_LV0102_MV0102": 0.1968046892260169,
  "P_LV0103": 0.2924309580634163,
  "Q_LV0103": -0.006955335833617457,
  "U_LV0103": 0.8584284144171108,
  "I_LV0103_MV0103": 0.2907916120116501,
  "P_LV0201": 0.19924991476304124,
  "Q_LV0201": -0.004705080122741221,
  "U_LV0201": 1.0039327807323775,
  "I_LV0201_MV0201": 0.05049951033910991,
  "P_LV0202": 0.200272758267985,
  "Q_LV0202": -0.004705080122741221,
  "U_LV0202": 1.0042257416490785,
  "I_LV0202_MV0202": 0.19948504744604845,
  "P_LV0203": 0.07626050402182383,
  "Q_LV0203": -0.004705080122741221,
  "U_LV0203": 1.004404250959518,
  "I_LV0203_MV0203": 0.20128213772370565,
  "P_POIMV_MV0101": -0.7807878608332155,
  "Q_POIMV_MV0101": 0.046899904646207406,
  "U_POIMV": 0.9988494481297776,
  "I_POIMV_MV0101": 0.7830961632083571,
  "P_POIMV_MV0201": -0.597795305894991,
  "Q_POIMV_MV0201": 0.02953717306246086,
  "I_POIMV_MV0201": 0.5992140063599688,
  "P_POI_POIMV": -1.1028675623906157,
  "Q_POI_POIMV": 0.10075062794228526,
  "U_POI": 1.0,
  "I_POI_POIMV": 1.382259829675789
}