{
  "P_LV0101": 0.29488578247528124,
  "Q_LV0101": -0.005421070576201841,
  "U_LV0101": 1.0057634890416294,
  "I_LV0101_MV0101": 0.2932454905804874,
  "P_LV0102": 0.1971019434026594,
  "Q_LV0102": 0.00047996581129883253,
  "U_LV0102": 1.0041014379722666,
  "I_LV0102_MV0102": 0.19633109616020666,
  "P_LV0103": 0.2951926355267644,
  "Q_LV0103": -0.005523354926696215,
  "U_LV0103": 0.858256033984668,
  "I_LV0103_MV0103": 0.2934022394559788,
  "P_LV0201": 0.19894306171155812,
  "Q_LV0201": -0.003682236617797477,
  "U_LV0201": 1.0041612579317587,
  "I_LV0201_MV0201": 0.05025904019698535,
  "P_LV0202": 0.20047732696897375,
  "Q_LV0202": -0.003682236617797477,
  "U_LV0202": 1.0044675219870651,
  "I_LV0202_MV0202": 0.19961933680389712,
  "P_LV0203": 0.0766358455187448,
  "Q_LV0203": -0.003682236617797477,
  "U_LV0203": 1.004646602968006,
  "I_LV0203_MV0203": 0.20141605081383074,
  "P_POIMV_MV0101": -0.7808888802996777,
  "Q_POIMV_MV0101": 0.04290646825150059,
  "U_POIMV": 0.9989416486593076,
  "I_POIMV_MV0101": 0.7828953327606929,
  "P_POIMV_MV0201": -0.597898633928712,
  "Q_POIMV_MV0201": 0.02646282501966727,
  "I_POIMV_MV0201": 0.5991180433867509,
  "P_POI_POIMV": -1.103031082950751,
  "Q_POI_POIMV": 0.0936721565276977,
  "U_POI": 1.0,
  "I_POI_POIMV": 1.3819658036359066
}