{
  "P_LV0101": 0.29294237981588817,
  "Q_LV0101": -0.006546198431639959,
  "U_LV0101": 1.0055079969507634,
  "I_LV0101_MV0101": 0.29141042484937485,
  "P_LV0102": 0.1966928060006819,
  "Q_LV0102": -0.002793995064292787,
  "U_LV0102": 1.003933056314413,
  "I_LV0102_MV0102": 0.19597120820605948,
  "P_LV0103": 0.29345380156836004,
  "Q_LV0103": -0.006546198431639959,
  "U_LV0103": 0.8598060122366068,
  "I_LV0103_MV0103": 0.2917652039929056,
  "P_LV0201": 0.19740879645414253,
  "Q_LV0201": -0.004398227071258097,
  "U_LV0201": 1.00396358994032,
  "I_LV0201_MV0201": 0.04949744953349341,
  "P_LV0202": 0.198636208660075,
  "Q_LV0202": -0.004398227071258097,
  "U_LV0202": 1.00425949237863,
  "I_LV0202_MV0202": 0.19784218844217727,
  "P_LV0203": 0.07449456656780273,
  "Q_LV0203": -0.004398227071258097,
  "U_LV0203": 1.0044346246615055,
  "I_LV0203_MV0203": 0.19953842925627877,
  "P_POIMV_MV0101": -0.7768619590247516,
  "Q_POIMV_MV0101": 0.045466124643532814,
  "U_POIMV": 0.9988861539131356,
  "I_POIMV_MV0101": 0.7790590341708843,
  "P_POIMV_MV0201": -0.5926455176125962,
  "Q_POIMV_MV0201": 0.028321411318842055,
  "I_POIMV_MV0201": 0.5939834512533956,
  "P_POI_POIMV": -1.09560698397661,
  "Q_POI_POIMV": 0.0977685862117745,
  "U_POI": 1.0,
  "I_POI_POIMV": 1.372992871476652
}