{
  "P_LV0101": 0.012580975110808046,
  "Q_LV0101": -0.003682236617797477,
  "U_LV0101": 0.9996676979900497,
  "I_LV0101_MV0101": 0.013113125592690563,
  "P_LV0102": 0.007159904534606205,
  "Q_LV0102": -0.002354805818910677,
  "U_LV0102": 0.999712100008707,
  "I_LV0102_MV0102": 0.007538660114526379,
  "P_LV0103": 0.009410160245482442,
  "Q_LV0103": -0.0035799522673031024,
  "U_LV0103": 0.9996066225869408,
  "I_LV0103_MV0103": 0.010072068363935023,
  "P_LV0201": 0.007875894988066826,
  "Q_LV0201": -0.0024548244118649844,
  "U_LV0201": 0.9997200350873899,
  "I_LV0201_MV0201": 6.839822878420327e-05,
  "P_LV0202": 0.007466757586089328,
  "Q_LV0202": -0.0024548244118649844,
  "U_LV0202": 0.9997171930354694,
  "I_LV0202_MV0202": 0.007862161868305734,
  "P_LV0203": 0.0014549520525202198,
  "Q_LV0203": -0.0023525400613706106,
  "U_LV0203": 0.9997327346134021,
  "I_LV0203_MV0203": 0.007733167027847686,
  "P_POIMV_MV0101": -0.029141267195047386,
  "Q_POIMV_MV0101": 0.008388124061422874,
  "U_POIMV": 0.9998232341672997,
  "I_POIMV_MV0101": 0.030329841143309198,
  "P_POIMV_MV0201": -0.022701077448276114,
  "Q_POIMV_MV0201": 0.005733296809506366,
  "I_POIMV_MV0201": 0.023418015938060435,
  "P_POI_POIMV": -0.041488282984133415,
  "Q_POI_POIMV": 0.013593116629605,
  "U_POI": 1.0,
  "I_POI_POIMV": 0.053594790074638445
}