{
  "P_LV0101": 0.26911012615069896,
  "Q_LV0101": -0.008489601091033071,
  "U_LV0101": 1.0046837615190833,
  "I_LV0101_MV0101": 0.2679888076602665,
  "P_LV0102": 0.18175929082850323,
  "Q_LV0102": -0.013067866125124894,
  "U_LV0102": 1.0033538291887643,
  "I_LV0102_MV0102": 0.1812384867590096,
  "P_LV0103": 0.274326628025912,
  "Q_LV0103": -0.008489601091033071,
  "U_LV0103": 0.8773355205123626,
  "I_LV0103_MV0103": 0.27301592490024745,
  "P_LV0201": 0.18257756563245822,
  "Q_LV0201": -0.00562563927719059,
  "U_LV0201": 1.003384300925976,
  "I_LV0201_MV0201": 0.04145164097463074,
  "P_LV0202": 0.18380497783839073,
  "Q_LV0202": -0.00562563927719059,
  "U_LV0202": 1.0036600201313068,
  "I_LV0202_MV0202": 0.18322045787497274,
  "P_LV0203": 0.060970378774637846,
  "Q_LV0203": -0.00562563927719059,
  "U_LV0203": 1.0038303810432823,
  "I_LV0203_MV0203": 0.1851244537969038,
  "P_POIMV_MV0101": -0.7198406276501068,
  "Q_POIMV_MV0101": 0.04647811038718591,
  "U_POIMV": 0.9988783315000347,
  "I_POIMV_MV0101": 0.7221495607278513,
  "P_POIMV_MV0201": -0.5488907215089148,
  "Q_POIMV_MV0201": 0.029641873843915766,
  "I_POIMV_MV0201": 0.550307780233313,
  "P_POI_POIMV": -1.0149858783747128,
  "Q_POI_POIMV": 0.09663630876330405,
  "U_POI": 1.0,
  "I_POI_POIMV": 1.27240630797177
}