{
  "P_LV0101": 0.01851346743948176,
  "Q_LV0101": -0.003682236617797477,
  "U_LV0101": 0.9998325278629224,
  "I_LV0101_MV0101": 0.01887926678291337,
  "P_LV0102": 0.010228435049437436,
  "Q_LV0102": -0.0023819468710328806,
  "U_LV0102": 0.9998031754419996,
  "I_LV0102_MV0102": 0.010497557010255988,
  "P_LV0103": 0.012887828162291169,
  "Q_LV0103": -0.003682236617797477,
  "U_LV0103": 0.9996937767408816,
  "I_LV0103_MV0103": 0.013407579128985278,
  "P_LV0201": 0.01125127855438118,
  "Q_LV0201": -0.0024548244118649844,
  "U_LV0201": 0.9998206312779284,
  "I_LV0201_MV0201": 0.00013292466537222471,
  "P_LV0202": 0.010535288100920559,
  "Q_LV0202": -0.0024548244118649844,
  "U_LV0202": 0.9998136275798786,
  "I_LV0202_MV0202": 0.010819523465151826,
  "P_LV0203": 0.002009476041920477,
  "Q_LV0203": -0.0023525400613706106,
  "U_LV0203": 0.9998313089129178,
  "I_LV0203_MV0203": 0.01069675706893976,
  "P_POIMV_MV0101": -0.041610630863531714,
  "Q_POIMV_MV0101": 0.008534673923238699,
  "U_POIMV": 0.9998207693581119,
  "I_POIMV_MV0101": 0.04248449364379608,
  "P_POIMV_MV0201": -0.03220793888924431,
  "Q_POIMV_MV0201": 0.005757991873379381,
  "I_POIMV_MV0201": 0.03272445012494541,
  "P_POI_POIMV": -0.05906680017158592,
  "Q_POI_POIMV": 0.013800396105338815,
  "U_POI": 1.0,
  "I_POI_POIMV": 0.07509748463390963
}