{
  "P_LV0101": 0.09318104330037504,
  "Q_LV0101": -0.011558131605864302,
  "U_LV0101": 1.0002406121538399,
  "I_LV0101_MV0101": 0.09387255270299913,
  "P_LV0102": 0.05594953972042277,
  "Q_LV0102": -0.010870310843577258,
  "U_LV0102": 0.9998829153434289,
  "I_LV0102_MV0102": 0.05647961743798438,
  "P_LV0103": 0.07282645755199454,
  "Q_LV0103": -0.01176270030685305,
  "U_LV0103": 0.9979585466527248,
  "I_LV0103_MV0103": 0.0737846124625226,
  "P_LV0201": 0.05922263893624276,
  "Q_LV0201": -0.007671326287078077,
  "U_LV0201": 0.9999866563428501,
  "I_LV0201_MV0201": 0.0035803953247679,
  "P_LV0202": 0.05768837367882714,
  "Q_LV0202": -0.007671326287078077,
  "U_LV0202": 1.0000191318198974,
  "I_LV0202_MV0202": 0.058195086710325285,
  "P_LV0203": 0.012235043079877439,
  "Q_LV0203": -0.007671326287078077,
  "U_LV0203": 1.0000667454082255,
  "I_LV0203_MV0203": 0.0585978809899942,
  "P_POIMV_MV0101": -0.22143935183987945,
  "Q_POIMV_MV0101": 0.032165845346495615,
  "U_POIMV": 0.99927610353415,
  "I_POIMV_MV0101": 0.2239254294916352,
  "P_POIMV_MV0201": -0.17467562065485212,
  "Q_POIMV_MV0201": 0.022931967171760034,
  "I_POIMV_MV0201": 0.1763021049425348,
  "P_POI_POIMV": -0.31689443491120767,
  "Q_POI_POIMV": 0.056617525816862975,
  "U_POI": 1.0,
  "I_POI_POIMV": 0.4001407448186897
}