{
  "P_LV0101": 0.2995908625980225,
  "Q_LV0101": -0.0042959427207637235,
  "U_LV0101": 1.006082373894273,
  "I_LV0101_MV0101": 0.2978102681750007,
  "P_LV0102": 0.19935219911353563,
  "Q_LV0102": 0.004269114548808517,
  "U_LV0102": 1.0043318665563659,
  "I_LV0102_MV0102": 0.1985128392536284,
  "P_LV0103": 0.2961131946812138,
  "Q_LV0103": -0.004398227071258097,
  "U_LV0103": 0.8562041252459229,
  "I_LV0103_MV0103": 0.2942278607814041,
  "P_LV0201": 0.2013978861234231,
  "Q_LV0201": -0.002863961813842482,
  "U_LV0201": 1.004397364175184,
  "I_LV0201_MV0201": 0.051613689650031734,
  "P_LV0202": 0.20201159222638937,
  "Q_LV0202": -0.002863961813842482,
  "U_LV0202": 1.0046845071810582,
  "I_LV0202_MV0202": 0.2010898856987771,
  "P_LV0203": 0.0779904082429006,
  "Q_LV0203": -0.002863961813842482,
  "U_LV0203": 1.0048648983169601,
  "I_LV0203_MV0203": 0.20288580886375357,
  "P_POIMV_MV0101": -0.7886458689486673,
  "Q_POIMV_MV0101": 0.040403971250362096,
  "U_POIMV": 0.9989992852901227,
  "I_POIMV_MV0101": 0.7904712166920614,
  "P_POIMV_MV0201": -0.6033539386405836,
  "Q_POIMV_MV0201": 0.02431010942578567,
  "I_POIMV_MV0201": 0.6044483672906,
  "P_POI_POIMV": -1.1136009320305202,
  "Q_POI_POIMV": 0.08948356223350362,
  "U_POI": 1.0,
  "I_POI_POIMV": 1.3948730309122783
}