{
  "P_LV0101": 0.263382202523014,
  "Q_LV0101": -0.01125127855438118,
  "U_LV0101": 1.0040562053799218,
  "I_LV0101_MV0101": 0.2625574247215429,
  "P_LV0102": 0.17122400272758267,
  "Q_LV0102": -0.023375852185680834,
  "U_LV0102": 1.0027013762958312,
  "I_LV0102_MV0102": 0.1709249983086995,
  "P_LV0103": 0.24865325605182403,
  "Q_LV0103": -0.01125127855438118,
  "U_LV0103": 0.8911290988173058,
  "I_LV0103_MV0103": 0.24787621302822704,
  "P_LV0201": 0.1748039549948858,
  "Q_LV0201": -0.007466757586089328,
  "U_LV0201": 1.0028104122582007,
  "I_LV0201_MV0201": 0.0373433391229299,
  "P_LV0202": 0.17490623934538013,
  "Q_LV0202": -0.007466757586089328,
  "U_LV0202": 1.0030452255384954,
  "I_LV0202_MV0202": 0.17453404941248205,
  "P_LV0203": 0.05309739808963898,
  "Q_LV0203": -0.007466757586089328,
  "U_LV0203": 1.003193970216791,
  "I_LV0203_MV0203": 0.17583243707030582,
  "P_POIMV_MV0101": -0.6784994464760993,
  "Q_POIMV_MV0101": 0.051085166761685376,
  "U_POIMV": 0.9987771875792272,
  "I_POIMV_MV0101": 0.6812529098467229,
  "P_POIMV_MV0201": -0.5230005324947834,
  "Q_POIMV_MV0201": 0.03386597694836881,
  "I_POIMV_MV0201": 0.5247375068740819,
  "P_POI_POIMV": -0.9612005476949607,
  "Q_POI_POIMV": 0.1033225296056157,
  "U_POI": 1.0,
  "I_POI_POIMV": 1.2059343865339691
}