{
  "P_LV0101": 0.005830207978179339,
  "Q_LV0101": -0.0018411183088987385,
  "U_LV0101": 0.9998414444705407,
  "I_LV0101_MV0101": 0.00611497329807258,
  "P_LV0102": 0.0041936583702693484,
  "Q_LV0102": -0.0012099957928652927,
  "U_LV0102": 0.9998879395741972,
  "I_LV0102_MV0102": 0.004370079080701131,
  "P_LV0103": 0.006750767132628708,
  "Q_LV0103": -0.0019434026593931127,
  "U_LV0103": 0.9998634515004734,
  "I_LV0103_MV0103": 0.007025893652559262,
  "P_LV0201": 0.0039890896692806,
  "Q_LV0201": -0.0012274122059324922,
  "U_LV0201": 0.9998821077659548,
  "I_LV0201_MV0201": 1.7577019953197526e-05,
  "P_LV0202": 0.0041936583702693484,
  "Q_LV0202": -0.0012274122059324922,
  "U_LV0202": 0.9998927893140765,
  "I_LV0202_MV0202": 0.004370057884723424,
  "P_LV0203": 0.0007766087042426761,
  "Q_LV0203": -0.0012274122059324922,
  "U_LV0203": 0.999892361502359,
  "I_LV0203_MV0203": 0.00427197970967233,
  "P_POIMV_MV0101": -0.016771469150905806,
  "Q_POIMV_MV0101": 0.0037536502417006077,
  "U_POIMV": 0.9999306300580993,
  "I_POIMV_MV0101": 0.01718758423303567,
  "P_POIMV_MV0201": -0.012272376417566969,
  "Q_POIMV_MV0201": 0.002133926396547949,
  "I_POIMV_MV0201": 0.012457383135952169,
  "P_POI_POIMV": -0.023233965273546053,
  "Q_POI_POIMV": 0.005333103748360771,
  "U_POI": 1.0,
  "I_POI_POIMV": 0.029529425345534932
}