{
  "P_LV0101": 0.2649164677804296,
  "Q_LV0101": -0.009001022843504944,
  "U_LV0101": 1.0044989417094008,
  "I_LV0101_MV0101": 0.26388214641350183,
  "P_LV0102": 0.17920218206614388,
  "Q_LV0102": -0.015505880480153778,
  "U_LV0102": 1.0032109057174068,
  "I_LV0102_MV0102": 0.17872988144021112,
  "P_LV0103": 0.2706443914081145,
  "Q_LV0103": -0.009001022843504944,
  "U_LV0103": 0.8809865654596074,
  "I_LV0103_MV0103": 0.2694194957956275,
  "P_LV0201": 0.17991817251960449,
  "Q_LV0201": -0.006034776679168087,
  "U_LV0201": 1.003238413819108,
  "I_LV0201_MV0201": 0.040068901756954316,
  "P_LV0202": 0.1810433003750426,
  "Q_LV0202": -0.006034776679168087,
  "U_LV0202": 1.0035078472863748,
  "I_LV0202_MV0202": 0.18051064827686802,
  "P_LV0203": 0.05871745432195685,
  "Q_LV0203": -0.006034776679168087,
  "U_LV0203": 1.003681365334545,
  "I_LV0203_MV0203": 0.18261836016955318,
  "P_POIMV_MV0101": -0.7095578763521079,
  "Q_POIMV_MV0101": 0.04720344308410697,
  "U_POIMV": 0.9988620132205139,
  "I_POIMV_MV0101": 0.71193642528973,
  "P_POIMV_MV0201": -0.5410039774710645,
  "Q_POIMV_MV0201": 0.030465152662002497,
  "I_POIMV_MV0201": 0.5424784124748798,
  "P_POI_POIMV": -1.0004502241459838,
  "Q_POI_POIMV": 0.09759133463874545,
  "U_POI": 1.0,
  "I_POI_POIMV": 1.2543639897912775
}