{
  "P_LV0101": 0.06771224002727583,
  "Q_LV0101": -0.009307875894988066,
  "U_LV0101": 1.0000341695369541,
  "I_LV0101_MV0101": 0.06834664949276006,
  "P_LV0102": 0.0394817592908285,
  "Q_LV0102": -0.007487161916054141,
  "U_LV0102": 0.9997762141907197,
  "I_LV0102_MV0102": 0.03996482772042078,
  "P_LV0103": 0.04991476304125469,
  "Q_LV0103": -0.009410160245482442,
  "U_LV0103": 0.9991607370837062,
  "I_LV0103_MV0103": 0.05081274889586245,
  "P_LV0201": 0.04224343675417661,
  "Q_LV0201": -0.006239345380156836,
  "U_LV0201": 0.9998498380374328,
  "I_LV0201_MV0201": 0.0018263431326581028,
  "P_LV0202": 0.040913740197749744,
  "Q_LV0202": -0.006239345380156836,
  "U_LV0202": 0.9998654880169995,
  "I_LV0202_MV0202": 0.04139232221852565,
  "P_LV0203": 0.008888886753483094,
  "Q_LV0203": -0.006239345380156836,
  "U_LV0203": 0.999899541347676,
  "I_LV0203_MV0203": 0.04169431485678061,
  "P_POIMV_MV0101": -0.1568465888730731,
  "Q_POIMV_MV0101": 0.024823168405949763,
  "U_POIMV": 0.9994439165631623,
  "I_POIMV_MV0101": 0.15888710174398102,
  "P_POIMV_MV0201": -0.12420872101104433,
  "Q_POIMV_MV0201": 0.01791097880042407,
  "I_POIMV_MV0201": 0.12556328778441642,
  "P_POI_POIMV": -0.2248460040851095,
  "Q_POI_POIMV": 0.04322176732939745,
  "U_POI": 1.0,
  "I_POI_POIMV": 0.2843593262400088
}