{
  "P_LV0101": 0.02178656665530174,
  "Q_LV0101": -0.004091374019774974,
  "U_LV0101": 0.9998372828652977,
  "I_LV0101_MV0101": 0.022171012145769744,
  "P_LV0102": 0.011967269007841801,
  "Q_LV0102": -0.0027134035443587834,
  "U_LV0102": 0.9997827575484795,
  "I_LV0102_MV0102": 0.012261860273053118,
  "P_LV0103": 0.014933515172178656,
  "Q_LV0103": -0.004091374019774974,
  "U_LV0103": 0.9996660298711924,
  "I_LV0103_MV0103": 0.015488887628296267,
  "P_LV0201": 0.013092396863279917,
  "Q_LV0201": -0.002863961813842482,
  "U_LV0201": 0.9997894763157573,
  "I_LV0201_MV0201": 0.00017999308031144796,
  "P_LV0202": 0.012478690760313672,
  "Q_LV0202": -0.002863961813842482,
  "U_LV0202": 0.9997876794706196,
  "I_LV0202_MV0202": 0.012805843535435249,
  "P_LV0203": 0.0024907734834662687,
  "Q_LV0203": -0.002659393112853733,
  "U_LV0203": 0.9998207868627431,
  "I_LV0203_MV0203": 0.012661171309395283,
  "P_POIMV_MV0101": -0.04866130275672315,
  "Q_POIMV_MV0101": 0.009692842496155877,
  "U_POIMV": 0.9997905939209246,
  "I_POIMV_MV0101": 0.049627663335897534,
  "P_POIMV_MV0201": -0.03793138255671028,
  "Q_POIMV_MV0201": 0.006903017487689687,
  "I_POIMV_MV0201": 0.038562470984669,
  "P_POI_POIMV": -0.06928516753494987,
  "Q_POI_POIMV": 0.016131214126292936,
  "U_POI": 1.0,
  "I_POI_POIMV": 0.0880824004832107
}