{
  "P_LV0101": 0.1558813501534265,
  "Q_LV0101": -0.01544493692465053,
  "U_LV0101": 1.000951639806498,
  "I_LV0101_MV0101": 0.15649570658779674,
  "P_LV0102": 0.10903511762700306,
  "Q_LV0102": -0.025850708815653434,
  "U_LV0102": 1.0006800312612167,
  "I_LV0102_MV0102": 0.10943940229836906,
  "P_LV0103": 0.17020115922263893,
  "Q_LV0103": -0.01544493692465053,
  "U_LV0103": 0.977389696820219,
  "I_LV0103_MV0103": 0.170629087378701,
  "P_LV0201": 0.10811455847255369,
  "Q_LV0201": -0.010228435049437436,
  "U_LV0201": 1.0006544473611185,
  "I_LV0201_MV0201": 0.012384350714317493,
  "P_LV0202": 0.1093419706784862,
  "Q_LV0202": -0.010228435049437436,
  "U_LV0202": 1.0008271896673417,
  "I_LV0202_MV0202": 0.10972857364574322,
  "P_LV0203": 0.0197565193194138,
  "Q_LV0203": -0.010228435049437436,
  "U_LV0203": 1.000908390787421,
  "I_LV0203_MV0203": 0.11012666746374229,
  "P_POIMV_MV0101": -0.43315457529704393,
  "Q_POIMV_MV0101": 0.04905148405575427,
  "U_POIMV": 0.9988727868151697,
  "I_POIMV_MV0101": 0.4364150156411006,
  "P_POIMV_MV0201": -0.3260543597475222,
  "Q_POIMV_MV0201": 0.03422861681921977,
  "I_POIMV_MV0201": 0.32821603655422593,
  "P_POI_POIMV": -0.6073669267656419,
  "Q_POI_POIMV": 0.0903268918285916,
  "U_POI": 1.0,
  "I_POI_POIMV": 0.7645633750317714
}