{
  "P_LV0101": 0.27115581316058646,
  "Q_LV0101": -0.01012615069894306,
  "U_LV0101": 1.0044243845919727,
  "I_LV0101_MV0101": 0.2701495791564185,
  "P_LV0102": 0.17725877940675075,
  "Q_LV0102": -0.018929187871206565,
  "U_LV0102": 1.0029952832721185,
  "I_LV0102_MV0102": 0.1768575433296586,
  "P_LV0103": 0.25683600409137397,
  "Q_LV0103": -0.01012615069894306,
  "U_LV0103": 0.8831775909796379,
  "I_LV0103_MV0103": 0.25586956775223757,
  "P_LV0201": 0.1804295942720764,
  "Q_LV0201": -0.006750767132628708,
  "U_LV0201": 1.0030931937650103,
  "I_LV0201_MV0201": 0.04021642234967578,
  "P_LV0202": 0.17981588816911012,
  "Q_LV0202": -0.006750767132628708,
  "U_LV0202": 1.0033181472665604,
  "I_LV0202_MV0202": 0.1793474631402715,
  "P_LV0203": 0.0574351344822186,
  "Q_LV0203": -0.006750767132628708,
  "U_LV0203": 1.003480464436408,
  "I_LV0203_MV0203": 0.18105004774544323,
  "P_POIMV_MV0101": -0.7001876160282579,
  "Q_POIMV_MV0101": 0.04954086534210826,
  "U_POIMV": 0.9988074048112542,
  "I_POIMV_MV0101": 0.7027761553374297,
  "P_POIMV_MV0201": -0.5386775503604407,
  "Q_POIMV_MV0201": 0.03250108478023718,
  "I_POIMV_MV0201": 0.5403014963521278,
  "P_POI_POIMV": -0.991092829370597,
  "Q_POI_POIMV": 0.10159599590428985,
  "U_POI": 1.0,
  "I_POI_POIMV": 1.243023992898458
}