{
  "P_LV0101": 0.18360040913740197,
  "Q_LV0101": -0.015342652574156153,
  "U_LV0101": 1.001582042574407,
  "I_LV0101_MV0101": 0.18394933609725814,
  "P_LV0102": 0.1268325946130242,
  "Q_LV0102": -0.031132643796970783,
  "U_LV0102": 1.0011020332532607,
  "I_LV0102_MV0102": 0.1271042899423621,
  "P_LV0103": 0.1958745311967269,
  "Q_LV0103": -0.01544493692465053,
  "U_LV0103": 0.9588863644527488,
  "I_LV0103_MV0103": 0.19605194992432232,
  "P_LV0201": 0.12713944766450733,
  "Q_LV0201": -0.010228435049437436,
  "U_LV0201": 1.0011125573134474,
  "I_LV0201_MV0201": 0.017704236791743825,
  "P_LV0202": 0.1276508694169792,
  "Q_LV0202": -0.010228435049437436,
  "U_LV0202": 1.0012923918657732,
  "I_LV0202_MV0202": 0.12789471672741395,
  "P_LV0203": 0.025901210921952078,
  "Q_LV0203": -0.010228435049437436,
  "U_LV0203": 1.001420168145079,
  "I_LV0203_MV0203": 0.1296092927147531,
  "P_POIMV_MV0101": -0.5036620264829178,
  "Q_POIMV_MV0101": 0.05215486557719929,
  "U_POIMV": 0.9987896132862426,
  "I_POIMV_MV0101": 0.5069688069370566,
  "P_POIMV_MV0201": -0.3825953999351459,
  "Q_POIMV_MV0201": 0.036134866479635715,
  "I_POIMV_MV0201": 0.38476373349789533,
  "P_POI_POIMV": -0.709005801746972,
  "Q_POI_POIMV": 0.09807768871154218,
  "U_POI": 1.0,
  "I_POI_POIMV": 0.8916677962706672
}