{
  "irrad_LV0101": 115.6310671072658,
  "irrad_LV0102": 22.141878437488128,
  "irrad_LV0103": -10.964908382365344,
  "irrad_LV0201": -54.78120625699201,
  "irrad_LV0202": 47.0749652464819,
  "irrad_LV0203": -34.09010290396786
}