{
  "P_LV0101": 0.000154,
  "Q_LV0101": 0.000437,
  "U_LV0101": 0.002500,
  "I_LV0101_MV0101": 0.000112,
  "P_LV0102": 0.000113,
  "Q_LV0102": 0.000144,
  "U_LV0102": 0.002498,
  "I_LV0102_MV0102": 0.000048,
  "P_LV0103": 0.000120,
  "Q_LV0103": 0.000085,
  "U_LV0103": 0.002497,
  "I_LV0103_MV0103": 0.000039,
  "P_LV0201": 0.000101,
  "Q_LV0201": 0.000233,
  "U_LV0201": 0.002496,
  "I_LV0201_MV0201": 0.000063,
  "P_LV0202": 0.000095,
  "Q_LV0202": 0.000204,
  "U_LV0202": 0.002498,
  "I_LV0202_MV0202": 0.000056,
  "P_LV0203": 0.000105,
  "Q_LV0203": 0.000186,
  "U_LV0203": 0.002497,
  "I_LV0203_MV0203": 0.000056,
  "P_POIMV_MV0101": 0.000287,
  "Q_POIMV_MV0101": 0.000606,
  "U_POIMV": 0.002499,
  "I_POIMV_MV0101": 0.000171,
  "P_POIMV_MV0201": 0.000327,
  "Q_POIMV_MV0201": 0.000310,
  "I_POIMV_MV0201": 0.000120,
  "P_POI_POIMV": 0.000650,
  "Q_POI_POIMV": 0.000626,
  "U_POI": 0.002500,
  "I_POI_POIMV": 0.000240
}
