{
  "P_LV0101": 0.001115,
  "Q_LV0101": 0.003308,
  "U_LV0101": 0.002517,
  "I_LV0101_MV0101": 0.000783,
  "P_LV0102": 0.001140,
  "Q_LV0102": 0.003382,
  "U_LV0102": 0.002518,
  "I_LV0102_MV0102": 0.000800,
  "P_LV0103": 0.001023,
  "Q_LV0103": 0.003035,
  "U_LV0103": 0.002517,
  "I_LV0103_MV0103": 0.000719,
  "P_LV0201": 0.001104,
  "Q_LV0201": 0.003276,
  "U_LV0201": 0.002518,
  "I_LV0201_MV0201": 0.000775,
  "P_LV0202": 0.001183,
  "Q_LV0202": 0.003509,
  "U_LV0202": 0.002520,
  "I_LV0202_MV0202": 0.000830,
  "P_LV0203": 0.001196,
  "Q_LV0203": 0.003549,
  "U_LV0203": 0.002521,
  "I_LV0203_MV0203": 0.000839,
  "P_POIMV_MV0101": 0.003273,
  "Q_POIMV_MV0101": 0.009637,
  "U_POIMV": 0.002496,
  "I_POIMV_MV0101": 0.002302,
  "P_POIMV_MV0201": 0.003478,
  "Q_POIMV_MV0201": 0.010227,
  "I_POIMV_MV0201": 0.002443,
  "P_POI_POIMV": 0.006830,
  "Q_POI_POIMV": 0.019867,
  "U_POI": 0.002500,
  "I_POI_POIMV": 0.004746
}
