{
  "P_LV0101": 0.000098,
  "Q_LV0101": 0.000234,
  "U_LV0101": 0.002496,
  "I_LV0101_MV0101": 0.000063,
  "P_LV0102": 0.000102,
  "Q_LV0102": 0.000185,
  "U_LV0102": 0.002498,
  "I_LV0102_MV0102": 0.000055,
  "P_LV0103": 0.000116,
  "Q_LV0103": 0.000042,
  "U_LV0103": 0.002497,
  "I_LV0103_MV0103": 0.000033,
  "P_LV0201": 0.000117,
  "Q_LV0201": 0.000311,
  "U_LV0201": 0.002499,
  "I_LV0201_MV0201": 0.000082,
  "P_LV0202": 0.000106,
  "Q_LV0202": 0.000266,
  "U_LV0202": 0.002499,
  "I_LV0202_MV0202": 0.000071,
  "P_LV0203": 0.000102,
  "Q_LV0203": 0.000181,
  "U_LV0203": 0.002498,
  "I_LV0203_MV0203": 0.000054,
  "P_POIMV_MV0101": 0.000318,
  "Q_POIMV_MV0101": 0.000209,
  "U_POIMV": 0.002499,
  "I_POIMV_MV0101": 0.000102,
  "P_POIMV_MV0201": 0.000288,
  "Q_POIMV_MV0201": 0.000726,
  "I_POIMV_MV0201": 0.000195,
  "P_POI_POIMV": 0.000588,
  "Q_POI_POIMV": 0.000940,
  "U_POI": 0.002500,
  "I_POI_POIMV": 0.000292
}
