{
    "090neg": {
        "08": {
            "P": {
                "Precision": 0.0,
                "Accuracy": 0.9714285714285715,
                "Recall": 0.0,
                "F1": 0.0,
                "norm2": 5.532217176474984e-05,
                "norminf": 0.0006915417735349239,
                "z": 0.0023577647139197623
            },
            "Q": {
                "Precision": 0.0,
                "Accuracy": 0.9714285714285715,
                "Recall": 0.0,
                "F1": 0.0,
                "norm2": 1.565965873011886e-05,
                "norminf": 0.00013014969842648828,
                "z": 0.0011749006265971767
            },
            "U": {
                "Precision": 0.0,
                "Accuracy": 0.9714285714285715,
                "Recall": 0.0,
                "F1": 0.0,
                "norm2": 0.00023746649328788136,
                "norminf": 0.0009578759184002306,
                "z": 0.0009603864755456248
            },
            "I": {
                "Precision": 0.0,
                "Accuracy": 0.9714285714285715,
                "Recall": 0.0,
                "F1": 0.0,
                "norm2": 3.102685141528293e-05,
                "norminf": 0.0003185360076232091,
                "z": 0.00024550657069562736
            }
        },
        "10": {
            "P": {
                "Precision": 0.12,
                "Accuracy": 0.974857142857143,
                "Recall": 0.12,
                "F1": 0.12,
                "norm2": 0.00014566216614721812,
                "norminf": 0.001935618125578844,
                "z": 0.007286249294589509
            },
            "Q": {
                "Precision": 0.0,
                "Accuracy": 0.9714285714285715,
                "Recall": 0.0,
                "F1": 0.0,
                "norm2": 5.360824647340225e-05,
                "norminf": 0.00045459683979549024,
                "z": 0.004018667653421617
            },
            "U": {
                "Precision": 0.0,
                "Accuracy": 0.9714285714285715,
                "Recall": 0.0,
                "F1": 0.0,
                "norm2": 0.0002236316977738085,
                "norminf": 0.0009888561518336082,
                "z": 0.0009899093836414185
            },
            "I": {
                "Precision": 0.0,
                "Accuracy": 0.9714285714285715,
                "Recall": 0.0,
                "F1": 0.0,
                "norm2": 8.699837584186349e-05,
                "norminf": 0.0010150058926840621,
                "z": 0.0030942076237684625
            }
        },
        "13": {
            "P": {
                "Precision": 1.0,
                "Accuracy": 1.0,
                "Recall": 1.0,
                "F1": 1.0,
                "norm2": 0.00011397744031217268,
                "norminf": 0.0016403758706364125,
                "z": 0.006768237499644107
            },
            "Q": {
                "Precision": 0.0,
                "Accuracy": 0.9714285714285715,
                "Recall": 0.0,
                "F1": 0.0,
                "norm2": 7.900451192025291e-05,
                "norminf": 0.0007791896835537848,
                "z": 0.006360545390049484
            },
            "U": {
                "Precision": 0.49,
                "Accuracy": 0.9854285714285715,
                "Recall": 0.49,
                "F1": 0.49,
                "norm2": 0.00019833807668917923,
                "norminf": 0.0010271966161568046,
                "z": 0.0010281422790264772
            },
            "I": {
                "Precision": 0.47,
                "Accuracy": 0.9817142857142858,
                "Recall": 0.55,
                "F1": 0.4966666666666666,
                "norm2": 0.0001021667835255692,
                "norminf": 0.0013877586791684615,
                "z": 0.008598630766634396
            }
        }
    },
    "090pos": {
        "08": {
            "P": {
                "Precision": 0.0,
                "Accuracy": 0.9714285714285715,
                "Recall": 0.0,
                "F1": 0.0,
                "norm2": 4.6632881906762926e-05,
                "norminf": 0.0002112413917937972,
                "z": 0.0027648071078894064
            },
            "Q": {
                "Precision": 0.0,
                "Accuracy": 0.9714285714285715,
                "Recall": 0.0,
                "F1": 0.0,
                "norm2": 1.971978566635154e-05,
                "norminf": 0.0002738152905889102,
                "z": 0.0019515395981914922
            },
            "U": {
                "Precision": 0.0,
                "Accuracy": 0.9714285714285715,
                "Recall": 0.0,
                "F1": 0.0,
                "norm2": 0.0002360917112900306,
                "norminf": 0.0009428619034487396,
                "z": 0.0009438180051599821
            },
            "I": {
                "Precision": 0.0,
                "Accuracy": 0.9714285714285715,
                "Recall": 0.0,
                "F1": 0.0,
                "norm2": 3.664724167086367e-05,
                "norminf": 0.0001969216731182999,
                "z": 0.0004079324068894448
            }
        },
        "10": {
            "P": {
                "Precision": 0.09,
                "Accuracy": 0.9740000000000001,
                "Recall": 0.09,
                "F1": 0.09,
                "norm2": 0.00014776684597850672,
                "norminf": 0.0006626923977253996,
                "z": 0.006824749453271432
            },
            "Q": {
                "Precision": 0.0,
                "Accuracy": 0.9714285714285715,
                "Recall": 0.0,
                "F1": 0.0,
                "norm2": 4.4710722899753564e-05,
                "norminf": 0.0006393437874526176,
                "z": 0.004567215028607993
            },
            "U": {
                "Precision": 0.0,
                "Accuracy": 0.9714285714285715,
                "Recall": 0.0,
                "F1": 0.0,
                "norm2": 0.00022169296790939045,
                "norminf": 0.0009563363867539021,
                "z": 0.0009574219920104698
            },
            "I": {
                "Precision": 0.0,
                "Accuracy": 0.9714285714285715,
                "Recall": 0.0,
                "F1": 0.0,
                "norm2": 0.0001084931367855452,
                "norminf": 0.0005077378182007419,
                "z": 0.0027699693113007228
            }
        },
        "13": {
            "P": {
                "Precision": 1.0,
                "Accuracy": 1.0,
                "Recall": 1.0,
                "F1": 1.0,
                "norm2": 9.569577608172988e-05,
                "norminf": 0.0005907578421396176,
                "z": 0.0055120885193415715
            },
            "Q": {
                "Precision": 0.0,
                "Accuracy": 0.9714285714285715,
                "Recall": 0.0,
                "F1": 0.0,
                "norm2": 7.17093130806601e-05,
                "norminf": 0.0010609642675628605,
                "z": 0.008169331778802783
            },
            "U": {
                "Precision": 0.56,
                "Accuracy": 0.9874285714285717,
                "Recall": 0.56,
                "F1": 0.56,
                "norm2": 0.00020541595330527196,
                "norminf": 0.001002273397140636,
                "z": 0.0010032688568117076
            },
            "I": {
                "Precision": 0.42,
                "Accuracy": 0.978,
                "Recall": 0.5,
                "F1": 0.44666666666666666,
                "norm2": 0.00012339537223109986,
                "norminf": 0.0008603186747976487,
                "z": 0.007410352430060322
            }
        }
    }
}