{
    "090neg": {
        "08": {
            "P": {
                "Precision": 0.33,
                "Accuracy": 0.9808571428571432,
                "Recall": 0.33,
                "F1": 0.33,
                "norm2": 9.607095861369768e-05,
                "norminf": 0.0012538507682609424,
                "z": 0.004568933563285171
            },
            "Q": {
                "Precision": 0.0,
                "Accuracy": 0.9714285714285715,
                "Recall": 0.0,
                "F1": 0.0,
                "norm2": 3.6574505337228354e-05,
                "norminf": 0.00030629789983486534,
                "z": 0.002788620230591772
            },
            "U": {
                "Precision": 0.0,
                "Accuracy": 0.9714285714285715,
                "Recall": 0.0,
                "F1": 0.0,
                "norm2": 0.0005528283881046931,
                "norminf": 0.002225191520262053,
                "z": 0.002227562745107872
            },
            "I": {
                "Precision": 0.35,
                "Accuracy": 0.9814285714285715,
                "Recall": 0.35,
                "F1": 0.35,
                "norm2": 5.852886010341604e-05,
                "norminf": 0.0005854340376547496,
                "z": 0.0005211806368414366
            }
        },
        "10": {
            "P": {
                "Precision": 1.0,
                "Accuracy": 1.0,
                "Recall": 1.0,
                "F1": 1.0,
                "norm2": 8.528556630187407e-05,
                "norminf": 0.0011180066126778455,
                "z": 0.004125564005671006
            },
            "Q": {
                "Precision": 0.0,
                "Accuracy": 0.9714285714285715,
                "Recall": 0.0,
                "F1": 0.0,
                "norm2": 0.0001281188949331037,
                "norminf": 0.0011114524765137913,
                "z": 0.009786056146308553
            },
            "U": {
                "Precision": 0.0,
                "Accuracy": 0.9714285714285715,
                "Recall": 0.0,
                "F1": 0.0,
                "norm2": 0.0005230996433036848,
                "norminf": 0.002307126606357743,
                "z": 0.0023084796996730695
            },
            "I": {
                "Precision": 1.0,
                "Accuracy": 1.0,
                "Recall": 1.0,
                "F1": 1.0,
                "norm2": 8.585404192589819e-05,
                "norminf": 0.0009636500237138945,
                "z": 0.004263084787129207
            }
        },
        "13": {
            "P": {
                "Precision": 1.0,
                "Accuracy": 1.0,
                "Recall": 1.0,
                "F1": 1.0,
                "norm2": 0.00011225334002079156,
                "norminf": 0.0016152722155172961,
                "z": 0.006680485878673228
            },
            "Q": {
                "Precision": 0.69,
                "Accuracy": 0.9911428571428571,
                "Recall": 0.69,
                "F1": 0.69,
                "norm2": 0.00017492031064054826,
                "norminf": 0.0017455388041607456,
                "z": 0.014229733330868107
            },
            "U": {
                "Precision": 1.0,
                "Accuracy": 1.0,
                "Recall": 1.0,
                "F1": 1.0,
                "norm2": 0.00021622427959980126,
                "norminf": 0.0011184209700754676,
                "z": 0.0011195582207644895
            },
            "I": {
                "Precision": 1.0,
                "Accuracy": 1.0,
                "Recall": 1.0,
                "F1": 1.0,
                "norm2": 0.00010406432700030272,
                "norminf": 0.0014002370676013543,
                "z": 0.010322066577545766
            }
        }
    },
    "090pos": {
        "08": {
            "P": {
                "Precision": 0.04,
                "Accuracy": 0.9725714285714286,
                "Recall": 0.04,
                "F1": 0.04,
                "norm2": 9.720078231213382e-05,
                "norminf": 0.0004790243964874297,
                "z": 0.006469009834849478
            },
            "Q": {
                "Precision": 0.0,
                "Accuracy": 0.9714285714285715,
                "Recall": 0.0,
                "F1": 0.0,
                "norm2": 4.553591209149172e-05,
                "norminf": 0.00064012454739101,
                "z": 0.004565327327344156
            },
            "U": {
                "Precision": 0.0,
                "Accuracy": 0.9714285714285715,
                "Recall": 0.0,
                "F1": 0.0,
                "norm2": 0.000560946999045053,
                "norminf": 0.002248166534758023,
                "z": 0.0022497235247061266
            },
            "I": {
                "Precision": 0.0,
                "Accuracy": 0.9714285714285715,
                "Recall": 0.0,
                "F1": 0.0,
                "norm2": 7.892594680344507e-05,
                "norminf": 0.0004382592145656794,
                "z": 0.0008597550584429284
            }
        },
        "10": {
            "P": {
                "Precision": 1.0,
                "Accuracy": 1.0,
                "Recall": 1.0,
                "F1": 1.0,
                "norm2": 8.036058360515235e-05,
                "norminf": 0.0003611113181648218,
                "z": 0.0035248605025114633
            },
            "Q": {
                "Precision": 0.0,
                "Accuracy": 0.9714285714285715,
                "Recall": 0.0,
                "F1": 0.0,
                "norm2": 0.00010771130942017076,
                "norminf": 0.0015512353621000318,
                "z": 0.011110050281093789
            },
            "U": {
                "Precision": 0.0,
                "Accuracy": 0.9714285714285715,
                "Recall": 0.0,
                "F1": 0.0,
                "norm2": 0.000534559728085755,
                "norminf": 0.002304877361732878,
                "z": 0.002305659380451013
            },
            "I": {
                "Precision": 0.76,
                "Accuracy": 0.9931428571428569,
                "Recall": 0.76,
                "F1": 0.76,
                "norm2": 0.00013871202753206052,
                "norminf": 0.000680574809321588,
                "z": 0.00434888234889089
            }
        },
        "13": {
            "P": {
                "Precision": 1.0,
                "Accuracy": 1.0,
                "Recall": 1.0,
                "F1": 1.0,
                "norm2": 9.489775463343748e-05,
                "norminf": 0.0005854845227393878,
                "z": 0.005441644376757339
            },
            "Q": {
                "Precision": 0.23,
                "Accuracy": 0.9780000000000001,
                "Recall": 0.23,
                "F1": 0.23,
                "norm2": 0.00016991469743267114,
                "norminf": 0.0025179218137860128,
                "z": 0.019407972812050204
            },
            "U": {
                "Precision": 1.0,
                "Accuracy": 1.0,
                "Recall": 1.0,
                "F1": 1.0,
                "norm2": 0.00022202711126661213,
                "norminf": 0.001084710450565385,
                "z": 0.0010856624787481616
            },
            "I": {
                "Precision": 1.0,
                "Accuracy": 1.0,
                "Recall": 1.0,
                "F1": 1.0,
                "norm2": 0.00013075124228358013,
                "norminf": 0.0009369217561747689,
                "z": 0.009055620808577526
            }
        }
    }
}