{
    "090neg": {
        "08": {
            "P": {
                "Precision": 0.0,
                "Accuracy": 0.9714285714285715,
                "Recall": 0.0,
                "F1": 0.0,
                "norm2": 2.138545413875452e-05,
                "norminf": 0.0002585844862715758,
                "z": 0.0008444916576181591
            },
            "Q": {
                "Precision": 0.0,
                "Accuracy": 0.9714285714285715,
                "Recall": 0.0,
                "F1": 0.0,
                "norm2": 5.383147582542847e-06,
                "norminf": 4.342363350794076e-05,
                "z": 0.0003846942321258246
            },
            "U": {
                "Precision": 0.0,
                "Accuracy": 0.9714285714285715,
                "Recall": 0.0,
                "F1": 0.0,
                "norm2": 7.942975078057415e-05,
                "norminf": 0.00031941611864852557,
                "z": 0.0003213877535537302
            },
            "I": {
                "Precision": 0.0,
                "Accuracy": 0.9714285714285715,
                "Recall": 0.0,
                "F1": 0.0,
                "norm2": 1.0291373670003262e-05,
                "norminf": 0.00010753239356990129,
                "z": 8.042807257700388e-05
            }
        },
        "10": {
            "P": {
                "Precision": 0.0,
                "Accuracy": 0.9714285714285715,
                "Recall": 0.0,
                "F1": 0.0,
                "norm2": 5.2256585064985136e-05,
                "norminf": 0.0006820728061090897,
                "z": 0.0025082569592517557
            },
            "Q": {
                "Precision": 0.0,
                "Accuracy": 0.9714285714285715,
                "Recall": 0.0,
                "F1": 0.0,
                "norm2": 1.9347753888960847e-05,
                "norminf": 0.00016224458741621707,
                "z": 0.0014270634492513454
            },
            "U": {
                "Precision": 0.0,
                "Accuracy": 0.9714285714285715,
                "Recall": 0.0,
                "F1": 0.0,
                "norm2": 7.453478397234324e-05,
                "norminf": 0.0003292101493529065,
                "z": 0.0003305338817164272
            },
            "I": {
                "Precision": 0.0,
                "Accuracy": 0.9714285714285715,
                "Recall": 0.0,
                "F1": 0.0,
                "norm2": 2.8999355571497337e-05,
                "norminf": 0.0003411865542947745,
                "z": 0.001032265099647456
            }
        },
        "13": {
            "P": {
                "Precision": 0.14,
                "Accuracy": 0.9754285714285718,
                "Recall": 0.14,
                "F1": 0.14,
                "norm2": 6.6960412574408e-05,
                "norminf": 0.0009614256945748156,
                "z": 0.0039545170974922385
            },
            "Q": {
                "Precision": 0.0,
                "Accuracy": 0.9714285714285715,
                "Recall": 0.0,
                "F1": 0.0,
                "norm2": 2.5501380584043117e-05,
                "norminf": 0.00024977406131661663,
                "z": 0.0020259023585208974
            },
            "U": {
                "Precision": 0.0,
                "Accuracy": 0.9714285714285715,
                "Recall": 0.0,
                "F1": 0.0,
                "norm2": 6.75480317723295e-05,
                "norminf": 0.00034984235544134433,
                "z": 0.0003508550164721702
            },
            "I": {
                "Precision": 0.0,
                "Accuracy": 0.9714285714285715,
                "Recall": 0.0,
                "F1": 0.0,
                "norm2": 3.975460118157812e-05,
                "norminf": 0.0005436647564467501,
                "z": 0.0030324871665190056
            }
        }
    },
    "090pos": {
        "08": {
            "P": {
                "Precision": 0.0,
                "Accuracy": 0.9714285714285715,
                "Recall": 0.0,
                "F1": 0.0,
                "norm2": 1.4933430857857243e-05,
                "norminf": 6.745297373554893e-05,
                "z": 0.0008573002993149894
            },
            "Q": {
                "Precision": 0.0,
                "Accuracy": 0.9714285714285715,
                "Recall": 0.0,
                "F1": 0.0,
                "norm2": 6.296335653891897e-06,
                "norminf": 8.657457129777723e-05,
                "z": 0.0006267984296567381
            },
            "U": {
                "Precision": 0.0,
                "Accuracy": 0.9714285714285715,
                "Recall": 0.0,
                "F1": 0.0,
                "norm2": 6.982428098274217e-05,
                "norminf": 0.00027959480930931366,
                "z": 0.00028109917373664973
            },
            "I": {
                "Precision": 0.0,
                "Accuracy": 0.9714285714285715,
                "Recall": 0.0,
                "F1": 0.0,
                "norm2": 1.2367663275312504e-05,
                "norminf": 6.572879257543907e-05,
                "z": 0.00013992365129843838
            }
        },
        "10": {
            "P": {
                "Precision": 0.0,
                "Accuracy": 0.9714285714285715,
                "Recall": 0.0,
                "F1": 0.0,
                "norm2": 4.895658762617904e-05,
                "norminf": 0.00022012237387576184,
                "z": 0.0021331392223606495
            },
            "Q": {
                "Precision": 0.0,
                "Accuracy": 0.9714285714285715,
                "Recall": 0.0,
                "F1": 0.0,
                "norm2": 1.4624919878311788e-05,
                "norminf": 0.0002087474411267132,
                "z": 0.0015032619034037863
            },
            "U": {
                "Precision": 0.0,
                "Accuracy": 0.9714285714285715,
                "Recall": 0.0,
                "F1": 0.0,
                "norm2": 7.346034402383122e-05,
                "norminf": 0.0003171943917024977,
                "z": 0.0003184727457664671
            },
            "I": {
                "Precision": 0.0,
                "Accuracy": 0.9714285714285715,
                "Recall": 0.0,
                "F1": 0.0,
                "norm2": 3.722158949166371e-05,
                "norminf": 0.0001749596056600966,
                "z": 0.0009571468155399132
            }
        },
        "13": {
            "P": {
                "Precision": 0.24,
                "Accuracy": 0.9782857142857143,
                "Recall": 0.24,
                "F1": 0.24,
                "norm2": 5.828913967518964e-05,
                "norminf": 0.00035548149874125467,
                "z": 0.0033264015907129847
            },
            "Q": {
                "Precision": 0.0,
                "Accuracy": 0.9714285714285715,
                "Recall": 0.0,
                "F1": 0.0,
                "norm2": 2.062060973981437e-05,
                "norminf": 0.00030484899765873983,
                "z": 0.002361136965143877
            },
            "U": {
                "Precision": 0.0,
                "Accuracy": 0.9714285714285715,
                "Recall": 0.0,
                "F1": 0.0,
                "norm2": 7.916707917511694e-05,
                "norminf": 0.0003866866927429768,
                "z": 0.00038806717937802884
            },
            "I": {
                "Precision": 0.0,
                "Accuracy": 0.9714285714285715,
                "Recall": 0.0,
                "F1": 0.0,
                "norm2": 5.068297125881626e-05,
                "norminf": 0.0003495267443312433,
                "z": 0.0027899260169267103
            }
        }
    }
}