{
    "090neg": {
        "08": {
            "P": {
                "Precision": 0.0,
                "Accuracy": 0.9714285714285715,
                "Recall": 0.0,
                "F1": 0.0,
                "norm2": 1.9512134180265554e-05,
                "norminf": 0.00022077069266123072,
                "z": 0.0006961856134647882
            },
            "Q": {
                "Precision": 0.0,
                "Accuracy": 0.9714285714285715,
                "Recall": 0.0,
                "F1": 0.0,
                "norm2": 5.1538173702420945e-06,
                "norminf": 4.071265160949578e-05,
                "z": 0.00040157364734286617
            },
            "U": {
                "Precision": 0.0,
                "Accuracy": 0.9714285714285715,
                "Recall": 0.0,
                "F1": 0.0,
                "norm2": 8.166109480787791e-05,
                "norminf": 0.0003289880140678236,
                "z": 0.0003267385871115114
            },
            "I": {
                "Precision": 0.0,
                "Accuracy": 0.9714285714285715,
                "Recall": 0.0,
                "F1": 0.0,
                "norm2": 1.1229366886851041e-05,
                "norminf": 0.00011975481313974856,
                "z": 9.358610636800092e-05
            }
        },
        "10": {
            "P": {
                "Precision": 0.0,
                "Accuracy": 0.9714285714285715,
                "Recall": 0.0,
                "F1": 0.0,
                "norm2": 5.20417603900678e-05,
                "norminf": 0.000656336167098428,
                "z": 0.0023086186324456455
            },
            "Q": {
                "Precision": 0.0,
                "Accuracy": 0.9714285714285715,
                "Recall": 0.0,
                "F1": 0.0,
                "norm2": 1.7726838902093028e-05,
                "norminf": 0.00014542416409797033,
                "z": 0.0013263237901128763
            },
            "U": {
                "Precision": 0.0,
                "Accuracy": 0.9714285714285715,
                "Recall": 0.0,
                "F1": 0.0,
                "norm2": 7.24369614809173e-05,
                "norminf": 0.0003206292420149348,
                "z": 0.0003195617963640573
            },
            "I": {
                "Precision": 0.0,
                "Accuracy": 0.9714285714285715,
                "Recall": 0.0,
                "F1": 0.0,
                "norm2": 3.3147672415157605e-05,
                "norminf": 0.0003954339646199678,
                "z": 0.001172332501627987
            }
        },
        "13": {
            "P": {
                "Precision": 0.17,
                "Accuracy": 0.9762857142857144,
                "Recall": 0.17,
                "F1": 0.17,
                "norm2": 6.299381804681521e-05,
                "norminf": 0.000891515114287389,
                "z": 0.0035668404339704012
            },
            "Q": {
                "Precision": 0.0,
                "Accuracy": 0.9714285714285715,
                "Recall": 0.0,
                "F1": 0.0,
                "norm2": 2.5131664762371252e-05,
                "norminf": 0.00024381141802861772,
                "z": 0.002024907042155252
            },
            "U": {
                "Precision": 0.0,
                "Accuracy": 0.9714285714285715,
                "Recall": 0.0,
                "F1": 0.0,
                "norm2": 7.843740274265634e-05,
                "norminf": 0.0004057061349447344,
                "z": 0.0004045883409922757
            },
            "I": {
                "Precision": 0.0,
                "Accuracy": 0.9714285714285715,
                "Recall": 0.0,
                "F1": 0.0,
                "norm2": 3.8244246372552854e-05,
                "norminf": 0.0005259776353981959,
                "z": 0.002894865569161841
            }
        }
    },
    "090pos": {
        "08": {
            "P": {
                "Precision": 0.0,
                "Accuracy": 0.9714285714285715,
                "Recall": 0.0,
                "F1": 0.0,
                "norm2": 1.5107295004579246e-05,
                "norminf": 6.819648682997448e-05,
                "z": 0.000782058137344048
            },
            "Q": {
                "Precision": 0.0,
                "Accuracy": 0.9714285714285715,
                "Recall": 0.0,
                "F1": 0.0,
                "norm2": 6.2634765106158e-06,
                "norminf": 8.540802655738755e-05,
                "z": 0.0005733105114289878
            },
            "U": {
                "Precision": 0.0,
                "Accuracy": 0.9714285714285715,
                "Recall": 0.0,
                "F1": 0.0,
                "norm2": 7.405809956534361e-05,
                "norminf": 0.00029730330473498156,
                "z": 0.00029564393827242964
            },
            "I": {
                "Precision": 0.0,
                "Accuracy": 0.9714285714285715,
                "Recall": 0.0,
                "F1": 0.0,
                "norm2": 1.1706614864410174e-05,
                "norminf": 6.293733464323825e-05,
                "z": 0.00012660793449280374
            }
        },
        "10": {
            "P": {
                "Precision": 0.0,
                "Accuracy": 0.9714285714285715,
                "Recall": 0.0,
                "F1": 0.0,
                "norm2": 4.924850751663616e-05,
                "norminf": 0.00022153450961513997,
                "z": 0.001966723133135843
            },
            "Q": {
                "Precision": 0.0,
                "Accuracy": 0.9714285714285715,
                "Recall": 0.0,
                "F1": 0.0,
                "norm2": 1.4605675735049852e-05,
                "norminf": 0.00020703675221526164,
                "z": 0.0014435596091732553
            },
            "U": {
                "Precision": 0.0,
                "Accuracy": 0.9714285714285715,
                "Recall": 0.0,
                "F1": 0.0,
                "norm2": 7.028071211885527e-05,
                "norminf": 0.00030258434367596453,
                "z": 0.0003017080776876502
            },
            "I": {
                "Precision": 0.0,
                "Accuracy": 0.9714285714285715,
                "Recall": 0.0,
                "F1": 0.0,
                "norm2": 3.625349043495033e-05,
                "norminf": 0.0001741218022850921,
                "z": 0.0009205569836369012
            }
        },
        "13": {
            "P": {
                "Precision": 0.26,
                "Accuracy": 0.9788571428571431,
                "Recall": 0.26,
                "F1": 0.26,
                "norm2": 5.6744101364636666e-05,
                "norminf": 0.000315680175425157,
                "z": 0.0030521736327381948
            },
            "Q": {
                "Precision": 0.0,
                "Accuracy": 0.9714285714285715,
                "Recall": 0.0,
                "F1": 0.0,
                "norm2": 2.2010398745400784e-05,
                "norminf": 0.00032499072189558833,
                "z": 0.0024666230233391013
            },
            "U": {
                "Precision": 0.0,
                "Accuracy": 0.9714285714285715,
                "Recall": 0.0,
                "F1": 0.0,
                "norm2": 7.695581654799888e-05,
                "norminf": 0.0003752193060673914,
                "z": 0.0003739726271445765
            },
            "I": {
                "Precision": 0.0,
                "Accuracy": 0.9714285714285715,
                "Recall": 0.0,
                "F1": 0.0,
                "norm2": 4.692078767033498e-05,
                "norminf": 0.00032628814347844813,
                "z": 0.0025595506824399082
            }
        }
    }
}