{
  "irrad_LV0101": 917.9164254152508,
  "irrad_LV0102": 886.1288006036497,
  "irrad_LV0103": 905.4643723188096,
  "irrad_LV0201": 854.849998143914,
  "irrad_LV0202": 888.0102218841724,
  "irrad_LV0203": 847.2593095542934
}