{
  "P_LV0101": 0.001617,
  "Q_LV0101": 0.002920,
  "U_LV0101": 0.002581,
  "I_LV0101_MV0101": 0.000730,
  "P_LV0102": 0.001597,
  "Q_LV0102": 0.002821,
  "U_LV0102": 0.002582,
  "I_LV0102_MV0102": 0.000709,
  "P_LV0103": 0.001609,
  "Q_LV0103": 0.002881,
  "U_LV0103": 0.002583,
  "I_LV0103_MV0103": 0.000722,
  "P_LV0201": 0.001577,
  "Q_LV0201": 0.002724,
  "U_LV0201": 0.002582,
  "I_LV0201_MV0201": 0.000689,
  "P_LV0202": 0.001598,
  "Q_LV0202": 0.002827,
  "U_LV0202": 0.002583,
  "I_LV0202_MV0202": 0.000710,
  "P_LV0203": 0.001573,
  "Q_LV0203": 0.002701,
  "U_LV0203": 0.002583,
  "I_LV0203_MV0203": 0.000683,
  "P_POIMV_MV0101": 0.004527,
  "Q_POIMV_MV0101": 0.008528,
  "U_POIMV": 0.002522,
  "I_POIMV_MV0101": 0.002162,
  "P_POIMV_MV0201": 0.004469,
  "Q_POIMV_MV0201": 0.008158,
  "I_POIMV_MV0201": 0.002083,
  "P_POI_POIMV": 0.008694,
  "Q_POI_POIMV": 0.016668,
  "U_POI": 0.002500,
  "I_POI_POIMV": 0.004246
}
