{
  "P_LV0101": 0.001975,
  "Q_LV0101": 0.003365,
  "U_LV0101": 0.002599,
  "I_LV0101_MV0101": 0.000848,
  "P_LV0102": 0.001928,
  "Q_LV0102": 0.003116,
  "U_LV0102": 0.002599,
  "I_LV0102_MV0102": 0.000796,
  "P_LV0103": 0.001981,
  "Q_LV0103": 0.003396,
  "U_LV0103": 0.002601,
  "I_LV0103_MV0103": 0.000854,
  "P_LV0201": 0.001982,
  "Q_LV0201": 0.003399,
  "U_LV0201": 0.002601,
  "I_LV0201_MV0201": 0.000854,
  "P_LV0202": 0.001944,
  "Q_LV0202": 0.003200,
  "U_LV0202": 0.002602,
  "I_LV0202_MV0202": 0.000813,
  "P_LV0203": 0.001983,
  "Q_LV0203": 0.003405,
  "U_LV0203": 0.002603,
  "I_LV0203_MV0203": 0.000855,
  "P_POIMV_MV0101": 0.005473,
  "Q_POIMV_MV0101": 0.009748,
  "U_POIMV": 0.002527,
  "I_POIMV_MV0101": 0.002498,
  "P_POIMV_MV0201": 0.005488,
  "Q_POIMV_MV0201": 0.009864,
  "I_POIMV_MV0201": 0.002523,
  "P_POI_POIMV": 0.010529,
  "Q_POI_POIMV": 0.019585,
  "U_POI": 0.002501,
  "I_POI_POIMV": 0.005021
}
