{
  "irrad_LV0101": 1138.2239765478032,
  "irrad_LV0102": 1141.4881305378167,
  "irrad_LV0103": 1168.803908698523,
  "irrad_LV0201": 1204.7405086181316,
  "irrad_LV0202": 1192.1531888309687,
  "irrad_LV0203": 1152.891266364211
}