{
  "irrad_LV0101": 766.3603734719959,
  "irrad_LV0102": 758.1215711878194,
  "irrad_LV0103": 687.357748079022,
  "irrad_LV0201": 731.6137325622532,
  "irrad_LV0202": 703.6886974175512,
  "irrad_LV0203": 782.232028063785
}