{
  "irrad_LV0101": 931.0499007357811,
  "irrad_LV0102": 908.0042164171133,
  "irrad_LV0103": 825.6809501227084,
  "irrad_LV0201": 960.1379571684454,
  "irrad_LV0202": 844.6837386960975,
  "irrad_LV0203": 847.2575647804384
}