{
  "irrad_LV0101": 885.4072292669641,
  "irrad_LV0102": 910.4821022540624,
  "irrad_LV0103": 869.2675602357414,
  "irrad_LV0201": 896.3224983798287,
  "irrad_LV0202": 932.9050511268498,
  "irrad_LV0203": 914.6525679107298
}