{
  "P_LV0101": 0.26557081268165156,
  "Q_LV0101": 0.1328702426108996,
  "U_LV0101": 1.0342000695906053,
  "I_LV0101_MV0101": 0.287135104084446,
  "P_LV0102": 0.2730918201649381,
  "Q_LV0102": 0.13287024261089958,
  "U_LV0102": 1.0348338822999212,
  "I_LV0102_MV0102": 0.2934769810149476,
  "P_LV0103": 0.2607298481182796,
  "Q_LV0103": 0.1328702426109002,
  "U_LV0103": 1.0347915139614,
  "I_LV0103_MV0103": 0.2827949594299118,
  "P_LV0201": 0.2688447602993396,
  "Q_LV0201": 0.13287024261089941,
  "U_LV0201": 1.0349958702650794,
  "I_LV0201_MV0201": 0.2897467175705854,
  "P_LV0202": 0.27981740423295554,
  "Q_LV0202": 0.13287024261090058,
  "U_LV0202": 1.0357170752935325,
  "I_LV0202_MV0202": 0.2990794102396064,
  "P_LV0203": 0.27434271796325294,
  "Q_LV0203": 0.13287024261089964,
  "U_LV0203": 1.035836036269294,
  "I_LV0203_MV0203": 0.29427943372125,
  "P_POIMV_MV0101": -0.7919406208241071,
  "Q_POIMV_MV0101": -0.3650184507901031,
  "U_POIMV": 1.0093745355463613,
  "I_POIMV_MV0101": 0.8639151963586557,
  "P_POIMV_MV0201": -0.8146597737671755,
  "Q_POIMV_MV0201": -0.3633291489972521,
  "I_POIMV_MV0201": 0.8837236944446111,
  "P_POI_POIMV": -1.6065903945911828,
  "Q_POI_POIMV": -0.6891465897106173,
  "U_POI": 1.0001862276875615,
  "I_POI_POIMV": 1.7478323122094808
}