{
  "P_LV0101": 0.0271668506664104,
  "Q_LV0101": 0.012705055456625508,
  "U_LV0101": 1.0244045866826053,
  "I_LV0101_MV0101": 0.016902769551767748,
  "P_LV0102": 0.027607571790956537,
  "Q_LV0102": 0.012705055456625489,
  "U_LV0102": 1.0249745859382213,
  "I_LV0102_MV0102": 0.01711856687868769,
  "P_LV0103": 0.026626101302344878,
  "Q_LV0103": 0.012705055456625479,
  "U_LV0103": 1.0249910525757813,
  "I_LV0103_MV0103": 0.01661769112069835,
  "P_LV0201": 0.028177402821856736,
  "Q_LV0201": 0.012705055456625482,
  "U_LV0201": 1.0253328945568267,
  "I_LV0201_MV0201": 0.01740458087729363,
  "P_LV0202": 0.02667286334255198,
  "Q_LV0202": 0.012705055456625512,
  "U_LV0202": 1.0254656339322874,
  "I_LV0202_MV0202": 0.01663376555925081,
  "P_LV0203": 0.026232656593031384,
  "Q_LV0203": 0.012705055456625543,
  "U_LV0203": 1.0255984812122423,
  "I_LV0203_MV0203": 0.016408231251196437,
  "P_POIMV_MV0101": -0.08063165502574066,
  "Q_POIMV_MV0101": -0.03464239469127506,
  "U_POIMV": 1.0000069936195533,
  "I_POIMV_MV0101": 0.05066705563353349,
  "P_POIMV_MV0201": -0.08026713037800448,
  "Q_POIMV_MV0201": -0.034661014906831156,
  "I_POIMV_MV0201": 0.05047801915482669,
  "P_POI_POI_MV": -0.16089778540375746,
  "Q_POI_POI_MV": -0.06935999193228781,
  "U_POI": 1.0000069743530222,
  "I_POI_POI_MV": 0.10115743113771891
}