{
  "P_LV0101": 0.000217,
  "Q_LV0101": 0.000389,
  "U_LV0101": 0.002561,
  "I_LV0101_MV0101": 0.000062,
  "P_LV0102": 0.000218,
  "Q_LV0102": 0.000394,
  "U_LV0102": 0.002562,
  "I_LV0102_MV0102": 0.000063,
  "P_LV0103": 0.000216,
  "Q_LV0103": 0.000382,
  "U_LV0103": 0.002562,
  "I_LV0103_MV0103": 0.000062,
  "P_LV0201": 0.000219,
  "Q_LV0201": 0.000402,
  "U_LV0201": 0.002563,
  "I_LV0201_MV0201": 0.000064,
  "P_LV0202": 0.000216,
  "Q_LV0202": 0.000382,
  "U_LV0202": 0.002564,
  "I_LV0202_MV0202": 0.000062,
  "P_LV0203": 0.000215,
  "Q_LV0203": 0.000377,
  "U_LV0203": 0.002564,
  "I_LV0203_MV0203": 0.000061,
  "P_POIMV_MV0101": 0.000608,
  "Q_POIMV_MV0101": 0.001152,
  "U_POIMV": 0.002500,
  "I_POIMV_MV0101": 0.000187,
  "P_POIMV_MV0201": 0.000608,
  "Q_POIMV_MV0201": 0.001147,
  "I_POIMV_MV0201": 0.000187,
  "P_POI_POI_MV": 0.001217,
  "Q_POI_POI_MV": 0.002299,
  "U_POI": 0.002500,
  "I_POI_POI_MV": 0.000374
}
