{
  "irrad_LV0101": 77.91292134691443,
  "irrad_LV0102": 130.32421366222263,
  "irrad_LV0103": 125.82730248616731,
  "irrad_LV0201": 95.11926245697792,
  "irrad_LV0202": 82.7182363071701,
  "irrad_LV0203": 58.40495876808147
}