{
  "P_LV0101": 0.02336935723648003,
  "Q_LV0101": 0.008484403054725734,
  "U_LV0101": 1.002567578946568,
  "I_LV0101_MV0101": 0.024798186088692484,
  "P_LV0102": 0.03908970492936658,
  "Q_LV0102": 0.008484403054726494,
  "U_LV0102": 1.0030548105772399,
  "I_LV0102_MV0102": 0.039878056673732884,
  "P_LV0103": 0.037740892409989554,
  "Q_LV0103": 0.008484403054726525,
  "U_LV0103": 1.0030487176817355,
  "I_LV0103_MV0103": 0.03856523890730981,
  "P_LV0201": 0.028530261553536943,
  "Q_LV0201": 0.008484403054725986,
  "U_LV0201": 1.002759650089438,
  "I_LV0201_MV0201": 0.029683180466009023,
  "P_LV0202": 0.024810673002834155,
  "Q_LV0202": 0.008484403054726555,
  "U_LV0202": 1.002696308113064,
  "I_LV0202_MV0202": 0.026150751691024758,
  "P_LV0203": 0.017518099979282012,
  "Q_LV0203": 0.008484403054726404,
  "U_LV0203": 1.0025136098204657,
  "I_LV0203_MV0203": 0.019415751907868487,
  "P_POIMV_MV0101": -0.10008830939977997,
  "Q_POIMV_MV0101": -0.026209536800934075,
  "U_POIMV": 1.0007081802817077,
  "I_POIMV_MV0101": 0.10338986411441434,
  "P_POIMV_MV0201": -0.07079738285494841,
  "Q_POIMV_MV0201": -0.026737085724846565,
  "I_POIMV_MV0201": 0.07562432203965275,
  "P_POI_POIMV": -0.17087569225400265,
  "Q_POI_POIMV": -0.053096444121365494,
  "U_POI": 1.0000143568897533,
  "I_POI_POIMV": 0.1789324320833006
}