{
  "irrad_LV0101": 566.2422079681676,
  "irrad_LV0102": 438.7138655625146,
  "irrad_LV0103": 490.54140487160055,
  "irrad_LV0201": 349.5760097498499,
  "irrad_LV0202": 505.358702610755,
  "irrad_LV0203": 516.4576440611758
}