{
  "irrad_LV0101": 448.8070318559322,
  "irrad_LV0102": 404.7763751142312,
  "irrad_LV0103": 444.8993763145843,
  "irrad_LV0201": 437.56598065683664,
  "irrad_LV0202": 481.1245733084961,
  "irrad_LV0203": 480.7494013688253
}