{
  "irrad_LV0101": 520.4434553531925,
  "irrad_LV0102": 495.72221193285566,
  "irrad_LV0103": 466.2207001725781,
  "irrad_LV0201": 566.3050973382927,
  "irrad_LV0202": 534.6898220214939,
  "irrad_LV0203": 525.9305382406491
}