{
  "irrad_LV0101": 473.09660411600333,
  "irrad_LV0102": 389.99346256980806,
  "irrad_LV0103": 514.3127642533439,
  "irrad_LV0201": 533.9065049693654,
  "irrad_LV0202": 399.39464701836243,
  "irrad_LV0203": 437.3318010188466
}