{
  "P_LV0101": 0.1419015403070918,
  "Q_LV0101": 8.923033087377018e-16,
  "U_LV0101": 1.003648451698435,
  "I_LV0101_MV0101": 0.1413857014046675,
  "P_LV0102": 0.11697541805813175,
  "Q_LV0102": 2.667606522920878e-16,
  "U_LV0102": 1.003208001621736,
  "I_LV0102_MV0102": 0.11660136070389703,
  "P_LV0103": 0.15426399769560076,
  "Q_LV0103": 6.970271616468103e-16,
  "U_LV0103": 1.004245280636563,
  "I_LV0103_MV0103": 0.1536118721890504,
  "P_LV0201": 0.16014098341858318,
  "Q_LV0201": -1.5448404184683713e-16,
  "U_LV0201": 1.0043794114342497,
  "I_LV0201_MV0201": 0.15944271815558475,
  "P_LV0202": 0.11979522809767669,
  "Q_LV0202": -5.709793672730977e-16,
  "U_LV0202": 1.0035467345342066,
  "I_LV0202_MV0202": 0.11937184784252156,
  "P_LV0203": 0.13117417383666585,
  "Q_LV0203": 3.382710778154824e-17,
  "U_LV0203": 1.0039232210048676,
  "I_LV0203_MV0203": 0.13066155966127396,
  "P_POIMV_MV0101": -0.4114261635979801,
  "Q_POIMV_MV0101": 0.006754126188980081,
  "U_POIMV": 0.999772053947602,
  "I_POIMV_MV0101": 0.4115754159888255,
  "P_POIMV_MV0201": -0.4093033679044993,
  "Q_POIMV_MV0201": 0.006480178234028244,
  "I_POIMV_MV0201": 0.4094479945264367,
  "P_POI_POIMV": -0.8207195315021673,
  "Q_POI_POIMV": 0.02144532759075446,
  "U_POI": 0.9999941761640893,
  "I_POI_POIMV": 0.8210044473297144
}