{
  "P_LV0101": 0.1346160774922724,
  "Q_LV0101": -4.521552542022338e-16,
  "U_LV0101": 1.0034705194581783,
  "I_LV0101_MV0101": 0.07745183049261883,
  "P_LV0102": 0.12140943437113892,
  "Q_LV0102": 5.292324257596043e-17,
  "U_LV0102": 1.0033131306277774,
  "I_LV0102_MV0102": 0.06986430006400697,
  "P_LV0103": 0.13344400748483085,
  "Q_LV0103": 9.571244109157376e-16,
  "U_LV0103": 1.0037072746604758,
  "I_LV0103_MV0103": 0.07675936559209574,
  "P_LV0201": 0.13124441414498822,
  "Q_LV0201": 9.62796413892091e-16,
  "U_LV0201": 1.0036835845583825,
  "I_LV0201_MV0201": 0.07549590229632379,
  "P_LV0202": 0.14430946542014814,
  "Q_LV0202": -3.985288169822578e-16,
  "U_LV0202": 1.0042067919921422,
  "I_LV0202_MV0202": 0.08296807925551798,
  "P_LV0203": 0.1441969355992699,
  "Q_LV0203": -9.160857433828723e-16,
  "U_LV0203": 1.0043025239640857,
  "I_LV0203_MV0203": 0.08289547979622,
  "P_POIMV_MV0101": -0.3879620886209523,
  "Q_POIMV_MV0101": 0.005789148902067609,
  "U_POIMV": 0.9997838207586994,
  "I_POIMV_MV0101": 0.22406339007199896,
  "P_POIMV_MV0201": -0.417874933653934,
  "Q_POIMV_MV0201": 0.006721333230586879,
  "I_POIMV_MV0201": 0.24134358546063686,
  "P_POI_POIMV": -0.8058270222739718,
  "Q_POI_POIMV": 0.020405508572821418,
  "U_POI": 0.9999944582373685,
  "I_POI_POIMV": 0.4653961668832078
}