{
  "P_LV0101": 0.16983981875690998,
  "Q_LV0101": -1.7941163634481227e-16,
  "U_LV0101": 1.0043218385753616,
  "I_LV0101_MV0101": 0.09763510192859487,
  "P_LV0102": 0.13158871303615294,
  "Q_LV0102": -4.56259166850372e-16,
  "U_LV0102": 1.003568071376523,
  "I_LV0102_MV0102": 0.0757026663767141,
  "P_LV0103": 0.14713396868648174,
  "Q_LV0103": -4.936100328950658e-16,
  "U_LV0103": 1.004055957280846,
  "I_LV0103_MV0103": 0.08460468344626067,
  "P_LV0201": 0.10485252653757669,
  "Q_LV0201": 9.600341997862348e-16,
  "U_LV0201": 1.0029687206973676,
  "I_LV0201_MV0201": 0.060357450010595504,
  "P_LV0202": 0.15157829856347077,
  "Q_LV0202": -3.840970863433487e-17,
  "U_LV0202": 1.0043528085377134,
  "I_LV0202_MV0202": 0.08713449171943963,
  "P_LV0203": 0.15490733722891578,
  "Q_LV0203": -7.340715384731577e-17,
  "U_LV0203": 1.0045404900604467,
  "I_LV0203_MV0203": 0.08903154599888852,
  "P_POIMV_MV0101": -0.44655576642958295,
  "Q_POIMV_MV0101": 0.00816247705574824,
  "U_POIMV": 0.999746484203963,
  "I_POIMV_MV0101": 0.2579275473395701,
  "P_POIMV_MV0201": -0.40948436824123746,
  "Q_POIMV_MV0201": 0.006600968412783459,
  "I_POIMV_MV0201": 0.2365065839981168,
  "P_POI_POI_MV": -0.8560301346703395,
  "Q_POI_POI_MV": 0.023746797793592123,
  "U_POI": 0.9999935516357322,
  "I_POI_POI_MV": 0.49442254526396495
}