{
  "P_LV0101": 0.000500,
  "Q_LV0101": 0.001484,
  "U_LV0101": 0.002509,
  "I_LV0101_MV0101": 0.000352,
  "P_LV0102": 0.000512,
  "Q_LV0102": 0.001519,
  "U_LV0102": 0.002510,
  "I_LV0102_MV0102": 0.000361,
  "P_LV0103": 0.000521,
  "Q_LV0103": 0.001545,
  "U_LV0103": 0.002510,
  "I_LV0103_MV0103": 0.000367,
  "P_LV0201": 0.000487,
  "Q_LV0201": 0.001446,
  "U_LV0201": 0.002510,
  "I_LV0201_MV0201": 0.000343,
  "P_LV0202": 0.000471,
  "Q_LV0202": 0.001397,
  "U_LV0202": 0.002510,
  "I_LV0202_MV0202": 0.000332,
  "P_LV0203": 0.000514,
  "Q_LV0203": 0.001525,
  "U_LV0203": 0.002511,
  "I_LV0203_MV0203": 0.000362,
  "P_POIMV_MV0101": 0.001528,
  "Q_POIMV_MV0101": 0.004528,
  "U_POIMV": 0.002499,
  "I_POIMV_MV0101": 0.001080,
  "P_POIMV_MV0201": 0.001467,
  "Q_POIMV_MV0201": 0.004348,
  "I_POIMV_MV0201": 0.001037,
  "P_POI_POIMV": 0.003002,
  "Q_POI_POIMV": 0.008877,
  "U_POI": 0.002500,
  "I_POI_POIMV": 0.002117
}
