{
  "P_LV0101": 0.000109,
  "Q_LV0101": 0.000180,
  "U_LV0101": 0.002498,
  "I_LV0101_MV0101": 0.000055,
  "P_LV0102": 0.000109,
  "Q_LV0102": 0.000178,
  "U_LV0102": 0.002497,
  "I_LV0102_MV0102": 0.000054,
  "P_LV0103": 0.000120,
  "Q_LV0103": 0.000310,
  "U_LV0103": 0.002499,
  "I_LV0103_MV0103": 0.000082,
  "P_LV0201": 0.000103,
  "Q_LV0201": 0.000197,
  "U_LV0201": 0.002498,
  "I_LV0201_MV0201": 0.000057,
  "P_LV0202": 0.000105,
  "Q_LV0202": 0.000192,
  "U_LV0202": 0.002498,
  "I_LV0202_MV0202": 0.000056,
  "P_LV0203": 0.000106,
  "Q_LV0203": 0.000188,
  "U_LV0203": 0.002498,
  "I_LV0203_MV0203": 0.000056,
  "P_POIMV_MV0101": 0.000322,
  "Q_POIMV_MV0101": 0.000479,
  "U_POIMV": 0.002499,
  "I_POIMV_MV0101": 0.000152,
  "P_POIMV_MV0201": 0.000297,
  "Q_POIMV_MV0201": 0.000583,
  "I_POIMV_MV0201": 0.000169,
  "P_POI_POIMV": 0.000613,
  "Q_POI_POIMV": 0.001082,
  "U_POI": 0.002500,
  "I_POI_POIMV": 0.000324
}
