{
  "P_LV0101": 0.000130,
  "Q_LV0101": 0.000404,
  "U_LV0101": 0.002498,
  "I_LV0101_MV0101": 0.000103,
  "P_LV0102": 0.000062,
  "Q_LV0102": 0.000203,
  "U_LV0102": 0.002501,
  "I_LV0102_MV0102": 0.000055,
  "P_LV0103": 0.000042,
  "Q_LV0103": 0.000142,
  "U_LV0103": 0.002501,
  "I_LV0103_MV0103": 0.000039,
  "P_LV0201": 0.000084,
  "Q_LV0201": 0.000265,
  "U_LV0201": 0.002502,
  "I_LV0201_MV0201": 0.000069,
  "P_LV0202": 0.000047,
  "Q_LV0202": 0.000157,
  "U_LV0202": 0.002501,
  "I_LV0202_MV0202": 0.000044,
  "P_LV0203": 0.000057,
  "Q_LV0203": 0.000189,
  "U_LV0203": 0.002501,
  "I_LV0203_MV0203": 0.000052,
  "P_POIMV_MV0101": 0.000109,
  "Q_POIMV_MV0101": 0.000357,
  "U_POIMV": 0.002500,
  "I_POIMV_MV0101": 0.000100,
  "P_POIMV_MV0201": 0.000192,
  "Q_POIMV_MV0201": 0.000621,
  "I_POIMV_MV0201": 0.000168,
  "P_POI_POIMV": 0.000183,
  "Q_POI_POIMV": 0.000552,
  "U_POI": 0.002500,
  "I_POI_POIMV": 0.000156
}
