{
  "P_LV0101": 0.000134,
  "Q_LV0101": 0.000205,
  "U_LV0101": 0.002488,
  "I_LV0101_MV0101": 0.000038,
  "P_LV0102": 0.000135,
  "Q_LV0102": 0.000231,
  "U_LV0102": 0.002489,
  "I_LV0102_MV0102": 0.000041,
  "P_LV0103": 0.000135,
  "Q_LV0103": 0.000240,
  "U_LV0103": 0.002490,
  "I_LV0103_MV0103": 0.000042,
  "P_LV0201": 0.000136,
  "Q_LV0201": 0.000281,
  "U_LV0201": 0.002492,
  "I_LV0201_MV0201": 0.000048,
  "P_LV0202": 0.000136,
  "Q_LV0202": 0.000263,
  "U_LV0202": 0.002491,
  "I_LV0202_MV0202": 0.000045,
  "P_LV0203": 0.000135,
  "Q_LV0203": 0.000240,
  "U_LV0203": 0.002490,
  "I_LV0203_MV0203": 0.000042,
  "P_POIMV_MV0101": 0.000411,
  "Q_POIMV_MV0101": 0.000676,
  "U_POIMV": 0.002500,
  "I_POIMV_MV0101": 0.000122,
  "P_POIMV_MV0201": 0.000416,
  "Q_POIMV_MV0201": 0.000783,
  "I_POIMV_MV0201": 0.000136,
  "P_POI_POI_MV": 0.000827,
  "Q_POI_POI_MV": 0.001463,
  "U_POI": 0.002500,
  "I_POI_POI_MV": 0.000258
}
