{
  "irrad_LV0101": 207.1471396149579,
  "irrad_LV0102": 172.57186853110727,
  "irrad_LV0103": 225.94883450953472,
  "irrad_LV0201": 225.74851806194334,
  "irrad_LV0202": 291.32555469054097,
  "irrad_LV0203": 172.2735304305796
}