{
  "P_LV0101": 0.000342,
  "Q_LV0101": 0.000658,
  "U_LV0101": 0.002491,
  "I_LV0101_MV0101": 0.000168,
  "P_LV0102": 0.000325,
  "Q_LV0102": 0.000560,
  "U_LV0102": 0.002490,
  "I_LV0102_MV0102": 0.000148,
  "P_LV0103": 0.000355,
  "Q_LV0103": 0.000716,
  "U_LV0103": 0.002491,
  "I_LV0103_MV0103": 0.000181,
  "P_LV0201": 0.000355,
  "Q_LV0201": 0.000716,
  "U_LV0201": 0.002491,
  "I_LV0201_MV0201": 0.000181,
  "P_LV0202": 0.000405,
  "Q_LV0202": 0.000921,
  "U_LV0202": 0.002493,
  "I_LV0202_MV0202": 0.000228,
  "P_LV0203": 0.000325,
  "Q_LV0203": 0.000559,
  "U_LV0203": 0.002490,
  "I_LV0203_MV0203": 0.000148,
  "P_POIMV_MV0101": 0.001020,
  "Q_POIMV_MV0101": 0.001920,
  "U_POIMV": 0.002495,
  "I_POIMV_MV0101": 0.000492,
  "P_POIMV_MV0201": 0.001080,
  "Q_POIMV_MV0201": 0.002180,
  "I_POIMV_MV0201": 0.000551,
  "P_POI_POIMV": 0.002112,
  "Q_POI_POIMV": 0.004100,
  "U_POI": 0.002500,
  "I_POI_POIMV": 0.001042
}
