{
  "irrad_LV0101": 21.793273361750547,
  "irrad_LV0102": -44.102628615320825,
  "irrad_LV0103": -63.57338413427406,
  "irrad_LV0201": -39.56907236382129,
  "irrad_LV0202": -71.20672464525425,
  "irrad_LV0203": 41.74644221722826
}