{
  "irrad_LV0101": 1176.2101251304246,
  "irrad_LV0102": 1204.9444718569498,
  "irrad_LV0103": 1109.2253702038809,
  "irrad_LV0201": 1193.5994154828124,
  "irrad_LV0202": 1130.2414399297252,
  "irrad_LV0203": 1185.9335534368024
}