{
  "P_LV0101": 0.018261145510352798,
  "Q_LV0101": 0.009139130599641943,
  "U_LV0101": 1.0174713438086385,
  "I_LV0101_MV0101": 0.011587283776242073,
  "P_LV0102": 0.021453272351675275,
  "Q_LV0102": 0.009139130599641897,
  "U_LV0102": 1.0185635940846058,
  "I_LV0102_MV0102": 0.013217748632364171,
  "P_LV0103": 0.016966783819376222,
  "Q_LV0103": 0.009139130599641885,
  "U_LV0103": 1.0176582576509408,
  "I_LV0103_MV0103": 0.010933411846755925,
  "P_LV0201": 0.018302302688048267,
  "Q_LV0201": 0.009139130599641962,
  "U_LV0201": 1.0179534109753718,
  "I_LV0201_MV0201": 0.01160267586483834,
  "P_LV0202": 0.01612038296780138,
  "Q_LV0202": 0.009139130599642041,
  "U_LV0202": 1.0177476759994515,
  "I_LV0202_MV0202": 0.010512193900447522,
  "P_LV0203": 0.01886994318110189,
  "Q_LV0203": 0.009139130599641936,
  "U_LV0203": 1.0185751454222896,
  "I_LV0203_MV0203": 0.011884321200131378,
  "P_POIMV_MV0101": -0.056296056403539296,
  "Q_POIMV_MV0101": -0.025740391334267088,
  "U_POIMV": 1.0000052156919288,
  "I_POIMV_MV0101": 0.03573874527654217,
  "P_POIMV_MV0201": -0.05292088400753414,
  "Q_POIMV_MV0201": -0.02592975806808795,
  "I_POIMV_MV0201": 0.03402418791577795,
  "P_POI_POI_MV": -0.10921594041107305,
  "Q_POI_POI_MV": -0.051726738223806024,
  "U_POI": 1.000005201323465,
  "I_POI_POI_MV": 0.06977015878439145
}