{
  "P_LV0101": -0.010698367340556911,
  "Q_LV0101": 0.002448115977332024,
  "U_LV0101": 1.0002807962216342,
  "I_LV0101_MV0101": 0.010971814854299308,
  "P_LV0102": -0.0034818372322738826,
  "Q_LV0102": 0.0024481159773327103,
  "U_LV0102": 1.0004882561454982,
  "I_LV0102_MV0102": 0.004254266605480577,
  "P_LV0103": 0.008288125615943045,
  "Q_LV0103": 0.002448115977331638,
  "U_LV0103": 1.0008214757508445,
  "I_LV0103_MV0103": 0.008635030001863392,
  "P_LV0201": -0.015286298805179286,
  "Q_LV0201": 0.002448115977332286,
  "U_LV0201": 1.0001293660463744,
  "I_LV0201_MV0201": 0.015479089321067147,
  "P_LV0202": -0.007496476701092618,
  "Q_LV0202": 0.0024481159773316087,
  "U_LV0202": 1.0003414337277312,
  "I_LV0202_MV0202": 0.0078833995639299,
  "P_LV0203": -0.005054726911858763,
  "Q_LV0203": 0.0024481159773315692,
  "U_LV0203": 1.0004073051798035,
  "I_LV0203_MV0203": 0.005614076592922338,
  "P_POIMV_MV0101": 0.005898126622923883,
  "Q_POIMV_MV0101": -0.008588581294816322,
  "U_POIMV": 1.0002392044161816,
  "I_POIMV_MV0101": 0.010416319546199574,
  "P_POIMV_MV0201": 0.02784780809656695,
  "Q_POIMV_MV0201": -0.008854252835703846,
  "I_POIMV_MV0201": 0.029214548484391666,
  "P_POI_POIMV": 0.03375593471987261,
  "Q_POI_POIMV": -0.017989959679198364,
  "U_POI": 1.000004864719603,
  "I_POI_POIMV": 0.03825032735827964
}