{
  "P_LV0101": 0.35909826038048615,
  "Q_LV0101": -1.0251226937592912e-17,
  "U_LV0101": 1.0073070648648303,
  "I_LV0101_MV0101": 0.35649334041817055,
  "P_LV0102": 0.3224149080150516,
  "Q_LV0102": -3.111825278069907e-16,
  "U_LV0102": 1.0069897489127366,
  "I_LV0102_MV0102": 0.3201769515163072,
  "P_LV0103": 0.35456846369206785,
  "Q_LV0103": 7.910339050721317e-17,
  "U_LV0103": 1.007899815304789,
  "I_LV0103_MV0103": 0.35178939246540725,
  "P_LV0201": 0.36291933596647397,
  "Q_LV0201": 1.0640994573011033e-15,
  "U_LV0201": 1.0081092665735387,
  "I_LV0201_MV0201": 0.36000000000000004,
  "P_LV0202": 0.36309032069674246,
  "Q_LV0202": -1.1129824443827697e-17,
  "U_LV0202": 1.0085842241576184,
  "I_LV0202_MV0202": 0.3599999999999998,
  "P_LV0203": 0.3470793796587237,
  "Q_LV0203": 8.996239328541316e-16,
  "U_LV0203": 1.0084842161325827,
  "I_LV0203_MV0203": 0.3441594564461623,
  "P_POIMV_MV0101": -1.0254964968455624,
  "Q_POIMV_MV0101": 0.04832767391189918,
  "U_POIMV": 0.9982859869037329,
  "I_POIMV_MV0101": 1.0283972996826518,
  "P_POIMV_MV0201": -1.0609866268646329,
  "Q_POIMV_MV0201": 0.05198713204896421,
  "I_POIMV_MV0201": 1.0640833711644415,
  "P_POI_POIMV": -2.086473123709904,
  "Q_POI_POIMV": 0.15676016756651734,
  "U_POI": 0.9999574484501284,
  "I_POI_POIMV": 2.092442698492116
}