{
  "irrad_LV0101": 39.0743698267664,
  "irrad_LV0102": -50.75296790620566,
  "irrad_LV0103": 89.84854217852082,
  "irrad_LV0201": 82.76345422238055,
  "irrad_LV0202": -4.50316853315945,
  "irrad_LV0203": -3.730924682601808
}