{
  "P_LV0101": 0.014325704009065897,
  "Q_LV0101": -6.075982618530832e-05,
  "U_LV0101": 1.0004293522393235,
  "I_LV0101_MV0101": 0.014319684670593929,
  "P_LV0102": 0.0009185556499527594,
  "Q_LV0102": -6.075982618622117e-05,
  "U_LV0102": 1.0000549178363154,
  "I_LV0102_MV0102": 0.0009205124483004055,
  "P_LV0103": -0.007360830080715366,
  "Q_LV0103": -6.075982618592045e-05,
  "U_LV0103": 0.9998193535183796,
  "I_LV0103_MV0103": 0.007362410840449656,
  "P_LV0201": 0.019331168488650203,
  "Q_LV0201": -6.075982618665185e-05,
  "U_LV0201": 1.0005882016426288,
  "I_LV0201_MV0201": 0.019319899978664287,
  "P_LV0202": 0.0034079933725345507,
  "Q_LV0202": -6.0759826186038934e-05,
  "U_LV0202": 1.0001523109928083,
  "I_LV0202_MV0202": 0.003408015883209954,
  "P_LV0203": -0.0001254533410294626,
  "Q_LV0203": -6.0759826186425574e-05,
  "U_LV0203": 1.0000543035570169,
  "I_LV0203_MV0203": 0.00013938503204085416,
  "P_POIMV_MV0101": -0.007876115283124818,
  "Q_POIMV_MV0101": -0.0010549185931267857,
  "U_POIMV": 1.000039008778408,
  "I_POIMV_MV0101": 0.007946138620693618,
  "P_POIMV_MV0201": -0.022602473125857614,
  "Q_POIMV_MV0201": -0.0013203371953522947,
  "I_POIMV_MV0201": 0.02264012126907182,
  "P_POI_POIMV": -0.030468588408309717,
  "Q_POI_POIMV": -0.0029290059583217953,
  "U_POI": 1.0000007920174583,
  "I_POI_POIMV": 0.03060902597921426
}