{
  "P_LV0101": 0.000067,
  "Q_LV0101": 0.000215,
  "U_LV0101": 0.002501,
  "I_LV0101_MV0101": 0.000057,
  "P_LV0102": 0.000007,
  "Q_LV0102": 0.000025,
  "U_LV0102": 0.002500,
  "I_LV0102_MV0102": 0.000007,
  "P_LV0103": 0.000049,
  "Q_LV0103": 0.000163,
  "U_LV0103": 0.002500,
  "I_LV0103_MV0103": 0.000045,
  "P_LV0201": 0.000085,
  "Q_LV0201": 0.000270,
  "U_LV0201": 0.002501,
  "I_LV0201_MV0201": 0.000070,
  "P_LV0202": 0.000027,
  "Q_LV0202": 0.000090,
  "U_LV0202": 0.002500,
  "I_LV0202_MV0202": 0.000025,
  "P_LV0203": 0.000002,
  "Q_LV0203": 0.000003,
  "U_LV0203": 0.002500,
  "I_LV0203_MV0203": 0.000001,
  "P_POIMV_MV0101": 0.000068,
  "Q_POIMV_MV0101": 0.000211,
  "U_POIMV": 0.002500,
  "I_POIMV_MV0101": 0.000060,
  "P_POIMV_MV0201": 0.000151,
  "Q_POIMV_MV0201": 0.000497,
  "I_POIMV_MV0201": 0.000138,
  "P_POI_POIMV": 0.000233,
  "Q_POI_POIMV": 0.000749,
  "U_POI": 0.002500,
  "I_POI_POIMV": 0.000209
}
