{
  "irrad_LV0101": 1141.9897988666612,
  "irrad_LV0102": 1131.6597464754393,
  "irrad_LV0103": 1086.4731441713145,
  "irrad_LV0201": 1156.9964063046252,
  "irrad_LV0202": 1186.0685695590819,
  "irrad_LV0203": 1126.8955160605237
}