{
  "irrad_LV0101": 1125.2456218970785,
  "irrad_LV0102": 1047.7828916697815,
  "irrad_LV0103": 1161.3815578415267,
  "irrad_LV0201": 1191.1068648794892,
  "irrad_LV0202": 1167.6414829494374,
  "irrad_LV0203": 1115.7439254274814
}