{
  "irrad_LV0101": 1197.0349044648237,
  "irrad_LV0102": 1165.964320629932,
  "irrad_LV0103": 1152.8530341826295,
  "irrad_LV0201": 1095.628305293857,
  "irrad_LV0202": 1111.6056181419792,
  "irrad_LV0203": 1108.1526846660558
}