{
  "irrad_LV0101": 1095.98699487597,
  "irrad_LV0102": 1163.6935654320932,
  "irrad_LV0103": 1120.6712844448818,
  "irrad_LV0201": 1163.8927740871952,
  "irrad_LV0202": 1099.070824884329,
  "irrad_LV0203": 1163.6425297070525
}