{
  "P_LV0101": 0.34253070105409283,
  "Q_LV0101": 0.1637024656893667,
  "U_LV0101": 1.0416966022825855,
  "I_LV0101_MV0101": 0.364442976830047,
  "P_LV0102": 0.339432284508689,
  "Q_LV0102": 0.1637024656893667,
  "U_LV0102": 1.0422069392470905,
  "I_LV0102_MV0102": 0.36158444846207355,
  "P_LV0103": 0.32587892476690783,
  "Q_LV0103": 0.16370246568936556,
  "U_LV0103": 1.0422078411872477,
  "I_LV0103_MV0103": 0.3499163637961388,
  "P_LV0201": 0.3470318128602321,
  "Q_LV0201": 0.16370246568936583,
  "U_LV0201": 1.0426867714449015,
  "I_LV0201_MV0201": 0.3679964826070315,
  "P_LV0202": 0.3557517755696982,
  "Q_LV0202": 0.16370246568936633,
  "U_LV0202": 1.0434567217885506,
  "I_LV0202_MV0202": 0.37529996723969783,
  "P_LV0203": 0.3380032917229182,
  "Q_LV0203": 0.163702465689367,
  "U_LV0203": 1.0433821896551865,
  "I_LV0203_MV0203": 0.3599440519006544,
  "P_POIMV_MV0101": -0.9962770521410675,
  "Q_POIMV_MV0101": -0.4382295174996216,
  "U_POIMV": 1.0111342123923837,
  "I_POIMV_MV0101": 1.0764142922836706,
  "P_POIMV_MV0201": -1.027772136705721,
  "Q_POIMV_MV0201": -0.4351594308733979,
  "I_POIMV_MV0201": 1.103809983402468,
  "P_POI_POIMV": -2.0240391888457903,
  "Q_POI_POIMV": -0.8120652050934041,
  "U_POI": 1.0002193980759904,
  "I_POI_POIMV": 2.180389466691224
}