{
  "P_LV0101": 0.32873252814832465,
  "Q_LV0101": 0.16904065068959317,
  "U_LV0101": 1.042513601934771,
  "I_LV0101_MV0101": 0.20471340308011657,
  "P_LV0102": 0.3490405721444909,
  "Q_LV0102": 0.16904065068959392,
  "U_LV0102": 1.0435244803360058,
  "I_LV0102_MV0102": 0.21456877140319394,
  "P_LV0103": 0.3361363832610872,
  "Q_LV0103": 0.1690406506895944,
  "U_LV0103": 1.0435496185556448,
  "I_LV0103_MV0103": 0.20816142025830792,
  "P_LV0201": 0.3491003231863618,
  "Q_LV0201": 0.16904065068959406,
  "U_LV0201": 1.0438245901398397,
  "I_LV0201_MV0201": 0.21453682554122974,
  "P_LV0202": 0.32965749828005714,
  "Q_LV0202": 0.1690406506895938,
  "U_LV0202": 1.0440088073266676,
  "I_LV0202_MV0202": 0.20487525187028865,
  "P_LV0203": 0.3490252643871938,
  "Q_LV0203": 0.1690406506895931,
  "U_LV0203": 1.044708156053841,
  "I_LV0203_MV0203": 0.2143180468155137,
  "P_POIMV_MV0101": -1.0020928089281824,
  "Q_POIMV_MV0101": -0.453134200043678,
  "U_POIMV": 1.0115460840016672,
  "I_POIMV_MV0101": 0.6277118601568141,
  "P_POIMV_MV0201": -1.01489690732285,
  "Q_POIMV_MV0201": -0.45174682099286656,
  "I_POIMV_MV0201": 0.6340555063497364,
  "P_POI_POI_MV": -2.0169797162509453,
  "Q_POI_POI_MV": -0.8432580602261623,
  "U_POI": 1.000227830416779,
  "I_POI_POI_MV": 1.261892010704259
}