{
  "P_LV0101": 0.32960606185009766,
  "Q_LV0101": 0.16529412819462003,
  "U_LV0101": 1.0417448472838637,
  "I_LV0101_MV0101": 0.35395487485490396,
  "P_LV0102": 0.3328519772123045,
  "Q_LV0102": 0.16529412819462005,
  "U_LV0102": 1.0424041824655927,
  "I_LV0102_MV0102": 0.3565171989175953,
  "P_LV0103": 0.35850010085255607,
  "Q_LV0103": 0.1652941281946194,
  "U_LV0103": 1.043235506512992,
  "I_LV0103_MV0103": 0.3784106405837033,
  "P_LV0201": 0.3410223961675497,
  "Q_LV0201": 0.1652941281946202,
  "U_LV0201": 1.0428732632831381,
  "I_LV0201_MV0201": 0.3633904788586868,
  "P_LV0202": 0.3542796213881439,
  "Q_LV0202": 0.1652941281946196,
  "U_LV0202": 1.0437392883028611,
  "I_LV0202_MV0202": 0.37455972945908056,
  "P_LV0203": 0.3412896635183707,
  "Q_LV0203": 0.16529412819461944,
  "U_LV0203": 1.0437654037789261,
  "I_LV0203_MV0203": 0.3633103146259793,
  "P_POIMV_MV0101": -1.0090794664520217,
  "Q_POIMV_MV0101": -0.44164201632520417,
  "U_POIMV": 1.0112403866861703,
  "I_POIMV_MV0101": 1.0892504079222567,
  "P_POIMV_MV0201": -1.0236184061469658,
  "Q_POIMV_MV0201": -0.4401416560763778,
  "I_POIMV_MV0201": 1.101849641969604,
  "P_POI_POIMV": -2.0326878725985793,
  "Q_POI_POIMV": -0.8198385712285017,
  "U_POI": 1.0002214979157256,
  "I_POI_POIMV": 2.191307336952216
}