{
  "P_LV0101": 0.337508419172366,
  "Q_LV0101": 0.16208249040597136,
  "U_LV0101": 1.0412666824163805,
  "I_LV0101_MV0101": 0.20759866620361986,
  "P_LV0102": 0.31427409315942556,
  "Q_LV0102": 0.1620824904059712,
  "U_LV0102": 1.0413518144807994,
  "I_LV0102_MV0102": 0.19604895650536278,
  "P_LV0103": 0.34834710397023494,
  "Q_LV0103": 0.16208249040597025,
  "U_LV0103": 1.0423578725308877,
  "I_LV0103_MV0103": 0.2128089472986408,
  "P_LV0201": 0.35726297193058476,
  "Q_LV0201": 0.1620824904059715,
  "U_LV0201": 1.0425719420055728,
  "I_LV0201_MV0201": 0.21725176981889818,
  "P_LV0202": 0.35022471840942404,
  "Q_LV0202": 0.16208249040597028,
  "U_LV0202": 1.0430128634280993,
  "I_LV0202_MV0202": 0.21361808312115596,
  "P_LV0203": 0.3346584613564865,
  "Q_LV0203": 0.16208249040597045,
  "U_LV0203": 1.0429792383094612,
  "I_LV0203_MV0203": 0.2058367944163182,
  "P_POIMV_MV0101": -0.9887190827278118,
  "Q_POIMV_MV0101": -0.4341394294140173,
  "U_POIMV": 1.0110204452056137,
  "I_POIMV_MV0101": 0.6166469938180804,
  "P_POIMV_MV0201": -1.029149526043966,
  "Q_POIMV_MV0201": -0.4303392269690107,
  "I_POIMV_MV0201": 0.6370141357594001,
  "P_POI_POIMV": -2.017858608771176,
  "Q_POI_POIMV": -0.8036564641374753,
  "U_POI": 1.0002171261168968,
  "I_POI_POIMV": 1.2537369618615193
}