{
  "irrad_LV0101": 329.4781797887655,
  "irrad_LV0102": 303.51951107729644,
  "irrad_LV0103": 427.3523684905658,
  "irrad_LV0201": 342.00006421722946,
  "irrad_LV0202": 313.26326334876745,
  "irrad_LV0203": 263.89610681564955
}