{
  "irrad_LV0101": -11.558955943891991,
  "irrad_LV0102": -14.083656365691416,
  "irrad_LV0103": -83.45965019529554,
  "irrad_LV0201": 42.99678503241982,
  "irrad_LV0202": 17.656445983961728,
  "irrad_LV0203": 14.605929174768049
}