{
  "P_LV0101": 0.000027,
  "Q_LV0101": 0.000091,
  "U_LV0101": 0.002500,
  "I_LV0101_MV0101": 0.000025,
  "P_LV0102": 0.000032,
  "Q_LV0102": 0.000108,
  "U_LV0102": 0.002500,
  "I_LV0102_MV0102": 0.000030,
  "P_LV0103": 0.000107,
  "Q_LV0103": 0.000336,
  "U_LV0103": 0.002498,
  "I_LV0103_MV0103": 0.000087,
  "P_LV0201": 0.000065,
  "Q_LV0201": 0.000212,
  "U_LV0201": 0.002501,
  "I_LV0201_MV0201": 0.000057,
  "P_LV0202": 0.000038,
  "Q_LV0202": 0.000129,
  "U_LV0202": 0.002501,
  "I_LV0202_MV0202": 0.000036,
  "P_LV0203": 0.000033,
  "Q_LV0203": 0.000111,
  "U_LV0203": 0.002500,
  "I_LV0203_MV0203": 0.000031,
  "P_POIMV_MV0101": 0.000185,
  "Q_POIMV_MV0101": 0.000605,
  "U_POIMV": 0.002500,
  "I_POIMV_MV0101": 0.000165,
  "P_POIMV_MV0201": 0.000152,
  "Q_POIMV_MV0201": 0.000497,
  "I_POIMV_MV0201": 0.000138,
  "P_POI_POIMV": 0.000119,
  "Q_POI_POIMV": 0.000274,
  "U_POI": 0.002500,
  "I_POI_POIMV": 0.000080
}
