{
  "irrad_LV0101": 755.4955189415991,
  "irrad_LV0102": 744.0117388757818,
  "irrad_LV0103": 809.5895452105387,
  "irrad_LV0201": 800.2329046037851,
  "irrad_LV0202": 719.6730739475438,
  "irrad_LV0203": 772.3977283506734
}