{
  "irrad_LV0101": 810.8675311101712,
  "irrad_LV0102": 742.8206506358123,
  "irrad_LV0103": 861.5815102077171,
  "irrad_LV0201": 740.3839923343834,
  "irrad_LV0202": 750.6555844213273,
  "irrad_LV0203": 807.0336560637072
}