{
  "irrad_LV0101": 731.6087341005622,
  "irrad_LV0102": 827.1488513112162,
  "irrad_LV0103": 769.460172621084,
  "irrad_LV0201": 701.5181986515489,
  "irrad_LV0202": 766.8341987900995,
  "irrad_LV0203": 688.5712349673227
}