{
  "P_LV0101": 0.2577698597211281,
  "Q_LV0101": 5.412337245054569e-17,
  "U_LV0101": 1.0060012630327995,
  "I_LV0101_MV0101": 0.2562321432321341,
  "P_LV0102": 0.24064805738841655,
  "Q_LV0102": -9.563638579921953e-16,
  "U_LV0102": 1.0059306570837863,
  "I_LV0102_MV0102": 0.23922927061996524,
  "P_LV0103": 0.2314855307383672,
  "Q_LV0103": 5.214116027179046e-16,
  "U_LV0103": 1.0058762863558925,
  "I_LV0103_MV0103": 0.2301332021425789,
  "P_LV0201": 0.21823382956839535,
  "Q_LV0201": 3.5880464880157186e-16,
  "U_LV0201": 1.0055240325532244,
  "I_LV0201_MV0201": 0.21703492159631083,
  "P_LV0202": 0.22980846940350994,
  "Q_LV0202": 2.6436292609601616e-16,
  "U_LV0202": 1.0060960544511504,
  "I_LV0202_MV0202": 0.22841603282986334,
  "P_LV0203": 0.21892797110735293,
  "Q_LV0203": -1.6620274078503543e-17,
  "U_LV0203": 1.005991456376538,
  "I_LV0203_MV0203": 0.2176240858902575,
  "P_POIMV_MV0101": -0.724644829690078,
  "Q_POIMV_MV0101": 0.023403676010730123,
  "U_POIMV": 0.9992701891205009,
  "I_POIMV_MV0101": 0.7255521784485002,
  "P_POIMV_MV0201": -0.6622655778161288,
  "Q_POIMV_MV0201": 0.01923721753587415,
  "I_POIMV_MV0201": 0.6630288019207464,
  "P_POI_POIMV": -1.3869004075054787,
  "Q_POI_POIMV": 0.067180974655912,
  "U_POI": 0.9999817624830076,
  "I_POI_POIMV": 1.3885518894530626
}