{
  "irrad_LV0101": 122.43944957764282,
  "irrad_LV0102": 253.47319984382858,
  "irrad_LV0103": 207.09396064950772,
  "irrad_LV0201": 190.37874703400618,
  "irrad_LV0202": 233.4460220995134,
  "irrad_LV0203": 199.2516662443146
}