{
  "irrad_LV0101": 66.00498875894304,
  "irrad_LV0102": -29.441060894353665,
  "irrad_LV0103": -21.36973209314921,
  "irrad_LV0201": -31.777096164740723,
  "irrad_LV0202": 55.33378523445917,
  "irrad_LV0203": 48.401532694250506
}