{
  "P_LV0101": 0.000130,
  "Q_LV0101": 0.000275,
  "U_LV0101": 0.002505,
  "I_LV0101_MV0101": 0.000075,
  "P_LV0102": 0.000136,
  "Q_LV0102": 0.000165,
  "U_LV0102": 0.002503,
  "I_LV0102_MV0102": 0.000055,
  "P_LV0103": 0.000146,
  "Q_LV0103": 0.000135,
  "U_LV0103": 0.002504,
  "I_LV0103_MV0103": 0.000052,
  "P_LV0201": 0.000134,
  "Q_LV0201": 0.000171,
  "U_LV0201": 0.002503,
  "I_LV0201_MV0201": 0.000056,
  "P_LV0202": 0.000123,
  "Q_LV0202": 0.000235,
  "U_LV0202": 0.002505,
  "I_LV0202_MV0202": 0.000066,
  "P_LV0203": 0.000119,
  "Q_LV0203": 0.000209,
  "U_LV0203": 0.002505,
  "I_LV0203_MV0203": 0.000060,
  "P_POIMV_MV0101": 0.000490,
  "Q_POIMV_MV0101": 0.000177,
  "U_POIMV": 0.002502,
  "I_POIMV_MV0101": 0.000138,
  "P_POIMV_MV0201": 0.000447,
  "Q_POIMV_MV0201": 0.000430,
  "I_POIMV_MV0201": 0.000162,
  "P_POI_POIMV": 0.000956,
  "Q_POI_POIMV": 0.000611,
  "U_POI": 0.002500,
  "I_POI_POIMV": 0.000299
}
