{
  "P_LV0101": 0.010124930221486205,
  "Q_LV0101": 0.00468300023109167,
  "U_LV0101": 1.0092892328235457,
  "I_LV0101_MV0101": 0.006381340821331421,
  "P_LV0102": 0.007568185862964981,
  "Q_LV0102": 0.004683000231091578,
  "U_LV0102": 1.0088070521470758,
  "I_LV0102_MV0102": 0.005093491557076702,
  "P_LV0103": 0.012034904925807537,
  "Q_LV0103": 0.004683000231091615,
  "U_LV0103": 1.0100548843266768,
  "I_LV0103_MV0103": 0.007381635883372924,
  "P_LV0201": 0.01024105250531217,
  "Q_LV0201": 0.004683000231091696,
  "U_LV0201": 1.009581895116897,
  "I_LV0201_MV0201": 0.006439823531610128,
  "P_LV0202": 0.009243897217855407,
  "Q_LV0202": 0.004683000231091712,
  "U_LV0202": 1.009499378811504,
  "I_LV0202_MV0202": 0.0059264588481260224,
  "P_LV0203": 0.009669185412587062,
  "Q_LV0203": 0.004683000231091622,
  "U_LV0203": 1.009696430328526,
  "I_LV0203_MV0203": 0.006143218048424444,
  "P_POIMV_MV0101": -0.029618971651984793,
  "Q_POIMV_MV0101": -0.01366611814464136,
  "U_POIMV": 1.0000027669620326,
  "I_POIMV_MV0101": 0.018832953198561035,
  "P_POIMV_MV0201": -0.029044219603022725,
  "Q_POIMV_MV0201": -0.013718485933004843,
  "I_POIMV_MV0201": 0.018545060788659494,
  "P_POI_POI_MV": -0.05866219125503095,
  "Q_POI_POI_MV": -0.027441193582490087,
  "U_POI": 1.0000027593394998,
  "I_POI_POI_MV": 0.03739094650370904
}