{
  "irrad_LV0101": -63.90814571354909,
  "irrad_LV0102": 44.59666474421386,
  "irrad_LV0103": 64.91332172601727,
  "irrad_LV0201": 6.938157731226776,
  "irrad_LV0202": -20.080290261288855,
  "irrad_LV0203": 50.24922706920676
}