{
  "irrad_LV0101": 502.75086525415435,
  "irrad_LV0102": 439.900493753914,
  "irrad_LV0103": 423.84628545320805,
  "irrad_LV0201": 478.29771224764943,
  "irrad_LV0202": 482.965766493871,
  "irrad_LV0203": 513.8908514474941
}