{
  "P_LV0101": 0.000947,
  "Q_LV0101": 0.001603,
  "U_LV0101": 0.002468,
  "I_LV0101_MV0101": 0.000426,
  "P_LV0102": 0.000911,
  "Q_LV0102": 0.001409,
  "U_LV0102": 0.002467,
  "I_LV0102_MV0102": 0.000384,
  "P_LV0103": 0.000903,
  "Q_LV0103": 0.001359,
  "U_LV0103": 0.002467,
  "I_LV0103_MV0103": 0.000373,
  "P_LV0201": 0.000933,
  "Q_LV0201": 0.001528,
  "U_LV0201": 0.002468,
  "I_LV0201_MV0201": 0.000410,
  "P_LV0202": 0.000936,
  "Q_LV0202": 0.001542,
  "U_LV0202": 0.002469,
  "I_LV0202_MV0202": 0.000413,
  "P_LV0203": 0.000954,
  "Q_LV0203": 0.001638,
  "U_LV0203": 0.002469,
  "I_LV0203_MV0203": 0.000433,
  "P_POIMV_MV0101": 0.002839,
  "Q_POIMV_MV0101": 0.004354,
  "U_POIMV": 0.002484,
  "I_POIMV_MV0101": 0.001182,
  "P_POIMV_MV0201": 0.002908,
  "Q_POIMV_MV0201": 0.004686,
  "I_POIMV_MV0201": 0.001254,
  "P_POI_POIMV": 0.005852,
  "Q_POI_POIMV": 0.009048,
  "U_POI": 0.002500,
  "I_POI_POIMV": 0.002434
}
