{
  "P_LV0101": 0.014324377206329338,
  "Q_LV0101": 1.2329058466244822e-15,
  "U_LV0101": 1.0004472051709903,
  "I_LV0101_MV0101": 0.014317974134258393,
  "P_LV0102": -0.005189827672812267,
  "Q_LV0102": -4.739696727314981e-16,
  "U_LV0102": 0.9999130833868891,
  "I_LV0102_MV0102": 0.005190278794266166,
  "P_LV0103": 0.013328541091012487,
  "Q_LV0103": -1.2479839260758874e-16,
  "U_LV0103": 1.0004352917754515,
  "I_LV0103_MV0103": 0.01332274181107566,
  "P_LV0201": 0.0011119724422631683,
  "Q_LV0201": 3.803977955790481e-16,
  "U_LV0201": 1.0000689463575483,
  "I_LV0201_MV0201": 0.0011118957810990883,
  "P_LV0202": 0.012449717123897612,
  "Q_LV0202": 1.2928440105410907e-16,
  "U_LV0202": 1.000377647262657,
  "I_LV0202_MV0202": 0.01244501729718161,
  "P_LV0203": -0.019594431825485634,
  "Q_LV0203": 2.0040987991967772e-16,
  "U_LV0203": 0.9994716024576363,
  "I_LV0203_MV0203": 0.019604790948841554,
  "P_POIMV_MV0101": -0.022451370754879463,
  "Q_POIMV_MV0101": -0.0012163326780409989,
  "U_POIMV": 1.0000433481508915,
  "I_POIMV_MV0101": 0.02248332021862775,
  "P_POIMV_MV0201": 0.006048099789040862,
  "Q_POIMV_MV0201": -0.0014810452247502326,
  "I_POIMV_MV0201": 0.006226527504016909,
  "P_POI_POIMV": -0.01639327096572132,
  "Q_POI_POIMV": -0.003259694808093627,
  "U_POI": 1.0000008814652017,
  "I_POI_POIMV": 0.016714199074355115
}