{
  "P_LV0101": 0.000128,
  "Q_LV0101": 0.000236,
  "U_LV0101": 0.002495,
  "I_LV0101_MV0101": 0.000067,
  "P_LV0102": 0.000137,
  "Q_LV0102": 0.000287,
  "U_LV0102": 0.002497,
  "I_LV0102_MV0102": 0.000079,
  "P_LV0103": 0.000157,
  "Q_LV0103": 0.000387,
  "U_LV0103": 0.002494,
  "I_LV0103_MV0103": 0.000102,
  "P_LV0201": 0.000157,
  "Q_LV0201": 0.000108,
  "U_LV0201": 0.002496,
  "I_LV0201_MV0201": 0.000050,
  "P_LV0202": 0.000138,
  "Q_LV0202": 0.000169,
  "U_LV0202": 0.002497,
  "I_LV0202_MV0202": 0.000056,
  "P_LV0203": 0.000126,
  "Q_LV0203": 0.000221,
  "U_LV0203": 0.002497,
  "I_LV0203_MV0203": 0.000063,
  "P_POIMV_MV0101": 0.000416,
  "Q_POIMV_MV0101": 0.000483,
  "U_POIMV": 0.002499,
  "I_POIMV_MV0101": 0.000166,
  "P_POIMV_MV0201": 0.000431,
  "Q_POIMV_MV0201": 0.000418,
  "I_POIMV_MV0201": 0.000157,
  "P_POI_POIMV": 0.000943,
  "Q_POI_POIMV": 0.000307,
  "U_POI": 0.002500,
  "I_POI_POIMV": 0.000263
}
