{
  "irrad_LV0101": 180.7475404308006,
  "irrad_LV0102": 58.81659969210183,
  "irrad_LV0103": 215.5526644240577,
  "irrad_LV0201": 110.02910250994707,
  "irrad_LV0202": 198.65074862486682,
  "irrad_LV0203": 147.9070268252146
}