{
  "P_LV0101": 0.000198,
  "Q_LV0101": 0.000595,
  "U_LV0101": 0.002504,
  "I_LV0101_MV0101": 0.000144,
  "P_LV0102": 0.000078,
  "Q_LV0102": 0.000249,
  "U_LV0102": 0.002502,
  "I_LV0102_MV0102": 0.000065,
  "P_LV0103": 0.000229,
  "Q_LV0103": 0.000678,
  "U_LV0103": 0.002505,
  "I_LV0103_MV0103": 0.000161,
  "P_LV0201": 0.000135,
  "Q_LV0201": 0.000421,
  "U_LV0201": 0.002503,
  "I_LV0201_MV0201": 0.000107,
  "P_LV0202": 0.000211,
  "Q_LV0202": 0.000627,
  "U_LV0202": 0.002505,
  "I_LV0202_MV0202": 0.000150,
  "P_LV0203": 0.000171,
  "Q_LV0203": 0.000523,
  "U_LV0203": 0.002504,
  "I_LV0203_MV0203": 0.000130,
  "P_POIMV_MV0101": 0.000522,
  "Q_POIMV_MV0101": 0.001593,
  "U_POIMV": 0.002500,
  "I_POIMV_MV0101": 0.000396,
  "P_POIMV_MV0201": 0.000524,
  "Q_POIMV_MV0201": 0.001597,
  "I_POIMV_MV0201": 0.000397,
  "P_POI_POIMV": 0.001046,
  "Q_POI_POIMV": 0.003190,
  "U_POI": 0.002500,
  "I_POI_POIMV": 0.000792
}
