{
  "irrad_LV0101": 948.5597575731575,
  "irrad_LV0102": 938.1044852352571,
  "irrad_LV0103": 920.7732634897359,
  "irrad_LV0201": 924.689793503005,
  "irrad_LV0202": 889.8611999049947,
  "irrad_LV0203": 990.5119745079377
}