{
  "irrad_LV0101": 988.5329376072668,
  "irrad_LV0102": 1049.825698215259,
  "irrad_LV0103": 950.6291249375679,
  "irrad_LV0201": 914.2627801459362,
  "irrad_LV0202": 894.8907440341683,
  "irrad_LV0203": 955.0075089753079
}