{
  "irrad_LV0101": 946.2988837185359,
  "irrad_LV0102": 933.326312629562,
  "irrad_LV0103": 987.3131288489733,
  "irrad_LV0201": 1003.8485050629615,
  "irrad_LV0202": 916.2456840394495,
  "irrad_LV0203": 975.5447148351049
}