{
  "irrad_LV0101": 879.2442816335044,
  "irrad_LV0102": 928.654446464573,
  "irrad_LV0103": 922.4816181182952,
  "irrad_LV0201": 958.9512908840599,
  "irrad_LV0202": 893.7453082611908,
  "irrad_LV0203": 862.0261638312203
}