{
  "P_LV0101": 0.02637222858598326,
  "Q_LV0101": -0.01252252817557022,
  "U_LV0101": 0.989177717857355,
  "I_LV0101_MV0101": 0.017039755897925883,
  "P_LV0102": 0.027854246938124463,
  "Q_LV0102": -0.012522528175570206,
  "U_LV0102": 0.9897673434646109,
  "I_LV0102_MV0102": 0.017814387880845953,
  "P_LV0103": 0.027669097891868926,
  "Q_LV0103": -0.012522528175570233,
  "U_LV0103": 0.9898533771969442,
  "I_LV0103_MV0103": 0.017714399294815292,
  "P_LV0201": 0.028762976540528312,
  "Q_LV0201": -0.012522528175570213,
  "U_LV0201": 0.9900834026107053,
  "I_LV0201_MV0201": 0.018293305194302122,
  "P_LV0202": 0.02680717527479912,
  "Q_LV0202": -0.012522528175570194,
  "U_LV0202": 0.9898833826649445,
  "I_LV0202_MV0202": 0.017257112279411325,
  "P_LV0203": 0.025855784921819065,
  "Q_LV0203": -0.012522528175570225,
  "U_LV0203": 0.989783308783346,
  "I_LV0203_MV0203": 0.01675770202792142,
  "P_POIMV_MV0101": -0.08106586745043387,
  "Q_POIMV_MV0101": 0.04132159686454884,
  "U_POIMV": 0.9999916749575526,
  "I_POIMV_MV0101": 0.052533440407631804,
  "P_POIMV_MV0201": -0.08054916013013269,
  "Q_POIMV_MV0201": 0.041295393263496294,
  "I_POIMV_MV0201": 0.052260925895111,
  "P_POI_POI_MV": -0.16161402758059068,
  "Q_POI_POI_MV": 0.08256040955893695,
  "U_POI": 0.9999916978911892,
  "I_POI_POI_MV": 0.10477891328778831
}