{
  "P_LV0101": 0.2845129081500407,
  "Q_LV0101": -0.14389022780802652,
  "U_LV0101": 0.9737326426569317,
  "I_LV0101_MV0101": 0.32742981204470994,
  "P_LV0102": 0.28137693288374094,
  "Q_LV0102": -0.14389022780802652,
  "U_LV0102": 0.9739046008221551,
  "I_LV0102_MV0102": 0.324501825677927,
  "P_LV0103": 0.2761785716194733,
  "Q_LV0103": -0.14389022780802643,
  "U_LV0103": 0.9739069560726241,
  "I_LV0103_MV0103": 0.3197579753874607,
  "P_LV0201": 0.27735330345374687,
  "Q_LV0201": -0.1438902278080262,
  "U_LV0201": 0.9739377122596717,
  "I_LV0201_MV0201": 0.32081805359174026,
  "P_LV0202": 0.26690674553029264,
  "Q_LV0202": -0.14389022780802688,
  "U_LV0202": 0.9739474866567522,
  "I_LV0202_MV0202": 0.31133305335225375,
  "P_LV0203": 0.29709613988442635,
  "Q_LV0203": -0.14389022780802607,
  "U_LV0203": 0.9747582954672416,
  "I_LV0203_MV0203": 0.33865505287705516,
  "P_POIMV_MV0101": -0.8326362701373,
  "Q_POIMV_MV0101": 0.47461206742036666,
  "U_POIMV": 0.986971472419672,
  "I_POIMV_MV0101": 0.9710562393751334,
  "P_POIMV_MV0201": -0.8312612733581091,
  "Q_POIMV_MV0201": 0.47475785201186227,
  "I_POIMV_MV0201": 0.9699194026001241,
  "P_POI_POIMV": -1.6638875434945477,
  "Q_POI_POIMV": 0.9978587343102845,
  "U_POI": 0.999729988209235,
  "I_POI_POIMV": 1.9406899327478255
}