{
  "P_LV0101": 0.29650254360390665,
  "Q_LV0101": -0.13873254595745624,
  "U_LV0101": 0.9751605988976346,
  "I_LV0101_MV0101": 0.1938119484369273,
  "P_LV0102": 0.3148868166345694,
  "Q_LV0102": -0.13873254595745677,
  "U_LV0102": 0.9758390320019311,
  "I_LV0102_MV0102": 0.20358127080430252,
  "P_LV0103": 0.2851335983302624,
  "Q_LV0103": -0.1387325459574558,
  "U_LV0103": 0.9753109808902857,
  "I_LV0103_MV0103": 0.1877079797515276,
  "P_LV0201": 0.2742258042425966,
  "Q_LV0201": -0.13873254595745577,
  "U_LV0201": 0.9750057132033872,
  "I_LV0201_MV0201": 0.18198063314308188,
  "P_LV0202": 0.2684153170414025,
  "Q_LV0202": -0.13873254595745624,
  "U_LV0202": 0.9751194886494384,
  "I_LV0202_MV0202": 0.1788963456024996,
  "P_LV0203": 0.2864468595830508,
  "Q_LV0203": -0.13873254595745566,
  "U_LV0203": 0.9756544301494341,
  "I_LV0203_MV0203": 0.188341015445929,
  "P_POIMV_MV0101": -0.8862518277423987,
  "Q_POIMV_MV0101": 0.4630648211286825,
  "U_POIMV": 0.9873519713597361,
  "I_POIMV_MV0101": 0.5847085346725983,
  "P_POIMV_MV0201": -0.8194047030988258,
  "Q_POIMV_MV0201": 0.45747267872417297,
  "I_POIMV_MV0201": 0.548760299816489,
  "P_POI_POIMV": -1.7056465308405877,
  "Q_POI_POIMV": 0.9701477882940708,
  "U_POI": 0.9997374805555421,
  "I_POI_POIMV": 1.1332018405413764
}