{
  "P_LV0101": 0.2838347771306683,
  "Q_LV0101": -0.14171595585633634,
  "U_LV0101": 0.9741660528300569,
  "I_LV0101_MV0101": 0.18801987620047114,
  "P_LV0102": 0.2799437582494225,
  "Q_LV0102": -0.14171595585633603,
  "U_LV0102": 0.9743354376171011,
  "I_LV0102_MV0102": 0.18592721709677676,
  "P_LV0103": 0.296136671728742,
  "Q_LV0103": -0.14171595585633606,
  "U_LV0103": 0.9748304348714385,
  "I_LV0103_MV0103": 0.19443751795751335,
  "P_LV0201": 0.3010963254948191,
  "Q_LV0201": -0.14171595585633692,
  "U_LV0201": 0.9749398049518402,
  "I_LV0201_MV0201": 0.19706910965301855,
  "P_LV0202": 0.2748205603966727,
  "Q_LV0202": -0.14171595585633667,
  "U_LV0202": 0.9746044472554755,
  "I_LV0202_MV0202": 0.18317326260798392,
  "P_LV0203": 0.2926068301255459,
  "Q_LV0203": -0.1417159558563361,
  "U_LV0203": 0.9751342105529132,
  "I_LV0203_MV0203": 0.1924938813680698,
  "P_POIMV_MV0101": -0.8502194253287598,
  "Q_POIMV_MV0101": 0.4692787427306939,
  "U_POIMV": 0.9870930390132524,
  "I_POIMV_MV0101": 0.5680141371817913,
  "P_POIMV_MV0201": -0.8580039584932138,
  "Q_POIMV_MV0201": 0.47017788425847584,
  "I_POIMV_MV0201": 0.5722571884566247,
  "P_POI_POI_MV": -1.708213383821351,
  "Q_POI_POI_MV": 0.9896806136266605,
  "U_POI": 0.9997321954301546,
  "I_POI_POI_MV": 1.1401095029405954
}