{
  "irrad_LV0101": 1170.7113996553012,
  "irrad_LV0102": 1172.2822063912515,
  "irrad_LV0103": 1120.8105547694522,
  "irrad_LV0201": 1129.3891079047935,
  "irrad_LV0202": 1156.019936150679,
  "irrad_LV0203": 1173.8960114371696
}