{
  "P_LV0101": 0.03511455153574184,
  "Q_LV0101": -0.017053015900442718,
  "U_LV0101": 0.9845838421997029,
  "I_LV0101_MV0101": 0.022890534673615223,
  "P_LV0102": 0.03516166662670146,
  "Q_LV0102": -0.01705301590044274,
  "U_LV0102": 0.9848919853628423,
  "I_LV0102_MV0102": 0.0229082204976526,
  "P_LV0103": 0.03361781562803896,
  "Q_LV0103": -0.017053015900442794,
  "U_LV0103": 0.9847111728334721,
  "I_LV0103_MV0103": 0.02210150629380425,
  "P_LV0201": 0.033875122464089004,
  "Q_LV0201": -0.017053015900442694,
  "U_LV0201": 0.9847732217508208,
  "I_LV0201_MV0201": 0.02223475261001904,
  "P_LV0202": 0.034673892845205126,
  "Q_LV0202": -0.01705301590044276,
  "U_LV0202": 0.9852468988539964,
  "I_LV0202_MV0202": 0.0226431292413624,
  "P_LV0203": 0.03521007141755787,
  "Q_LV0203": -0.017053015900442677,
  "U_LV0203": 0.98551354700079,
  "I_LV0203_MV0203": 0.02291929057131771,
  "P_POIMV_MV0101": -0.10251231093451452,
  "Q_POIMV_MV0101": 0.05750494210960255,
  "U_POIMV": 0.9999884067670736,
  "I_POIMV_MV0101": 0.06786239164783432,
  "P_POIMV_MV0201": -0.1022837374037806,
  "Q_POIMV_MV0201": 0.05752240935660069,
  "I_POIMV_MV0201": 0.06775226888449455,
  "P_POI_POI_MV": -0.20479504833832857,
  "Q_POI_POI_MV": 0.114970778580755,
  "U_POI": 0.9999884387037685,
  "I_POI_POI_MV": 0.13559814059603442
}