{
  "irrad_LV0101": 1224.3640234982213,
  "irrad_LV0102": 1115.2645438028542,
  "irrad_LV0103": 1199.9254842617895,
  "irrad_LV0201": 1173.1131579671764,
  "irrad_LV0202": 1065.7778110859017,
  "irrad_LV0203": 1179.4632548578488
}