{
  "P_LV0101": 0.008194561456027129,
  "Q_LV0101": -0.00117474498841183,
  "U_LV0101": 1.0000145514791245,
  "I_LV0101_MV0101": 0.008278216525139026,
  "P_LV0102": 0.008514817749133163,
  "Q_LV0102": -0.001174744988410775,
  "U_LV0102": 1.000018454463003,
  "I_LV0102_MV0102": 0.008595313854277396,
  "P_LV0103": -0.014548546379205555,
  "Q_LV0103": -0.0011747449884118037,
  "U_LV0103": 0.9993656241523885,
  "I_LV0103_MV0103": 0.014605162789449707,
  "P_LV0201": 0.001240533675246767,
  "Q_LV0201": -0.001174744988411643,
  "U_LV0201": 0.9998135436454741,
  "I_LV0201_MV0201": 0.001708811986478835,
  "P_LV0202": -0.010231939416582868,
  "Q_LV0202": -0.0011747449884121311,
  "U_LV0202": 0.9994875539018372,
  "I_LV0202_MV0202": 0.010304436259404082,
  "P_LV0203": 0.002425544852644665,
  "Q_LV0203": -0.0011747449884117298,
  "U_LV0203": 0.9998415310645153,
  "I_LV0203_MV0203": 0.002695476985640495,
  "P_POIMV_MV0101": -0.0021507728858978226,
  "Q_POIMV_MV0101": 0.0023006140638699435,
  "U_POIMV": 0.9999505633051519,
  "I_POIMV_MV0101": 0.003149544386220469,
  "P_POIMV_MV0201": 0.0065691913416685566,
  "Q_POIMV_MV0201": 0.0019844129320745196,
  "I_POIMV_MV0201": 0.006862712734492956,
  "P_POI_POIMV": 0.004428418456781362,
  "Q_POI_POIMV": 0.0037196130483607703,
  "U_POI": 0.9999989941529094,
  "I_POI_POIMV": 0.005783293053438494
}