{
  "P_LV0101": 0.08871284906483125,
  "Q_LV0101": 6.02491857295186e-16,
  "U_LV0101": 1.0023991984561362,
  "I_LV0101_MV0101": 0.08850051875686253,
  "P_LV0102": 0.08921719031955787,
  "Q_LV0102": -3.6762209833924847e-16,
  "U_LV0102": 1.002547950735776,
  "I_LV0102_MV0102": 0.08899044704453371,
  "P_LV0103": 0.10766252626519403,
  "Q_LV0103": 3.744672853122225e-16,
  "U_LV0103": 1.0030968644678275,
  "I_LV0103_MV0103": 0.10733013937025132,
  "P_LV0201": 0.10839147845181939,
  "Q_LV0201": 4.89257311694734e-16,
  "U_LV0201": 1.0030934851726674,
  "I_LV0201_MV0201": 0.10805720509007337,
  "P_LV0202": 0.09379855301235837,
  "Q_LV0202": -7.145325997548473e-16,
  "U_LV0202": 1.0028345997355919,
  "I_LV0202_MV0202": 0.09353342319569884,
  "P_LV0203": 0.0742557886939853,
  "Q_LV0203": 2.8314482384882763e-16,
  "U_LV0203": 1.0023770781812318,
  "I_LV0203_MV0203": 0.07407969546622026,
  "P_POIMV_MV0101": -0.28477185500628366,
  "Q_POIMV_MV0101": 0.0025568611729340773,
  "U_POIMV": 0.999917724296389,
  "I_POIMV_MV0101": 0.28480676600747307,
  "P_POIMV_MV0201": -0.2756231548736423,
  "Q_POIMV_MV0201": 0.0021115221238119375,
  "I_POIMV_MV0201": 0.27565392245798553,
  "P_POI_POIMV": -0.560385009879489,
  "Q_POI_POIMV": 0.008192413120013953,
  "U_POI": 0.9999977731481687,
  "I_POI_POIMV": 0.56044613821184
}