{
  "P_LV0101": 0.13596306115811396,
  "Q_LV0101": 3.7364956162278337e-16,
  "U_LV0101": 1.0034528663107736,
  "I_LV0101_MV0101": 0.13549521429739544,
  "P_LV0102": 0.14075655364617895,
  "Q_LV0102": 6.164090035757532e-16,
  "U_LV0102": 1.0037708393982063,
  "I_LV0102_MV0102": 0.1402277772191182,
  "P_LV0103": 0.14935482782776716,
  "Q_LV0103": -2.1525653020047022e-16,
  "U_LV0103": 1.0040861169661284,
  "I_LV0103_MV0103": 0.14874703006455917,
  "P_LV0201": 0.13417720017221027,
  "Q_LV0201": -4.509015967805293e-16,
  "U_LV0201": 1.0037478496142314,
  "I_LV0201_MV0201": 0.13367620187059764,
  "P_LV0202": 0.17962435221679687,
  "Q_LV0202": -3.7828161820003927e-16,
  "U_LV0202": 1.0050956204909465,
  "I_LV0202_MV0202": 0.17871369505028586,
  "P_LV0203": 0.16028382342875414,
  "Q_LV0203": 1.782781292630659e-16,
  "U_LV0203": 1.0047349546790898,
  "I_LV0203_MV0203": 0.1595284633846032,
  "P_POIMV_MV0101": -0.42426722053346566,
  "Q_POIMV_MV0101": 0.007172977281925341,
  "U_POIMV": 0.9997199804760594,
  "I_POIMV_MV0101": 0.42444670541074936,
  "P_POIMV_MV0201": -0.4716645485735853,
  "Q_POIMV_MV0201": 0.009118705973548913,
  "I_POIMV_MV0201": 0.47188482342099014,
  "P_POI_POIMV": -0.8959217691069602,
  "Q_POI_POIMV": 0.026186680464888923,
  "U_POI": 0.9999928892864822,
  "I_POI_POIMV": 0.8963107628848181
}