{
  "P_LV0101": 0.000481,
  "Q_LV0101": 0.001426,
  "U_LV0101": 0.002509,
  "I_LV0101_MV0101": 0.000339,
  "P_LV0102": 0.000498,
  "Q_LV0102": 0.001476,
  "U_LV0102": 0.002509,
  "I_LV0102_MV0102": 0.000351,
  "P_LV0103": 0.000528,
  "Q_LV0103": 0.001566,
  "U_LV0103": 0.002510,
  "I_LV0103_MV0103": 0.000372,
  "P_LV0201": 0.000474,
  "Q_LV0201": 0.001407,
  "U_LV0201": 0.002509,
  "I_LV0201_MV0201": 0.000334,
  "P_LV0202": 0.000635,
  "Q_LV0202": 0.001884,
  "U_LV0202": 0.002513,
  "I_LV0202_MV0202": 0.000447,
  "P_LV0203": 0.000567,
  "Q_LV0203": 0.001681,
  "U_LV0203": 0.002512,
  "I_LV0203_MV0203": 0.000399,
  "P_POIMV_MV0101": 0.001502,
  "Q_POIMV_MV0101": 0.004450,
  "U_POIMV": 0.002499,
  "I_POIMV_MV0101": 0.001061,
  "P_POIMV_MV0201": 0.001670,
  "Q_POIMV_MV0201": 0.004947,
  "I_POIMV_MV0201": 0.001180,
  "P_POI_POIMV": 0.003179,
  "Q_POI_POIMV": 0.009397,
  "U_POI": 0.002500,
  "I_POI_POIMV": 0.002241
}
