{
  "P_LV0101": 0.002070,
  "Q_LV0101": 0.003707,
  "U_LV0101": 0.002428,
  "I_LV0101_MV0101": 0.000987,
  "P_LV0102": 0.002040,
  "Q_LV0102": 0.003562,
  "U_LV0102": 0.002428,
  "I_LV0102_MV0102": 0.000955,
  "P_LV0103": 0.002030,
  "Q_LV0103": 0.003511,
  "U_LV0103": 0.002428,
  "I_LV0103_MV0103": 0.000943,
  "P_LV0201": 0.002038,
  "Q_LV0201": 0.003549,
  "U_LV0201": 0.002428,
  "I_LV0201_MV0201": 0.000952,
  "P_LV0202": 0.002065,
  "Q_LV0202": 0.003683,
  "U_LV0202": 0.002430,
  "I_LV0202_MV0202": 0.000981,
  "P_LV0203": 0.002023,
  "Q_LV0203": 0.003474,
  "U_LV0203": 0.002429,
  "I_LV0203_MV0203": 0.000934,
  "P_POIMV_MV0101": 0.006645,
  "Q_POIMV_MV0101": 0.010678,
  "U_POIMV": 0.002463,
  "I_POIMV_MV0101": 0.002884,
  "P_POIMV_MV0201": 0.006626,
  "Q_POIMV_MV0201": 0.010596,
  "I_POIMV_MV0201": 0.002865,
  "P_POI_POIMV": 0.013883,
  "Q_POI_POIMV": 0.021319,
  "U_POI": 0.002499,
  "I_POI_POIMV": 0.005748
}
