{
  "irrad_LV0101": 1191.0005030866148,
  "irrad_LV0102": 1163.586120028456,
  "irrad_LV0103": 1176.0532465732942,
  "irrad_LV0201": 1195.267596258623,
  "irrad_LV0202": 1098.313859297681,
  "irrad_LV0203": 1221.2302224106822
}