{
  "irrad_LV0101": 1177.9946261618938,
  "irrad_LV0102": 1179.0496914328035,
  "irrad_LV0103": 1233.3114362655979,
  "irrad_LV0201": 1146.7024874108574,
  "irrad_LV0202": 1111.7451854506467,
  "irrad_LV0203": 1208.7589922177328
}