{
  "irrad_LV0101": 1237.792183544053,
  "irrad_LV0102": 1188.4993347063978,
  "irrad_LV0103": 1206.9798662198323,
  "irrad_LV0201": 1136.9151024603307,
  "irrad_LV0202": 1172.36981292685,
  "irrad_LV0203": 1160.9534939711389
}