{
  "irrad_LV0101": 1164.9753430042804,
  "irrad_LV0102": 1118.1434128685562,
  "irrad_LV0103": 1101.7600442613887,
  "irrad_LV0201": 1114.1243695817839,
  "irrad_LV0202": 1157.1566779107472,
  "irrad_LV0203": 1089.7788495630516
}