{
  "P_LV0101": 0.34942503106945905,
  "Q_LV0101": -0.1583105817593926,
  "U_LV0101": 0.9712605915186753,
  "I_LV0101_MV0101": 0.39496558782378394,
  "P_LV0102": 0.335378168411819,
  "Q_LV0102": -0.1583105817593921,
  "U_LV0102": 0.9712631367318164,
  "I_LV0102_MV0102": 0.3818376934439147,
  "P_LV0103": 0.3304641081109214,
  "Q_LV0103": -0.1583105817593927,
  "U_LV0103": 0.9713064550969475,
  "I_LV0103_MV0103": 0.3772517173615406,
  "P_LV0201": 0.33417268854155135,
  "Q_LV0201": -0.1583105817593927,
  "U_LV0201": 0.9713903697354932,
  "I_LV0201_MV0201": 0.38066581008767525,
  "P_LV0202": 0.34707988504586673,
  "Q_LV0202": -0.1583105817593927,
  "U_LV0202": 0.9719692067368767,
  "I_LV0202_MV0202": 0.392481160476564,
  "P_LV0203": 0.32687044464426,
  "Q_LV0203": -0.1583105817593926,
  "U_LV0203": 0.9716849973306126,
  "I_LV0203_MV0203": 0.3737727596245809,
  "P_POIMV_MV0101": -1.0019665597817493,
  "Q_POIMV_MV0101": 0.5360303967561322,
  "U_POIMV": 0.9851871004160551,
  "I_POIMV_MV0101": 1.1534242273587751,
  "P_POIMV_MV0201": -0.9940582615510039,
  "Q_POIMV_MV0201": 0.5356155379248548,
  "I_POIMV_MV0201": 1.1461526902593304,
  "P_POI_POIMV": -1.9960148213324767,
  "Q_POI_POIMV": 1.1399350629885703,
  "U_POI": 0.9996915016757772,
  "I_POI_POIMV": 2.2993017510695126
}