{
  "P_LV0101": 0.3487032194266465,
  "Q_LV0101": -0.16905058992785327,
  "U_LV0101": 0.968620053962907,
  "I_LV0101_MV0101": 0.40007469229172715,
  "P_LV0102": 0.3488158058390997,
  "Q_LV0102": -0.16905058992785263,
  "U_LV0102": 0.968932793997499,
  "I_LV0102_MV0102": 0.40005012153928443,
  "P_LV0103": 0.34881973501698665,
  "Q_LV0103": -0.16905058992785296,
  "U_LV0103": 0.9690880777515276,
  "I_LV0103_MV0103": 0.399989667319299,
  "P_LV0201": 0.3367455289761798,
  "Q_LV0201": -0.16905058992785352,
  "U_LV0201": 0.968813500179811,
  "I_LV0201_MV0201": 0.3889258018987257,
  "P_LV0202": 0.34242104678858365,
  "Q_LV0202": -0.16905058992785327,
  "U_LV0202": 0.9692403024925299,
  "I_LV0202_MV0202": 0.39399651760688437,
  "P_LV0203": 0.3490326621210631,
  "Q_LV0203": -0.1690505899278533,
  "U_LV0203": 0.969535172558509,
  "I_LV0203_MV0203": 0.40000285777346684,
  "P_POIMV_MV0101": -1.0319441162405383,
  "Q_POIMV_MV0101": 0.573313525558433,
  "U_POIMV": 0.9841610132219238,
  "I_POIMV_MV0101": 1.1995060797777315,
  "P_POIMV_MV0201": -1.0132290106445225,
  "Q_POIMV_MV0201": 0.5717954245042165,
  "I_POIMV_MV0201": 1.182160093196859,
  "P_POI_POIMV": -2.0451631268844856,
  "Q_POI_POIMV": 1.2184010986525209,
  "U_POI": 0.9996702623288053,
  "I_POI_POIMV": 2.38137201555132
}