{
  "P_LV0101": 0.03533300608618659,
  "Q_LV0101": -0.01719747374453658,
  "U_LV0101": 0.9844258574915971,
  "I_LV0101_MV0101": 0.02304647651842092,
  "P_LV0102": 0.03536465192463988,
  "Q_LV0102": -0.017197473744536593,
  "U_LV0102": 0.9847425639376343,
  "I_LV0102_MV0102": 0.0230557485662749,
  "P_LV0103": 0.03545701830255478,
  "Q_LV0103": -0.01719747374453664,
  "U_LV0103": 0.9849171750709662,
  "I_LV0103_MV0103": 0.02310036557363834,
  "P_LV0201": 0.034394423426822064,
  "Q_LV0201": -0.017197473744536604,
  "U_LV0201": 0.9846644230200318,
  "I_LV0201_MV0201": 0.022547349120436738,
  "P_LV0202": 0.03334590713015514,
  "Q_LV0202": -0.017197473744536576,
  "U_LV0202": 0.9847396041121752,
  "I_LV0202_MV0202": 0.021997505162168775,
  "P_LV0203": 0.03547233001588968,
  "Q_LV0203": -0.01719747374453658,
  "U_LV0203": 0.9853425004413798,
  "I_LV0203_MV0203": 0.02309846691031853,
  "P_POIMV_MV0101": -0.10471870643974057,
  "Q_POIMV_MV0101": 0.058187925835937904,
  "U_POIMV": 0.9999882970521065,
  "I_POIMV_MV0101": 0.0691668950561389,
  "P_POIMV_MV0201": -0.10174417121923796,
  "Q_POIMV_MV0201": 0.057927448888975164,
  "I_POIMV_MV0201": 0.0675963178312265,
  "P_POI_POI_MV": -0.20646187765900761,
  "Q_POI_POI_MV": 0.11605880176648498,
  "U_POI": 0.999988329291037,
  "I_POI_POI_MV": 0.13674484972704276
}