{
  "P_LV0101": 0.3487310540843171,
  "Q_LV0101": -0.16865001839580762,
  "U_LV0101": 0.9686973724564366,
  "I_LV0101_MV0101": 0.2308756809864611,
  "P_LV0102": 0.3488438098626125,
  "Q_LV0102": -0.16865001839580795,
  "U_LV0102": 0.9690105829517015,
  "I_LV0102_MV0102": 0.23086153777635568,
  "P_LV0103": 0.34890019965544417,
  "Q_LV0103": -0.1686500183958071,
  "U_LV0103": 0.9691672212651228,
  "I_LV0103_MV0103": 0.23085446949645608,
  "P_LV0201": 0.34100858647879434,
  "Q_LV0201": -0.16865001839580793,
  "U_LV0201": 0.9689913279686997,
  "I_LV0201_MV0201": 0.22667221598849618,
  "P_LV0202": 0.3490094738638485,
  "Q_LV0202": -0.16865001839580768,
  "U_LV0202": 0.9694707607329128,
  "I_LV0202_MV0202": 0.23084078146028145,
  "P_LV0203": 0.3482187096380217,
  "Q_LV0203": -0.1686500183958071,
  "U_LV0203": 0.9696090600384424,
  "I_LV0203_MV0203": 0.2303839924680629,
  "P_POIMV_MV0101": -1.0320926257577412,
  "Q_POIMV_MV0101": 0.5720544676044028,
  "U_POIMV": 0.9841779244711419,
  "I_POIMV_MV0101": 0.6922410535693915,
  "P_POIMV_MV0201": -1.0230533545829985,
  "Q_POIMV_MV0201": 0.5715466861076948,
  "I_POIMV_MV0201": 0.6874625760050469,
  "P_POI_POIMV": -2.0551359803405913,
  "Q_POI_POIMV": 1.2173940784336992,
  "U_POI": 0.999670533326942,
  "I_POI_POIMV": 1.3795402289731469
}