{
  "P_LV0101": 0.3207365864458745,
  "Q_LV0101": 0.17665961466469826,
  "U_LV0101": 1.043858456530565,
  "I_LV0101_MV0101": 0.3507852484983015,
  "P_LV0102": 0.3414366203538604,
  "Q_LV0102": 0.1766596146646977,
  "U_LV0102": 1.0449026284103569,
  "I_LV0102_MV0102": 0.3679113236254868,
  "P_LV0103": 0.3710738876182027,
  "Q_LV0103": 0.17665961466469846,
  "U_LV0103": 1.0458219473580037,
  "I_LV0103_MV0103": 0.39297307361727096,
  "P_LV0201": 0.33564967411604507,
  "Q_LV0201": 0.1766596146646978,
  "U_LV0201": 1.045073262897049,
  "I_LV0201_MV0201": 0.3629421130435993,
  "P_LV0202": 0.33965292902755423,
  "Q_LV0202": 0.17665961466469918,
  "U_LV0202": 1.0457638756792227,
  "I_LV0202_MV0202": 0.3660942899803104,
  "P_LV0203": 0.36475645629233105,
  "Q_LV0203": 0.17665961466469743,
  "U_LV0203": 1.046588326709494,
  "I_LV0203_MV0203": 0.3872439058346385,
  "P_POIMV_MV0101": -1.020836959985445,
  "Q_POIMV_MV0101": -0.4733090062993597,
  "U_POIMV": 1.0120686607937397,
  "I_POIMV_MV0101": 1.1118061944147728,
  "P_POIMV_MV0201": -1.026706802386684,
  "Q_POIMV_MV0201": -0.47261918419923177,
  "I_POIMV_MV0201": 1.1167854710186442,
  "P_POI_POIMV": -2.047533762371772,
  "Q_POI_POIMV": -0.88182499321465,
  "U_POI": 1.0002382501638194,
  "I_POI_POIMV": 2.2288208679637878
}