{
  "P_LV0101": 0.002172,
  "Q_LV0101": 0.003421,
  "U_LV0101": 0.002610,
  "I_LV0101_MV0101": 0.000877,
  "P_LV0102": 0.002211,
  "Q_LV0102": 0.003635,
  "U_LV0102": 0.002612,
  "I_LV0102_MV0102": 0.000920,
  "P_LV0103": 0.002270,
  "Q_LV0103": 0.003942,
  "U_LV0103": 0.002615,
  "I_LV0103_MV0103": 0.000982,
  "P_LV0201": 0.002200,
  "Q_LV0201": 0.003575,
  "U_LV0201": 0.002613,
  "I_LV0201_MV0201": 0.000907,
  "P_LV0202": 0.002208,
  "Q_LV0202": 0.003617,
  "U_LV0202": 0.002614,
  "I_LV0202_MV0202": 0.000915,
  "P_LV0203": 0.002257,
  "Q_LV0203": 0.003876,
  "U_LV0203": 0.002616,
  "I_LV0203_MV0203": 0.000968,
  "P_POIMV_MV0101": 0.006137,
  "Q_POIMV_MV0101": 0.010837,
  "U_POIMV": 0.002530,
  "I_POIMV_MV0101": 0.002780,
  "P_POIMV_MV0201": 0.006144,
  "Q_POIMV_MV0201": 0.010897,
  "I_POIMV_MV0201": 0.002792,
  "P_POI_POIMV": 0.011745,
  "Q_POI_POIMV": 0.021700,
  "U_POI": 0.002501,
  "I_POI_POIMV": 0.005572
}
