{
  "P_LV0101": 0.28325908706932573,
  "Q_LV0101": 8.121014870344235e-16,
  "U_LV0101": 1.0060756612220527,
  "I_LV0101_MV0101": 0.2815484938033971,
  "P_LV0102": 0.2973054324656074,
  "Q_LV0102": 7.055073517737963e-16,
  "U_LV0102": 1.0067934227545041,
  "I_LV0102_MV0102": 0.2952993392151929,
  "P_LV0103": 0.3156352502631695,
  "Q_LV0103": 8.680329329465775e-16,
  "U_LV0103": 1.007400091811411,
  "I_LV0103_MV0103": 0.3133166780793361,
  "P_LV0201": 0.3056221798264884,
  "Q_LV0201": -2.454160259184666e-16,
  "U_LV0201": 1.0071998098449368,
  "I_LV0201_MV0201": 0.30343748761582906,
  "P_LV0202": 0.3177354686188405,
  "Q_LV0202": 4.591120219733338e-16,
  "U_LV0202": 1.0078795803640757,
  "I_LV0202_MV0202": 0.31525141972225007,
  "P_LV0203": 0.3105935587614542,
  "Q_LV0203": 1.3865636327240133e-16,
  "U_LV0203": 1.007933747118727,
  "I_LV0203_MV0203": 0.3081487842324111,
  "P_POIMV_MV0101": -0.8882458868272352,
  "Q_POIMV_MV0101": 0.035891861736899955,
  "U_POIMV": 0.998718911101218,
  "I_POIMV_MV0101": 0.8901110539931298,
  "P_POIMV_MV0201": -0.924760004473228,
  "Q_POIMV_MV0201": 0.03905993279801123,
  "I_POIMV_MV0201": 0.9267718189994376,
  "P_POI_POIMV": -1.8129958913003525,
  "Q_POI_POIMV": 0.11736832454971591,
  "U_POI": 0.9999681404504911,
  "I_POI_POIMV": 1.8168488531069704
}