{
  "P_LV0101": 0.001007,
  "Q_LV0101": 0.002987,
  "U_LV0101": 0.002516,
  "I_LV0101_MV0101": 0.000708,
  "P_LV0102": 0.000958,
  "Q_LV0102": 0.002843,
  "U_LV0102": 0.002516,
  "I_LV0102_MV0102": 0.000673,
  "P_LV0103": 0.000930,
  "Q_LV0103": 0.002759,
  "U_LV0103": 0.002516,
  "I_LV0103_MV0103": 0.000654,
  "P_LV0201": 0.001045,
  "Q_LV0201": 0.003101,
  "U_LV0201": 0.002518,
  "I_LV0201_MV0201": 0.000734,
  "P_LV0202": 0.001075,
  "Q_LV0202": 0.003190,
  "U_LV0202": 0.002519,
  "I_LV0202_MV0202": 0.000755,
  "P_LV0203": 0.001054,
  "Q_LV0203": 0.003128,
  "U_LV0203": 0.002519,
  "I_LV0203_MV0203": 0.000740,
  "P_POIMV_MV0101": 0.002889,
  "Q_POIMV_MV0101": 0.008521,
  "U_POIMV": 0.002497,
  "I_POIMV_MV0101": 0.002035,
  "P_POIMV_MV0201": 0.003168,
  "Q_POIMV_MV0201": 0.009330,
  "I_POIMV_MV0201": 0.002228,
  "P_POI_POIMV": 0.006113,
  "Q_POI_POIMV": 0.017853,
  "U_POI": 0.002500,
  "I_POI_POIMV": 0.004263
}
