{
  "P_LV0101": -0.008383605942389714,
  "Q_LV0101": -0.004376048241006812,
  "U_LV0101": 0.9988462627171842,
  "I_LV0101_MV0101": 0.009467912793739318,
  "P_LV0102": 0.009737730101217255,
  "Q_LV0102": -0.004376048241006832,
  "U_LV0102": 0.9993447103738371,
  "I_LV0102_MV0102": 0.01068282282800262,
  "P_LV0103": -0.011709310954963565,
  "Q_LV0103": -0.004376048241006722,
  "U_LV0103": 0.9987378423284236,
  "I_LV0103_MV0103": 0.01251610774746258,
  "P_LV0201": -0.0019918676655572743,
  "Q_LV0201": -0.00437604824100677,
  "U_LV0201": 0.9990227061168311,
  "I_LV0201_MV0201": 0.004812752454640771,
  "P_LV0202": 0.010878506674410704,
  "Q_LV0202": -0.004376048241006754,
  "U_LV0202": 0.9993768854882908,
  "I_LV0202_MV0202": 0.011732996723449617,
  "P_LV0203": -0.009035408867971993,
  "Q_LV0203": -0.004376048241006496,
  "U_LV0203": 0.9988153414670882,
  "I_LV0203_MV0203": 0.010051250486290436,
  "P_POIMV_MV0101": 0.010365439554789191,
  "Q_POIMV_MV0101": 0.011905886479553374,
  "U_POIMV": 0.9996948661262738,
  "I_POIMV_MV0101": 0.015790649568277634,
  "P_POIMV_MV0201": 0.00015629967231234332,
  "Q_POIMV_MV0201": 0.011609431307078921,
  "I_POIMV_MV0201": 0.011614027236551357,
  "P_POI_POIMV": 0.010531739227824757,
  "Q_POI_POIMV": 0.022958064955219015,
  "U_POI": 0.9999937917140034,
  "I_POI_POIMV": 0.025258626236930266
}