{
  "irrad_LV0101": -26.421973655300864,
  "irrad_LV0102": -12.40296019000467,
  "irrad_LV0103": -125.56102389612096,
  "irrad_LV0201": -70.80116947564309,
  "irrad_LV0202": 33.868728647833215,
  "irrad_LV0203": -28.03691519834376
}