{
  "P_LV0101": 0.000097,
  "Q_LV0101": 0.000165,
  "U_LV0101": 0.002502,
  "I_LV0101_MV0101": 0.000050,
  "P_LV0102": 0.000102,
  "Q_LV0102": 0.000094,
  "U_LV0102": 0.002502,
  "I_LV0102_MV0102": 0.000037,
  "P_LV0103": 0.000159,
  "Q_LV0103": 0.000465,
  "U_LV0103": 0.002500,
  "I_LV0103_MV0103": 0.000118,
  "P_LV0201": 0.000108,
  "Q_LV0201": 0.000292,
  "U_LV0201": 0.002501,
  "I_LV0201_MV0201": 0.000077,
  "P_LV0202": 0.000094,
  "Q_LV0202": 0.000189,
  "U_LV0202": 0.002503,
  "I_LV0202_MV0202": 0.000055,
  "P_LV0203": 0.000097,
  "Q_LV0203": 0.000171,
  "U_LV0203": 0.002502,
  "I_LV0203_MV0203": 0.000052,
  "P_POIMV_MV0101": 0.000289,
  "Q_POIMV_MV0101": 0.000701,
  "U_POIMV": 0.002501,
  "I_POIMV_MV0101": 0.000189,
  "P_POIMV_MV0201": 0.000321,
  "Q_POIMV_MV0201": 0.000430,
  "I_POIMV_MV0201": 0.000142,
  "P_POI_POIMV": 0.000589,
  "Q_POI_POIMV": 0.001180,
  "U_POI": 0.002500,
  "I_POI_POIMV": 0.000339
}
