{
  "P_LV0101": 0.03112646866599491,
  "Q_LV0101": -0.01620918402036961,
  "U_LV0101": 0.9849516604856163,
  "I_LV0101_MV0101": 0.02057114006810448,
  "P_LV0102": 0.03426378700666656,
  "Q_LV0102": -0.016209184020369572,
  "U_LV0102": 0.985930316575384,
  "I_LV0102_MV0102": 0.022196421359685484,
  "P_LV0103": 0.03463813044796619,
  "Q_LV0103": -0.016209184020369603,
  "U_LV0103": 0.9861639443659197,
  "I_LV0103_MV0103": 0.022389468887955368,
  "P_LV0201": 0.031241855871061073,
  "Q_LV0201": -0.016209184020369683,
  "U_LV0201": 0.9853886686682685,
  "I_LV0201_MV0201": 0.020622003936923324,
  "P_LV0202": 0.032556531931375185,
  "Q_LV0202": -0.016209184020369576,
  "U_LV0202": 0.9859607480168557,
  "I_LV0202_MV0202": 0.021296328947847554,
  "P_LV0203": 0.033467776627284694,
  "Q_LV0203": -0.016209184020369628,
  "U_LV0203": 0.9863023445501675,
  "I_LV0203_MV0203": 0.021767755937347037,
  "P_POIMV_MV0101": -0.09875108999685267,
  "Q_POIMV_MV0101": 0.05447009387202684,
  "U_POIMV": 0.9999890451417547,
  "I_POIMV_MV0101": 0.06511284453724378,
  "P_POIMV_MV0201": -0.09596326950349976,
  "Q_POIMV_MV0201": 0.05422661583051536,
  "I_POIMV_MV0201": 0.06363893240817728,
  "P_POI_POI_MV": -0.19471335950033966,
  "Q_POI_POI_MV": 0.10864013433456421,
  "U_POI": 0.999989075319898,
  "I_POI_POI_MV": 0.12873364936449627
}