{
  "P_LV0101": 0.000085,
  "Q_LV0101": 0.000268,
  "U_LV0101": 0.002499,
  "I_LV0101_MV0101": 0.000070,
  "P_LV0102": 0.000066,
  "Q_LV0102": 0.000214,
  "U_LV0102": 0.002501,
  "I_LV0102_MV0102": 0.000057,
  "P_LV0103": 0.000086,
  "Q_LV0103": 0.000271,
  "U_LV0103": 0.002502,
  "I_LV0103_MV0103": 0.000071,
  "P_LV0201": 0.000016,
  "Q_LV0201": 0.000056,
  "U_LV0201": 0.002500,
  "I_LV0201_MV0201": 0.000016,
  "P_LV0202": 0.000042,
  "Q_LV0202": 0.000142,
  "U_LV0202": 0.002500,
  "I_LV0202_MV0202": 0.000039,
  "P_LV0203": 0.000068,
  "Q_LV0203": 0.000216,
  "U_LV0203": 0.002501,
  "I_LV0203_MV0203": 0.000056,
  "P_POIMV_MV0101": 0.000106,
  "Q_POIMV_MV0101": 0.000343,
  "U_POIMV": 0.002500,
  "I_POIMV_MV0101": 0.000096,
  "P_POIMV_MV0201": 0.000094,
  "Q_POIMV_MV0201": 0.000290,
  "I_POIMV_MV0201": 0.000082,
  "P_POI_POIMV": 0.000205,
  "Q_POI_POIMV": 0.000634,
  "U_POI": 0.002500,
  "I_POI_POIMV": 0.000178
}
