{
  "P_LV0101": 0.009659933957413483,
  "Q_LV0101": 0.0019462886058218727,
  "U_LV0101": 1.0007515640374676,
  "I_LV0101_MV0101": 0.009846652755622888,
  "P_LV0102": 0.02245734563765415,
  "Q_LV0102": 0.0019462886058222342,
  "U_LV0102": 1.0011253449600972,
  "I_LV0102_MV0102": 0.022516187921054646,
  "P_LV0103": 0.0070496097901746905,
  "Q_LV0103": 0.001946288605822321,
  "U_LV0103": 1.00070824669889,
  "I_LV0103_MV0103": 0.007308170546643812,
  "P_LV0201": -0.006805161103652309,
  "Q_LV0201": 0.0019462886058224718,
  "U_LV0201": 1.0002795404891927,
  "I_LV0201_MV0201": 0.007076034181755902,
  "P_LV0202": -0.002278342464843409,
  "Q_LV0202": 0.0019462886058221514,
  "U_LV0202": 1.0004091018729204,
  "I_LV0202_MV0202": 0.00299525319025659,
  "P_LV0203": 0.004018583059457023,
  "Q_LV0203": 0.0019462886058217903,
  "U_LV0203": 1.000587669795829,
  "I_LV0203_MV0203": 0.00446246982955188,
  "P_POIMV_MV0101": -0.0391474193850172,
  "Q_POIMV_MV0101": -0.007020623037305995,
  "U_POIMV": 1.000198847118146,
  "I_POIMV_MV0101": 0.03976406296350944,
  "P_POIMV_MV0201": 0.00506723001649334,
  "Q_POIMV_MV0201": -0.007384687685714653,
  "I_POIMV_MV0201": 0.008954247178913488,
  "P_POI_POIMV": -0.03407018936846261,
  "Q_POI_POIMV": -0.014953415536183456,
  "U_POI": 1.0000040435939932,
  "I_POI_POIMV": 0.037207139692638905
}