{
  "irrad_LV0101": 47.76158104833041,
  "irrad_LV0102": 3.0624442676504238,
  "irrad_LV0103": -24.540845061477654,
  "irrad_LV0201": 64.44968917027069,
  "irrad_LV0202": 11.362174701604442,
  "irrad_LV0203": -0.4182586706782878
}