{
  "P_LV0101": 0.2629065911417221,
  "Q_LV0101": -0.12511932312570753,
  "U_LV0101": 0.977746076097215,
  "I_LV0101_MV0101": 0.29778793767848555,
  "P_LV0102": 0.2634545415208482,
  "Q_LV0102": -0.12511932312570806,
  "U_LV0102": 0.9780075353172798,
  "I_LV0102_MV0102": 0.29821432771889345,
  "P_LV0103": 0.27682666439199255,
  "Q_LV0103": -0.12511932312570745,
  "U_LV0103": 0.9784393199633031,
  "I_LV0103_MV0103": 0.31048338200034453,
  "P_LV0201": 0.2517432122954333,
  "Q_LV0201": -0.12511932312570728,
  "U_LV0201": 0.9778363734810199,
  "I_LV0201_MV0201": 0.28749374584363113,
  "P_LV0202": 0.2710736939957556,
  "Q_LV0202": -0.12511932312570792,
  "U_LV0202": 0.9785194818533319,
  "I_LV0202_MV0202": 0.3051101030718491,
  "P_LV0203": 0.25833907202644985,
  "Q_LV0203": -0.12511932312570756,
  "U_LV0203": 0.9783461642915564,
  "I_LV0203_MV0203": 0.2933965745862323,
  "P_POIMV_MV0101": -0.794965270970124,
  "Q_POIMV_MV0101": 0.4125829381562198,
  "U_POIMV": 0.988714437463854,
  "I_POIMV_MV0101": 0.9058764179117506,
  "P_POIMV_MV0201": -0.77275422270327,
  "Q_POIMV_MV0201": 0.41096357477397305,
  "I_POIMV_MV0201": 0.8852274857115722,
  "P_POI_POIMV": -1.5677094936731972,
  "Q_POI_POIMV": 0.8647512300908602,
  "U_POI": 0.999766012223201,
  "I_POI_POIMV": 1.790812210263992
}