{
  "P_LV0101": 0.001608,
  "Q_LV0101": 0.002793,
  "U_LV0101": 0.002444,
  "I_LV0101_MV0101": 0.000744,
  "P_LV0102": 0.001609,
  "Q_LV0102": 0.002798,
  "U_LV0102": 0.002445,
  "I_LV0102_MV0102": 0.000746,
  "P_LV0103": 0.001637,
  "Q_LV0103": 0.002937,
  "U_LV0103": 0.002446,
  "I_LV0103_MV0103": 0.000776,
  "P_LV0201": 0.001586,
  "Q_LV0201": 0.002677,
  "U_LV0201": 0.002445,
  "I_LV0201_MV0201": 0.000719,
  "P_LV0202": 0.001625,
  "Q_LV0202": 0.002877,
  "U_LV0202": 0.002446,
  "I_LV0202_MV0202": 0.000763,
  "P_LV0203": 0.001599,
  "Q_LV0203": 0.002745,
  "U_LV0203": 0.002446,
  "I_LV0203_MV0203": 0.000733,
  "P_POIMV_MV0101": 0.005160,
  "Q_POIMV_MV0101": 0.008464,
  "U_POIMV": 0.002472,
  "I_POIMV_MV0101": 0.002265,
  "P_POIMV_MV0201": 0.005103,
  "Q_POIMV_MV0201": 0.008234,
  "I_POIMV_MV0201": 0.002213,
  "P_POI_POIMV": 0.010629,
  "Q_POI_POIMV": 0.016724,
  "U_POI": 0.002499,
  "I_POI_POIMV": 0.004477
}
