{
  "irrad_LV0101": 32.08718109125827,
  "irrad_LV0102": 13.722484931379766,
  "irrad_LV0103": 76.88510998183243,
  "irrad_LV0201": 1.8505688323265577,
  "irrad_LV0202": -95.95581298803431,
  "irrad_LV0203": -4.086760182270711
}