{
  "P_LV0101": 0.009624293181030084,
  "Q_LV0101": 3.2942870749715684e-16,
  "U_LV0101": 1.0003218454900311,
  "I_LV0101_MV0101": 0.009621196642282063,
  "P_LV0102": 0.0041159495368649525,
  "Q_LV0102": -1.9705060863378482e-16,
  "U_LV0102": 1.000188928565714,
  "I_LV0102_MV0102": 0.004115172063309365,
  "P_LV0103": 0.023061073442892478,
  "Q_LV0103": 9.819093352820655e-17,
  "U_LV0103": 1.0007259447450096,
  "I_LV0103_MV0103": 0.023044344522084478,
  "P_LV0201": 0.0005550633115240989,
  "Q_LV0201": -9.197129126885892e-16,
  "U_LV0201": 1.0000279940863668,
  "I_LV0201_MV0201": 0.0005550477734687907,
  "P_LV0202": -0.028781178190580715,
  "Q_LV0202": -3.044571973179701e-16,
  "U_LV0202": 0.9991838565802207,
  "I_LV0202_MV0202": 0.028804686946290733,
  "P_LV0203": -0.0012257910111477133,
  "Q_LV0203": -6.131766358970948e-17,
  "U_LV0203": 0.9999572026238858,
  "I_LV0203_MV0203": 0.0012258434740319286,
  "P_POIMV_MV0101": -0.03678216632965814,
  "Q_POIMV_MV0101": -0.0011835872578558337,
  "U_POIMV": 1.0000423826492446,
  "I_POIMV_MV0101": 0.036799644644020246,
  "P_POIMV_MV0201": 0.029476544557383022,
  "Q_POIMV_MV0201": -0.0014397114526900623,
  "I_POIMV_MV0201": 0.02951043251735257,
  "P_POI_POIMV": -0.007295621772253207,
  "Q_POI_POIMV": -0.003188426663655264,
  "U_POI": 1.000000862201021,
  "I_POI_POIMV": 0.007961912604384155
}