{
  "irrad_LV0101": 1211.485179740155,
  "irrad_LV0102": 1093.2608654092173,
  "irrad_LV0103": 1094.8169780172673,
  "irrad_LV0201": 1162.6738441213586,
  "irrad_LV0202": 1209.6341687058032,
  "irrad_LV0203": 1201.9975154111817
}