{
  "irrad_LV0101": 1166.0006271902632,
  "irrad_LV0102": 1196.9525231005941,
  "irrad_LV0103": 1293.6656268321838,
  "irrad_LV0201": 1164.0968727689822,
  "irrad_LV0202": 1137.0847754959925,
  "irrad_LV0203": 1145.1513246944617
}