{
  "irrad_LV0101": 1185.546284258762,
  "irrad_LV0102": 1111.250669663212,
  "irrad_LV0103": 1133.9194972952416,
  "irrad_LV0201": 1170.3258361750636,
  "irrad_LV0202": 1109.4256811411544,
  "irrad_LV0203": 1238.7634569178238
}