{
  "irrad_LV0101": 1213.1543939375974,
  "irrad_LV0102": 1162.5007821055526,
  "irrad_LV0103": 1094.7899470689808,
  "irrad_LV0201": 1113.659877345178,
  "irrad_LV0202": 1203.781635098113,
  "irrad_LV0203": 1159.3828544110177
}