{
  "P_LV0101": 0.034973255685590024,
  "Q_LV0101": 0.01663544603454249,
  "U_LV0101": 1.0313968001602065,
  "I_LV0101_MV0101": 0.02167903373954574,
  "P_LV0102": 0.035901633033237144,
  "Q_LV0102": 0.01663544603454262,
  "U_LV0102": 1.032210014054458,
  "I_LV0102_MV0102": 0.022132005547442882,
  "P_LV0103": 0.037180254932661146,
  "Q_LV0103": 0.01663544603454255,
  "U_LV0103": 1.0327848592405875,
  "I_LV0103_MV0103": 0.022770209422500652,
  "P_LV0201": 0.0349161540952603,
  "Q_LV0201": 0.01663544603454244,
  "U_LV0201": 1.0322651439477117,
  "I_LV0201_MV0201": 0.021631960920301188,
  "P_LV0202": 0.03410594785479817,
  "Q_LV0202": 0.01663544603454242,
  "U_LV0202": 1.0326913230201962,
  "I_LV0202_MV0202": 0.02121500387046356,
  "P_LV0203": 0.034347897542508256,
  "Q_LV0203": 0.016635446034542506,
  "U_LV0203": 1.0330389198051817,
  "I_LV0203_MV0203": 0.021329483453649836,
  "P_POIMV_MV0101": -0.10672379567938606,
  "Q_POIMV_MV0101": -0.04380705820128128,
  "U_POIMV": 1.0000088816852029,
  "I_POIMV_MV0101": 0.0666052813282365,
  "P_POIMV_MV0201": -0.10204910037762716,
  "Q_POIMV_MV0201": -0.04422215752374825,
  "I_POIMV_MV0201": 0.06421162506576034,
  "P_POI_POI_MV": -0.20877189605700575,
  "Q_POI_POI_MV": -0.088085793890059,
  "U_POI": 1.000008857217142,
  "I_POI_POI_MV": 0.13082291101112087
}