{
  "irrad_LV0101": 861.5653114884501,
  "irrad_LV0102": 859.417908936434,
  "irrad_LV0103": 899.7752244242276,
  "irrad_LV0201": 879.5559253995107,
  "irrad_LV0202": 882.3594538949476,
  "irrad_LV0203": 780.2268507202797
}