{
  "irrad_LV0101": 797.4471973708136,
  "irrad_LV0102": 759.4299519812373,
  "irrad_LV0103": 744.0421832404104,
  "irrad_LV0201": 732.633091539951,
  "irrad_LV0202": 773.363367302698,
  "irrad_LV0203": 814.7657371456125
}