{
  "irrad_LV0101": 845.4257169033224,
  "irrad_LV0102": 854.0588259829238,
  "irrad_LV0103": 804.635272937196,
  "irrad_LV0201": 867.6902709419554,
  "irrad_LV0202": 902.8416633801598,
  "irrad_LV0203": 814.2584073559641
}