{
  "P_LV0101": 0.2391879050409445,
  "Q_LV0101": -0.11835982859904084,
  "U_LV0101": 0.978977294588891,
  "I_LV0101_MV0101": 0.2726013921563889,
  "P_LV0102": 0.2277849365307525,
  "Q_LV0102": -0.11835982859904041,
  "U_LV0102": 0.9789060876390028,
  "I_LV0102_MV0102": 0.2622317593046375,
  "P_LV0103": 0.22316949844217715,
  "Q_LV0103": -0.11835982859904072,
  "U_LV0103": 0.9788935576925286,
  "I_LV0103_MV0103": 0.25806042284554753,
  "P_LV0201": 0.21974743269130337,
  "Q_LV0201": -0.11835982859904003,
  "U_LV0201": 0.9788289878131314,
  "I_LV0201_MV0201": 0.2549941230729712,
  "P_LV0202": 0.2319641529500885,
  "Q_LV0202": -0.11835982859904107,
  "U_LV0202": 0.9793298341112522,
  "I_LV0202_MV0202": 0.26591230598596133,
  "P_LV0203": 0.2443824624495853,
  "Q_LV0203": -0.11835982859904069,
  "U_LV0203": 0.9797298248108116,
  "I_LV0203_MV0203": 0.27715403013362633,
  "P_POIMV_MV0101": -0.6838645445511702,
  "Q_POIMV_MV0101": 0.3832601644587612,
  "U_POIMV": 0.9895356986834526,
  "I_POIMV_MV0101": 0.7922282948833738,
  "P_POIMV_MV0201": -0.6892666122213313,
  "Q_POIMV_MV0201": 0.38369922063372996,
  "I_POIMV_MV0201": 0.797210781942233,
  "P_POI_POIMV": -1.3731211567722232,
  "Q_POI_POIMV": 0.7992882772018675,
  "U_POI": 0.999783743409189,
  "I_POI_POIMV": 1.5891556307316412
}