{
  "P_LV0101": 0.02535786780122244,
  "Q_LV0101": -0.011828612954149742,
  "U_LV0101": 0.989923423590991,
  "I_LV0101_MV0101": 0.016319292685062492,
  "P_LV0102": 0.02561681099916055,
  "Q_LV0102": -0.011828612954149796,
  "U_LV0102": 0.9902073968994412,
  "I_LV0102_MV0102": 0.01645156186781027,
  "P_LV0103": 0.024134391078234972,
  "Q_LV0103": -0.011828612954149734,
  "U_LV0103": 0.989974682617099,
  "I_LV0103_MV0103": 0.01567471377665902,
  "P_LV0201": 0.02602567528173393,
  "Q_LV0201": -0.011828612954149772,
  "U_LV0201": 0.9904396303640912,
  "I_LV0201_MV0201": 0.016664386188896593,
  "P_LV0202": 0.027080013166961535,
  "Q_LV0202": -0.011828612954149704,
  "U_LV0202": 0.9909142288285242,
  "I_LV0202_MV0202": 0.017217532587062736,
  "P_LV0203": 0.024423029293923912,
  "Q_LV0203": -0.011828612954149715,
  "U_LV0203": 0.9904187626256635,
  "I_LV0203_MV0203": 0.0158189456704504,
  "P_POIMV_MV0101": -0.07440565211624062,
  "Q_POIMV_MV0101": 0.03865420847969858,
  "U_POIMV": 0.9999921919050153,
  "I_POIMV_MV0101": 0.04840956754122356,
  "P_POIMV_MV0201": -0.07673636327118061,
  "Q_POIMV_MV0201": 0.03883627729955208,
  "I_POIMV_MV0201": 0.04965494736211658,
  "P_POI_POI_MV": -0.15114101538748656,
  "Q_POI_POI_MV": 0.07743390486575663,
  "U_POI": 0.9999922134145999,
  "I_POI_POI_MV": 0.09804771845829878
}