{
  "P_LV0101": 0.2650222529005725,
  "Q_LV0101": -0.12423275080687807,
  "U_LV0101": 0.9780345018676481,
  "I_LV0101_MV0101": 0.17278300688078826,
  "P_LV0102": 0.2626742864644013,
  "Q_LV0102": -0.12423275080687807,
  "U_LV0102": 0.9782273948311668,
  "I_LV0102_MV0102": 0.17149519296160445,
  "P_LV0103": 0.2724652631188904,
  "Q_LV0103": -0.1242327508068793,
  "U_LV0103": 0.9785761041970296,
  "I_LV0103_MV0103": 0.17667333413722483,
  "P_LV0201": 0.24776296628953284,
  "Q_LV0201": -0.12423275080687839,
  "U_LV0201": 0.9779636193483534,
  "I_LV0201_MV0201": 0.16362685033074398,
  "P_LV0202": 0.2534522684122064,
  "Q_LV0202": -0.12423275080687865,
  "U_LV0202": 0.9783244385767944,
  "I_LV0202_MV0202": 0.16657463226794472,
  "P_LV0203": 0.25650852927406864,
  "Q_LV0203": -0.12423275080687923,
  "U_LV0203": 0.9785104237378972,
  "I_LV0203_MV0203": 0.16816407292048005,
  "P_POIMV_MV0101": -0.7920201149770492,
  "Q_POIMV_MV0101": 0.409558974849233,
  "U_POIMV": 0.9888250079342661,
  "I_POIMV_MV0101": 0.5206104674958084,
  "P_POIMV_MV0201": -0.7497528141533394,
  "Q_POIMV_MV0201": 0.40639966541385775,
  "I_POIMV_MV0201": 0.49793623416798666,
  "P_POI_POIMV": -1.54176292912962,
  "Q_POI_POIMV": 0.8559139376638996,
  "U_POI": 0.9997684060396517,
  "I_POI_POIMV": 1.018342188396297
}