{
  "irrad_LV0101": -26.556927198793634,
  "irrad_LV0102": -50.292969626749326,
  "irrad_LV0103": -35.537603177976244,
  "irrad_LV0201": -39.48466864225596,
  "irrad_LV0202": 11.797451994900994,
  "irrad_LV0203": 23.422927865467187
}