{
  "irrad_LV0101": 509.37053235637006,
  "irrad_LV0102": 601.8318826613774,
  "irrad_LV0103": 587.5390498302688,
  "irrad_LV0201": 645.6364986805266,
  "irrad_LV0202": 540.3539389727532,
  "irrad_LV0203": 563.6879993986956
}