{
  "P_LV0101": 0.000182,
  "Q_LV0101": 0.000299,
  "U_LV0101": 0.002482,
  "I_LV0101_MV0101": 0.000053,
  "P_LV0102": 0.000176,
  "Q_LV0102": 0.000325,
  "U_LV0102": 0.002484,
  "I_LV0102_MV0102": 0.000056,
  "P_LV0103": 0.000177,
  "Q_LV0103": 0.000322,
  "U_LV0103": 0.002484,
  "I_LV0103_MV0103": 0.000055,
  "P_LV0201": 0.000173,
  "Q_LV0201": 0.000335,
  "U_LV0201": 0.002485,
  "I_LV0201_MV0201": 0.000056,
  "P_LV0202": 0.000180,
  "Q_LV0202": 0.000309,
  "U_LV0202": 0.002483,
  "I_LV0202_MV0202": 0.000054,
  "P_LV0203": 0.000179,
  "Q_LV0203": 0.000316,
  "U_LV0203": 0.002484,
  "I_LV0203_MV0203": 0.000055,
  "P_POIMV_MV0101": 0.000557,
  "Q_POIMV_MV0101": 0.000945,
  "U_POIMV": 0.002500,
  "I_POIMV_MV0101": 0.000165,
  "P_POIMV_MV0201": 0.000554,
  "Q_POIMV_MV0201": 0.000958,
  "I_POIMV_MV0201": 0.000166,
  "P_POI_POI_MV": 0.001110,
  "Q_POI_POI_MV": 0.001904,
  "U_POI": 0.002500,
  "I_POI_POI_MV": 0.000331
}
