{
  "P_LV0101": 0.0014185225794732105,
  "Q_LV0101": -3.6490163081636225e-16,
  "U_LV0101": 1.000078645159574,
  "I_LV0101_MV0101": 0.0014184110283115474,
  "P_LV0102": -0.006073199119180883,
  "Q_LV0102": 5.718395238508571e-17,
  "U_LV0102": 0.9998694068734626,
  "I_LV0102_MV0102": 0.006073992340831236,
  "P_LV0103": 0.0043870830398546464,
  "Q_LV0103": 1.5907687604852974e-16,
  "U_LV0103": 1.0001633329082456,
  "I_LV0103_MV0103": 0.0043863666018409365,
  "P_LV0201": -0.0007697193840384581,
  "Q_LV0201": -6.640767952626823e-17,
  "U_LV0201": 0.9999385507976247,
  "I_LV0201_MV0201": 0.0007697666855873025,
  "P_LV0202": -0.041667230294687746,
  "Q_LV0202": -2.1914710778908883e-16,
  "U_LV0202": 0.9987317138775382,
  "I_LV0202_MV0202": 0.04172014337355554,
  "P_LV0203": -0.033913470800465514,
  "Q_LV0203": 9.294935444766126e-17,
  "U_LV0203": 0.9989296178986511,
  "I_LV0203_MV0203": 0.03394981006950811,
  "P_POIMV_MV0101": 0.0002692251830467285,
  "Q_POIMV_MV0101": -0.001265300673821912,
  "U_POIMV": 1.0000390595096322,
  "I_POIMV_MV0101": 0.0012935753833237533,
  "P_POIMV_MV0201": 0.07644170930529981,
  "Q_POIMV_MV0201": -0.001146718426298321,
  "I_POIMV_MV0201": 0.07644732391063425,
  "P_POI_POIMV": 0.07672093448863236,
  "Q_POI_POIMV": -0.0029012172817601822,
  "U_POI": 1.0000007843216805,
  "I_POI_POIMV": 0.07677570972734814
}