{
  "irrad_LV0101": -14.528393935440285,
  "irrad_LV0102": 57.72403851803727,
  "irrad_LV0103": -53.91641913261807,
  "irrad_LV0201": -83.76999321922875,
  "irrad_LV0202": 53.40356385868642,
  "irrad_LV0203": -7.72687677011514
}