{
  "P_LV0101": -0.004357675493104329,
  "Q_LV0101": 0.0011224721026197979,
  "U_LV0101": 1.0001664745260765,
  "I_LV0101_MV0101": 0.004499170926868839,
  "P_LV0102": 0.017313863399549826,
  "Q_LV0102": 0.0011224721026189572,
  "U_LV0102": 1.0007675775608496,
  "I_LV0102_MV0102": 0.017336903227498656,
  "P_LV0103": -0.016171798436509757,
  "Q_LV0103": 0.001122472102619626,
  "U_LV0103": 0.9998274448334294,
  "I_LV0103_MV0103": 0.016213504318416547,
  "P_LV0201": -0.02512613907160593,
  "Q_LV0201": 0.001122472102620053,
  "U_LV0201": 0.9995748223008463,
  "I_LV0201_MV0201": 0.02516189722049654,
  "P_LV0202": 0.016017971601372145,
  "Q_LV0202": 0.0011224721026203929,
  "U_LV0202": 1.0007322937898253,
  "I_LV0202_MV0202": 0.016045502478017844,
  "P_LV0203": -0.0023176148505466214,
  "Q_LV0203": 0.0011224721026194423,
  "U_LV0203": 1.000224777930331,
  "I_LV0203_MV0203": 0.002574548909942623,
  "P_POIMV_MV0101": 0.003232025956549478,
  "Q_POIMV_MV0101": -0.004559832426593857,
  "U_POIMV": 1.0001318808929565,
  "I_POIMV_MV0101": 0.005588365213963923,
  "P_POIMV_MV0201": 0.01145100822986933,
  "Q_POIMV_MV0201": -0.004799240472380006,
  "I_POIMV_MV0201": 0.0124144128160106,
  "P_POI_POIMV": 0.014693034186718029,
  "Q_POI_POIMV": -0.00992103498947472,
  "U_POI": 1.0000026827981212,
  "I_POI_POIMV": 0.017728804314136176
}