{
  "P_LV0101": -0.012928062212685568,
  "Q_LV0101": -5.411578312788006e-16,
  "U_LV0101": 0.9996773658159891,
  "I_LV0101_MV0101": 0.012932234593641125,
  "P_LV0102": 0.01692004136225598,
  "Q_LV0102": 9.464437438587896e-16,
  "U_LV0102": 1.000506211879562,
  "I_LV0102_MV0102": 0.01691148056989052,
  "P_LV0103": -0.01599497437033137,
  "Q_LV0103": -3.123145986173837e-17,
  "U_LV0103": 0.9995812075069097,
  "I_LV0103_MV0103": 0.016001675752013177,
  "P_LV0201": -0.022179154049794494,
  "Q_LV0201": -4.192784519845472e-16,
  "U_LV0201": 0.9994288974736575,
  "I_LV0201_MV0201": 0.022191827858748785,
  "P_LV0202": 0.01255378959477824,
  "Q_LV0202": 7.961233807262681e-17,
  "U_LV0202": 1.0004176190238754,
  "I_LV0202_MV0202": 0.012548549081959579,
  "P_LV0203": 0.01630214054891012,
  "Q_LV0203": 9.039652860941247e-16,
  "U_LV0203": 1.0005320780657267,
  "I_LV0203_MV0203": 0.016293471150296494,
  "P_POIMV_MV0101": 0.012022928252235943,
  "Q_POIMV_MV0101": -0.0011747107901101117,
  "U_POIMV": 1.0000421210630093,
  "I_POIMV_MV0101": 0.012079671206573907,
  "P_POIMV_MV0201": -0.006650533879223985,
  "Q_POIMV_MV0201": -0.0014287442783142978,
  "I_POIMV_MV0201": 0.006801985987773292,
  "P_POI_POIMV": 0.005382394373975719,
  "Q_POI_POIMV": -0.0031689001743870904,
  "U_POI": 1.0000008569216285,
  "I_POI_POIMV": 0.0062459611471495455
}