{
  "P_LV0101": 0.000065,
  "Q_LV0101": 0.000212,
  "U_LV0101": 0.002499,
  "I_LV0101_MV0101": 0.000057,
  "P_LV0102": 0.000076,
  "Q_LV0102": 0.000240,
  "U_LV0102": 0.002501,
  "I_LV0102_MV0102": 0.000063,
  "P_LV0103": 0.000072,
  "Q_LV0103": 0.000228,
  "U_LV0103": 0.002499,
  "I_LV0103_MV0103": 0.000060,
  "P_LV0201": 0.000096,
  "Q_LV0201": 0.000304,
  "U_LV0201": 0.002499,
  "I_LV0201_MV0201": 0.000079,
  "P_LV0202": 0.000065,
  "Q_LV0202": 0.000211,
  "U_LV0202": 0.002501,
  "I_LV0202_MV0202": 0.000057,
  "P_LV0203": 0.000073,
  "Q_LV0203": 0.000232,
  "U_LV0203": 0.002501,
  "I_LV0203_MV0203": 0.000061,
  "P_POIMV_MV0101": 0.000096,
  "Q_POIMV_MV0101": 0.000309,
  "U_POIMV": 0.002500,
  "I_POIMV_MV0101": 0.000087,
  "P_POIMV_MV0201": 0.000065,
  "Q_POIMV_MV0201": 0.000179,
  "I_POIMV_MV0201": 0.000051,
  "P_POI_POIMV": 0.000095,
  "Q_POI_POIMV": 0.000147,
  "U_POI": 0.002500,
  "I_POI_POIMV": 0.000047
}
