{
  "P_LV0101": 0.001261,
  "Q_LV0101": 0.003740,
  "U_LV0101": 0.002518,
  "I_LV0101_MV0101": 0.000885,
  "P_LV0102": 0.001164,
  "Q_LV0102": 0.003453,
  "U_LV0102": 0.002518,
  "I_LV0102_MV0102": 0.000817,
  "P_LV0103": 0.001212,
  "Q_LV0103": 0.003596,
  "U_LV0103": 0.002519,
  "I_LV0103_MV0103": 0.000851,
  "P_LV0201": 0.001257,
  "Q_LV0201": 0.003727,
  "U_LV0201": 0.002520,
  "I_LV0201_MV0201": 0.000881,
  "P_LV0202": 0.001183,
  "Q_LV0202": 0.003511,
  "U_LV0202": 0.002520,
  "I_LV0202_MV0202": 0.000830,
  "P_LV0203": 0.001284,
  "Q_LV0203": 0.003809,
  "U_LV0203": 0.002522,
  "I_LV0203_MV0203": 0.000900,
  "P_POIMV_MV0101": 0.003635,
  "Q_POIMV_MV0101": 0.010681,
  "U_POIMV": 0.002496,
  "I_POIMV_MV0101": 0.002553,
  "P_POIMV_MV0201": 0.003720,
  "Q_POIMV_MV0201": 0.010926,
  "I_POIMV_MV0201": 0.002611,
  "P_POI_POIMV": 0.007457,
  "Q_POI_POIMV": 0.021611,
  "U_POI": 0.002500,
  "I_POI_POIMV": 0.005164
}
