{
  "P_LV0101": 0.02405872511555905,
  "Q_LV0101": -0.004451964026686257,
  "U_LV0101": 0.999750275613059,
  "I_LV0101_MV0101": 0.024473278101799376,
  "P_LV0102": 0.021663767684732552,
  "Q_LV0102": -0.004451964026686675,
  "U_LV0102": 0.99971537973791,
  "I_LV0102_MV0102": 0.02212277944894053,
  "P_LV0103": 0.02775687310435265,
  "Q_LV0103": -0.004451964026686282,
  "U_LV0103": 0.9998989642568514,
  "I_LV0103_MV0103": 0.028114474959521154,
  "P_LV0201": 0.0270767552674577,
  "Q_LV0201": -0.0044519640266860935,
  "U_LV0201": 0.9998446523594047,
  "I_LV0201_MV0201": 0.027444574299209965,
  "P_LV0202": 0.005063482234211335,
  "Q_LV0202": -0.004451964026686455,
  "U_LV0202": 0.9992461224061332,
  "I_LV0202_MV0202": 0.006747403531135138,
  "P_LV0203": 0.009192155349128385,
  "Q_LV0203": -0.00445196402668682,
  "U_LV0203": 0.999364730756063,
  "I_LV0203_MV0203": 0.010219998394129048,
  "P_POIMV_MV0101": -0.07342294628051604,
  "Q_POIMV_MV0101": 0.012347097709607624,
  "U_POIMV": 0.9996836149647247,
  "I_POIMV_MV0101": 0.07447744096436015,
  "P_POIMV_MV0201": -0.041305112106670094,
  "Q_POIMV_MV0201": 0.011927441773764258,
  "I_POIMV_MV0201": 0.043006351924092544,
  "P_POI_POIMV": -0.11471805838700426,
  "Q_POI_POIMV": 0.023887781651410478,
  "U_POI": 0.9999935398228028,
  "I_POI_POIMV": 0.11717950521142151
}