{
  "irrad_LV0101": -32.545018195286424,
  "irrad_LV0102": -5.984652148754135,
  "irrad_LV0103": 72.40063850561357,
  "irrad_LV0201": -8.812403541529635,
  "irrad_LV0202": -3.7249151277522063,
  "irrad_LV0203": 19.041087378522796
}