{
  "P_LV0101": -0.009761617756404552,
  "Q_LV0101": 0.002766070952316531,
  "U_LV0101": 1.0003821666135737,
  "I_LV0101_MV0101": 0.010142075433643406,
  "P_LV0102": -0.0017950485180445873,
  "Q_LV0102": 0.002766070952316061,
  "U_LV0102": 1.0006211210414646,
  "I_LV0102_MV0102": 0.0032954290979184623,
  "P_LV0103": 0.021715992111928963,
  "Q_LV0103": 0.00276607095231736,
  "U_LV0103": 1.0012854240871971,
  "I_LV0103_MV0103": 0.021863343563720387,
  "P_LV0201": -0.002643209918378753,
  "Q_LV0201": 0.002766070952315842,
  "U_LV0201": 1.0005839220235742,
  "I_LV0201_MV0201": 0.0038236929254120275,
  "P_LV0202": -0.0011172584828184904,
  "Q_LV0202": 0.002766070952316692,
  "U_LV0202": 1.0006325479068354,
  "I_LV0202_MV0202": 0.0029813029184227583,
  "P_LV0203": 0.005711221777173838,
  "Q_LV0203": 0.00276607095231685,
  "U_LV0203": 1.000827189058251,
  "I_LV0203_MV0203": 0.006340557135152288,
  "P_POIMV_MV0101": -0.010142183507241498,
  "Q_POIMV_MV0101": -0.009489564241903281,
  "U_POIMV": 1.0002644412024873,
  "I_POIMV_MV0101": 0.013885738241990386,
  "P_POIMV_MV0201": -0.0019488061312813443,
  "Q_POIMV_MV0201": -0.009846348566156848,
  "I_POIMV_MV0201": 0.010034697926811189,
  "P_POI_POIMV": -0.012080989638117831,
  "Q_POI_POIMV": -0.01989506340396474,
  "U_POI": 1.0000053799224489,
  "I_POI_POIMV": 0.023275696106368985
}