{
  "irrad_LV0101": 700.5649407385387,
  "irrad_LV0102": 749.8829492921859,
  "irrad_LV0103": 764.3324805536694,
  "irrad_LV0201": 653.1347467848121,
  "irrad_LV0202": 822.2843629641601,
  "irrad_LV0203": 844.2558240330474
}