{
  "irrad_LV0101": 1011.5579616435407,
  "irrad_LV0102": 1111.5667926678684,
  "irrad_LV0103": 1029.100368961527,
  "irrad_LV0201": 890.2256216644389,
  "irrad_LV0202": 1016.039138864458,
  "irrad_LV0203": 969.2877408123309
}