{
  "P_LV0101": 0.000237,
  "Q_LV0101": 0.000427,
  "U_LV0101": 0.002470,
  "I_LV0101_MV0101": 0.000071,
  "P_LV0102": 0.000243,
  "Q_LV0102": 0.000464,
  "U_LV0102": 0.002472,
  "I_LV0102_MV0102": 0.000076,
  "P_LV0103": 0.000238,
  "Q_LV0103": 0.000433,
  "U_LV0103": 0.002471,
  "I_LV0103_MV0103": 0.000072,
  "P_LV0201": 0.000231,
  "Q_LV0201": 0.000381,
  "U_LV0201": 0.002468,
  "I_LV0201_MV0201": 0.000065,
  "P_LV0202": 0.000237,
  "Q_LV0202": 0.000429,
  "U_LV0202": 0.002471,
  "I_LV0202_MV0202": 0.000071,
  "P_LV0203": 0.000235,
  "Q_LV0203": 0.000411,
  "U_LV0203": 0.002471,
  "I_LV0203_MV0203": 0.000069,
  "P_POIMV_MV0101": 0.000773,
  "Q_POIMV_MV0101": 0.001313,
  "U_POIMV": 0.002500,
  "I_POIMV_MV0101": 0.000218,
  "P_POIMV_MV0201": 0.000753,
  "Q_POIMV_MV0201": 0.001211,
  "I_POIMV_MV0201": 0.000205,
  "P_POI_POI_MV": 0.001525,
  "Q_POI_POI_MV": 0.002524,
  "U_POI": 0.002500,
  "I_POI_POI_MV": 0.000423
}
