{
  "irrad_LV0101": -14.766301972811007,
  "irrad_LV0102": 18.449546061291418,
  "irrad_LV0103": -51.743041577253315,
  "irrad_LV0201": 34.81982699731658,
  "irrad_LV0202": 23.370191297990566,
  "irrad_LV0203": -96.3985605957028
}