{
  "P_LV0101": -0.025710714802335576,
  "Q_LV0101": -0.009801907041290744,
  "U_LV0101": 0.9971593691642825,
  "I_LV0101_MV0101": 0.027594166444344266,
  "P_LV0102": -0.007698753516515735,
  "Q_LV0102": -0.009801907041291415,
  "U_LV0102": 0.9976660477593111,
  "I_LV0102_MV0102": 0.012493033437778162,
  "P_LV0103": 0.018985241841801663,
  "Q_LV0103": -0.00980190704129146,
  "U_LV0103": 0.9984144117636312,
  "I_LV0103_MV0103": 0.02140018540121976,
  "P_LV0201": -0.015174612216464142,
  "Q_LV0201": -0.00980190704129142,
  "U_LV0201": 0.9974381748154323,
  "I_LV0201_MV0201": 0.01811145408257675,
  "P_LV0202": -0.015412107369432153,
  "Q_LV0202": -0.00980190704129098,
  "U_LV0202": 0.9974259128720685,
  "I_LV0202_MV0202": 0.018312142805610783,
  "P_LV0203": 0.020238405274879603,
  "Q_LV0203": -0.009801907041291169,
  "U_LV0203": 0.998426127656529,
  "I_LV0203_MV0203": 0.022522564613637882,
  "P_POIMV_MV0101": 0.014463439406654288,
  "Q_POIMV_MV0101": 0.0283260690005136,
  "U_POIMV": 0.9992580551269645,
  "I_POIMV_MV0101": 0.03182860311309741,
  "P_POIMV_MV0201": 0.010382381172462374,
  "Q_POIMV_MV0201": 0.028015525124317264,
  "I_POIMV_MV0201": 0.02989965847032508,
  "P_POI_POIMV": 0.02485582058011159,
  "Q_POI_POIMV": 0.055825152793204325,
  "U_POI": 0.999984903697778,
  "I_POI_POIMV": 0.06110951031278569
}