{
  "irrad_LV0101": 1181.5456881032192,
  "irrad_LV0102": 1114.7388686079182,
  "irrad_LV0103": 1181.7247648774448,
  "irrad_LV0201": 1211.7594652957428,
  "irrad_LV0202": 1156.135983388666,
  "irrad_LV0203": 1091.2806581072725
}