{
  "irrad_LV0101": 1184.1922511538496,
  "irrad_LV0102": 1157.118634874637,
  "irrad_LV0103": 1202.736370427024,
  "irrad_LV0201": 1117.0949975167011,
  "irrad_LV0202": 1121.016945376275,
  "irrad_LV0203": 1199.7228968965012
}