{
  "irrad_LV0101": 1246.7062932826543,
  "irrad_LV0102": 1149.7523581446037,
  "irrad_LV0103": 1174.4981465967858,
  "irrad_LV0201": 1173.542064937618,
  "irrad_LV0202": 1120.1692904307629,
  "irrad_LV0203": 1201.0765436262902
}