{
  "P_LV0101": 0.35518898887984973,
  "Q_LV0101": 0.17428199293269436,
  "U_LV0101": 1.044067982337536,
  "I_LV0101_MV0101": 0.21878328904448324,
  "P_LV0102": 0.34706847434163624,
  "Q_LV0102": 0.17428199293269614,
  "U_LV0102": 1.044510330863742,
  "I_LV0102_MV0102": 0.21467010179012794,
  "P_LV0103": 0.36075114905096056,
  "Q_LV0103": 0.17428199293269603,
  "U_LV0103": 1.045098049300485,
  "I_LV0103_MV0103": 0.22133034704479046,
  "P_LV0201": 0.3350637046172883,
  "Q_LV0201": 0.17428199293269542,
  "U_LV0201": 1.0445373831289164,
  "I_LV0201_MV0201": 0.20875598780704088,
  "P_LV0202": 0.33624006149120333,
  "Q_LV0202": 0.17428199293269483,
  "U_LV0202": 1.0451626792595214,
  "I_LV0202_MV0202": 0.20920780772884393,
  "P_LV0203": 0.35984728178170633,
  "Q_LV0203": 0.17428199293269644,
  "U_LV0203": 1.0459544896331885,
  "I_LV0203_MV0203": 0.22069998377662917,
  "P_POIMV_MV0101": -1.050148071914009,
  "Q_POIMV_MV0101": -0.46395264117290935,
  "U_POIMV": 1.0118611958763868,
  "I_POIMV_MV0101": 0.6550682041380643,
  "P_POIMV_MV0201": -1.0180434722761902,
  "Q_POIMV_MV0201": -0.46655710660280647,
  "I_POIMV_MV0201": 0.6389729086601245,
  "P_POI_POI_MV": -2.0681815441889646,
  "Q_POI_POI_MV": -0.8656672282327236,
  "U_POI": 1.0002338797912096,
  "I_POI_POI_MV": 1.2941411774781624
}