{
  "P_LV0101": 0.3739395755290083,
  "Q_LV0101": 0.17447863521601364,
  "U_LV0101": 1.0444526559251424,
  "I_LV0101_MV0101": 0.22809946859925065,
  "P_LV0102": 0.3448590185873023,
  "Q_LV0102": 0.1744786352160127,
  "U_LV0102": 1.0444637849749843,
  "I_LV0102_MV0102": 0.21363797728446102,
  "P_LV0103": 0.35228131979793836,
  "Q_LV0103": 0.174478635216013,
  "U_LV0103": 1.0449192750571583,
  "I_LV0103_MV0103": 0.2172120941344835,
  "P_LV0201": 0.3519945507556015,
  "Q_LV0201": 0.17447863521601192,
  "U_LV0201": 1.0449049589891617,
  "I_LV0201_MV0201": 0.21707309173052902,
  "P_LV0202": 0.33598581417391005,
  "Q_LV0202": 0.17447863521601356,
  "U_LV0202": 1.045176528626591,
  "I_LV0202_MV0202": 0.2091303941202489,
  "P_LV0203": 0.3602532972853426,
  "Q_LV0203": 0.17447863521601387,
  "U_LV0203": 1.0459821746670108,
  "I_LV0203_MV0203": 0.2209431513818392,
  "P_POIMV_MV0101": -1.0580672295891418,
  "Q_POIMV_MV0101": -0.46374956775025566,
  "U_POIMV": 1.0118375827368622,
  "I_POIMV_MV0101": 0.6591727309268702,
  "P_POIMV_MV0201": -1.0347899015594066,
  "Q_POIMV_MV0201": -0.46561650791136344,
  "I_POIMV_MV0201": 0.647466307407923,
  "P_POI_POIMV": -2.0928471311476553,
  "Q_POI_POIMV": -0.8632422482783113,
  "U_POI": 1.0002332205923246,
  "I_POI_POIMV": 1.3067525303822825
}