{
  "P_LV0101": 0.000269,
  "Q_LV0101": 0.000498,
  "U_LV0101": 0.002577,
  "I_LV0101_MV0101": 0.000078,
  "P_LV0102": 0.000268,
  "Q_LV0102": 0.000489,
  "U_LV0102": 0.002578,
  "I_LV0102_MV0102": 0.000077,
  "P_LV0103": 0.000271,
  "Q_LV0103": 0.000508,
  "U_LV0103": 0.002580,
  "I_LV0103_MV0103": 0.000080,
  "P_LV0201": 0.000269,
  "Q_LV0201": 0.000498,
  "U_LV0201": 0.002579,
  "I_LV0201_MV0201": 0.000078,
  "P_LV0202": 0.000268,
  "Q_LV0202": 0.000493,
  "U_LV0202": 0.002580,
  "I_LV0202_MV0202": 0.000078,
  "P_LV0203": 0.000264,
  "Q_LV0203": 0.000462,
  "U_LV0203": 0.002580,
  "I_LV0203_MV0203": 0.000074,
  "P_POIMV_MV0101": 0.000738,
  "Q_POIMV_MV0101": 0.001473,
  "U_POIMV": 0.002500,
  "I_POIMV_MV0101": 0.000235,
  "P_POIMV_MV0201": 0.000735,
  "Q_POIMV_MV0201": 0.001431,
  "I_POIMV_MV0201": 0.000230,
  "P_POI_POI_MV": 0.001474,
  "Q_POI_POI_MV": 0.002904,
  "U_POI": 0.002500,
  "I_POI_POI_MV": 0.000465
}
