{
  "irrad_LV0101": 769.4594939433413,
  "irrad_LV0102": 668.1301979076038,
  "irrad_LV0103": 679.4921651139191,
  "irrad_LV0201": 628.3755201563412,
  "irrad_LV0202": 666.5766507922009,
  "irrad_LV0203": 598.5267586506627
}