{
  "P_LV0101": 0.000169,
  "Q_LV0101": 0.000349,
  "U_LV0101": 0.002485,
  "I_LV0101_MV0101": 0.000057,
  "P_LV0102": 0.000177,
  "Q_LV0102": 0.000337,
  "U_LV0102": 0.002483,
  "I_LV0102_MV0102": 0.000057,
  "P_LV0103": 0.000177,
  "Q_LV0103": 0.000339,
  "U_LV0103": 0.002484,
  "I_LV0103_MV0103": 0.000057,
  "P_LV0201": 0.000180,
  "Q_LV0201": 0.000329,
  "U_LV0201": 0.002483,
  "I_LV0201_MV0201": 0.000056,
  "P_LV0202": 0.000178,
  "Q_LV0202": 0.000336,
  "U_LV0202": 0.002484,
  "I_LV0202_MV0202": 0.000057,
  "P_LV0203": 0.000183,
  "Q_LV0203": 0.000323,
  "U_LV0203": 0.002483,
  "I_LV0203_MV0203": 0.000056,
  "P_POIMV_MV0101": 0.000550,
  "Q_POIMV_MV0101": 0.001021,
  "U_POIMV": 0.002500,
  "I_POIMV_MV0101": 0.000171,
  "P_POIMV_MV0201": 0.000565,
  "Q_POIMV_MV0201": 0.000984,
  "I_POIMV_MV0201": 0.000169,
  "P_POI_POI_MV": 0.001115,
  "Q_POI_POI_MV": 0.002010,
  "U_POI": 0.002500,
  "I_POI_POI_MV": 0.000340
}
