{
  "P_LV0101": -0.027830444097146655,
  "Q_LV0101": 0.0018851466084610256,
  "U_LV0101": 0.9996665445372164,
  "I_LV0101_MV0101": 0.0279035225560052,
  "P_LV0102": 0.020155845695289606,
  "Q_LV0102": 0.0018851466084625383,
  "U_LV0102": 1.0010077019657933,
  "I_LV0102_MV0102": 0.020223432045475,
  "P_LV0103": -0.016101624305953084,
  "Q_LV0103": 0.0018851466084613669,
  "U_LV0103": 0.9999922995948888,
  "I_LV0103_MV0103": 0.016211728182177962,
  "P_LV0201": -0.005372595762445708,
  "Q_LV0201": 0.0018851466084615172,
  "U_LV0201": 1.0002972370253613,
  "I_LV0201_MV0201": 0.005692038260300281,
  "P_LV0202": -0.010408685985127175,
  "Q_LV0202": 0.0018851466084614935,
  "U_LV0202": 1.000154207172476,
  "I_LV0202_MV0202": 0.010576389732684589,
  "P_LV0203": 0.003892340633704869,
  "Q_LV0203": 0.0018851466084625667,
  "U_LV0203": 1.0005559851960113,
  "I_LV0203_MV0203": 0.004322419724961034,
  "P_POIMV_MV0101": 0.023816935039121745,
  "Q_POIMV_MV0101": -0.006727469580937395,
  "U_POIMV": 1.000192348015897,
  "I_POIMV_MV0101": 0.02474408376260499,
  "P_POIMV_MV0201": 0.011893727405208665,
  "Q_POIMV_MV0201": -0.007189446613949713,
  "I_POIMV_MV0201": 0.013895129075464932,
  "P_POI_POIMV": 0.03572066244465316,
  "Q_POI_POIMV": -0.014463701390923234,
  "U_POI": 1.0000039111639685,
  "I_POI_POIMV": 0.03853767982164934
}