{
  "irrad_LV0101": 1012.594903218238,
  "irrad_LV0102": 1034.9448131196712,
  "irrad_LV0103": 1119.5109299555425,
  "irrad_LV0201": 1092.8508681119072,
  "irrad_LV0202": 1084.4245518922703,
  "irrad_LV0203": 1037.3234710524243
}