{
  "irrad_LV0101": -9.548441225000786,
  "irrad_LV0102": 46.482614429416714,
  "irrad_LV0103": 85.37448670410045,
  "irrad_LV0201": 40.23506904537041,
  "irrad_LV0202": 82.29664424244169,
  "irrad_LV0203": -4.930024053640594
}