{
  "irrad_LV0101": 14.024494283276567,
  "irrad_LV0102": -27.15773362343151,
  "irrad_LV0103": -25.81677683791394,
  "irrad_LV0201": -20.72860259007075,
  "irrad_LV0202": -11.911666825101237,
  "irrad_LV0203": 64.6519969325578
}