{
  "P_LV0101": 0.004206534825045957,
  "Q_LV0101": 0.00939190116453771,
  "U_LV0101": 1.0022124571750397,
  "I_LV0101_MV0101": 0.010268187899965664,
  "P_LV0102": -0.00814574486243764,
  "Q_LV0102": 0.009391901164537267,
  "U_LV0102": 1.0018677183678015,
  "I_LV0102_MV0102": 0.012409078435349356,
  "P_LV0103": -0.00774353560603061,
  "Q_LV0103": 0.009391901164537713,
  "U_LV0103": 1.0018780909050877,
  "I_LV0103_MV0103": 0.012149697984365028,
  "P_LV0201": -0.006217378460030914,
  "Q_LV0201": 0.00939190116453839,
  "U_LV0201": 1.001951379727349,
  "I_LV0201_MV0201": 0.011241438064574649,
  "P_LV0202": -0.003572809137501849,
  "Q_LV0202": 0.009391901164537302,
  "U_LV0202": 1.0020451584005117,
  "I_LV0202_MV0202": 0.010028012043831955,
  "P_LV0203": 0.019391849082919656,
  "Q_LV0203": 0.009391901164537694,
  "U_LV0203": 1.0026959459880562,
  "I_LV0203_MV0203": 0.021488566965123166,
  "P_POIMV_MV0101": 0.01169495025192191,
  "Q_POIMV_MV0101": -0.02939386998809823,
  "U_POIMV": 1.0007915098841007,
  "I_POIMV_MV0101": 0.03160995242336094,
  "P_POIMV_MV0201": -0.009580752656347613,
  "Q_POIMV_MV0201": -0.029637693525216946,
  "I_POIMV_MV0201": 0.031123137703084412,
  "P_POI_POIMV": 0.0021241975959732018,
  "Q_POI_POIMV": -0.0595521300292603,
  "U_POI": 1.0000161036290036,
  "I_POI_POIMV": 0.059589042971468734
}