{
  "P_LV0101": -0.010866144507623889,
  "Q_LV0101": 0.0025940738543416128,
  "U_LV0101": 1.0002904091180473,
  "I_LV0101_MV0101": 0.011168252312955245,
  "P_LV0102": -0.018061999253196525,
  "Q_LV0102": 0.0025940738543419033,
  "U_LV0102": 1.0000620308797734,
  "I_LV0102_MV0102": 0.01824619773539836,
  "P_LV0103": -0.02384661171909541,
  "Q_LV0103": 0.0025940738543414827,
  "U_LV0103": 0.999883593065441,
  "I_LV0103_MV0103": 0.023990083197750388,
  "P_LV0201": 0.009283381685596514,
  "Q_LV0201": 0.0025940738543416913,
  "U_LV0201": 1.000874012212746,
  "I_LV0201_MV0201": 0.009630586571809414,
  "P_LV0202": -0.002955931069580424,
  "Q_LV0202": 0.0025940738543422993,
  "U_LV0202": 1.000532097513554,
  "I_LV0202_MV0202": 0.003930687108107372,
  "P_LV0203": -0.005356092213074904,
  "Q_LV0203": 0.002594073854341558,
  "U_LV0203": 1.0004628818081267,
  "I_LV0203_MV0203": 0.005948460136099635,
  "P_POIMV_MV0101": 0.052806106077241566,
  "Q_POIMV_MV0101": -0.008910757321473284,
  "U_POIMV": 1.0002495243955496,
  "I_POIMV_MV0101": 0.053539291696203424,
  "P_POIMV_MV0201": -0.0009671790016909654,
  "Q_POIMV_MV0201": -0.009319184139201298,
  "I_POIMV_MV0201": 0.009366901132091321,
  "P_POI_POIMV": 0.05184892707604524,
  "Q_POI_POIMV": -0.018756544826828758,
  "U_POI": 1.0000050719583145,
  "I_POI_POIMV": 0.05513699642070354
}