{
  "P_LV0101": 0.000077,
  "Q_LV0101": 0.000199,
  "U_LV0101": 0.002501,
  "I_LV0101_MV0101": 0.000055,
  "P_LV0102": 0.000088,
  "Q_LV0102": 0.000254,
  "U_LV0102": 0.002500,
  "I_LV0102_MV0102": 0.000067,
  "P_LV0103": 0.000108,
  "Q_LV0103": 0.000323,
  "U_LV0103": 0.002500,
  "I_LV0103_MV0103": 0.000084,
  "P_LV0201": 0.000076,
  "Q_LV0201": 0.000185,
  "U_LV0201": 0.002502,
  "I_LV0201_MV0201": 0.000052,
  "P_LV0202": 0.000071,
  "Q_LV0202": 0.000079,
  "U_LV0202": 0.002501,
  "I_LV0202_MV0202": 0.000028,
  "P_LV0203": 0.000072,
  "Q_LV0203": 0.000128,
  "U_LV0203": 0.002501,
  "I_LV0203_MV0203": 0.000039,
  "P_POIMV_MV0101": 0.000266,
  "Q_POIMV_MV0101": 0.000744,
  "U_POIMV": 0.002501,
  "I_POIMV_MV0101": 0.000197,
  "P_POIMV_MV0201": 0.000249,
  "Q_POIMV_MV0201": 0.000078,
  "I_POIMV_MV0201": 0.000070,
  "P_POI_POIMV": 0.000495,
  "Q_POI_POIMV": 0.001058,
  "U_POI": 0.002500,
  "I_POI_POIMV": 0.000307
}
