{
  "P_LV0101": 0.01172004452517174,
  "Q_LV0101": -0.0005419859793013243,
  "U_LV0101": 1.0002554576743237,
  "I_LV0101_MV0101": 0.011729573320668549,
  "P_LV0102": -0.01522294655761483,
  "Q_LV0102": -0.0005419859793022157,
  "U_LV0102": 0.9995139883292481,
  "I_LV0102_MV0102": 0.01523999854337601,
  "P_LV0103": 0.026949351186533983,
  "Q_LV0103": -0.0005419859793016005,
  "U_LV0103": 1.0006989703845057,
  "I_LV0103_MV0103": 0.026935973204226853,
  "P_LV0201": 0.024824235754631604,
  "Q_LV0201": -0.0005419859793027716,
  "U_LV0201": 1.000629706083347,
  "I_LV0201_MV0201": 0.02481452576481051,
  "P_LV0202": -0.0013506893635640404,
  "Q_LV0202": -0.000541985979301905,
  "U_LV0202": 0.9999071410888797,
  "I_LV0202_MV0202": 0.001455508153286631,
  "P_LV0203": -0.0011190610007023624,
  "Q_LV0203": -0.0005419859793020635,
  "U_LV0203": 0.9999126789084175,
  "I_LV0203_MV0203": 0.0012435096965155814,
  "P_POIMV_MV0101": -0.023415229399461168,
  "Q_POIMV_MV0101": 0.0005053034467437101,
  "U_POIMV": 0.9999985466460364,
  "I_POIMV_MV0101": 0.023420715057779807,
  "P_POIMV_MV0201": -0.022336752142905425,
  "Q_POIMV_MV0201": 0.00015604196812546434,
  "I_POIMV_MV0201": 0.022337329645876935,
  "P_POI_POIMV": -0.04574198154222404,
  "Q_POI_POIMV": 0.000122685722544702,
  "U_POI": 0.9999999667472338,
  "I_POI_POIMV": 0.04574214759221668
}