{
  "irrad_LV0101": -54.89241180972507,
  "irrad_LV0102": 33.10909916580498,
  "irrad_LV0103": -3.2849730273125,
  "irrad_LV0201": 76.18898843492524,
  "irrad_LV0202": 63.52134539721709,
  "irrad_LV0203": 31.760707110574888
}