{
  "irrad_LV0101": 375.27533765360334,
  "irrad_LV0102": 405.0019055894215,
  "irrad_LV0103": 368.01042134752026,
  "irrad_LV0201": 364.81967105059124,
  "irrad_LV0202": 504.8730888618919,
  "irrad_LV0203": 409.75545015697793
}