{
  "P_LV0101": 0.11256083427572618,
  "Q_LV0101": 0.05952457576089205,
  "U_LV0101": 1.015806572630254,
  "I_LV0101_MV0101": 0.1253493925164755,
  "P_LV0102": 0.12147708043229696,
  "Q_LV0102": 0.05952457576089116,
  "U_LV0102": 1.0162425291089627,
  "I_LV0102_MV0102": 0.13311483939243626,
  "P_LV0103": 0.11038178076938877,
  "Q_LV0103": 0.05952457576089158,
  "U_LV0103": 1.016065994774745,
  "I_LV0103_MV0103": 0.12342562733777519,
  "P_LV0201": 0.10942474075276135,
  "Q_LV0201": 0.05952457576088999,
  "U_LV0201": 1.0160826400574756,
  "I_LV0201_MV0201": 0.12259538872783377,
  "P_LV0202": 0.15143264260576897,
  "Q_LV0202": 0.059524575760891124,
  "U_LV0202": 1.0173663388021599,
  "I_LV0202_MV0202": 0.15993399558288898,
  "P_LV0203": 0.12290286808366904,
  "Q_LV0203": 0.05952457576089148,
  "U_LV0203": 1.0167720032500898,
  "I_LV0203_MV0203": 0.13430615898026374,
  "P_POIMV_MV0101": -0.3429602490914476,
  "Q_POIMV_MV0101": -0.17302738273338036,
  "U_POIMV": 1.0045244851743844,
  "I_POIMV_MV0101": 0.38240547515430884,
  "P_POIMV_MV0201": -0.3818764601279554,
  "Q_POIMV_MV0201": -0.17182836388400347,
  "I_POIMV_MV0201": 0.41686753667820653,
  "P_POI_POIMV": -0.7248267092185973,
  "Q_POI_POIMV": -0.33710778752129045,
  "U_POI": 1.0000911320518846,
  "I_POI_POIMV": 0.7993115569981395
}