{
  "irrad_LV0101": 1074.2275035183197,
  "irrad_LV0102": 1130.1072860717973,
  "irrad_LV0103": 1186.0546680306427,
  "irrad_LV0201": 1248.9143413425177,
  "irrad_LV0202": 1091.143208590959,
  "irrad_LV0203": 1147.8530547354162
}