{
  "irrad_LV0101": 1065.828698365795,
  "irrad_LV0102": 1107.1936841758438,
  "irrad_LV0103": 1144.1826591917475,
  "irrad_LV0201": 1169.4328529145141,
  "irrad_LV0202": 1116.3362459882069,
  "irrad_LV0203": 1128.996190364948
}