{
  "P_LV0101": 0.319686788460913,
  "Q_LV0101": 0.16400762757735243,
  "U_LV0101": 1.0413210254517073,
  "I_LV0101_MV0101": 0.3450447016541348,
  "P_LV0102": 0.33209388491892855,
  "Q_LV0102": 0.16400762757735263,
  "U_LV0102": 1.042161520117013,
  "I_LV0102_MV0102": 0.35540050718400484,
  "P_LV0103": 0.34318843195957965,
  "Q_LV0103": 0.16400762757735307,
  "U_LV0103": 1.042685090971441,
  "I_LV0103_MV0103": 0.3647928235747776,
  "P_LV0201": 0.3507620254944733,
  "Q_LV0201": 0.1640076275773539,
  "U_LV0201": 1.0428527641247818,
  "I_LV0201_MV0201": 0.3712999539040914,
  "P_LV0202": 0.33483612316845346,
  "Q_LV0202": 0.16400762757735365,
  "U_LV0202": 1.0431034997427737,
  "I_LV0202_MV0202": 0.3574385977678964,
  "P_LV0203": 0.3386333721692538,
  "Q_LV0203": 0.16400762757735293,
  "U_LV0203": 1.0434728743882231,
  "I_LV0203_MV0203": 0.36058369282563174,
  "P_POIMV_MV0101": -0.983606286752547,
  "Q_POIMV_MV0101": -0.44019030677327464,
  "U_POIMV": 1.0112003793104194,
  "I_POIMV_MV0101": 1.065676579959764,
  "P_POIMV_MV0201": -1.0115486561004445,
  "Q_POIMV_MV0201": -0.43752273812640396,
  "I_POIMV_MV0201": 1.0899073326634436,
  "P_POI_POIMV": -1.9951449428529964,
  "Q_POI_POIMV": -0.8177798059750785,
  "U_POI": 1.0002209469626229,
  "I_POI_POIMV": 2.155762813405653
}