{
  "P_LV0101": 0.3419583258906132,
  "Q_LV0101": 0.1658556723757763,
  "U_LV0101": 1.0421183581982183,
  "I_LV0101_MV0101": 0.21055787020253441,
  "P_LV0102": 0.32358876600394093,
  "Q_LV0102": 0.16585567237577745,
  "U_LV0102": 1.0423110642855247,
  "I_LV0102_MV0102": 0.20141275847062484,
  "P_LV0103": 0.33987258803037274,
  "Q_LV0103": 0.165855672375777,
  "U_LV0103": 1.0429424737424233,
  "I_LV0103_MV0103": 0.2093532235387194,
  "P_LV0201": 0.3379520528195742,
  "Q_LV0201": 0.16585567237577742,
  "U_LV0201": 1.0429418328924158,
  "I_LV0201_MV0201": 0.2083984037628925,
  "P_LV0202": 0.3665079103239232,
  "Q_LV0202": 0.16585567237577742,
  "U_LV0202": 1.044128318944171,
  "I_LV0202_MV0202": 0.2224453184416632,
  "P_LV0203": 0.3424491071521598,
  "Q_LV0203": 0.1658556723757772,
  "U_LV0203": 1.0439309694395416,
  "I_LV0203_MV0203": 0.21043652415296865,
  "P_POIMV_MV0101": -0.9938431754424073,
  "Q_POIMV_MV0101": -0.4446590860914057,
  "U_POIMV": 1.0112899283679773,
  "I_POIMV_MV0101": 0.6215907901786866,
  "P_POIMV_MV0201": -1.0337000154357838,
  "Q_POIMV_MV0201": -0.4407969851994835,
  "I_POIMV_MV0201": 0.6415602686747485,
  "P_POI_POIMV": -2.0275331908770036,
  "Q_POI_POIMV": -0.8237009323879647,
  "U_POI": 1.000222542663857,
  "I_POI_POIMV": 1.2632290762661245
}