{
  "P_LV0101": 0.343265673744305,
  "Q_LV0101": 0.18183847990286092,
  "U_LV0101": 1.0453965931315816,
  "I_LV0101_MV0101": 0.371585349546459,
  "P_LV0102": 0.32964185378044436,
  "Q_LV0102": 0.18183847990286173,
  "U_LV0102": 1.045704790808054,
  "I_LV0102_MV0102": 0.3600147049266726,
  "P_LV0103": 0.3395122264580474,
  "Q_LV0103": 0.18183847990286112,
  "U_LV0103": 1.046207674848545,
  "I_LV0103_MV0103": 0.36813078527549836,
  "P_LV0201": 0.33836222941215255,
  "Q_LV0201": 0.18183847990286198,
  "U_LV0201": 1.046216590858786,
  "I_LV0201_MV0201": 0.3671590444041185,
  "P_LV0202": 0.33229883800667653,
  "Q_LV0202": 0.18183847990286023,
  "U_LV0202": 1.046704556482759,
  "I_LV0202_MV0202": 0.3618955966104821,
  "P_LV0203": 0.37544947481540075,
  "Q_LV0203": 0.1818384799028609,
  "U_LV0203": 1.0479046438134667,
  "I_LV0203_MV0203": 0.398095461825705,
  "P_POIMV_MV0101": -1.0003330551407998,
  "Q_POIMV_MV0101": -0.49022201225284334,
  "U_POIMV": 1.0124791827339987,
  "I_POIMV_MV0101": 1.100264145967867,
  "P_POIMV_MV0201": -1.032483077407619,
  "Q_POIMV_MV0201": -0.48694479189151707,
  "I_POIMV_MV0201": 1.1274800289368105,
  "P_POI_POIMV": -2.032806132548421,
  "Q_POI_POIMV": -0.9131162880139527,
  "U_POI": 1.0002467099467345,
  "I_POI_POIMV": 2.2279211545168667
}