{
  "irrad_LV0101": 76.98827427873545,
  "irrad_LV0102": 8.830553868414718,
  "irrad_LV0103": -2.5915042674793156,
  "irrad_LV0201": 51.90230620118175,
  "irrad_LV0202": 110.53102098079975,
  "irrad_LV0203": -39.70423766117239
}