{
  "P_LV0101": 0.000100,
  "Q_LV0101": 0.000314,
  "U_LV0101": 0.002502,
  "I_LV0101_MV0101": 0.000081,
  "P_LV0102": 0.000021,
  "Q_LV0102": 0.000071,
  "U_LV0102": 0.002500,
  "I_LV0102_MV0102": 0.000020,
  "P_LV0103": 0.000006,
  "Q_LV0103": 0.000021,
  "U_LV0103": 0.002500,
  "I_LV0103_MV0103": 0.000006,
  "P_LV0201": 0.000070,
  "Q_LV0201": 0.000222,
  "U_LV0201": 0.002501,
  "I_LV0201_MV0201": 0.000058,
  "P_LV0202": 0.000136,
  "Q_LV0202": 0.000422,
  "U_LV0202": 0.002503,
  "I_LV0202_MV0202": 0.000108,
  "P_LV0203": 0.000064,
  "Q_LV0203": 0.000208,
  "U_LV0203": 0.002499,
  "I_LV0203_MV0203": 0.000056,
  "P_POIMV_MV0101": 0.000160,
  "Q_POIMV_MV0101": 0.000529,
  "U_POIMV": 0.002500,
  "I_POIMV_MV0101": 0.000146,
  "P_POIMV_MV0201": 0.000194,
  "Q_POIMV_MV0201": 0.000629,
  "I_POIMV_MV0201": 0.000169,
  "P_POI_POIMV": 0.000362,
  "Q_POI_POIMV": 0.001180,
  "U_POI": 0.002500,
  "I_POI_POIMV": 0.000322
}
