{
  "P_LV0101": -0.017822021172307953,
  "Q_LV0101": 0.007428171165104365,
  "U_LV0101": 1.0011666527227567,
  "I_LV0101_MV0101": 0.019285585914771534,
  "P_LV0102": -0.01064905760538463,
  "Q_LV0102": 0.007428171165104018,
  "U_LV0102": 1.0013796894188391,
  "I_LV0102_MV0102": 0.012965953075658837,
  "P_LV0103": 0.01731331383073166,
  "Q_LV0103": 0.007428171165103462,
  "U_LV0103": 1.002168842842391,
  "I_LV0103_MV0103": 0.018798776244551556,
  "P_LV0201": 0.003067422310216016,
  "Q_LV0201": 0.0074281711651042834,
  "U_LV0201": 1.001718345966211,
  "I_LV0201_MV0201": 0.008022805764905211,
  "P_LV0202": -0.03164390863158938,
  "Q_LV0202": 0.007428171165103611,
  "U_LV0202": 1.0007199674930614,
  "I_LV0202_MV0202": 0.03248068671162,
  "P_LV0203": -0.015337254052426445,
  "Q_LV0203": 0.0074281711651029035,
  "U_LV0203": 1.0011731000923654,
  "I_LV0203_MV0203": 0.017021425555692863,
  "P_POIMV_MV0101": 0.011183267856722523,
  "Q_POIMV_MV0101": -0.023434892356135606,
  "U_POIMV": 1.000632597399212,
  "I_POIMV_MV0101": 0.025950094386668888,
  "P_POIMV_MV0201": 0.04395739577148561,
  "Q_POIMV_MV0201": -0.023643821798827958,
  "I_POIMV_MV0201": 0.049881198686411984,
  "P_POI_POIMV": 0.05515066362890884,
  "Q_POI_POIMV": -0.04757626076479937,
  "U_POI": 1.0000128651371296,
  "I_POI_POIMV": 0.07283515489185782
}