{
  "irrad_LV0101": 1208.8414092879461,
  "irrad_LV0102": 1165.39043871542,
  "irrad_LV0103": 1123.9613615980431,
  "irrad_LV0201": 1101.5609057866882,
  "irrad_LV0202": 1069.3470777786706,
  "irrad_LV0203": 1112.6389973351659
}