{
  "irrad_LV0101": 1191.742918297461,
  "irrad_LV0102": 1134.5604816994235,
  "irrad_LV0103": 1149.5573607494605,
  "irrad_LV0201": 1169.607020029572,
  "irrad_LV0202": 1220.5076382553345,
  "irrad_LV0203": 1159.3650733903705
}