{
  "irrad_LV0101": 1164.6430659258435,
  "irrad_LV0102": 1080.0825676727677,
  "irrad_LV0103": 1177.2476393880997,
  "irrad_LV0201": 1141.7862251405081,
  "irrad_LV0202": 1084.7383737413638,
  "irrad_LV0203": 1123.596128612534
}