{
  "P_LV0101": 0.3492322195156725,
  "Q_LV0101": -0.1632231684938391,
  "U_LV0101": 0.970089498654646,
  "I_LV0101_MV0101": 0.2294268282939921,
  "P_LV0102": 0.32396212248867423,
  "Q_LV0102": -0.16322316849383947,
  "U_LV0102": 0.9698511672134376,
  "I_LV0102_MV0102": 0.21594895264746772,
  "P_LV0103": 0.34939852029208907,
  "Q_LV0103": -0.16322316849383808,
  "U_LV0103": 0.9705514452558027,
  "I_LV0103_MV0103": 0.22940725504500226,
  "P_LV0201": 0.3424696407440928,
  "Q_LV0201": -0.16322316849383925,
  "U_LV0201": 0.9703868556880388,
  "I_LV0201_MV0201": 0.22571789558197625,
  "P_LV0202": 0.32535859425946473,
  "Q_LV0202": -0.1632231684938383,
  "U_LV0202": 0.9703140950197092,
  "I_LV0202_MV0202": 0.21658830397814136,
  "P_LV0203": 0.33701366686223144,
  "Q_LV0203": -0.16322316849383858,
  "U_LV0203": 0.9707139702836313,
  "I_LV0203_MV0203": 0.2227168606933715,
  "P_POIMV_MV0101": -1.0089347634016121,
  "Q_POIMV_MV0101": 0.5524015262067223,
  "U_POIMV": 0.9847520833507275,
  "I_POIMV_MV0101": 0.6743855783444681,
  "P_POIMV_MV0201": -0.9906610015824526,
  "Q_POIMV_MV0201": 0.5508814262988722,
  "I_POIMV_MV0201": 0.664574503579321,
  "P_POI_POI_MV": -1.9995857649837856,
  "Q_POI_POI_MV": 1.1727484272373658,
  "U_POI": 0.9996826223146786,
  "I_POI_POI_MV": 1.3387923293311328
}