{
  "P_LV0101": 0.03544329133934372,
  "Q_LV0101": -0.017133890432470742,
  "U_LV0101": 0.9845358705373258,
  "I_LV0101_MV0101": 0.023085817126425948,
  "P_LV0102": 0.0334514674674575,
  "Q_LV0102": -0.0171338904324707,
  "U_LV0102": 0.984415156469515,
  "I_LV0102_MV0102": 0.022042771823732987,
  "P_LV0103": 0.035459759980014556,
  "Q_LV0103": -0.017133890432470694,
  "U_LV0103": 0.9849933327781826,
  "I_LV0103_MV0103": 0.023083786534860266,
  "P_LV0201": 0.03518659035422741,
  "Q_LV0201": -0.017133890432470725,
  "U_LV0201": 0.9849176383439726,
  "I_LV0201_MV0201": 0.022941485832381477,
  "P_LV0202": 0.03196715252285498,
  "Q_LV0202": -0.017133890432470707,
  "U_LV0202": 0.984522574064342,
  "I_LV0202_MV0202": 0.021269339822087566,
  "P_LV0203": 0.035377056428607584,
  "Q_LV0203": -0.01713389043247071,
  "U_LV0203": 0.9854005019086001,
  "I_LV0203_MV0203": 0.02303062788811085,
  "P_POIMV_MV0101": -0.10295915693114921,
  "Q_POIMV_MV0101": 0.05780889143036916,
  "U_POIMV": 0.999988361755077,
  "I_POIMV_MV0101": 0.06817326079307176,
  "P_POIMV_MV0201": -0.10107952044664614,
  "Q_POIMV_MV0201": 0.05766486727900855,
  "I_POIMV_MV0201": 0.0671878500794336,
  "P_POI_POI_MV": -0.20403767737781014,
  "Q_POI_POI_MV": 0.11541718384250998,
  "U_POI": 0.9999883938157766,
  "I_POI_POI_MV": 0.13534372995667251
}