{
  "P_LV0101": 0.32736085120633307,
  "Q_LV0101": -0.16940981915087416,
  "U_LV0101": 0.9681805704475714,
  "I_LV0101_MV0101": 0.21980446416182048,
  "P_LV0102": 0.32053863661879345,
  "Q_LV0102": -0.16940981915087464,
  "U_LV0102": 0.9683124604530607,
  "I_LV0102_MV0102": 0.21616998836538515,
  "P_LV0103": 0.3303066276882774,
  "Q_LV0103": -0.16940981915087464,
  "U_LV0103": 0.9686659150626439,
  "I_LV0103_MV0103": 0.22125513519931217,
  "P_LV0201": 0.3488782059854385,
  "Q_LV0201": -0.16940981915087439,
  "U_LV0201": 0.9691061277373293,
  "I_LV0201_MV0201": 0.23105459102031367,
  "P_LV0202": 0.3292754251793407,
  "Q_LV0202": -0.16940981915087422,
  "U_LV0202": 0.9689865596073685,
  "I_LV0202_MV0202": 0.2206353911882554,
  "P_LV0203": 0.34904225881714407,
  "Q_LV0203": -0.16940981915087416,
  "U_LV0203": 0.9695618300476226,
  "I_LV0203_MV0203": 0.23103387426487995,
  "P_POIMV_MV0101": -0.9652531209901554,
  "Q_POIMV_MV0101": 0.5676391346000855,
  "U_POIMV": 0.9842498330265071,
  "I_POIMV_MV0101": 0.6568561703794034,
  "P_POIMV_MV0201": -1.012244309487528,
  "Q_POIMV_MV0201": 0.5728397899626998,
  "I_POIMV_MV0201": 0.6822573869599373,
  "P_POI_POIMV": -1.9774874304764396,
  "Q_POI_POIMV": 1.2099563869428493,
  "U_POI": 0.9996725573851163,
  "I_POI_POIMV": 1.3389015863822784
}