{
  "irrad_LV0101": 259.9307165894113,
  "irrad_LV0102": 250.97772250548482,
  "irrad_LV0103": 186.94269412565836,
  "irrad_LV0201": 223.2862044182178,
  "irrad_LV0202": 207.86312292490624,
  "irrad_LV0203": 220.39505153232764
}