{
  "P_LV0101": 0.000434,
  "Q_LV0101": 0.000825,
  "U_LV0101": 0.002488,
  "I_LV0101_MV0101": 0.000212,
  "P_LV0102": 0.000428,
  "Q_LV0102": 0.000798,
  "U_LV0102": 0.002488,
  "I_LV0102_MV0102": 0.000206,
  "P_LV0103": 0.000390,
  "Q_LV0103": 0.000599,
  "U_LV0103": 0.002486,
  "I_LV0103_MV0103": 0.000162,
  "P_LV0201": 0.000411,
  "Q_LV0201": 0.000711,
  "U_LV0201": 0.002487,
  "I_LV0201_MV0201": 0.000187,
  "P_LV0202": 0.000402,
  "Q_LV0202": 0.000664,
  "U_LV0202": 0.002487,
  "I_LV0202_MV0202": 0.000176,
  "P_LV0203": 0.000409,
  "Q_LV0203": 0.000703,
  "U_LV0203": 0.002487,
  "I_LV0203_MV0203": 0.000185,
  "P_POIMV_MV0101": 0.001260,
  "Q_POIMV_MV0101": 0.002217,
  "U_POIMV": 0.002494,
  "I_POIMV_MV0101": 0.000577,
  "P_POIMV_MV0201": 0.001227,
  "Q_POIMV_MV0201": 0.002073,
  "I_POIMV_MV0201": 0.000545,
  "P_POI_POIMV": 0.002504,
  "Q_POI_POIMV": 0.004290,
  "U_POI": 0.002500,
  "I_POI_POIMV": 0.001122
}
