{
  "irrad_LV0101": -16.33786217835044,
  "irrad_LV0102": -48.79504174052956,
  "irrad_LV0103": -24.26176519647904,
  "irrad_LV0201": -88.86549874498866,
  "irrad_LV0202": 99.20276058433616,
  "irrad_LV0203": -26.969456628454235
}