{
  "P_LV0101": -0.004900411011752776,
  "Q_LV0101": 2.0824508296154351e-16,
  "U_LV0101": 0.9998960019019182,
  "I_LV0101_MV0101": 0.0049009206981842374,
  "P_LV0102": -0.014635682273111806,
  "Q_LV0102": 3.334961898135651e-16,
  "U_LV0102": 0.99960869838293,
  "I_LV0102_MV0102": 0.014641411481100548,
  "P_LV0103": -0.007277122308629374,
  "Q_LV0103": 4.615852260056124e-16,
  "U_LV0103": 0.9998098360135966,
  "I_LV0103_MV0103": 0.0072785064184249645,
  "P_LV0201": -0.026654495175746,
  "Q_LV0201": 1.2561027747129516e-16,
  "U_LV0201": 0.999289310384657,
  "I_LV0201_MV0201": 0.02667345172088939,
  "P_LV0202": 0.029755074137419235,
  "Q_LV0202": 1.0337796484131387e-16,
  "U_LV0202": 1.000869812453457,
  "I_LV0202_MV0202": 0.02972921529572351,
  "P_LV0203": -0.008089272684537345,
  "Q_LV0203": 9.199488624747856e-18,
  "U_LV0203": 0.999821640441513,
  "I_LV0203_MV0203": 0.008090715741024757,
  "P_POIMV_MV0101": 0.026821932802022275,
  "Q_POIMV_MV0101": -0.0012324516608259728,
  "U_POIMV": 1.000041428459988,
  "I_POIMV_MV0101": 0.026849120760080208,
  "P_POIMV_MV0201": 0.005035226724430686,
  "Q_POIMV_MV0201": -0.0013254460815801394,
  "I_POIMV_MV0201": 0.005206541015294007,
  "P_POI_POIMV": 0.0318671595270135,
  "Q_POI_POIMV": -0.003110501213086536,
  "U_POI": 1.0000008410935326,
  "I_POI_POIMV": 0.03201857819385102
}