{
  "P_LV0101": 0.000267,
  "Q_LV0101": 0.000641,
  "U_LV0101": 0.002496,
  "I_LV0101_MV0101": 0.000157,
  "P_LV0102": 0.000242,
  "Q_LV0102": 0.000511,
  "U_LV0102": 0.002495,
  "I_LV0102_MV0102": 0.000133,
  "P_LV0103": 0.000240,
  "Q_LV0103": 0.000493,
  "U_LV0103": 0.002495,
  "I_LV0103_MV0103": 0.000130,
  "P_LV0201": 0.000252,
  "Q_LV0201": 0.000572,
  "U_LV0201": 0.002496,
  "I_LV0201_MV0201": 0.000144,
  "P_LV0202": 0.000243,
  "Q_LV0202": 0.000518,
  "U_LV0202": 0.002495,
  "I_LV0202_MV0202": 0.000135,
  "P_LV0203": 0.000229,
  "Q_LV0203": 0.000398,
  "U_LV0203": 0.002494,
  "I_LV0203_MV0203": 0.000111,
  "P_POIMV_MV0101": 0.000743,
  "Q_POIMV_MV0101": 0.001647,
  "U_POIMV": 0.002497,
  "I_POIMV_MV0101": 0.000421,
  "P_POIMV_MV0201": 0.000718,
  "Q_POIMV_MV0201": 0.001505,
  "I_POIMV_MV0201": 0.000394,
  "P_POI_POIMV": 0.001465,
  "Q_POI_POIMV": 0.003156,
  "U_POI": 0.002500,
  "I_POI_POIMV": 0.000816
}
