{
  "irrad_LV0101": 903.3570412743283,
  "irrad_LV0102": 895.8683426070173,
  "irrad_LV0103": 893.4745459213625,
  "irrad_LV0201": 983.4052449079827,
  "irrad_LV0202": 855.3851984703982,
  "irrad_LV0203": 976.0246262158239
}