{
  "irrad_LV0101": 489.01752245955754,
  "irrad_LV0102": 556.3344701241355,
  "irrad_LV0103": 587.2330031455356,
  "irrad_LV0201": 561.5696336690888,
  "irrad_LV0202": 564.9070657954513,
  "irrad_LV0203": 530.1412561448391
}