{
  "P_LV0101": 0.000960,
  "Q_LV0101": 0.001562,
  "U_LV0101": 0.002466,
  "I_LV0101_MV0101": 0.000420,
  "P_LV0102": 0.001000,
  "Q_LV0102": 0.001771,
  "U_LV0102": 0.002468,
  "I_LV0102_MV0102": 0.000465,
  "P_LV0103": 0.001020,
  "Q_LV0103": 0.001867,
  "U_LV0103": 0.002469,
  "I_LV0103_MV0103": 0.000487,
  "P_LV0201": 0.001004,
  "Q_LV0201": 0.001787,
  "U_LV0201": 0.002468,
  "I_LV0201_MV0201": 0.000469,
  "P_LV0202": 0.001006,
  "Q_LV0202": 0.001798,
  "U_LV0202": 0.002469,
  "I_LV0202_MV0202": 0.000471,
  "P_LV0203": 0.000984,
  "Q_LV0203": 0.001690,
  "U_LV0203": 0.002468,
  "I_LV0203_MV0203": 0.000447,
  "P_POIMV_MV0101": 0.003083,
  "Q_POIMV_MV0101": 0.005176,
  "U_POIMV": 0.002483,
  "I_POIMV_MV0101": 0.001370,
  "P_POIMV_MV0201": 0.003098,
  "Q_POIMV_MV0201": 0.005248,
  "I_POIMV_MV0201": 0.001386,
  "P_POI_POIMV": 0.006314,
  "Q_POI_POIMV": 0.010434,
  "U_POI": 0.002500,
  "I_POI_POIMV": 0.002755
}
