{
  "irrad_LV0101": 892.9437468669889,
  "irrad_LV0102": 897.5531931178839,
  "irrad_LV0103": 905.2141182614193,
  "irrad_LV0201": 907.8705639568044,
  "irrad_LV0202": 922.4988873982841,
  "irrad_LV0203": 980.4459309747215
}