{
  "P_LV0101": 0.025292176134640944,
  "Q_LV0101": -0.012744558394834826,
  "U_LV0101": 0.9886143448190902,
  "I_LV0101_MV0101": 0.01653985052359538,
  "P_LV0102": 0.02932058063035092,
  "Q_LV0102": -0.012744558394834833,
  "U_LV0102": 0.9897856253454708,
  "I_LV0102_MV0102": 0.018648728216373683,
  "P_LV0103": 0.028078900460596596,
  "Q_LV0103": -0.012744558394834815,
  "U_LV0103": 0.9896393513423092,
  "I_LV0103_MV0103": 0.017989457272104603,
  "P_LV0201": 0.025725872013198696,
  "Q_LV0201": -0.012744558394834841,
  "U_LV0201": 0.9890635586984,
  "I_LV0201_MV0201": 0.016758808458896837,
  "P_LV0202": 0.02795446469620672,
  "Q_LV0202": -0.01274455839483482,
  "U_LV0202": 0.9898119556735089,
  "I_LV0202_MV0202": 0.01792025222804618,
  "P_LV0203": 0.026314219953065356,
  "Q_LV0203": -0.012744558394834833,
  "U_LV0203": 0.9895604159554248,
  "I_LV0203_MV0203": 0.017058665340979107,
  "P_POIMV_MV0101": -0.08183986436168311,
  "Q_POIMV_MV0101": 0.04208714102364297,
  "U_POIMV": 0.9999915391381898,
  "I_POIMV_MV0101": 0.05313264580812821,
  "P_POIMV_MV0201": -0.07913493652245052,
  "Q_POIMV_MV0201": 0.04187680624005452,
  "I_POIMV_MV0201": 0.051691845667775495,
  "P_POI_POI_MV": -0.16097380088404767,
  "Q_POI_POI_MV": 0.08390736626461148,
  "U_POI": 0.9999915624459874,
  "I_POI_POI_MV": 0.10480707160806442
}