{
  "P_LV0101": 0.26783133082253596,
  "Q_LV0101": -0.14242794836628636,
  "U_LV0101": 0.9737329012285753,
  "I_LV0101_MV0101": 0.1798618642070764,
  "P_LV0102": 0.2692138973370155,
  "Q_LV0102": -0.14242794836628703,
  "U_LV0102": 0.9739968671919059,
  "I_LV0102_MV0102": 0.18053711451999108,
  "P_LV0103": 0.2715117305249672,
  "Q_LV0103": -0.14242794836628658,
  "U_LV0103": 0.9741660322139426,
  "I_LV0103_MV0103": 0.18171063386384428,
  "P_LV0201": 0.27230851015229424,
  "Q_LV0201": -0.1424279483662878,
  "U_LV0201": 0.9742155767859052,
  "I_LV0201_MV0201": 0.18211967979241547,
  "P_LV0202": 0.27669615870101927,
  "Q_LV0202": -0.14242794836628633,
  "U_LV0202": 0.9745671721989706,
  "I_LV0202_MV0202": 0.18436119950797736,
  "P_LV0203": 0.2940769106831714,
  "Q_LV0203": -0.14242794836628614,
  "U_LV0203": 0.9750878563974049,
  "I_LV0203_MV0203": 0.19347018314691225,
  "P_POIMV_MV0101": -0.7997434226667792,
  "Q_POIMV_MV0101": 0.46730005049448664,
  "U_POIMV": 0.9871420527596769,
  "I_POIMV_MV0101": 0.5417425601599357,
  "P_POIMV_MV0201": -0.8330076036498895,
  "Q_POIMV_MV0201": 0.47026289812964706,
  "I_POIMV_MV0201": 0.5594765157703665,
  "P_POI_POI_MV": -1.632741026315634,
  "Q_POI_POI_MV": 0.9843650827488091,
  "U_POI": 0.9997336428333007,
  "I_POI_POI_MV": 1.1010230043970353
}