{
  "P_LV0101": 0.2683599916590013,
  "Q_LV0101": -0.12618263060206802,
  "U_LV0101": 0.9776091913950902,
  "I_LV0101_MV0101": 0.3033373122765266,
  "P_LV0102": 0.2685551567459039,
  "Q_LV0102": -0.12618263060206825,
  "U_LV0102": 0.9778618244197588,
  "I_LV0102_MV0102": 0.303439570167084,
  "P_LV0103": 0.2721229219052545,
  "Q_LV0103": -0.12618263060206786,
  "U_LV0103": 0.9780678967569011,
  "I_LV0103_MV0103": 0.30668105873918644,
  "P_LV0201": 0.25845394223147705,
  "Q_LV0201": -0.12618263060206789,
  "U_LV0201": 0.9777325572061679,
  "I_LV0201_MV0201": 0.294161945673437,
  "P_LV0202": 0.26864540292777944,
  "Q_LV0202": -0.12618263060206794,
  "U_LV0202": 0.978205348588833,
  "I_LV0202_MV0202": 0.30341651066477454,
  "P_LV0203": 0.2605345272116229,
  "Q_LV0203": -0.12618263060206816,
  "U_LV0203": 0.9781381908630061,
  "I_LV0203_MV0203": 0.2959528732412598,
  "P_POIMV_MV0101": -0.8006967146109218,
  "Q_POIMV_MV0101": 0.41634988113082727,
  "U_POIMV": 0.9886079508189525,
  "I_POIMV_MV0101": 0.9128752548226964,
  "P_POIMV_MV0201": -0.7790953109554266,
  "Q_POIMV_MV0201": 0.4147693412633089,
  "I_POIMV_MV0201": 0.8927936069855755,
  "P_POI_POIMV": -1.5797820255659865,
  "Q_POI_POIMV": 0.8730061194041809,
  "U_POI": 0.9997637775229289,
  "I_POI_POIMV": 1.8053782522229218
}