{
  "P_LV0101": 0.27127335180335543,
  "Q_LV0101": -0.12732962908991619,
  "U_LV0101": 0.9774246477382492,
  "I_LV0101_MV0101": 0.17701059011655926,
  "P_LV0102": 0.24884104547814354,
  "Q_LV0102": -0.12732962908991607,
  "U_LV0102": 0.9771372796932335,
  "I_LV0102_MV0102": 0.16516033890263265,
  "P_LV0103": 0.25985360687641634,
  "Q_LV0103": -0.12732962908991635,
  "U_LV0103": 0.9775071001858411,
  "I_LV0103_MV0103": 0.17091392762298366,
  "P_LV0201": 0.26419366919730936,
  "Q_LV0201": -0.1273296290899155,
  "U_LV0201": 0.9776310866175547,
  "I_LV0201_MV0201": 0.17319753023577691,
  "P_LV0202": 0.27055012325719846,
  "Q_LV0202": -0.12732962908991574,
  "U_LV0202": 0.978017683136824,
  "I_LV0202_MV0202": 0.17651686575866415,
  "P_LV0203": 0.262902782710166,
  "Q_LV0203": -0.12732962908991644,
  "U_LV0203": 0.9779624287945178,
  "I_LV0203_MV0203": 0.17245265132585216,
  "P_POIMV_MV0101": -0.7720776876933542,
  "Q_POIMV_MV0101": 0.4177234787018733,
  "U_POIMV": 0.9885353173499736,
  "I_POIMV_MV0101": 0.5126970284971332,
  "P_POIMV_MV0201": -0.7889014495932543,
  "Q_POIMV_MV0201": 0.4191315911127731,
  "I_POIMV_MV0201": 0.5217454118565592,
  "P_POI_POIMV": -1.5609691372862988,
  "Q_POI_POIMV": 0.8780883762901794,
  "U_POI": 0.9997624047062448,
  "I_POI_POIMV": 1.0342773063364203
}