{
  "P_LV0101": -0.008156697483550855,
  "Q_LV0101": -0.006953663711114085,
  "U_LV0101": 0.9982771324994075,
  "I_LV0101_MV0101": 0.010736947518924268,
  "P_LV0102": -0.02163153011480697,
  "Q_LV0102": -0.006953663711114003,
  "U_LV0102": 0.9978746532424182,
  "I_LV0102_MV0102": 0.02277011382329285,
  "P_LV0103": -0.0029635812286758997,
  "Q_LV0103": -0.006953663711113912,
  "U_LV0103": 0.9983935818844828,
  "I_LV0103_MV0103": 0.007571014820499897,
  "P_LV0201": 0.006129491628794134,
  "Q_LV0201": -0.006953663711113713,
  "U_LV0201": 0.9986890320936327,
  "I_LV0201_MV0201": 0.009281693698874894,
  "P_LV0202": -0.009198553492167636,
  "Q_LV0202": -0.0069536637111143225,
  "U_LV0202": 0.9982595230205566,
  "I_LV0202_MV0202": 0.011551228849618992,
  "P_LV0203": 0.014357518770368994,
  "Q_LV0203": -0.0069536637111144795,
  "U_LV0203": 0.9989204093669473,
  "I_LV0203_MV0203": 0.01597003973905526,
  "P_POIMV_MV0101": 0.03277209598149966,
  "Q_POIMV_MV0101": 0.01968581250025636,
  "U_POIMV": 0.9994880726398058,
  "I_POIMV_MV0101": 0.03824969339524107,
  "P_POIMV_MV0201": -0.011274433403059447,
  "Q_POIMV_MV0201": 0.019372838997639974,
  "I_POIMV_MV0201": 0.022426202074514047,
  "P_POI_POIMV": 0.021507662578896695,
  "Q_POI_POIMV": 0.038518667904554604,
  "U_POI": 0.9999895837848101,
  "I_POI_POIMV": 0.0441169794167861
}