{
  "P_LV0101": 0.000060,
  "Q_LV0101": 0.000199,
  "U_LV0101": 0.002499,
  "I_LV0101_MV0101": 0.000054,
  "P_LV0102": 0.000081,
  "Q_LV0102": 0.000255,
  "U_LV0102": 0.002501,
  "I_LV0102_MV0102": 0.000066,
  "P_LV0103": 0.000065,
  "Q_LV0103": 0.000211,
  "U_LV0103": 0.002499,
  "I_LV0103_MV0103": 0.000057,
  "P_LV0201": 0.000053,
  "Q_LV0201": 0.000178,
  "U_LV0201": 0.002501,
  "I_LV0201_MV0201": 0.000049,
  "P_LV0202": 0.000048,
  "Q_LV0202": 0.000160,
  "U_LV0202": 0.002500,
  "I_LV0202_MV0202": 0.000044,
  "P_LV0203": 0.000023,
  "Q_LV0203": 0.000079,
  "U_LV0203": 0.002500,
  "I_LV0203_MV0203": 0.000022,
  "P_POIMV_MV0101": 0.000052,
  "Q_POIMV_MV0101": 0.000139,
  "U_POIMV": 0.002500,
  "I_POIMV_MV0101": 0.000040,
  "P_POIMV_MV0201": 0.000043,
  "Q_POIMV_MV0201": 0.000045,
  "I_POIMV_MV0201": 0.000017,
  "P_POI_POIMV": 0.000103,
  "Q_POI_POIMV": 0.000184,
  "U_POI": 0.002500,
  "I_POI_POIMV": 0.000057
}
