{
  "irrad_LV0101": -36.85276569698545,
  "irrad_LV0102": -30.10844037395013,
  "irrad_LV0103": -3.8963266984027976,
  "irrad_LV0201": -46.1261574369782,
  "irrad_LV0202": 4.579373571823999,
  "irrad_LV0203": 20.207193310176983
}