{
  "irrad_LV0101": -44.620210722160955,
  "irrad_LV0102": -29.70092102688208,
  "irrad_LV0103": 54.25900138822299,
  "irrad_LV0201": 56.47301796486307,
  "irrad_LV0202": -47.57098578601673,
  "irrad_LV0203": -75.19602859333348
}