{
  "irrad_LV0101": 1270.290463813106,
  "irrad_LV0102": 1142.1484265823644,
  "irrad_LV0103": 1169.6355234473342,
  "irrad_LV0201": 1179.1977395951014,
  "irrad_LV0202": 1182.338200130697,
  "irrad_LV0203": 1170.2767596463489
}