{
  "irrad_LV0101": 1200.9260309575106,
  "irrad_LV0102": 1209.0201199860053,
  "irrad_LV0103": 1105.062690362522,
  "irrad_LV0201": 1057.3147928761414,
  "irrad_LV0202": 1093.3899369135993,
  "irrad_LV0203": 1123.4261860194224
}