{
  "P_LV0101": 0.03562957745951342,
  "Q_LV0101": 0.018046424017637615,
  "U_LV0101": 1.0333784231189689,
  "I_LV0101_MV0101": 0.022314102040605407,
  "P_LV0102": 0.03367051641579679,
  "Q_LV0102": 0.018046424017637737,
  "U_LV0102": 1.03356053174324,
  "I_LV0102_MV0102": 0.021339646401074563,
  "P_LV0103": 0.03175369398742897,
  "Q_LV0103": 0.01804642401763772,
  "U_LV0103": 1.0334454451554134,
  "I_LV0103_MV0103": 0.0204044517521391,
  "P_LV0201": 0.033790475410299815,
  "Q_LV0201": 0.01804642401763764,
  "U_LV0201": 1.0339423278771689,
  "I_LV0201_MV0201": 0.021390829268523988,
  "P_LV0202": 0.03493815518031213,
  "Q_LV0202": 0.018046424017637733,
  "U_LV0202": 1.0348078498476603,
  "I_LV0202_MV0202": 0.02193983169342516,
  "P_LV0203": 0.03728182551054531,
  "Q_LV0203": 0.01804642401763767,
  "U_LV0203": 1.0356062641818142,
  "I_LV0203_MV0203": 0.023091584097138653,
  "P_POIMV_MV0101": -0.09982429564601603,
  "Q_POIMV_MV0101": -0.04850033970242862,
  "U_POIMV": 1.0000097390231182,
  "I_POIMV_MV0101": 0.06407530216215572,
  "P_POIMV_MV0201": -0.10459155196713255,
  "Q_POIMV_MV0201": -0.048031470237049234,
  "I_POIMV_MV0201": 0.06644836809010356,
  "P_POI_POI_MV": -0.20441484761312165,
  "Q_POI_POI_MV": -0.09658838668838143,
  "U_POI": 1.0000097121932698,
  "I_POI_POI_MV": 0.1305293753778985
}