{
  "P_LV0101": 0.3602081522148648,
  "Q_LV0101": 0.16319848118155403,
  "U_LV0101": 1.041986053379796,
  "I_LV0101_MV0101": 0.21911552471648546,
  "P_LV0102": 0.3626359094435862,
  "Q_LV0102": 0.1631984811815532,
  "U_LV0102": 1.0426270033277536,
  "I_LV0102_MV0102": 0.22020606491555877,
  "P_LV0103": 0.3314547103785402,
  "Q_LV0103": 0.1631984811815539,
  "U_LV0103": 1.0422722875343644,
  "I_LV0103_MV0103": 0.20465299061470815,
  "P_LV0201": 0.31713311064437416,
  "Q_LV0201": 0.16319848118155356,
  "U_LV0201": 1.0419223272046496,
  "I_LV0201_MV0201": 0.19763315167271017,
  "P_LV0202": 0.32795356139624715,
  "Q_LV0202": 0.16319848118155325,
  "U_LV0202": 1.042722749541356,
  "I_LV0202_MV0202": 0.20282720360153011,
  "P_LV0203": 0.33696269394144424,
  "Q_LV0203": 0.163198481181553,
  "U_LV0203": 1.0431995309178521,
  "I_LV0203_MV0203": 0.20721028196652813,
  "P_POIMV_MV0101": -1.0418673832073182,
  "Q_POIMV_MV0101": -0.43263026066529164,
  "U_POIMV": 1.0111128989517326,
  "I_POIMV_MV0101": 0.644162348559121,
  "P_POIMV_MV0201": -0.9701866525215337,
  "Q_POIMV_MV0201": -0.43880172244661253,
  "I_POIMV_MV0201": 0.6080085542687599,
  "P_POI_POIMV": -2.01204403572853,
  "Q_POI_POIMV": -0.8107657261493841,
  "U_POI": 1.000219048598134,
  "I_POI_POIMV": 1.2521450134512133
}