{
  "P_LV0101": 0.3474843355588756,
  "Q_LV0101": 0.18226118004814992,
  "U_LV0101": 1.0455287290459823,
  "I_LV0101_MV0101": 0.37529633978912047,
  "P_LV0102": 0.35372966375333464,
  "Q_LV0102": 0.18226118004815,
  "U_LV0102": 1.046249049453276,
  "I_LV0102_MV0102": 0.38033428171636957,
  "P_LV0103": 0.3184848812975599,
  "Q_LV0103": 0.18226118004815042,
  "U_LV0103": 1.0458042510877352,
  "I_LV0103_MV0103": 0.35087757276687703,
  "P_LV0201": 0.339273102926806,
  "Q_LV0201": 0.1822611800481498,
  "U_LV0201": 1.0462991797024037,
  "I_LV0201_MV0201": 0.3680881568194209,
  "P_LV0202": 0.3513033049517105,
  "Q_LV0202": 0.1822611800481501,
  "U_LV0202": 1.0471731454933508,
  "I_LV0202_MV0202": 0.37794042267772615,
  "P_LV0203": 0.37728705704931553,
  "Q_LV0203": 0.18226118004815064,
  "U_LV0203": 1.048019602914765,
  "I_LV0203_MV0203": 0.39980585071997415,
  "P_POIMV_MV0101": -1.0074625817912874,
  "Q_POIMV_MV0101": -0.49073914832456467,
  "U_POIMV": 1.0124667809342276,
  "I_POIMV_MV0101": 1.106828805861476,
  "P_POIMV_MV0201": -1.0537845300264053,
  "Q_POIMV_MV0201": -0.48623593230695406,
  "I_POIMV_MV0201": 1.1462644744451274,
  "P_POI_POIMV": -2.06123711181705,
  "Q_POI_POIMV": -0.9114492286062159,
  "U_POI": 1.0002462551154812,
  "I_POI_POIMV": 2.2532060216468484
}