{
  "P_LV0101": 0.3756819211661665,
  "Q_LV0101": 0.17000439558300637,
  "U_LV0101": 1.0435608921282407,
  "I_LV0101_MV0101": 0.2281366619104134,
  "P_LV0102": 0.342578280167952,
  "Q_LV0102": 0.170004395583006,
  "U_LV0102": 1.0434842453606148,
  "I_LV0102_MV0102": 0.2116012839346996,
  "P_LV0103": 0.350822814898861,
  "Q_LV0103": 0.17000439558300742,
  "U_LV0103": 1.0439543644904494,
  "I_LV0103_MV0103": 0.21559983477134173,
  "P_LV0201": 0.3536909251078803,
  "Q_LV0201": 0.17000439558300617,
  "U_LV0201": 1.0440186875022877,
  "I_LV0201_MV0201": 0.21701498304988528,
  "P_LV0202": 0.35463288111305463,
  "Q_LV0202": 0.17000439558300587,
  "U_LV0202": 1.04464146915184,
  "I_LV0202_MV0202": 0.21735493353227336,
  "P_LV0203": 0.3510151485650703,
  "Q_LV0203": 0.17000439558300542,
  "U_LV0203": 1.0448681110653861,
  "I_LV0203_MV0203": 0.21550693375394453,
  "P_POIMV_MV0101": -1.056212264497617,
  "Q_POIMV_MV0101": -0.4509792917988307,
  "U_POIMV": 1.0114878499945115,
  "I_POIMV_MV0101": 0.6555345900961985,
  "P_POIMV_MV0201": -1.045791285209134,
  "Q_POIMV_MV0201": -0.4517225459392762,
  "I_POIMV_MV0201": 0.6502364657026999,
  "P_POI_POI_MV": -2.101993549706243,
  "Q_POI_POI_MV": -0.8366652912254722,
  "U_POI": 1.0002260356362662,
  "I_POI_POI_MV": 1.3058933853503887
}