{
  "irrad_LV0101": 14.200832219240853,
  "irrad_LV0102": -91.06136784226806,
  "irrad_LV0103": -11.277658183871766,
  "irrad_LV0201": -23.333286035942223,
  "irrad_LV0202": 37.10869768026299,
  "irrad_LV0203": -10.731711922968449
}