{
  "P_LV0101": 0.07920053857373345,
  "Q_LV0101": 1.5796606276890202e-16,
  "U_LV0101": 1.0021736637458611,
  "I_LV0101_MV0101": 0.0790287566305651,
  "P_LV0102": 0.04224498241917756,
  "Q_LV0102": 2.7230483717392846e-16,
  "U_LV0102": 1.001240569774559,
  "I_LV0102_MV0102": 0.04219263950589768,
  "P_LV0103": 0.024986859273458707,
  "Q_LV0103": -2.3583017762517077e-16,
  "U_LV0103": 1.0007907386838268,
  "I_LV0103_MV0103": 0.0249671168083747,
  "P_LV0201": 0.0739268366031994,
  "Q_LV0201": 2.1301963763226044e-16,
  "U_LV0201": 1.0022094665705679,
  "I_LV0201_MV0201": 0.07376385782521847,
  "P_LV0202": 0.05927276582266319,
  "Q_LV0202": -6.931211469604837e-17,
  "U_LV0202": 1.0019212831354751,
  "I_LV0202_MV0202": 0.059159104433006246,
  "P_LV0203": 0.08316198328639102,
  "Q_LV0203": -3.9105822298138685e-16,
  "U_LV0203": 1.0026069371937787,
  "I_LV0203_MV0203": 0.08294574892844363,
  "P_POIMV_MV0101": -0.14618109892217035,
  "Q_POIMV_MV0101": -6.47425590614148e-05,
  "U_POIMV": 0.9999876870427048,
  "I_POIMV_MV0101": 0.1461829132031445,
  "P_POIMV_MV0201": -0.2158545178597251,
  "Q_POIMV_MV0201": 0.0006860100438075278,
  "I_POIMV_MV0201": 0.21585826581929174,
  "P_POI_POIMV": -0.3620256167809538,
  "Q_POI_POIMV": 0.0017619616696720186,
  "U_POI": 0.9999995187439789,
  "I_POI_POIMV": 0.3620300786770549
}