{
  "P_LV0101": 0.000280,
  "Q_LV0101": 0.000831,
  "U_LV0101": 0.002505,
  "I_LV0101_MV0101": 0.000198,
  "P_LV0102": 0.000165,
  "Q_LV0102": 0.000505,
  "U_LV0102": 0.002503,
  "I_LV0102_MV0102": 0.000126,
  "P_LV0103": 0.000107,
  "Q_LV0103": 0.000336,
  "U_LV0103": 0.002502,
  "I_LV0103_MV0103": 0.000087,
  "P_LV0201": 0.000261,
  "Q_LV0201": 0.000775,
  "U_LV0201": 0.002506,
  "I_LV0201_MV0201": 0.000184,
  "P_LV0202": 0.000211,
  "Q_LV0202": 0.000626,
  "U_LV0202": 0.002505,
  "I_LV0202_MV0202": 0.000149,
  "P_LV0203": 0.000294,
  "Q_LV0203": 0.000872,
  "U_LV0203": 0.002507,
  "I_LV0203_MV0203": 0.000207,
  "P_POIMV_MV0101": 0.000550,
  "Q_POIMV_MV0101": 0.001668,
  "U_POIMV": 0.002500,
  "I_POIMV_MV0101": 0.000411,
  "P_POIMV_MV0201": 0.000763,
  "Q_POIMV_MV0201": 0.002264,
  "I_POIMV_MV0201": 0.000540,
  "P_POI_POIMV": 0.001280,
  "Q_POI_POIMV": 0.003797,
  "U_POI": 0.002500,
  "I_POI_POIMV": 0.000905
}
