{
  "irrad_LV0101": 69.0748063497237,
  "irrad_LV0102": 68.36161890328229,
  "irrad_LV0103": 139.54338413196592,
  "irrad_LV0201": -36.51073874870582,
  "irrad_LV0202": 59.10984911193866,
  "irrad_LV0203": -24.914820936456934
}