{
  "P_LV0101": 0.001724,
  "Q_LV0101": 0.003037,
  "U_LV0101": 0.002587,
  "I_LV0101_MV0101": 0.000762,
  "P_LV0102": 0.001691,
  "Q_LV0102": 0.002870,
  "U_LV0102": 0.002587,
  "I_LV0102_MV0102": 0.000727,
  "P_LV0103": 0.001726,
  "Q_LV0103": 0.003046,
  "U_LV0103": 0.002588,
  "I_LV0103_MV0103": 0.000764,
  "P_LV0201": 0.001739,
  "Q_LV0201": 0.003112,
  "U_LV0201": 0.002589,
  "I_LV0201_MV0201": 0.000778,
  "P_LV0202": 0.001727,
  "Q_LV0202": 0.003050,
  "U_LV0202": 0.002590,
  "I_LV0202_MV0202": 0.000764,
  "P_LV0203": 0.001701,
  "Q_LV0203": 0.002921,
  "U_LV0203": 0.002590,
  "I_LV0203_MV0203": 0.000737,
  "P_POIMV_MV0101": 0.004815,
  "Q_POIMV_MV0101": 0.008849,
  "U_POIMV": 0.002523,
  "I_POIMV_MV0101": 0.002255,
  "P_POIMV_MV0201": 0.004832,
  "Q_POIMV_MV0201": 0.008971,
  "I_POIMV_MV0201": 0.002280,
  "P_POI_POIMV": 0.009302,
  "Q_POI_POIMV": 0.017800,
  "U_POI": 0.002500,
  "I_POI_POIMV": 0.004536
}
