{
  "irrad_LV0101": 1132.3202323458686,
  "irrad_LV0102": 1037.164195856059,
  "irrad_LV0103": 1072.3570403696303,
  "irrad_LV0201": 1081.9729015037083,
  "irrad_LV0202": 1152.521051829248,
  "irrad_LV0203": 1099.1909316926694
}