{
  "P_LV0101": 0.3396303919597879,
  "Q_LV0101": -0.1596778611831991,
  "U_LV0101": 0.970804658692231,
  "I_LV0101_MV0101": 0.3865806690749986,
  "P_LV0102": 0.31108910032939835,
  "Q_LV0102": -0.15967786118319904,
  "U_LV0102": 0.9704665199417839,
  "I_LV0102_MV0102": 0.3603176378462323,
  "P_LV0103": 0.321644912399948,
  "Q_LV0103": -0.15967786118319865,
  "U_LV0103": 0.9708378826881251,
  "I_LV0103_MV0103": 0.3698861896919655,
  "P_LV0201": 0.32452911299330134,
  "Q_LV0201": -0.15967786118319893,
  "U_LV0201": 0.9709384320469712,
  "I_LV0201_MV0201": 0.3725109247807829,
  "P_LV0202": 0.3456894661007094,
  "Q_LV0202": -0.15967786118319896,
  "U_LV0202": 0.9716944815251342,
  "I_LV0202_MV0202": 0.3918786548412604,
  "P_LV0203": 0.3296935233560282,
  "Q_LV0203": -0.15967786118319932,
  "U_LV0203": 0.971501356679138,
  "I_LV0203_MV0203": 0.37707218270333487,
  "P_POIMV_MV0101": -0.9599055780424806,
  "Q_POIMV_MV0101": 0.5361967789108348,
  "U_POIMV": 0.9851548435696764,
  "I_POIMV_MV0101": 1.1160799569648225,
  "P_POIMV_MV0201": -0.9859707320790676,
  "Q_POIMV_MV0201": 0.5391371564022052,
  "I_POIMV_MV0201": 1.1406805084698164,
  "P_POI_POIMV": -1.9458663101211326,
  "Q_POI_POIMV": 1.141081675758869,
  "U_POI": 0.999691198655382,
  "I_POI_POIMV": 2.256458994173126
}