{
  "irrad_LV0101": -1.4432554061391492,
  "irrad_LV0102": -16.779943397840665,
  "irrad_LV0103": 40.55671788262627,
  "irrad_LV0201": 1.3429377979350166,
  "irrad_LV0202": 40.70213606425328,
  "irrad_LV0203": -31.491477539019762
}