{
  "P_LV0101": -0.00043289290898707413,
  "Q_LV0101": -0.004574720946056611,
  "U_LV0101": 0.9990305202947164,
  "I_LV0101_MV0101": 0.004599616250960635,
  "P_LV0102": -0.005033009735651284,
  "Q_LV0102": -0.004574720946055699,
  "U_LV0102": 0.9989033904992204,
  "I_LV0102_MV0102": 0.006808882621296237,
  "P_LV0103": 0.01216466296159188,
  "Q_LV0103": -0.004574720946055596,
  "U_LV0103": 0.9993867259800499,
  "I_LV0103_MV0103": 0.013004401566707005,
  "P_LV0201": 0.00040280344522799875,
  "Q_LV0201": -0.004574720946056258,
  "U_LV0201": 0.999049021884136,
  "I_LV0201_MV0201": 0.004596791545428974,
  "P_LV0202": 0.012208279981418279,
  "Q_LV0202": -0.004574720946056168,
  "U_LV0202": 0.9993736967644382,
  "I_LV0202_MV0202": 0.01304543129829799,
  "P_LV0203": -0.009445616667832531,
  "Q_LV0203": -0.004574720946055841,
  "U_LV0203": 0.9987636107388933,
  "I_LV0203_MV0203": 0.010508121759823142,
  "P_POIMV_MV0101": -0.006691917246371304,
  "Q_POIMV_MV0101": 0.01248473703799391,
  "U_POIMV": 0.999679167345993,
  "I_POIMV_MV0101": 0.014169658702249005,
  "P_POIMV_MV0201": -0.00315678974925504,
  "Q_POIMV_MV0201": 0.012211053954274576,
  "I_POIMV_MV0201": 0.01261654795696609,
  "P_POI_POIMV": -0.009838706995495595,
  "Q_POI_POIMV": 0.024139096376984526,
  "U_POI": 0.9999934723398718,
  "I_POI_POIMV": 0.026067316708226856
}