{
  "P_LV0101": 0.000115,
  "Q_LV0101": 0.000036,
  "U_LV0101": 0.002498,
  "I_LV0101_MV0101": 0.000032,
  "P_LV0102": 0.000110,
  "Q_LV0102": 0.000119,
  "U_LV0102": 0.002497,
  "I_LV0102_MV0102": 0.000043,
  "P_LV0103": 0.000097,
  "Q_LV0103": 0.000200,
  "U_LV0103": 0.002498,
  "I_LV0103_MV0103": 0.000057,
  "P_LV0201": 0.000115,
  "Q_LV0201": 0.000035,
  "U_LV0201": 0.002498,
  "I_LV0201_MV0201": 0.000032,
  "P_LV0202": 0.000097,
  "Q_LV0202": 0.000200,
  "U_LV0202": 0.002498,
  "I_LV0202_MV0202": 0.000057,
  "P_LV0203": 0.000102,
  "Q_LV0203": 0.000181,
  "U_LV0203": 0.002497,
  "I_LV0203_MV0203": 0.000054,
  "P_POIMV_MV0101": 0.000316,
  "Q_POIMV_MV0101": 0.000191,
  "U_POIMV": 0.002499,
  "I_POIMV_MV0101": 0.000099,
  "P_POIMV_MV0201": 0.000313,
  "Q_POIMV_MV0201": 0.000122,
  "I_POIMV_MV0201": 0.000090,
  "P_POI_POIMV": 0.000617,
  "Q_POI_POIMV": 0.000309,
  "U_POI": 0.002500,
  "I_POI_POIMV": 0.000185
}
