{
  "P_LV0101": 0.054213778265802086,
  "Q_LV0101": 2.846014930951971e-16,
  "U_LV0101": 1.0015352792139853,
  "I_LV0101_MV0101": 0.05413067256936729,
  "P_LV0102": 0.01764156838016193,
  "Q_LV0102": 4.445795684687629e-16,
  "U_LV0102": 1.0006040415557036,
  "I_LV0102_MV0102": 0.017630918572678806,
  "P_LV0103": 0.06465329666913326,
  "Q_LV0103": -6.447379971802817e-16,
  "U_LV0103": 1.0019144729811431,
  "I_LV0103_MV0103": 0.0645297561944193,
  "P_LV0201": 0.033002348756957074,
  "Q_LV0201": -3.3717570223789364e-16,
  "U_LV0201": 1.0010610605329713,
  "I_LV0201_MV0201": 0.03296736838348943,
  "P_LV0202": 0.05958370228781772,
  "Q_LV0202": 5.069501698504378e-16,
  "U_LV0202": 1.001846107205586,
  "I_LV0202_MV0202": 0.059473907079414065,
  "P_LV0203": 0.044363529025868834,
  "Q_LV0203": -7.481361219323086e-16,
  "U_LV0203": 1.0014706382144267,
  "I_LV0203_MV0203": 0.04429838213226784,
  "P_POIMV_MV0101": -0.13628886386163686,
  "Q_POIMV_MV0101": -0.00023554627750854706,
  "U_POIMV": 1.0000123469729059,
  "I_POIMV_MV0101": 0.13628738467062862,
  "P_POIMV_MV0201": -0.13673819899986484,
  "Q_POIMV_MV0201": -0.0006228500139968673,
  "I_POIMV_MV0201": 0.13673792925102732,
  "P_POI_POIMV": -0.27301706286062544,
  "Q_POI_POIMV": -0.00045376222078630235,
  "U_POI": 1.0000001199795394,
  "I_POI_POIMV": 0.2730174071868014
}