{
  "P_LV0101": 0.000036,
  "Q_LV0101": 0.000122,
  "U_LV0101": 0.002500,
  "I_LV0101_MV0101": 0.000034,
  "P_LV0102": 0.000067,
  "Q_LV0102": 0.000215,
  "U_LV0102": 0.002499,
  "I_LV0102_MV0102": 0.000057,
  "P_LV0103": 0.000048,
  "Q_LV0103": 0.000162,
  "U_LV0103": 0.002500,
  "I_LV0103_MV0103": 0.000045,
  "P_LV0201": 0.000113,
  "Q_LV0201": 0.000354,
  "U_LV0201": 0.002498,
  "I_LV0201_MV0201": 0.000091,
  "P_LV0202": 0.000124,
  "Q_LV0202": 0.000388,
  "U_LV0202": 0.002502,
  "I_LV0202_MV0202": 0.000099,
  "P_LV0203": 0.000052,
  "Q_LV0203": 0.000173,
  "U_LV0203": 0.002500,
  "I_LV0203_MV0203": 0.000048,
  "P_POIMV_MV0101": 0.000167,
  "Q_POIMV_MV0101": 0.000551,
  "U_POIMV": 0.002500,
  "I_POIMV_MV0101": 0.000151,
  "P_POIMV_MV0201": 0.000053,
  "Q_POIMV_MV0201": 0.000135,
  "I_POIMV_MV0201": 0.000039,
  "P_POI_POIMV": 0.000242,
  "Q_POI_POIMV": 0.000776,
  "U_POI": 0.002500,
  "I_POI_POIMV": 0.000217
}
