{
  "irrad_LV0101": 1249.897145549297,
  "irrad_LV0102": 1064.068197625862,
  "irrad_LV0103": 1094.1073587732058,
  "irrad_LV0201": 1209.5661122195525,
  "irrad_LV0202": 1145.0661007654455,
  "irrad_LV0203": 1151.4786948615156
}