{
  "irrad_LV0101": 1199.8575659295398,
  "irrad_LV0102": 1161.0645594408145,
  "irrad_LV0103": 1250.9485661858337,
  "irrad_LV0201": 1136.6300953227997,
  "irrad_LV0202": 1196.8176007731972,
  "irrad_LV0203": 1102.712294729448
}