{
  "irrad_LV0101": 1129.3523054735324,
  "irrad_LV0102": 1088.0889998380774,
  "irrad_LV0103": 1187.4517168292355,
  "irrad_LV0201": 1198.5026701877923,
  "irrad_LV0202": 1050.7844110649055,
  "irrad_LV0203": 1176.0696763525414
}