{
  "P_LV0101": 0.3598876746804369,
  "Q_LV0101": 0.16018940444829655,
  "U_LV0101": 1.0412588805609169,
  "I_LV0101_MV0101": 0.21842292836006555,
  "P_LV0102": 0.34825202283681606,
  "Q_LV0102": 0.16018940444829585,
  "U_LV0102": 1.0416287050393178,
  "I_LV0102_MV0102": 0.21246951339275358,
  "P_LV0103": 0.3752120113362554,
  "Q_LV0103": 0.16018940444829516,
  "U_LV0103": 1.0424879322693743,
  "I_LV0103_MV0103": 0.22594530429654144,
  "P_LV0201": 0.3409231008687469,
  "Q_LV0201": 0.16018940444829663,
  "U_LV0201": 1.0417309021962922,
  "I_LV0201_MV0201": 0.20876539160481417,
  "P_LV0202": 0.358975861460025,
  "Q_LV0202": 0.16018940444829602,
  "U_LV0202": 1.0426873900638973,
  "I_LV0202_MV0202": 0.21766252553986148,
  "P_LV0203": 0.3307497280181457,
  "Q_LV0203": 0.16018940444829577,
  "U_LV0203": 1.0423905949494534,
  "I_LV0203_MV0203": 0.20354754779904288,
  "P_POIMV_MV0101": -1.0703992625703904,
  "Q_POIMV_MV0101": -0.42126159866188573,
  "U_POIMV": 1.0107696581388599,
  "I_POIMV_MV0101": 0.6570562248516766,
  "P_POIMV_MV0201": -1.0179118931781659,
  "Q_POIMV_MV0201": -0.4258467049032788,
  "I_POIMV_MV0201": 0.6302602020105922,
  "P_POI_POI_MV": -2.0883011557474824,
  "Q_POI_POI_MV": -0.7829481052967822,
  "U_POI": 1.00021151806112,
  "I_POI_POI_MV": 1.2873624113453732
}