{
  "P_LV0101": 0.37489664613063534,
  "Q_LV0101": 0.16727362816792046,
  "U_LV0101": 1.0430509771642453,
  "I_LV0101_MV0101": 0.39357766980064735,
  "P_LV0102": 0.3191587403529054,
  "Q_LV0102": 0.16727362816791896,
  "U_LV0102": 1.0424714240141675,
  "I_LV0102_MV0102": 0.34565649670066084,
  "P_LV0103": 0.3281687463416524,
  "Q_LV0103": 0.16727362816791871,
  "U_LV0103": 1.0429459737319178,
  "I_LV0103_MV0103": 0.3531737459711382,
  "P_LV0201": 0.362799675444572,
  "Q_LV0201": 0.1672736281679187,
  "U_LV0201": 1.0437140353540115,
  "I_LV0201_MV0201": 0.3827722622249422,
  "P_LV0202": 0.3434534131896042,
  "Q_LV0202": 0.1672736281679204,
  "U_LV0202": 1.0439097854029147,
  "I_LV0202_MV0202": 0.3659529600181102,
  "P_LV0203": 0.3453768194700124,
  "Q_LV0203": 0.16727362816792066,
  "U_LV0203": 1.0442454452738703,
  "I_LV0203_MV0203": 0.36749216706681676,
  "P_POIMV_MV0101": -1.0102938570614697,
  "Q_POIMV_MV0101": -0.44712191502549103,
  "U_POIMV": 1.0113628971764732,
  "I_POIMV_MV0101": 1.0924001331989421,
  "P_POIMV_MV0201": -1.0383148130290465,
  "Q_POIMV_MV0201": -0.4445108971762579,
  "I_POIMV_MV0201": 1.116773623549909,
  "P_POI_POIMV": -2.048598670089972,
  "Q_POI_POIMV": -0.8286538662900966,
  "U_POI": 1.0002238782849153,
  "I_POI_POIMV": 2.2093523689585544
}