{
  "P_LV0101": 0.34708325386028666,
  "Q_LV0101": 0.163475613899282,
  "U_LV0101": 1.0417334310008086,
  "I_LV0101_MV0101": 0.21262948611945842,
  "P_LV0102": 0.33947838379756173,
  "Q_LV0102": 0.1634756138992824,
  "U_LV0102": 1.0421569224791292,
  "I_LV0102_MV0102": 0.20873934473424163,
  "P_LV0103": 0.33572834614974684,
  "Q_LV0103": 0.16347561389928214,
  "U_LV0103": 1.0423681399610236,
  "I_LV0103_MV0103": 0.20682760501799796,
  "P_LV0201": 0.34313631479344775,
  "Q_LV0201": 0.1634756138992823,
  "U_LV0201": 1.0425413476437106,
  "I_LV0201_MV0201": 0.21048934719769155,
  "P_LV0202": 0.3562636954916275,
  "Q_LV0202": 0.1634756138992816,
  "U_LV0202": 1.0434017943762526,
  "I_LV0202_MV0202": 0.2168959218403066,
  "P_LV0203": 0.3375349013937998,
  "Q_LV0203": 0.16347561389928217,
  "U_LV0203": 1.0433067465475765,
  "I_LV0203_MV0203": 0.20754082240643998,
  "P_POIMV_MV0101": -1.0104624604928176,
  "Q_POIMV_MV0101": -0.4363287855501312,
  "U_POIMV": 1.011101726543382,
  "I_POIMV_MV0101": 0.6284798921239264,
  "P_POIMV_MV0201": -1.0239998195061162,
  "Q_POIMV_MV0201": -0.43484043332858846,
  "I_POIMV_MV0201": 0.6352512375904785,
  "P_POI_POIMV": -2.0344522799983067,
  "Q_POI_POIMV": -0.8093525538852191,
  "U_POI": 1.0002186633068069,
  "I_POI_POIMV": 1.2638501703016916
}