{
  "P_LV0101": 0.33874018604615597,
  "Q_LV0101": 0.17084592413185673,
  "U_LV0101": 1.0430807993780018,
  "I_LV0101_MV0101": 0.3637161663337546,
  "P_LV0102": 0.3263635877427835,
  "Q_LV0102": 0.17084592413185834,
  "U_LV0102": 1.0434137791688622,
  "I_LV0102_MV0102": 0.35304965414207146,
  "P_LV0103": 0.3561666395243298,
  "Q_LV0103": 0.17084592413185573,
  "U_LV0103": 1.0443332884738414,
  "I_LV0103_MV0103": 0.3782535659048619,
  "P_LV0201": 0.35948128454565953,
  "Q_LV0201": 0.170845924131857,
  "U_LV0201": 1.0443949864905107,
  "I_LV0201_MV0201": 0.3810952555686204,
  "P_LV0202": 0.3151743748814336,
  "Q_LV0202": 0.17084592413185837,
  "U_LV0202": 1.0440583497267928,
  "I_LV0202_MV0202": 0.34337290429576917,
  "P_LV0203": 0.352752687571539,
  "Q_LV0203": 0.17084592413185698,
  "U_LV0203": 1.0451405838268526,
  "I_LV0203_MV0203": 0.37501886033350784,
  "P_POIMV_MV0101": -1.0092679161291471,
  "Q_POIMV_MV0101": -0.4576831909801058,
  "U_POIMV": 1.0116696918409118,
  "I_POIMV_MV0101": 1.0954116453481477,
  "P_POIMV_MV0201": -1.0144694635166616,
  "Q_POIMV_MV0201": -0.4568894356485771,
  "I_POIMV_MV0201": 1.0997738376275632,
  "P_POI_POIMV": -2.023727379644985,
  "Q_POI_POIMV": -0.8523936504816447,
  "U_POI": 1.000230298705554,
  "I_POI_POIMV": 2.1954104825636436
}