{
  "irrad_LV0101": 1139.9775148580609,
  "irrad_LV0102": 1167.0192107345163,
  "irrad_LV0103": 1203.3698350180607,
  "irrad_LV0201": 1189.5889088689776,
  "irrad_LV0202": 1102.0170932134874,
  "irrad_LV0203": 1165.7312064200012
}