{
  "irrad_LV0101": 1227.1524776951753,
  "irrad_LV0102": 1274.0803358945761,
  "irrad_LV0103": 1170.8859686713429,
  "irrad_LV0201": 1120.2375919996275,
  "irrad_LV0202": 1161.6095704765912,
  "irrad_LV0203": 1213.2217148256314
}