{
  "irrad_LV0101": 1166.910092495496,
  "irrad_LV0102": 1108.2523483085117,
  "irrad_LV0103": 1139.933744113825,
  "irrad_LV0201": 1120.2086256171647,
  "irrad_LV0202": 1154.7465546751123,
  "irrad_LV0203": 1343.8826721586884
}