{
  "P_LV0101": 0.000288,
  "Q_LV0101": 0.000508,
  "U_LV0101": 0.002583,
  "I_LV0101_MV0101": 0.000081,
  "P_LV0102": 0.000289,
  "Q_LV0102": 0.000513,
  "U_LV0102": 0.002584,
  "I_LV0102_MV0102": 0.000081,
  "P_LV0103": 0.000286,
  "Q_LV0103": 0.000488,
  "U_LV0103": 0.002584,
  "I_LV0103_MV0103": 0.000078,
  "P_LV0201": 0.000284,
  "Q_LV0201": 0.000469,
  "U_LV0201": 0.002583,
  "I_LV0201_MV0201": 0.000076,
  "P_LV0202": 0.000285,
  "Q_LV0202": 0.000484,
  "U_LV0202": 0.002586,
  "I_LV0202_MV0202": 0.000078,
  "P_LV0203": 0.000288,
  "Q_LV0203": 0.000503,
  "U_LV0203": 0.002587,
  "I_LV0203_MV0203": 0.000080,
  "P_POIMV_MV0101": 0.000789,
  "Q_POIMV_MV0101": 0.001485,
  "U_POIMV": 0.002500,
  "I_POIMV_MV0101": 0.000240,
  "P_POIMV_MV0201": 0.000786,
  "Q_POIMV_MV0201": 0.001434,
  "I_POIMV_MV0201": 0.000233,
  "P_POI_POI_MV": 0.001575,
  "Q_POI_POI_MV": 0.002919,
  "U_POI": 0.002500,
  "I_POI_POI_MV": 0.000473
}
