{
  "P_LV0101": -0.013383475119489816,
  "Q_LV0101": -0.010923617243424204,
  "U_LV0101": 0.9972640705765256,
  "I_LV0101_MV0101": 0.017322891885648867,
  "P_LV0102": -0.008908553571482486,
  "Q_LV0102": -0.010923617243424492,
  "U_LV0102": 0.9973848772709862,
  "I_LV0102_MV0102": 0.01413262242918971,
  "P_LV0103": 0.016274553242461184,
  "Q_LV0103": -0.010923617243424617,
  "U_LV0103": 0.9980904296941178,
  "I_LV0103_MV0103": 0.019638176408778456,
  "P_LV0201": 0.01693862979629251,
  "Q_LV0201": -0.01092361724342519,
  "U_LV0201": 0.9980736548764507,
  "I_LV0201_MV0201": 0.020194361936900027,
  "P_LV0202": -0.014268536485430671,
  "Q_LV0202": -0.010923617243424881,
  "U_LV0202": 0.9971698076073251,
  "I_LV0202_MV0202": 0.0180208814458915,
  "P_LV0203": -0.022554446997792753,
  "Q_LV0203": -0.010923617243425221,
  "U_LV0203": 0.9969150084646924,
  "I_LV0203_MV0203": 0.02513804732743366,
  "P_POIMV_MV0101": 0.006043046459581092,
  "Q_POIMV_MV0101": 0.031623350926111016,
  "U_POIMV": 0.999168979500558,
  "I_POIMV_MV0101": 0.032222347535140625,
  "P_POIMV_MV0201": 0.019925401869727466,
  "Q_POIMV_MV0201": 0.03140904540379097,
  "I_POIMV_MV0201": 0.03722703532234794,
  "P_POI_POIMV": 0.025978448329439983,
  "Q_POI_POIMV": 0.06252712740524657,
  "U_POI": 0.9999830913120513,
  "I_POI_POIMV": 0.06771023910439558
}