{
  "P_LV0101": 0.28128658194493933,
  "Q_LV0101": -0.14236512553441966,
  "U_LV0101": 0.9739067576610269,
  "I_LV0101_MV0101": 0.3237083490307114,
  "P_LV0102": 0.27902597937521506,
  "Q_LV0102": -0.14236512553441946,
  "U_LV0102": 0.9741101768058822,
  "I_LV0102_MV0102": 0.3215718692001017,
  "P_LV0103": 0.2942535395861272,
  "Q_LV0103": -0.14236512553441952,
  "U_LV0103": 0.9745825778358784,
  "I_LV0103_MV0103": 0.3354089636569414,
  "P_LV0201": 0.29675395907145524,
  "Q_LV0201": -0.14236512553441924,
  "U_LV0201": 0.9746793106279649,
  "I_LV0201_MV0201": 0.33768681959891106,
  "P_LV0202": 0.3147233508146519,
  "Q_LV0202": -0.14236512553441957,
  "U_LV0202": 0.9753508654634793,
  "I_LV0202_MV0202": 0.35415488036928683,
  "P_LV0203": 0.2939471977684815,
  "Q_LV0203": -0.14236512553441952,
  "U_LV0203": 0.9750265907762093,
  "I_LV0203_MV0203": 0.3349734259662862,
  "P_POIMV_MV0101": -0.8449442369517328,
  "Q_POIMV_MV0101": 0.4708781544093199,
  "U_POIMV": 0.9869895856425788,
  "I_POIMV_MV0101": 0.9800444313113008,
  "P_POIMV_MV0201": -0.8941463153361155,
  "Q_POIMV_MV0201": 0.47544147331501563,
  "I_POIMV_MV0201": 1.0260397912026884,
  "P_POI_POIMV": -1.7390805522875543,
  "Q_POI_POIMV": 0.9981495571855703,
  "U_POI": 0.9997299001601754,
  "I_POI_POIMV": 2.0057109884038002
}