{
  "P_LV0101": 0.02606543515572073,
  "Q_LV0101": 0.014306164077218117,
  "U_LV0101": 1.026315025020177,
  "I_LV0101_MV0101": 0.016726412708418948,
  "P_LV0102": 0.029935483321469572,
  "Q_LV0102": 0.01430616407721803,
  "U_LV0102": 1.0276780928790834,
  "I_LV0102_MV0102": 0.018639591240808908,
  "P_LV0103": 0.02894154607353444,
  "Q_LV0103": 0.014306164077218186,
  "U_LV0103": 1.027717570990143,
  "I_LV0103_MV0103": 0.018136675058315073,
  "P_LV0201": 0.027367937849817975,
  "Q_LV0201": 0.014306164077218157,
  "U_LV0201": 1.0273673647993162,
  "I_LV0201_MV0201": 0.017354525649638266,
  "P_LV0202": 0.02935345232395431,
  "Q_LV0202": 0.014306164077217933,
  "U_LV0202": 1.0283159146334153,
  "I_LV0202_MV0202": 0.018333728168521777,
  "P_LV0203": 0.029538532175828823,
  "Q_LV0203": 0.01430616407721801,
  "U_LV0203": 1.0286139966809438,
  "I_LV0203_MV0203": 0.018421854346625695,
  "P_POIMV_MV0101": -0.08408052660468002,
  "Q_POIMV_MV0101": -0.03901797556022757,
  "U_POIMV": 1.000007864134755,
  "I_POIMV_MV0101": 0.053515736739225654,
  "P_POIMV_MV0201": -0.08531868334003434,
  "Q_POIMV_MV0201": -0.038918912691883634,
  "I_POIMV_MV0201": 0.05414123868753567,
  "P_POI_POI_MV": -0.16939820994471638,
  "Q_POI_POI_MV": -0.07799346907995641,
  "U_POI": 1.000007842470071,
  "I_POI_POI_MV": 0.10766953957309157
}