{
  "P_LV0101": 0.035258895882904366,
  "Q_LV0101": -0.015867823514706565,
  "U_LV0101": 0.9863323222274052,
  "I_LV0101_MV0101": 0.02263254771309254,
  "P_LV0102": 0.033516409276765954,
  "Q_LV0102": -0.015867823514706624,
  "U_LV0102": 0.9862579095846618,
  "I_LV0102_MV0102": 0.02170810624065345,
  "P_LV0103": 0.03252340893023815,
  "Q_LV0103": -0.01586782351470657,
  "U_LV0103": 0.9861890602250256,
  "I_LV0103_MV0103": 0.021185654460318185,
  "P_LV0201": 0.033772640361567074,
  "Q_LV0201": -0.015867823514706534,
  "U_LV0201": 0.9864749719333316,
  "I_LV0201_MV0201": 0.021838964541045534,
  "P_LV0202": 0.035063768254633906,
  "Q_LV0202": -0.015867823514706596,
  "U_LV0202": 0.9870500971956663,
  "I_LV0202_MV0202": 0.02251205750803817,
  "P_LV0203": 0.032762955388994756,
  "Q_LV0203": -0.015867823514706687,
  "U_LV0203": 0.9867082651122807,
  "I_LV0203_MV0203": 0.021300567173251406,
  "P_POIMV_MV0101": -0.10001246188201662,
  "Q_POIMV_MV0101": 0.05350670820982373,
  "U_POIMV": 0.9999892092979557,
  "I_POIMV_MV0101": 0.06548724561405311,
  "P_POIMV_MV0201": -0.10021688011669028,
  "Q_POIMV_MV0201": 0.053561931502216,
  "I_POIMV_MV0201": 0.06560635700073253,
  "P_POI_POI_MV": -0.20022834199866046,
  "Q_POI_POI_MV": 0.10701206512749195,
  "U_POI": 0.9999892390238478,
  "I_POI_POI_MV": 0.13107768732785044
}