{
  "P_LV0101": 0.19766389665117373,
  "Q_LV0101": 0.0960025347100944,
  "U_LV0101": 1.0253750881366308,
  "I_LV0101_MV0101": 0.21430613844856725,
  "P_LV0102": 0.1799850209974512,
  "Q_LV0102": 0.09600253471009468,
  "U_LV0102": 1.025294788474291,
  "I_LV0102_MV0102": 0.19895544046671568,
  "P_LV0103": 0.19488841017677425,
  "Q_LV0103": 0.09600253471009372,
  "U_LV0103": 1.0258199887280504,
  "I_LV0103_MV0103": 0.21178273105406742,
  "P_LV0201": 0.1955623405409701,
  "Q_LV0201": 0.09600253471009461,
  "U_LV0201": 1.0258418056929213,
  "I_LV0201_MV0201": 0.21236775594602167,
  "P_LV0202": 0.1830976751670309,
  "Q_LV0202": 0.0960025347100951,
  "U_LV0202": 1.0258887901640348,
  "I_LV0202_MV0202": 0.20152238833660305,
  "P_LV0203": 0.19822042758555297,
  "Q_LV0203": 0.09600253471009515,
  "U_LV0203": 1.0264201960570052,
  "I_LV0203_MV0203": 0.21457578522477924,
  "P_POIMV_MV0101": -0.5686306759794206,
  "Q_POIMV_MV0101": -0.27100110285414303,
  "U_POIMV": 1.0070463503986862,
  "I_POIMV_MV0101": 0.6254992076209109,
  "P_POIMV_MV0201": -0.5726537703211534,
  "Q_POIMV_MV0201": -0.27090606939765394,
  "I_POIMV_MV0201": 0.6290675190858885,
  "P_POI_POIMV": -1.1412744463000482,
  "Q_POI_POIMV": -0.5219794455992997,
  "U_POI": 1.0001410844206118,
  "I_POI_POIMV": 1.2548010160992806
}