{
  "irrad_LV0101": 103.23316706426708,
  "irrad_LV0102": -72.55513149669052,
  "irrad_LV0103": 50.90194844129153,
  "irrad_LV0201": -27.557169964539213,
  "irrad_LV0202": 28.44894035666999,
  "irrad_LV0203": 25.97982087261365
}