{
  "P_LV0101": 0.000137,
  "Q_LV0101": 0.000400,
  "U_LV0101": 0.002504,
  "I_LV0101_MV0101": 0.000103,
  "P_LV0102": 0.000108,
  "Q_LV0102": 0.000299,
  "U_LV0102": 0.002501,
  "I_LV0102_MV0102": 0.000078,
  "P_LV0103": 0.000087,
  "Q_LV0103": 0.000218,
  "U_LV0103": 0.002503,
  "I_LV0103_MV0103": 0.000059,
  "P_LV0201": 0.000092,
  "Q_LV0201": 0.000170,
  "U_LV0201": 0.002502,
  "I_LV0201_MV0201": 0.000051,
  "P_LV0202": 0.000092,
  "Q_LV0202": 0.000173,
  "U_LV0202": 0.002503,
  "I_LV0202_MV0202": 0.000051,
  "P_LV0203": 0.000093,
  "Q_LV0203": 0.000164,
  "U_LV0203": 0.002503,
  "I_LV0203_MV0203": 0.000050,
  "P_POIMV_MV0101": 0.000293,
  "Q_POIMV_MV0101": 0.000503,
  "U_POIMV": 0.002501,
  "I_POIMV_MV0101": 0.000153,
  "P_POIMV_MV0201": 0.000322,
  "Q_POIMV_MV0201": 0.000219,
  "I_POIMV_MV0201": 0.000104,
  "P_POI_POIMV": 0.000624,
  "Q_POI_POIMV": 0.000757,
  "U_POI": 0.002500,
  "I_POI_POIMV": 0.000260
}
