{
  "P_LV0101": 0.033943480022168335,
  "Q_LV0101": -0.015345900422876745,
  "U_LV0101": 0.9868029523239992,
  "I_LV0101_MV0101": 0.021794650999580757,
  "P_LV0102": 0.03232584080691419,
  "Q_LV0102": -0.015345900422876695,
  "U_LV0102": 0.9867408834576633,
  "I_LV0102_MV0102": 0.020937204209611822,
  "P_LV0103": 0.03141921735924855,
  "Q_LV0103": -0.01534590042287674,
  "U_LV0103": 0.9866837109474889,
  "I_LV0103_MV0103": 0.020460439352078304,
  "P_LV0201": 0.0355538212257598,
  "Q_LV0201": -0.015345900422876691,
  "U_LV0201": 0.9876061451599943,
  "I_LV0201_MV0201": 0.022638053703347778,
  "P_LV0202": 0.03348359848791793,
  "Q_LV0202": -0.015345900422876712,
  "U_LV0202": 0.987462850417121,
  "I_LV0202_MV0202": 0.021535363196574533,
  "P_LV0203": 0.031685319066769455,
  "Q_LV0203": -0.015345900422876676,
  "U_LV0203": 0.9872179055905165,
  "I_LV0203_MV0203": 0.02058931624243588,
  "P_POIMV_MV0101": -0.09649227826167817,
  "Q_POIMV_MV0101": 0.051518675683269066,
  "U_POIMV": 0.9999895838154382,
  "I_POIMV_MV0101": 0.06315373562478857,
  "P_POIMV_MV0201": -0.09937862181371315,
  "Q_POIMV_MV0201": 0.05183590921992476,
  "I_POIMV_MV0201": 0.06471304268561551,
  "P_POI_POI_MV": -0.1958699000755155,
  "Q_POI_POI_MV": 0.10329800774343312,
  "U_POI": 0.9999896125096261,
  "I_POI_POI_MV": 0.12784954032861764
}