{
  "irrad_LV0101": 812.0688820322677,
  "irrad_LV0102": 875.471885891926,
  "irrad_LV0103": 802.5180873980815,
  "irrad_LV0201": 851.9715135935326,
  "irrad_LV0202": 870.6459671446685,
  "irrad_LV0203": 866.8452556187247
}