{
  "irrad_LV0101": 737.7278746938368,
  "irrad_LV0102": 935.7402274762115,
  "irrad_LV0103": 783.2954286247218,
  "irrad_LV0201": 898.757117585277,
  "irrad_LV0202": 829.7025606279169,
  "irrad_LV0203": 869.600345239914
}