{
  "irrad_LV0101": 763.5028680834915,
  "irrad_LV0102": 837.0395120685545,
  "irrad_LV0103": 825.2075763336976,
  "irrad_LV0201": 813.1909984952621,
  "irrad_LV0202": 849.5259192318925,
  "irrad_LV0203": 845.0598333125234
}