{
  "P_LV0101": 0.24357356234072955,
  "Q_LV0101": -8.326672684784724e-18,
  "U_LV0101": 1.0055400141424018,
  "I_LV0101_MV0101": 0.13985247708400103,
  "P_LV0102": 0.2625907859468748,
  "Q_LV0102": -4.787836777728077e-17,
  "U_LV0102": 1.0063097638710368,
  "I_LV0102_MV0102": 0.1506562555548976,
  "P_LV0103": 0.24070887792330478,
  "Q_LV0103": -3.288599667354178e-16,
  "U_LV0103": 1.005975755676172,
  "I_LV0103_MV0103": 0.13814779797743845,
  "P_LV0201": 0.25554203734475106,
  "Q_LV0201": 7.933148410529201e-16,
  "U_LV0201": 1.0063439963922893,
  "I_LV0201_MV0201": 0.14660718857485489,
  "P_LV0202": 0.2611432902394975,
  "Q_LV0202": -2.935152121354109e-16,
  "U_LV0202": 1.0068206254528342,
  "I_LV0202_MV0202": 0.14974976187940792,
  "P_LV0203": 0.2600032972336248,
  "Q_LV0203": 7.838425332048938e-16,
  "U_LV0203": 1.0069697179454116,
  "I_LV0203_MV0203": 0.14907397012326173,
  "P_POIMV_MV0101": -0.7413550292365017,
  "Q_POIMV_MV0101": 0.024561489831967265,
  "U_POIMV": 0.9991249468108708,
  "I_POIMV_MV0101": 0.42863144173753975,
  "P_POIMV_MV0201": -0.7703212492998546,
  "Q_POIMV_MV0201": 0.026581614312533475,
  "I_POIMV_MV0201": 0.4453996394044302,
  "P_POI_POI_MV": -1.5116662785357087,
  "Q_POI_POI_MV": 0.08041805925722656,
  "U_POI": 0.999978169587637,
  "I_POI_POI_MV": 0.8740141223928528
}