{
  "P_LV0101": 0.2212755721257808,
  "Q_LV0101": -4.56423833108111e-16,
  "U_LV0101": 1.0050275527651724,
  "I_LV0101_MV0101": 0.22016866255753537,
  "P_LV0102": 0.28066779268959735,
  "Q_LV0102": -1.7105740304019774e-16,
  "U_LV0102": 1.0067224537280643,
  "I_LV0102_MV0102": 0.2787936155096539,
  "P_LV0103": 0.23494319525932908,
  "Q_LV0103": 4.943718859301528e-16,
  "U_LV0103": 1.0058494776626083,
  "I_LV0103_MV0103": 0.23357689244447366,
  "P_LV0201": 0.26957500484624336,
  "Q_LV0201": -2.9146444903130863e-16,
  "U_LV0201": 1.0066669176095688,
  "I_LV0201_MV0201": 0.2677896731586016,
  "P_LV0202": 0.24886264311669157,
  "Q_LV0202": 6.516217094991414e-18,
  "U_LV0202": 1.0065432370114664,
  "I_LV0202_MV0202": 0.24724486138875776,
  "P_LV0203": 0.2608296643170693,
  "Q_LV0203": 1.0768610624885782e-15,
  "U_LV0203": 1.0069890936380905,
  "I_LV0203_MV0203": 0.25901935379928837,
  "P_POIMV_MV0101": -0.7314574428501146,
  "Q_POIMV_MV0101": 0.02410918755640523,
  "U_POIMV": 0.9991301815584014,
  "I_POIMV_MV0101": 0.7324917950504762,
  "P_POIMV_MV0201": -0.7728617377608771,
  "Q_POIMV_MV0201": 0.026788456932763438,
  "I_POIMV_MV0201": 0.7739990995795228,
  "P_POI_POIMV": -1.504309180610488,
  "Q_POI_POIMV": 0.07988253763096509,
  "U_POI": 0.9999783152192581,
  "I_POI_POIMV": 1.506461334923656
}