{
  "P_LV0101": 0.2290065751208907,
  "Q_LV0101": 9.377448194270163e-16,
  "U_LV0101": 1.0052503570128029,
  "I_LV0101_MV0101": 0.13152644698892318,
  "P_LV0102": 0.2510633029851558,
  "Q_LV0102": -7.316263100210101e-16,
  "U_LV0102": 1.0060916385482515,
  "I_LV0102_MV0102": 0.144073819926856,
  "P_LV0103": 0.24751440855010076,
  "Q_LV0103": -9.33578752739082e-17,
  "U_LV0103": 1.0061776965416727,
  "I_LV0103_MV0103": 0.14202512229786157,
  "P_LV0201": 0.24391013219373106,
  "Q_LV0201": 1.2001296902415755e-16,
  "U_LV0201": 1.0061073554475874,
  "I_LV0201_MV0201": 0.13996675376404588,
  "P_LV0202": 0.2548085008875798,
  "Q_LV0202": -3.8017291147613047e-16,
  "U_LV0202": 1.006696995571805,
  "I_LV0202_MV0202": 0.14613509052511717,
  "P_LV0203": 0.25346893415725746,
  "Q_LV0203": 7.767443814089665e-16,
  "U_LV0203": 1.0068371882421574,
  "I_LV0203_MV0203": 0.14534659533424324,
  "P_POIMV_MV0101": -0.7223362666582034,
  "Q_POIMV_MV0101": 0.02325692588669881,
  "U_POIMV": 0.999176739038374,
  "I_POIMV_MV0101": 0.41760093618137106,
  "P_POIMV_MV0201": -0.7462091694164883,
  "Q_POIMV_MV0201": 0.024852017965315554,
  "I_POIMV_MV0201": 0.43141809908277345,
  "P_POI_POIMV": -1.4685354360738894,
  "Q_POI_POIMV": 0.07570042499264673,
  "U_POI": 0.9999794500687446,
  "I_POI_POIMV": 0.849002504006093
}