{
  "P_LV0101": 0.283221916930301,
  "Q_LV0101": 2.4983300848431714e-17,
  "U_LV0101": 1.0064963422125668,
  "I_LV0101_MV0101": 0.2813938859506417,
  "P_LV0102": 0.2328223425804428,
  "Q_LV0102": 1.0620582524988803e-17,
  "U_LV0102": 1.005678370989916,
  "I_LV0102_MV0102": 0.23150775565678078,
  "P_LV0103": 0.2397796949387648,
  "Q_LV0103": -6.25423579222255e-16,
  "U_LV0103": 1.0059999584621833,
  "I_LV0103_MV0103": 0.23834960719611045,
  "P_LV0201": 0.23925410201316363,
  "Q_LV0201": 5.785272135991337e-16,
  "U_LV0201": 1.0059732425907506,
  "I_LV0201_MV0201": 0.23783346503033861,
  "P_LV0202": 0.22818579803700478,
  "Q_LV0202": -5.777238746159567e-16,
  "U_LV0202": 1.006037208590569,
  "I_LV0202_MV0202": 0.22681645975767328,
  "P_LV0203": 0.24452981887843814,
  "Q_LV0203": -7.841275705237386e-16,
  "U_LV0203": 1.0065774411128843,
  "I_LV0203_MV0203": 0.24293194829409548,
  "P_POIMV_MV0101": -0.7501674007030488,
  "Q_POIMV_MV0101": 0.02532345243957934,
  "U_POIMV": 0.9991885442014354,
  "I_POIMV_MV0101": 0.7512042708286945,
  "P_POIMV_MV0201": -0.7066116470934958,
  "Q_POIMV_MV0201": 0.022127908944128194,
  "I_POIMV_MV0201": 0.7075321667239246,
  "P_POI_POIMV": -1.4567690477966588,
  "Q_POI_POIMV": 0.07459244516439867,
  "U_POI": 0.9999797509557758,
  "I_POI_POIMV": 1.458707051987393
}