{
  "P_LV0101": 0.000124,
  "Q_LV0101": 0.000395,
  "U_LV0101": 0.002518,
  "I_LV0101_MV0101": 0.000059,
  "P_LV0102": 0.000117,
  "Q_LV0102": 0.000375,
  "U_LV0102": 0.002518,
  "I_LV0102_MV0102": 0.000057,
  "P_LV0103": 0.000122,
  "Q_LV0103": 0.000387,
  "U_LV0103": 0.002519,
  "I_LV0103_MV0103": 0.000058,
  "P_LV0201": 0.000122,
  "Q_LV0201": 0.000386,
  "U_LV0201": 0.002519,
  "I_LV0201_MV0201": 0.000058,
  "P_LV0202": 0.000117,
  "Q_LV0202": 0.000375,
  "U_LV0202": 0.002518,
  "I_LV0202_MV0202": 0.000057,
  "P_LV0203": 0.000116,
  "Q_LV0203": 0.000374,
  "U_LV0203": 0.002519,
  "I_LV0203_MV0203": 0.000057,
  "P_POIMV_MV0101": 0.000361,
  "Q_POIMV_MV0101": 0.001139,
  "U_POIMV": 0.002500,
  "I_POIMV_MV0101": 0.000172,
  "P_POIMV_MV0201": 0.000352,
  "Q_POIMV_MV0201": 0.001116,
  "I_POIMV_MV0201": 0.000170,
  "P_POI_POI_MV": 0.000706,
  "Q_POI_POI_MV": 0.002232,
  "U_POI": 0.002500,
  "I_POI_POI_MV": 0.000338
}
