{
  "P_LV0101": 0.31055985676318754,
  "Q_LV0101": -0.15849819138387217,
  "U_LV0101": 0.970559131422612,
  "I_LV0101_MV0101": 0.35924406595874897,
  "P_LV0102": 0.3120444049040402,
  "Q_LV0102": -0.1584981913838723,
  "U_LV0102": 0.9708673618403065,
  "I_LV0102_MV0102": 0.3604926552483376,
  "P_LV0103": 0.3174631827706304,
  "Q_LV0103": -0.1584981913838721,
  "U_LV0103": 0.9711250229847285,
  "I_LV0103_MV0103": 0.3653806686807024,
  "P_LV0201": 0.2969405235439192,
  "Q_LV0201": -0.15849819138387175,
  "U_LV0201": 0.9706940178262901,
  "I_LV0201_MV0201": 0.34675576630876104,
  "P_LV0202": 0.34073690647610144,
  "Q_LV0202": -0.15849819138387214,
  "U_LV0202": 0.9719445826957013,
  "I_LV0202_MV0202": 0.3866443774159756,
  "P_LV0203": 0.3272578100413899,
  "Q_LV0203": -0.15849819138387175,
  "U_LV0203": 0.9718029068573885,
  "I_LV0203_MV0203": 0.37417030384355343,
  "P_POIMV_MV0101": -0.9282943996513495,
  "Q_POIMV_MV0101": 0.5293620307618312,
  "U_POIMV": 0.9853682312093299,
  "I_POIMV_MV0101": 1.084490801518229,
  "P_POIMV_MV0201": -0.9517724686245401,
  "Q_POIMV_MV0201": 0.5320948352032246,
  "I_POIMV_MV0201": 1.1066023650460644,
  "P_POI_POIMV": -1.8800568682749614,
  "Q_POI_POIMV": 1.1234017096890057,
  "U_POI": 0.9996959917593943,
  "I_POI_POIMV": 2.190790496397509
}