{
  "P_LV0101": 0.000157,
  "Q_LV0101": 0.000484,
  "U_LV0101": 0.002498,
  "I_LV0101_MV0101": 0.000122,
  "P_LV0102": 0.000017,
  "Q_LV0102": 0.000009,
  "U_LV0102": 0.002500,
  "I_LV0102_MV0102": 0.000005,
  "P_LV0103": 0.000030,
  "Q_LV0103": 0.000086,
  "U_LV0103": 0.002500,
  "I_LV0103_MV0103": 0.000025,
  "P_LV0201": 0.000044,
  "Q_LV0201": 0.000139,
  "U_LV0201": 0.002501,
  "I_LV0201_MV0201": 0.000039,
  "P_LV0202": 0.000033,
  "Q_LV0202": 0.000097,
  "U_LV0202": 0.002500,
  "I_LV0202_MV0202": 0.000027,
  "P_LV0203": 0.000020,
  "Q_LV0203": 0.000035,
  "U_LV0203": 0.002501,
  "I_LV0203_MV0203": 0.000011,
  "P_POIMV_MV0101": 0.000206,
  "Q_POIMV_MV0101": 0.000643,
  "U_POIMV": 0.002500,
  "I_POIMV_MV0101": 0.000170,
  "P_POIMV_MV0201": 0.000096,
  "Q_POIMV_MV0201": 0.000096,
  "I_POIMV_MV0201": 0.000036,
  "P_POI_POIMV": 0.000312,
  "Q_POI_POIMV": 0.000904,
  "U_POI": 0.002500,
  "I_POI_POIMV": 0.000254
}
