{
  "irrad_LV0101": -55.412857354311754,
  "irrad_LV0102": 69.53902385541716,
  "irrad_LV0103": -99.32494290032075,
  "irrad_LV0201": -15.711454832056909,
  "irrad_LV0202": 31.635246862569698,
  "irrad_LV0203": 51.448871628570245
}