{
  "P_LV0101": -0.01662064310541098,
  "Q_LV0101": -0.007473902435938289,
  "U_LV0101": 0.997925440000959,
  "I_LV0101_MV0101": 0.018261632954537366,
  "P_LV0102": 0.020857673698532277,
  "Q_LV0102": -0.0074739024359381945,
  "U_LV0102": 0.9989535129821508,
  "I_LV0102_MV0102": 0.02217951373360286,
  "P_LV0103": -0.02979172174529818,
  "Q_LV0103": -0.007473902435938387,
  "U_LV0103": 0.9975152256247249,
  "I_LV0103_MV0103": 0.03079142309026438,
  "P_LV0201": -0.00471252514124474,
  "Q_LV0201": -0.007473902435938278,
  "U_LV0201": 0.9982797178972713,
  "I_LV0201_MV0201": 0.008850785299487025,
  "P_LV0202": 0.00948873912587419,
  "Q_LV0202": -0.0074739024359381945,
  "U_LV0202": 0.9986848111856127,
  "I_LV0202_MV0202": 0.012094623028027137,
  "P_LV0203": 0.015431677309959781,
  "Q_LV0203": -0.007473902435937512,
  "U_LV0203": 0.9988559536844487,
  "I_LV0203_MV0203": 0.017165946760321307,
  "P_POIMV_MV0101": 0.02560520140968947,
  "Q_POIMV_MV0101": 0.021397072650643167,
  "U_POIMV": 0.9994444840788733,
  "I_POIMV_MV0101": 0.03338711097919069,
  "P_POIMV_MV0201": -0.020191805335002755,
  "Q_POIMV_MV0201": 0.020940401963684963,
  "I_POIMV_MV0201": 0.029105847981347313,
  "P_POI_POIMV": 0.005423396074863553,
  "Q_POI_POIMV": 0.0417953267192388,
  "U_POI": 0.9999886977182493,
  "I_POI_POIMV": 0.04214620638768483
}