{
  "P_LV0101": 0.03514649228581488,
  "Q_LV0101": -3.295985054084471e-16,
  "U_LV0101": 1.0010184641576425,
  "I_LV0101_MV0101": 0.03511073326243854,
  "P_LV0102": 0.0014932191184656516,
  "Q_LV0102": 5.8676869108985e-16,
  "U_LV0102": 1.0001143832470256,
  "I_LV0102_MV0102": 0.0014930483387486993,
  "P_LV0103": 0.023643847370924124,
  "Q_LV0103": 3.4566196655056435e-17,
  "U_LV0103": 1.000740403297559,
  "I_LV0103_MV0103": 0.023626354340261294,
  "P_LV0201": 0.04184427797718072,
  "Q_LV0201": 5.861660791427049e-16,
  "U_LV0201": 1.0012756561932152,
  "I_LV0201_MV0201": 0.041790967071215865,
  "P_LV0202": 0.03284163915339218,
  "Q_LV0202": -5.276790286631732e-16,
  "U_LV0202": 1.001068415035452,
  "I_LV0202_MV0202": 0.03280658810140276,
  "P_LV0203": 0.018203733999361853,
  "Q_LV0203": -7.007903372185945e-16,
  "U_LV0203": 1.000682417073059,
  "I_LV0203_MV0203": 0.018191319932058737,
  "P_POIMV_MV0101": -0.0602316533982048,
  "Q_POIMV_MV0101": -0.0010229939866803761,
  "U_POIMV": 1.000033819450215,
  "I_POIMV_MV0101": 0.06023830297675362,
  "P_POIMV_MV0201": -0.09279100016374286,
  "Q_POIMV_MV0201": -0.0011112262681649554,
  "I_POIMV_MV0201": 0.0927945154565697,
  "P_POI_POIMV": -0.15301265356170118,
  "Q_POI_POIMV": -0.0023952345190991764,
  "U_POI": 1.0000006468548817,
  "I_POI_POIMV": 0.15303130072485358
}