{
  "P_LV0101": 0.000142,
  "Q_LV0101": 0.000442,
  "U_LV0101": 0.002503,
  "I_LV0101_MV0101": 0.000112,
  "P_LV0102": 0.000012,
  "Q_LV0102": 0.000040,
  "U_LV0102": 0.002500,
  "I_LV0102_MV0102": 0.000011,
  "P_LV0103": 0.000102,
  "Q_LV0103": 0.000321,
  "U_LV0103": 0.002502,
  "I_LV0103_MV0103": 0.000083,
  "P_LV0201": 0.000164,
  "Q_LV0201": 0.000502,
  "U_LV0201": 0.002503,
  "I_LV0201_MV0201": 0.000126,
  "P_LV0202": 0.000135,
  "Q_LV0202": 0.000419,
  "U_LV0202": 0.002503,
  "I_LV0202_MV0202": 0.000107,
  "P_LV0203": 0.000081,
  "Q_LV0203": 0.000256,
  "U_LV0203": 0.002502,
  "I_LV0203_MV0203": 0.000067,
  "P_POIMV_MV0101": 0.000265,
  "Q_POIMV_MV0101": 0.000836,
  "U_POIMV": 0.002500,
  "I_POIMV_MV0101": 0.000217,
  "P_POIMV_MV0201": 0.000385,
  "Q_POIMV_MV0201": 0.001200,
  "I_POIMV_MV0201": 0.000307,
  "P_POI_POIMV": 0.000654,
  "Q_POI_POIMV": 0.002050,
  "U_POI": 0.002500,
  "I_POI_POIMV": 0.000529
}
