{
    "090neg": {
        "08": {
            "P": {
                "Precision": 0.16,
                "Accuracy": 0.9760000000000001,
                "Recall": 0.16,
                "F1": 0.16,
                "norm2": 8.208051593513695e-05,
                "norminf": 0.0010515759366101186,
                "z": 0.00370081805546274
            },
            "Q": {
                "Precision": 0.0,
                "Accuracy": 0.9714285714285715,
                "Recall": 0.0,
                "F1": 0.0,
                "norm2": 2.5232106619606307e-05,
                "norminf": 0.0002137416531334768,
                "z": 0.001929076868343837
            },
            "U": {
                "Precision": 0.0,
                "Accuracy": 0.9714285714285715,
                "Recall": 0.0,
                "F1": 0.0,
                "norm2": 0.00038559851258454834,
                "norminf": 0.0015533023536628198,
                "z": 0.001555796019230058
            },
            "I": {
                "Precision": 0.0,
                "Accuracy": 0.9714285714285715,
                "Recall": 0.0,
                "F1": 0.0,
                "norm2": 5.402738990513579e-05,
                "norminf": 0.0005375521670006833,
                "z": 0.00043199376499424165
            }
        },
        "10": {
            "P": {
                "Precision": 0.95,
                "Accuracy": 0.9985714285714284,
                "Recall": 0.95,
                "F1": 0.95,
                "norm2": 9.127750708542501e-05,
                "norminf": 0.0011992161152970615,
                "z": 0.004463510931901385
            },
            "Q": {
                "Precision": 0.0,
                "Accuracy": 0.9714285714285715,
                "Recall": 0.0,
                "F1": 0.0,
                "norm2": 9.001582141841076e-05,
                "norminf": 0.0007711356195935493,
                "z": 0.006803109920511652
            },
            "U": {
                "Precision": 0.0,
                "Accuracy": 0.9714285714285715,
                "Recall": 0.0,
                "F1": 0.0,
                "norm2": 0.00036795529970863676,
                "norminf": 0.001632093767657563,
                "z": 0.0016327933051928445
            },
            "I": {
                "Precision": 0.54,
                "Accuracy": 0.9868571428571431,
                "Recall": 0.54,
                "F1": 0.54,
                "norm2": 0.0001073765852478472,
                "norminf": 0.001227102163387327,
                "z": 0.004471025834559549
            }
        },
        "13": {
            "P": {
                "Precision": 1.0,
                "Accuracy": 1.0,
                "Recall": 1.0,
                "F1": 1.0,
                "norm2": 0.00011298680519126144,
                "norminf": 0.0016260048475231193,
                "z": 0.0067088743663132775
            },
            "Q": {
                "Precision": 0.0,
                "Accuracy": 0.9714285714285715,
                "Recall": 0.0,
                "F1": 0.0,
                "norm2": 0.00013600431899235275,
                "norminf": 0.0013502101664649713,
                "z": 0.011027237039649116
            },
            "U": {
                "Precision": 1.0,
                "Accuracy": 1.0,
                "Recall": 1.0,
                "F1": 1.0,
                "norm2": 0.00021686991855895667,
                "norminf": 0.0011214727307595495,
                "z": 0.001122562019713962
            },
            "I": {
                "Precision": 1.0,
                "Accuracy": 1.0,
                "Recall": 1.0,
                "F1": 1.0,
                "norm2": 0.00010699163820280367,
                "norminf": 0.0014287800185964505,
                "z": 0.011279339449525163
            }
        }
    },
    "090pos": {
        "08": {
            "P": {
                "Precision": 0.0,
                "Accuracy": 0.9714285714285715,
                "Recall": 0.0,
                "F1": 0.0,
                "norm2": 7.135568046849168e-05,
                "norminf": 0.00033612088422676047,
                "z": 0.004550009769729057
            },
            "Q": {
                "Precision": 0.0,
                "Accuracy": 0.9714285714285715,
                "Recall": 0.0,
                "F1": 0.0,
                "norm2": 3.256149306890828e-05,
                "norminf": 0.0004551422252407922,
                "z": 0.0032381088558378446
            },
            "U": {
                "Precision": 0.0,
                "Accuracy": 0.9714285714285715,
                "Recall": 0.0,
                "F1": 0.0,
                "norm2": 0.0003937505778977156,
                "norminf": 0.001577033828925496,
                "z": 0.001578620867936784
            },
            "I": {
                "Precision": 0.0,
                "Accuracy": 0.9714285714285715,
                "Recall": 0.0,
                "F1": 0.0,
                "norm2": 6.188467083756527e-05,
                "norminf": 0.00033046933780155106,
                "z": 0.0006889387707255065
            }
        },
        "10": {
            "P": {
                "Precision": 0.72,
                "Accuracy": 0.9919999999999998,
                "Recall": 0.72,
                "F1": 0.72,
                "norm2": 0.00012103325183528302,
                "norminf": 0.0005433734018803915,
                "z": 0.005623053414850107
            },
            "Q": {
                "Precision": 0.0,
                "Accuracy": 0.9714285714285715,
                "Recall": 0.0,
                "F1": 0.0,
                "norm2": 7.612474450473021e-05,
                "norminf": 0.0010927894989709386,
                "z": 0.007813617772483574
            },
            "U": {
                "Precision": 0.0,
                "Accuracy": 0.9714285714285715,
                "Recall": 0.0,
                "F1": 0.0,
                "norm2": 0.00038469370130288704,
                "norminf": 0.0016592524591757419,
                "z": 0.0016606456976702465
            },
            "I": {
                "Precision": 0.0,
                "Accuracy": 0.9714285714285715,
                "Recall": 0.0,
                "F1": 0.0,
                "norm2": 0.00018266244645131043,
                "norminf": 0.0008460392490076285,
                "z": 0.004665605010017243
            }
        },
        "13": {
            "P": {
                "Precision": 1.0,
                "Accuracy": 1.0,
                "Recall": 1.0,
                "F1": 1.0,
                "norm2": 9.461171407813876e-05,
                "norminf": 0.000583239568319256,
                "z": 0.005453618936439357
            },
            "Q": {
                "Precision": 0.0,
                "Accuracy": 0.9714285714285715,
                "Recall": 0.0,
                "F1": 0.0,
                "norm2": 0.00012001673742571587,
                "norminf": 0.001777464278741856,
                "z": 0.013692354820509204
            },
            "U": {
                "Precision": 1.0,
                "Accuracy": 1.0,
                "Recall": 1.0,
                "F1": 1.0,
                "norm2": 0.00022214430021474856,
                "norminf": 0.0010856932988430156,
                "z": 0.0010867358378488245
            },
            "I": {
                "Precision": 1.0,
                "Accuracy": 1.0,
                "Recall": 1.0,
                "F1": 1.0,
                "norm2": 0.00013917034955925734,
                "norminf": 0.0009911797318858074,
                "z": 0.010226402285685533
            }
        }
    }
}