{
    "090neg": {
        "08": {
            "P": {
                "Precision": 0.0,
                "Accuracy": 0.961875,
                "Recall": 0.0,
                "F1": 0.0,
                "norm2": 0.00012570459016035505,
                "norminf": 0.0017198528327049378,
                "z": 0.006720382099980699
            },
            "Q": {
                "Precision": 0.0,
                "Accuracy": 0.96875,
                "Recall": 0.0,
                "F1": 0.0,
                "norm2": 4.320452410950422e-05,
                "norminf": 0.0002832150953773327,
                "z": 0.0027408093532808432
            },
            "U": {
                "Precision": 0.0,
                "Accuracy": 0.96875,
                "Recall": 0.0,
                "F1": 0.0,
                "norm2": 0.0006260575511188205,
                "norminf": 0.0025035399482571784,
                "z": 0.002484362676037377
            },
            "I": {
                "Precision": 0.09533333333333333,
                "Accuracy": 0.9525,
                "Recall": 0.29,
                "F1": 0.14333333333333334,
                "norm2": 7.83482201487417e-05,
                "norminf": 0.0007729054340020647,
                "z": 0.0006154737333441721
            }
        },
        "10": {
            "P": {
                "Precision": 0.45,
                "Accuracy": 0.935625,
                "Recall": 0.45,
                "F1": 0.45,
                "norm2": 0.00031603161230260525,
                "norminf": 0.004306010383650512,
                "z": 0.01887315586391045
            },
            "Q": {
                "Precision": 0.0,
                "Accuracy": 0.96875,
                "Recall": 0.0,
                "F1": 0.0,
                "norm2": 0.0001548329248322342,
                "norminf": 0.0010576155200770986,
                "z": 0.01001165371422324
            },
            "U": {
                "Precision": 0.0,
                "Accuracy": 0.96875,
                "Recall": 0.0,
                "F1": 0.0,
                "norm2": 0.0005911045079219616,
                "norminf": 0.0025680352434979516,
                "z": 0.0026523026777832957
            },
            "I": {
                "Precision": 0.11166666666666668,
                "Accuracy": 0.921875,
                "Recall": 0.44,
                "F1": 0.17800000000000002,
                "norm2": 0.00017655036909959554,
                "norminf": 0.0021473287579233734,
                "z": 0.008251813622941305
            }
        },
        "13": {
            "P": {
                "Precision": 1.0,
                "Accuracy": 1.0,
                "Recall": 1.0,
                "F1": 1.0,
                "norm2": 0.00010749079973488762,
                "norminf": 0.0015795214655517286,
                "z": 0.006713186320106359
            },
            "Q": {
                "Precision": 0.57,
                "Accuracy": 0.9865625,
                "Recall": 0.57,
                "F1": 0.57,
                "norm2": 0.0002123059450217735,
                "norminf": 0.00178084711435894,
                "z": 0.015744902075648465
            },
            "U": {
                "Precision": 1.0,
                "Accuracy": 1.0,
                "Recall": 1.0,
                "F1": 1.0,
                "norm2": 0.0002507318817675665,
                "norminf": 0.0012518316027861898,
                "z": 0.0012468664863550627
            },
            "I": {
                "Precision": 0.48,
                "Accuracy": 0.9584375,
                "Recall": 0.65,
                "F1": 0.5366666666666664,
                "norm2": 0.00021912733888210836,
                "norminf": 0.0031953341628602585,
                "z": 0.02100808178828942
            }
        }
    },
    "090pos": {
        "08": {
            "P": {
                "Precision": 0.0,
                "Accuracy": 0.961875,
                "Recall": 0.0,
                "F1": 0.0,
                "norm2": 9.284320601971014e-05,
                "norminf": 0.0007316042184868143,
                "z": 0.0072889577338568524
            },
            "Q": {
                "Precision": 0.0,
                "Accuracy": 0.96875,
                "Recall": 0.0,
                "F1": 0.0,
                "norm2": 5.2862962444981184e-05,
                "norminf": 0.0007044369906961978,
                "z": 0.005047476701753827
            },
            "U": {
                "Precision": 0.0,
                "Accuracy": 0.96875,
                "Recall": 0.0,
                "F1": 0.0,
                "norm2": 0.0006390616519426722,
                "norminf": 0.0025457162934695065,
                "z": 0.0025450582355528574
            },
            "I": {
                "Precision": 0.0,
                "Accuracy": 0.96875,
                "Recall": 0.0,
                "F1": 0.0,
                "norm2": 0.00011161687389194799,
                "norminf": 0.0004902407894040217,
                "z": 0.0009846248321614343
            }
        },
        "10": {
            "P": {
                "Precision": 1.0,
                "Accuracy": 1.0,
                "Recall": 1.0,
                "F1": 1.0,
                "norm2": 7.290220106592208e-05,
                "norminf": 0.0003400589636706353,
                "z": 0.003480937108951103
            },
            "Q": {
                "Precision": 0.0,
                "Accuracy": 0.96875,
                "Recall": 0.0,
                "F1": 0.0,
                "norm2": 0.0001224127455880574,
                "norminf": 0.0016965932343442126,
                "z": 0.011643999160914636
            },
            "U": {
                "Precision": 0.0,
                "Accuracy": 0.96875,
                "Recall": 0.0,
                "F1": 0.0,
                "norm2": 0.000599099107480297,
                "norminf": 0.00257024360905443,
                "z": 0.0025675750926898223
            },
            "I": {
                "Precision": 0.825,
                "Accuracy": 0.9890625,
                "Recall": 0.96,
                "F1": 0.8700000000000003,
                "norm2": 0.00023818493419696743,
                "norminf": 0.0013254078632210754,
                "z": 0.006487843858064376
            }
        },
        "13": {
            "P": {
                "Precision": 1.0,
                "Accuracy": 1.0,
                "Recall": 1.0,
                "F1": 1.0,
                "norm2": 0.00010015089308617291,
                "norminf": 0.000888027292953697,
                "z": 0.0064306338300215374
            },
            "Q": {
                "Precision": 0.29,
                "Accuracy": 0.9609375,
                "Recall": 0.29,
                "F1": 0.29,
                "norm2": 0.00018311334920445988,
                "norminf": 0.0027021844728332424,
                "z": 0.02065194883805079
            },
            "U": {
                "Precision": 1.0,
                "Accuracy": 1.0,
                "Recall": 1.0,
                "F1": 1.0,
                "norm2": 0.0002573250974520164,
                "norminf": 0.0012372747420475627,
                "z": 0.0012703839990296894
            },
            "I": {
                "Precision": 0.555,
                "Accuracy": 0.9609375,
                "Recall": 0.6,
                "F1": 0.57,
                "norm2": 0.0002802398626528753,
                "norminf": 0.0018163531642092878,
                "z": 0.015908768891403496
            }
        }
    }
}