{
    "090neg": {
        "08": {
            "P": {
                "Precision": 0.145,
                "Accuracy": 0.9564285714285703,
                "Recall": 0.29,
                "F1": 0.19333333333333333,
                "norm2": 0.00013078100108825653,
                "norminf": 0.0018551969832226122,
                "z": 0.006940483309460412
            },
            "Q": {
                "Precision": 0.0,
                "Accuracy": 0.9642857142857127,
                "Recall": 0.0,
                "F1": 0.0,
                "norm2": 4.191872516705665e-05,
                "norminf": 0.0003185093993425248,
                "z": 0.0030728022466329687
            },
            "U": {
                "Precision": 0.0,
                "Accuracy": 0.9642857142857127,
                "Recall": 0.0,
                "F1": 0.0,
                "norm2": 0.0006285482030406429,
                "norminf": 0.002523632208589245,
                "z": 0.0025243310964838074
            },
            "I": {
                "Precision": 0.0,
                "Accuracy": 0.9557142857142847,
                "Recall": 0.0,
                "F1": 0.0,
                "norm2": 6.93629962155159e-05,
                "norminf": 0.0006841850287116635,
                "z": 0.0006321353419255146
            }
        },
        "10": {
            "P": {
                "Precision": 1.0,
                "Accuracy": 1.0,
                "Recall": 1.0,
                "F1": 1.0,
                "norm2": 0.00011789601998705197,
                "norminf": 0.0016701613041365281,
                "z": 0.00635931480063278
            },
            "Q": {
                "Precision": 0.0,
                "Accuracy": 0.9642857142857127,
                "Recall": 0.0,
                "F1": 0.0,
                "norm2": 0.00014785642556880603,
                "norminf": 0.00114848977234848,
                "z": 0.010721023384008377
            },
            "U": {
                "Precision": 0.0,
                "Accuracy": 0.9642857142857127,
                "Recall": 0.0,
                "F1": 0.0,
                "norm2": 0.0005892506954628638,
                "norminf": 0.0025756679671897274,
                "z": 0.0025756673698815635
            },
            "I": {
                "Precision": 0.0,
                "Accuracy": 0.8999999999999997,
                "Recall": 0.0,
                "F1": 0.0,
                "norm2": 0.00010452120315234257,
                "norminf": 0.001184618067149118,
                "z": 0.008283433517080501
            }
        },
        "13": {
            "P": {
                "Precision": 1.0,
                "Accuracy": 1.0,
                "Recall": 1.0,
                "F1": 1.0,
                "norm2": 0.00012903612762059323,
                "norminf": 0.0018794858510843271,
                "z": 0.007914727243465982
            },
            "Q": {
                "Precision": 0.295,
                "Accuracy": 0.9714285714285701,
                "Recall": 0.39,
                "F1": 0.3266666666666667,
                "norm2": 0.00021342014486532004,
                "norminf": 0.0019334501315868835,
                "z": 0.016608910017912634
            },
            "U": {
                "Precision": 1.0,
                "Accuracy": 1.0,
                "Recall": 1.0,
                "F1": 1.0,
                "norm2": 0.0002546885459406775,
                "norminf": 0.00128670514985461,
                "z": 0.0012867560407224343
            },
            "I": {
                "Precision": 0.0,
                "Accuracy": 0.8928571428571427,
                "Recall": 0.0,
                "F1": 0.0,
                "norm2": 0.00010745086403376684,
                "norminf": 0.0013488624577431053,
                "z": 0.024233887544271044
            }
        }
    },
    "090pos": {
        "08": {
            "P": {
                "Precision": 0.045,
                "Accuracy": 0.9614285714285701,
                "Recall": 0.09,
                "F1": 0.06,
                "norm2": 0.00010749488508984177,
                "norminf": 0.000602153342115972,
                "z": 0.007200574803099058
            },
            "Q": {
                "Precision": 0.0,
                "Accuracy": 0.9642857142857127,
                "Recall": 0.0,
                "F1": 0.0,
                "norm2": 4.843610932609971e-05,
                "norminf": 0.0006867842810433555,
                "z": 0.004948157108477112
            },
            "U": {
                "Precision": 0.0,
                "Accuracy": 0.9642857142857127,
                "Recall": 0.0,
                "F1": 0.0,
                "norm2": 0.0006426833445901326,
                "norminf": 0.002569436018480431,
                "z": 0.0025694455791531647
            },
            "I": {
                "Precision": 0.0,
                "Accuracy": 0.9642857142857127,
                "Recall": 0.0,
                "F1": 0.0,
                "norm2": 9.585450487852312e-05,
                "norminf": 0.0004631550902534687,
                "z": 0.0009914386482625717
            }
        },
        "10": {
            "P": {
                "Precision": 1.0,
                "Accuracy": 1.0,
                "Recall": 1.0,
                "F1": 1.0,
                "norm2": 0.00010336765699591227,
                "norminf": 0.00045907420304693746,
                "z": 0.0042303616342421815
            },
            "Q": {
                "Precision": 0.0,
                "Accuracy": 0.9642857142857127,
                "Recall": 0.0,
                "F1": 0.0,
                "norm2": 0.00011294951881931503,
                "norminf": 0.0016454670562407459,
                "z": 0.011960526196668009
            },
            "U": {
                "Precision": 0.0,
                "Accuracy": 0.9642857142857127,
                "Recall": 0.0,
                "F1": 0.0,
                "norm2": 0.000614710474025207,
                "norminf": 0.002630004366396177,
                "z": 0.00263002447679342
            },
            "I": {
                "Precision": 0.0,
                "Accuracy": 0.8928571428571427,
                "Recall": 0.0,
                "F1": 0.0,
                "norm2": 0.00014619252058189987,
                "norminf": 0.0007960881302221612,
                "z": 0.007932596946418518
            }
        },
        "13": {
            "P": {
                "Precision": 1.0,
                "Accuracy": 1.0,
                "Recall": 1.0,
                "F1": 1.0,
                "norm2": 0.00012067337045408954,
                "norminf": 0.0006423499934903721,
                "z": 0.006473223903593235
            },
            "Q": {
                "Precision": 0.0,
                "Accuracy": 0.9496428571428566,
                "Recall": 0.0,
                "F1": 0.0,
                "norm2": 0.00018367214325960477,
                "norminf": 0.0027372921989265997,
                "z": 0.021564367085215787
            },
            "U": {
                "Precision": 1.0,
                "Accuracy": 1.0,
                "Recall": 1.0,
                "F1": 1.0,
                "norm2": 0.00026191884055361855,
                "norminf": 0.001256413333102897,
                "z": 0.0012564213186389938
            },
            "I": {
                "Precision": 0.0,
                "Accuracy": 0.8928571428571427,
                "Recall": 0.0,
                "F1": 0.0,
                "norm2": 0.00019206789900385013,
                "norminf": 0.0013874798290151858,
                "z": 0.022017916091485592
            }
        }
    }
}