{
    "090neg": {
        "08": {
            "P": {
                "Precision": 0.0,
                "Accuracy": 0.9642857142857127,
                "Recall": 0.0,
                "F1": 0.0,
                "norm2": 6.258902417603153e-05,
                "norminf": 0.0007898427760615067,
                "z": 0.0027040583524350482
            },
            "Q": {
                "Precision": 0.0,
                "Accuracy": 0.9642857142857127,
                "Recall": 0.0,
                "F1": 0.0,
                "norm2": 1.7287069482960325e-05,
                "norminf": 0.0001276394552972282,
                "z": 0.0012413481271455213
            },
            "U": {
                "Precision": 0.0,
                "Accuracy": 0.9642857142857127,
                "Recall": 0.0,
                "F1": 0.0,
                "norm2": 0.00027601667470136246,
                "norminf": 0.0011070154749017757,
                "z": 0.001107708894505748
            },
            "I": {
                "Precision": 0.0,
                "Accuracy": 0.9642857142857127,
                "Recall": 0.0,
                "F1": 0.0,
                "norm2": 3.617524314412886e-05,
                "norminf": 0.0003682784864809752,
                "z": 0.00028410179169937114
            }
        },
        "10": {
            "P": {
                "Precision": 0.35,
                "Accuracy": 0.976785714285713,
                "Recall": 0.35,
                "F1": 0.35,
                "norm2": 0.00015017838849380903,
                "norminf": 0.0020651491816882305,
                "z": 0.007894462493604266
            },
            "Q": {
                "Precision": 0.0,
                "Accuracy": 0.9642857142857127,
                "Recall": 0.0,
                "F1": 0.0,
                "norm2": 6.266978717386238e-05,
                "norminf": 0.0004712908012271988,
                "z": 0.004441864210337943
            },
            "U": {
                "Precision": 0.0,
                "Accuracy": 0.9642857142857127,
                "Recall": 0.0,
                "F1": 0.0,
                "norm2": 0.0002526947162792743,
                "norminf": 0.0011016859966389192,
                "z": 0.0011016871262502304
            },
            "I": {
                "Precision": 0.0,
                "Accuracy": 0.9642857142857127,
                "Recall": 0.0,
                "F1": 0.0,
                "norm2": 9.616692735135891e-05,
                "norminf": 0.001121697583707343,
                "z": 0.0033475363717833284
            }
        },
        "13": {
            "P": {
                "Precision": 1.0,
                "Accuracy": 1.0,
                "Recall": 1.0,
                "F1": 1.0,
                "norm2": 0.00013119465304573734,
                "norminf": 0.0019120597821524067,
                "z": 0.008048031742357234
            },
            "Q": {
                "Precision": 0.0,
                "Accuracy": 0.9642857142857127,
                "Recall": 0.0,
                "F1": 0.0,
                "norm2": 9.270636738216511e-05,
                "norminf": 0.0008197523975807142,
                "z": 0.007098815231329065
            },
            "U": {
                "Precision": 0.43,
                "Accuracy": 0.979642857142856,
                "Recall": 0.43,
                "F1": 0.43,
                "norm2": 0.0002303329638416268,
                "norminf": 0.0011642866302636523,
                "z": 0.0011643375213125217
            },
            "I": {
                "Precision": 0.0,
                "Accuracy": 0.9389285714285717,
                "Recall": 0.0,
                "F1": 0.0,
                "norm2": 0.00010638098139261402,
                "norminf": 0.0014540153804866395,
                "z": 0.009709428389000817
            }
        }
    },
    "090pos": {
        "08": {
            "P": {
                "Precision": 0.0,
                "Accuracy": 0.9642857142857127,
                "Recall": 0.0,
                "F1": 0.0,
                "norm2": 4.776610181325169e-05,
                "norminf": 0.00021390938232489275,
                "z": 0.0027404098289844064
            },
            "Q": {
                "Precision": 0.0,
                "Accuracy": 0.9642857142857127,
                "Recall": 0.0,
                "F1": 0.0,
                "norm2": 2.04554092921775e-05,
                "norminf": 0.0002857509602879982,
                "z": 0.002038127017983941
            },
            "U": {
                "Precision": 0.0,
                "Accuracy": 0.9642857142857127,
                "Recall": 0.0,
                "F1": 0.0,
                "norm2": 0.00027257901208375035,
                "norminf": 0.0010892453079542096,
                "z": 0.0010892550125667943
            },
            "I": {
                "Precision": 0.0,
                "Accuracy": 0.9642857142857127,
                "Recall": 0.0,
                "F1": 0.0,
                "norm2": 4.214735000266825e-05,
                "norminf": 0.0002039269929812426,
                "z": 0.0004331002270959422
            }
        },
        "10": {
            "P": {
                "Precision": 0.18,
                "Accuracy": 0.9707142857142844,
                "Recall": 0.18,
                "F1": 0.18,
                "norm2": 0.00016201488547671152,
                "norminf": 0.0007200107792078136,
                "z": 0.006940193592738179
            },
            "Q": {
                "Precision": 0.0,
                "Accuracy": 0.9642857142857127,
                "Recall": 0.0,
                "F1": 0.0,
                "norm2": 4.656747808319734e-05,
                "norminf": 0.0006736067797313194,
                "z": 0.004866314938211587
            },
            "U": {
                "Precision": 0.0,
                "Accuracy": 0.9642857142857127,
                "Recall": 0.0,
                "F1": 0.0,
                "norm2": 0.00026376472486132357,
                "norminf": 0.001127363944838964,
                "z": 0.00112738380158659
            },
            "I": {
                "Precision": 0.0,
                "Accuracy": 0.9642857142857127,
                "Recall": 0.0,
                "F1": 0.0,
                "norm2": 0.0001325734790245097,
                "norminf": 0.0005695443296436608,
                "z": 0.0031566899912324987
            }
        },
        "13": {
            "P": {
                "Precision": 1.0,
                "Accuracy": 1.0,
                "Recall": 1.0,
                "F1": 1.0,
                "norm2": 0.00012192106018181888,
                "norminf": 0.0006501911581140929,
                "z": 0.006590857507989003
            },
            "Q": {
                "Precision": 0.0,
                "Accuracy": 0.9642857142857127,
                "Recall": 0.0,
                "F1": 0.0,
                "norm2": 7.556579279457623e-05,
                "norminf": 0.0011256137879133354,
                "z": 0.00881134345036445
            },
            "U": {
                "Precision": 0.57,
                "Accuracy": 0.9846428571428564,
                "Recall": 0.57,
                "F1": 0.57,
                "norm2": 0.00024250111505789353,
                "norminf": 0.0011633357258995969,
                "z": 0.0011633437251252366
            },
            "I": {
                "Precision": 0.0,
                "Accuracy": 0.9360714285714292,
                "Recall": 0.0,
                "F1": 0.0,
                "norm2": 0.00014087795189535052,
                "norminf": 0.0008838870369000684,
                "z": 0.008892217907353096
            }
        }
    }
}