{
    "090neg": {
        "08": {
            "P": {
                "Precision": 0.8,
                "Accuracy": 0.9928571428571422,
                "Recall": 0.8,
                "F1": 0.8,
                "norm2": 6.836185558988038e-05,
                "norminf": 0.0007328389972878313,
                "z": 0.002342120769819212
            },
            "Q": {
                "Precision": 0.0,
                "Accuracy": 0.9642857142857127,
                "Recall": 0.0,
                "F1": 0.0,
                "norm2": 4.02007641225232e-05,
                "norminf": 0.0002753251815462843,
                "z": 0.0027636087698187173
            },
            "U": {
                "Precision": 0.0,
                "Accuracy": 0.9642857142857127,
                "Recall": 0.0,
                "F1": 0.0,
                "norm2": 0.0006200242184391556,
                "norminf": 0.0024870238232481655,
                "z": 0.002486333158633418
            },
            "I": {
                "Precision": 0.0,
                "Accuracy": 0.9599999999999989,
                "Recall": 0.0,
                "F1": 0.0,
                "norm2": 7.913139620142158e-05,
                "norminf": 0.0008792669015701382,
                "z": 0.0006880041166700174
            }
        },
        "10": {
            "P": {
                "Precision": 1.0,
                "Accuracy": 1.0,
                "Recall": 1.0,
                "F1": 1.0,
                "norm2": 9.287049348692721e-05,
                "norminf": 0.0011644347166512691,
                "z": 0.004098788489422186
            },
            "Q": {
                "Precision": 0.0,
                "Accuracy": 0.9642857142857127,
                "Recall": 0.0,
                "F1": 0.0,
                "norm2": 0.00014094097320818463,
                "norminf": 0.0009816920434888167,
                "z": 0.00950228731867771
            },
            "U": {
                "Precision": 0.0,
                "Accuracy": 0.9642857142857127,
                "Recall": 0.0,
                "F1": 0.0,
                "norm2": 0.0005963647376781959,
                "norminf": 0.0026109164573293697,
                "z": 0.0026109169879720696
            },
            "I": {
                "Precision": 0.0,
                "Accuracy": 0.870714285714286,
                "Recall": 0.0,
                "F1": 0.0,
                "norm2": 0.0001571979326451255,
                "norminf": 0.0022245514722542504,
                "z": 0.008921974855035224
            }
        },
        "13": {
            "P": {
                "Precision": 1.0,
                "Accuracy": 1.0,
                "Recall": 1.0,
                "F1": 1.0,
                "norm2": 0.00011650274521089446,
                "norminf": 0.0016580580941285294,
                "z": 0.006680064819809683
            },
            "Q": {
                "Precision": 0.0,
                "Accuracy": 0.9642857142857127,
                "Recall": 0.0,
                "F1": 0.0,
                "norm2": 0.0001995681678951142,
                "norminf": 0.0016825093832329263,
                "z": 0.014762375145632915
            },
            "U": {
                "Precision": 0.0,
                "Accuracy": 0.9642857142857127,
                "Recall": 0.0,
                "F1": 0.0,
                "norm2": 0.0005921133433125265,
                "norminf": 0.0030021946961372547,
                "z": 0.003002143718316733
            },
            "I": {
                "Precision": 0.0,
                "Accuracy": 0.8928571428571427,
                "Recall": 0.0,
                "F1": 0.0,
                "norm2": 0.00013084438464816255,
                "norminf": 0.001716805400976258,
                "z": 0.02453319562911016
            }
        }
    },
    "090pos": {
        "08": {
            "P": {
                "Precision": 0.42,
                "Accuracy": 0.9792857142857134,
                "Recall": 0.42,
                "F1": 0.42,
                "norm2": 8.791499510393228e-05,
                "norminf": 0.00039098170933046463,
                "z": 0.003987155312691622
            },
            "Q": {
                "Precision": 0.0,
                "Accuracy": 0.9642857142857127,
                "Recall": 0.0,
                "F1": 0.0,
                "norm2": 4.569585970910941e-05,
                "norminf": 0.0006143691576788423,
                "z": 0.004272369056428457
            },
            "U": {
                "Precision": 0.0,
                "Accuracy": 0.9642857142857127,
                "Recall": 0.0,
                "F1": 0.0,
                "norm2": 0.000634726496560019,
                "norminf": 0.0025305141638872364,
                "z": 0.00253050749411047
            },
            "I": {
                "Precision": 0.0,
                "Accuracy": 0.9642857142857127,
                "Recall": 0.0,
                "F1": 0.0,
                "norm2": 0.00010300885553589385,
                "norminf": 0.0004744806145825642,
                "z": 0.0010618620840098388
            }
        },
        "10": {
            "P": {
                "Precision": 1.0,
                "Accuracy": 1.0,
                "Recall": 1.0,
                "F1": 1.0,
                "norm2": 9.795754257409082e-05,
                "norminf": 0.00043351405572801706,
                "z": 0.003563000200284149
            },
            "Q": {
                "Precision": 0.0,
                "Accuracy": 0.9642857142857127,
                "Recall": 0.0,
                "F1": 0.0,
                "norm2": 0.0001061376839838125,
                "norminf": 0.0014978885707398538,
                "z": 0.010625253463896207
            },
            "U": {
                "Precision": 0.0,
                "Accuracy": 0.9642857142857127,
                "Recall": 0.0,
                "F1": 0.0,
                "norm2": 0.000618309192219299,
                "norminf": 0.0026423537926737596,
                "z": 0.002642332882013967
            },
            "I": {
                "Precision": 0.0,
                "Accuracy": 0.9092857142857147,
                "Recall": 0.0,
                "F1": 0.0,
                "norm2": 0.0001525899137670357,
                "norminf": 0.0007141892750545953,
                "z": 0.00817761289415459
            }
        },
        "13": {
            "P": {
                "Precision": 1.0,
                "Accuracy": 1.0,
                "Recall": 1.0,
                "F1": 1.0,
                "norm2": 0.00011318218808482524,
                "norminf": 0.0005188111905228898,
                "z": 0.005560244117150817
            },
            "Q": {
                "Precision": 0.51,
                "Accuracy": 0.9824999999999993,
                "Recall": 0.51,
                "F1": 0.51,
                "norm2": 0.0001627791390476973,
                "norminf": 0.002415519646417403,
                "z": 0.01877191392291826
            },
            "U": {
                "Precision": 1.0,
                "Accuracy": 1.0,
                "Recall": 1.0,
                "F1": 1.0,
                "norm2": 0.0002617971722143432,
                "norminf": 0.0012518677439637726,
                "z": 0.001251859769470771
            },
            "I": {
                "Precision": 0.0,
                "Accuracy": 0.922500000000001,
                "Recall": 0.0,
                "F1": 0.0,
                "norm2": 0.00018992950665343958,
                "norminf": 0.0011844818093165422,
                "z": 0.023112661189125038
            }
        }
    }
}