{
    "090neg": {
        "08": {
            "P": {
                "Precision": 0.0,
                "Accuracy": 0.9714285714285715,
                "Recall": 0.0,
                "F1": 0.0,
                "norm2": 1.9617364597840216e-05,
                "norminf": 0.00023704375909662677,
                "z": 0.0007708538266218001
            },
            "Q": {
                "Precision": 0.0,
                "Accuracy": 0.9714285714285715,
                "Recall": 0.0,
                "F1": 0.0,
                "norm2": 5.457038411659033e-06,
                "norminf": 4.432497089018828e-05,
                "z": 0.00038818505681983306
            },
            "U": {
                "Precision": 0.0,
                "Accuracy": 0.9714285714285715,
                "Recall": 0.0,
                "F1": 0.0,
                "norm2": 7.782218260478678e-05,
                "norminf": 0.0003139861298524038,
                "z": 0.00031660490604520697
            },
            "I": {
                "Precision": 0.0,
                "Accuracy": 0.9714285714285715,
                "Recall": 0.0,
                "F1": 0.0,
                "norm2": 1.1426666124057523e-05,
                "norminf": 0.00011724962121766768,
                "z": 9.068141436427642e-05
            }
        },
        "10": {
            "P": {
                "Precision": 0.0,
                "Accuracy": 0.9714285714285715,
                "Recall": 0.0,
                "F1": 0.0,
                "norm2": 5.6170681685837037e-05,
                "norminf": 0.0007339006486524314,
                "z": 0.002686046292414612
            },
            "Q": {
                "Precision": 0.0,
                "Accuracy": 0.9714285714285715,
                "Recall": 0.0,
                "F1": 0.0,
                "norm2": 1.9100682594692754e-05,
                "norminf": 0.00016007307818418192,
                "z": 0.00140676508880252
            },
            "U": {
                "Precision": 0.0,
                "Accuracy": 0.9714285714285715,
                "Recall": 0.0,
                "F1": 0.0,
                "norm2": 7.755475442931565e-05,
                "norminf": 0.0003430905502350734,
                "z": 0.00034402694215156183
            },
            "I": {
                "Precision": 0.0,
                "Accuracy": 0.9714285714285715,
                "Recall": 0.0,
                "F1": 0.0,
                "norm2": 3.236348372618704e-05,
                "norminf": 0.0003812753769760591,
                "z": 0.0011495709127087954
            }
        },
        "13": {
            "P": {
                "Precision": 0.23,
                "Accuracy": 0.9780000000000002,
                "Recall": 0.23,
                "F1": 0.23,
                "norm2": 6.425485161433344e-05,
                "norminf": 0.0009231533104781275,
                "z": 0.003799317784413045
            },
            "Q": {
                "Precision": 0.0,
                "Accuracy": 0.9714285714285715,
                "Recall": 0.0,
                "F1": 0.0,
                "norm2": 2.596551998583265e-05,
                "norminf": 0.00025441103171098157,
                "z": 0.0020647608571720995
            },
            "U": {
                "Precision": 0.0,
                "Accuracy": 0.9714285714285715,
                "Recall": 0.0,
                "F1": 0.0,
                "norm2": 6.916040391615875e-05,
                "norminf": 0.0003580109226888728,
                "z": 0.0003592939489900759
            },
            "I": {
                "Precision": 0.0,
                "Accuracy": 0.9714285714285715,
                "Recall": 0.0,
                "F1": 0.0,
                "norm2": 3.9208819467812544e-05,
                "norminf": 0.0005363332431541412,
                "z": 0.0029833253939553594
            }
        }
    },
    "090pos": {
        "08": {
            "P": {
                "Precision": 0.0,
                "Accuracy": 0.9714285714285715,
                "Recall": 0.0,
                "F1": 0.0,
                "norm2": 1.3779864396194584e-05,
                "norminf": 6.218445716775322e-05,
                "z": 0.0007915016785551361
            },
            "Q": {
                "Precision": 0.0,
                "Accuracy": 0.9714285714285715,
                "Recall": 0.0,
                "F1": 0.0,
                "norm2": 5.60612355444585e-06,
                "norminf": 7.715137420129637e-05,
                "z": 0.0005610515396328581
            },
            "U": {
                "Precision": 0.0,
                "Accuracy": 0.9714285714285715,
                "Recall": 0.0,
                "F1": 0.0,
                "norm2": 8.479697259627685e-05,
                "norminf": 0.000338480277778137,
                "z": 0.00033957788384497256
            },
            "I": {
                "Precision": 0.0,
                "Accuracy": 0.9714285714285715,
                "Recall": 0.0,
                "F1": 0.0,
                "norm2": 1.1948746245295018e-05,
                "norminf": 6.419489535264056e-05,
                "z": 0.0001337927416387728
            }
        },
        "10": {
            "P": {
                "Precision": 0.0,
                "Accuracy": 0.9714285714285715,
                "Recall": 0.0,
                "F1": 0.0,
                "norm2": 5.16178037673233e-05,
                "norminf": 0.00023170773874494843,
                "z": 0.0022436999845618063
            },
            "Q": {
                "Precision": 0.0,
                "Accuracy": 0.9714285714285715,
                "Recall": 0.0,
                "F1": 0.0,
                "norm2": 1.5684755352059452e-05,
                "norminf": 0.00022368579478012406,
                "z": 0.0016082475013012298
            },
            "U": {
                "Precision": 0.0,
                "Accuracy": 0.9714285714285715,
                "Recall": 0.0,
                "F1": 0.0,
                "norm2": 7.186062000441823e-05,
                "norminf": 0.00030959731429782035,
                "z": 0.00031067586627563814
            },
            "I": {
                "Precision": 0.0,
                "Accuracy": 0.9714285714285715,
                "Recall": 0.0,
                "F1": 0.0,
                "norm2": 3.64305055623939e-05,
                "norminf": 0.00017242214153566414,
                "z": 0.0009335559654954388
            }
        },
        "13": {
            "P": {
                "Precision": 0.32,
                "Accuracy": 0.9805714285714288,
                "Recall": 0.32,
                "F1": 0.32,
                "norm2": 6.073560073302902e-05,
                "norminf": 0.0003710339878792546,
                "z": 0.003482044803696448
            },
            "Q": {
                "Precision": 0.0,
                "Accuracy": 0.9714285714285715,
                "Recall": 0.0,
                "F1": 0.0,
                "norm2": 2.5037605139702925e-05,
                "norminf": 0.0003701979162538227,
                "z": 0.002862264491997666
            },
            "U": {
                "Precision": 0.0,
                "Accuracy": 0.9714285714285715,
                "Recall": 0.0,
                "F1": 0.0,
                "norm2": 6.96978075766568e-05,
                "norminf": 0.00034080079219980905,
                "z": 0.0003422075879795905
            },
            "I": {
                "Precision": 0.0,
                "Accuracy": 0.9714285714285715,
                "Recall": 0.0,
                "F1": 0.0,
                "norm2": 4.8856031167010705e-05,
                "norminf": 0.00033675670344846865,
                "z": 0.0026908713111262355
            }
        }
    }
}