{
    "090neg": {
        "08": {
            "P": {
                "Precision": 0.0,
                "Accuracy": 0.9678125,
                "Recall": 0.0,
                "F1": 0.0,
                "norm2": 5.674472393329674e-05,
                "norminf": 0.0007615958126114275,
                "z": 0.0027567066676736185
            },
            "Q": {
                "Precision": 0.0,
                "Accuracy": 0.96875,
                "Recall": 0.0,
                "F1": 0.0,
                "norm2": 1.8983552808244243e-05,
                "norminf": 0.0001223022841640653,
                "z": 0.0016559979383645748
            },
            "U": {
                "Precision": 0.0,
                "Accuracy": 0.96875,
                "Recall": 0.0,
                "F1": 0.0,
                "norm2": 0.00026222105715504316,
                "norminf": 0.001050064188801303,
                "z": 0.0010688474163934748
            },
            "I": {
                "Precision": 0.0,
                "Accuracy": 0.96875,
                "Recall": 0.0,
                "F1": 0.0,
                "norm2": 4.102120341578732e-05,
                "norminf": 0.00039912040810348047,
                "z": 0.0002768832788450665
            }
        },
        "10": {
            "P": {
                "Precision": 0.0,
                "Accuracy": 0.95125,
                "Recall": 0.0,
                "F1": 0.0,
                "norm2": 0.0001776453110593583,
                "norminf": 0.002485134080222545,
                "z": 0.010189797183760754
            },
            "Q": {
                "Precision": 0.0,
                "Accuracy": 0.96875,
                "Recall": 0.0,
                "F1": 0.0,
                "norm2": 6.391969364005532e-05,
                "norminf": 0.0004229720218701194,
                "z": 0.004352034640459457
            },
            "U": {
                "Precision": 0.0,
                "Accuracy": 0.96875,
                "Recall": 0.0,
                "F1": 0.0,
                "norm2": 0.00024780696897927913,
                "norminf": 0.001075573788465347,
                "z": 0.0011331378928219381
            },
            "I": {
                "Precision": 0.0,
                "Accuracy": 0.96875,
                "Recall": 0.0,
                "F1": 0.0,
                "norm2": 0.00011430619950560161,
                "norminf": 0.0012805326424841946,
                "z": 0.003505916563724297
            }
        },
        "13": {
            "P": {
                "Precision": 1.0,
                "Accuracy": 1.0,
                "Recall": 1.0,
                "F1": 1.0,
                "norm2": 0.00010909353364020759,
                "norminf": 0.0016033871386531694,
                "z": 0.0068343089871876475
            },
            "Q": {
                "Precision": 0.0,
                "Accuracy": 0.96875,
                "Recall": 0.0,
                "F1": 0.0,
                "norm2": 8.949923109254708e-05,
                "norminf": 0.0007344357888483378,
                "z": 0.0065286722531410135
            },
            "U": {
                "Precision": 0.55,
                "Accuracy": 0.9859375,
                "Recall": 0.55,
                "F1": 0.55,
                "norm2": 0.00023236403565258628,
                "norminf": 0.0011630809302091939,
                "z": 0.0011621527164676238
            },
            "I": {
                "Precision": 0.0,
                "Accuracy": 0.9425,
                "Recall": 0.0,
                "F1": 0.0,
                "norm2": 0.00012827288506191812,
                "norminf": 0.0017460915579428815,
                "z": 0.009520056608300926
            }
        }
    },
    "090pos": {
        "08": {
            "P": {
                "Precision": 0.0,
                "Accuracy": 0.96875,
                "Recall": 0.0,
                "F1": 0.0,
                "norm2": 4.197772255439149e-05,
                "norminf": 0.0002160852389694945,
                "z": 0.0028567500372749938
            },
            "Q": {
                "Precision": 0.0,
                "Accuracy": 0.96875,
                "Recall": 0.0,
                "F1": 0.0,
                "norm2": 2.3110452726434545e-05,
                "norminf": 0.0002986676266554067,
                "z": 0.002030209253956203
            },
            "U": {
                "Precision": 0.0,
                "Accuracy": 0.96875,
                "Recall": 0.0,
                "F1": 0.0,
                "norm2": 0.00027273934635390224,
                "norminf": 0.0010874125663748147,
                "z": 0.001109258795811583
            },
            "I": {
                "Precision": 0.0,
                "Accuracy": 0.96875,
                "Recall": 0.0,
                "F1": 0.0,
                "norm2": 5.0088302196704786e-05,
                "norminf": 0.00021983956278705862,
                "z": 0.00044714489955731336
            }
        },
        "10": {
            "P": {
                "Precision": 0.23,
                "Accuracy": 0.9759375,
                "Recall": 0.23,
                "F1": 0.23,
                "norm2": 0.00011747035029870397,
                "norminf": 0.000584276013438132,
                "z": 0.0058952354547092654
            },
            "Q": {
                "Precision": 0.0,
                "Accuracy": 0.96875,
                "Recall": 0.0,
                "F1": 0.0,
                "norm2": 5.01599727930762e-05,
                "norminf": 0.0006876616495022358,
                "z": 0.004637442200097599
            },
            "U": {
                "Precision": 0.0,
                "Accuracy": 0.96875,
                "Recall": 0.0,
                "F1": 0.0,
                "norm2": 0.00025503293529371003,
                "norminf": 0.0010932334910720854,
                "z": 0.0010989732638371796
            },
            "I": {
                "Precision": 0.0,
                "Accuracy": 0.96875,
                "Recall": 0.0,
                "F1": 0.0,
                "norm2": 0.00015685406674388315,
                "norminf": 0.000693713262993616,
                "z": 0.0030951346919610143
            }
        },
        "13": {
            "P": {
                "Precision": 0.97,
                "Accuracy": 0.998125,
                "Recall": 1.0,
                "F1": 0.9800000000000001,
                "norm2": 0.0001018783094734932,
                "norminf": 0.0008971560888504815,
                "z": 0.006603939761927757
            },
            "Q": {
                "Precision": 0.0,
                "Accuracy": 0.96875,
                "Recall": 0.0,
                "F1": 0.0,
                "norm2": 7.748502716477441e-05,
                "norminf": 0.0011344128809180766,
                "z": 0.008277724822980732
            },
            "U": {
                "Precision": 0.51,
                "Accuracy": 0.9846875,
                "Recall": 0.51,
                "F1": 0.51,
                "norm2": 0.00023493104220980015,
                "norminf": 0.0011315249150332196,
                "z": 0.0011142279214397654
            },
            "I": {
                "Precision": 0.055,
                "Accuracy": 0.9440625,
                "Recall": 0.11,
                "F1": 0.07333333333333333,
                "norm2": 0.0001795729605015141,
                "norminf": 0.0009977771404317904,
                "z": 0.008662065171464166
            }
        }
    }
}