{
  "irrad_LV0101": 84.3476976405145,
  "irrad_LV0102": -141.28742123852237,
  "irrad_LV0103": 25.289016024852973,
  "irrad_LV0201": -50.76061527647302,
  "irrad_LV0202": 5.838870116385165,
  "irrad_LV0203": 62.64286296371638
}