{
  "irrad_LV0101": 471.73043974827834,
  "irrad_LV0102": 482.831881859222,
  "irrad_LV0103": 491.05337476943004,
  "irrad_LV0201": 459.55247745540976,
  "irrad_LV0202": 444.05961015641367,
  "irrad_LV0203": 484.78292410794035
}