{
  "irrad_LV0101": 409.4269680325963,
  "irrad_LV0102": 366.9687475920728,
  "irrad_LV0103": 359.183888840509,
  "irrad_LV0201": 433.9108472453269,
  "irrad_LV0202": 431.680469984467,
  "irrad_LV0203": 399.6868763797682
}