{
  "irrad_LV0101": 586.7384535724266,
  "irrad_LV0102": 449.60035800076804,
  "irrad_LV0103": 360.6128942423135,
  "irrad_LV0201": 430.9852646378336,
  "irrad_LV0202": 409.93758257874845,
  "irrad_LV0203": 420.5847590453625
}