{
  "irrad_LV0101": 336.1600099208069,
  "irrad_LV0102": 311.2019814949696,
  "irrad_LV0103": 407.72221123564617,
  "irrad_LV0201": 380.3881814328533,
  "irrad_LV0202": 391.9293052617039,
  "irrad_LV0203": 488.32225408620246
}