{
  "irrad_LV0101": 440.0371025935889,
  "irrad_LV0102": 402.5662739686417,
  "irrad_LV0103": 371.9366053897389,
  "irrad_LV0201": 413.0019459043931,
  "irrad_LV0202": 391.5018560722221,
  "irrad_LV0203": 440.38872487064805
}