{
  "P_LV0101": 0.10082850475441865,
  "Q_LV0101": -1.2456214717372291e-15,
  "U_LV0101": 1.0026546609255416,
  "I_LV0101_MV0101": 0.058059236774718456,
  "P_LV0102": 0.09334254386219863,
  "Q_LV0102": -4.756228174895707e-16,
  "U_LV0102": 1.0026100375347669,
  "I_LV0102_MV0102": 0.05375105056617397,
  "P_LV0103": 0.12229301434082004,
  "Q_LV0103": 1.5892020378601266e-17,
  "U_LV0103": 1.003433801908821,
  "I_LV0103_MV0103": 0.0703642877241831,
  "P_LV0201": 0.114094390850246,
  "Q_LV0201": -3.49199835714132e-16,
  "U_LV0201": 1.0032740778874816,
  "I_LV0201_MV0201": 0.06565745963368105,
  "P_LV0202": 0.11755605858140394,
  "Q_LV0202": -3.6556882387152876e-16,
  "U_LV0202": 1.0035428566240652,
  "I_LV0202_MV0202": 0.06763141366494724,
  "P_LV0203": 0.14646835216782148,
  "Q_LV0203": 5.388289384377476e-16,
  "U_LV0203": 1.004367464411409,
  "I_LV0203_MV0203": 0.08419582030308952,
  "P_POIMV_MV0101": -0.31545252746150254,
  "Q_POIMV_MV0101": 0.0034501574070873176,
  "U_POIMV": 0.9998496662596773,
  "I_POIMV_MV0101": 0.18216487999095266,
  "P_POIMV_MV0201": -0.37657624967641823,
  "Q_POIMV_MV0201": 0.00524153835681318,
  "I_POIMV_MV0201": 0.21747015195998792,
  "P_POI_POIMV": -0.6920187771376728,
  "Q_POI_POIMV": 0.014364242507326708,
  "U_POI": 0.9999960981446723,
  "I_POI_POIMV": 0.39962484829519124
}