{
  "P_LV0101": 0.12280434249923754,
  "Q_LV0101": 7.718688651787999e-16,
  "U_LV0101": 1.0032109587245346,
  "I_LV0101_MV0101": 0.12241128491595517,
  "P_LV0102": 0.11006933906274909,
  "Q_LV0102": 8.888467231839803e-16,
  "U_LV0102": 1.0030374822881265,
  "I_LV0102_MV0102": 0.10973601785215363,
  "P_LV0103": 0.1077343329808851,
  "Q_LV0103": -3.8720753744548393e-16,
  "U_LV0103": 1.003051907903128,
  "I_LV0103_MV0103": 0.10740653811835409,
  "P_LV0201": 0.13014808612950746,
  "Q_LV0201": 6.921546669147398e-17,
  "U_LV0201": 1.0036693475218055,
  "I_LV0201_MV0201": 0.12967227349411495,
  "P_LV0202": 0.1294791023193757,
  "Q_LV0202": 6.91821212125165e-16,
  "U_LV0202": 1.0038235551592702,
  "I_LV0202_MV0202": 0.12898591754885855,
  "P_LV0203": 0.1198828799559772,
  "Q_LV0203": -5.480546689270174e-16,
  "U_LV0203": 1.003663859905279,
  "I_LV0203_MV0203": 0.11944524929620479,
  "P_POIMV_MV0101": -0.33945573382220573,
  "Q_POIMV_MV0101": 0.004137360715503746,
  "U_POIMV": 0.9998378169876232,
  "I_POIMV_MV0101": 0.339536013387929,
  "P_POIMV_MV0201": -0.3779820806562384,
  "Q_POIMV_MV0201": 0.005207467829450252,
  "I_POIMV_MV0201": 0.37807926869104663,
  "P_POI_POIMV": -0.7174278144782033,
  "Q_POI_POIMV": 0.015484142619698105,
  "U_POI": 0.9999957939931358,
  "I_POI_POIMV": 0.7175979092707407
}