{
  "P_LV0101": 0.1414917702381329,
  "Q_LV0101": 6.301759824015493e-16,
  "U_LV0101": 1.0036306343996193,
  "I_LV0101_MV0101": 0.1409799236775734,
  "P_LV0102": 0.14482155895668952,
  "Q_LV0102": -1.1032841307213675e-16,
  "U_LV0102": 1.0039130917238226,
  "I_LV0102_MV0102": 0.144257067818506,
  "P_LV0103": 0.14728752996014294,
  "Q_LV0103": -1.2144212569827834e-15,
  "U_LV0103": 1.0040748254501548,
  "I_LV0103_MV0103": 0.14668979465161855,
  "P_LV0201": 0.1378390879061836,
  "Q_LV0201": 4.143796398069511e-16,
  "U_LV0201": 1.0038189802344062,
  "I_LV0201_MV0201": 0.13731468583508571,
  "P_LV0202": 0.13319212634616812,
  "Q_LV0202": -2.619578251717825e-16,
  "U_LV0202": 1.003893483780787,
  "I_LV0202_MV0202": 0.13267555621991897,
  "P_LV0203": 0.1454067584653917,
  "Q_LV0203": 4.534709201882994e-16,
  "U_LV0203": 1.0042971410724262,
  "I_LV0203_MV0203": 0.14478459862000692,
  "P_POIMV_MV0101": -0.43173395789881397,
  "Q_POIMV_MV0101": 0.0074600328875931154,
  "U_POIMV": 0.9997574878395412,
  "I_POIMV_MV0101": 0.43190314668776264,
  "P_POIMV_MV0201": -0.4145947953072664,
  "Q_POIMV_MV0201": 0.006585903840402807,
  "I_POIMV_MV0201": 0.41474768242592475,
  "P_POI_POIMV": -0.8463187532050499,
  "Q_POI_POIMV": 0.022813440753452596,
  "U_POI": 0.9999938046386998,
  "I_POI_POIMV": 0.8466314230875536
}