{
  "P_LV0101": 0.000103,
  "Q_LV0101": 0.000340,
  "U_LV0101": 0.002512,
  "I_LV0101_MV0101": 0.000053,
  "P_LV0102": 0.000088,
  "Q_LV0102": 0.000294,
  "U_LV0102": 0.002510,
  "I_LV0102_MV0102": 0.000047,
  "P_LV0103": 0.000075,
  "Q_LV0103": 0.000253,
  "U_LV0103": 0.002508,
  "I_LV0103_MV0103": 0.000040,
  "P_LV0201": 0.000085,
  "Q_LV0201": 0.000286,
  "U_LV0201": 0.002510,
  "I_LV0201_MV0201": 0.000045,
  "P_LV0202": 0.000083,
  "Q_LV0202": 0.000277,
  "U_LV0202": 0.002510,
  "I_LV0202_MV0202": 0.000044,
  "P_LV0203": 0.000084,
  "Q_LV0203": 0.000281,
  "U_LV0203": 0.002510,
  "I_LV0203_MV0203": 0.000045,
  "P_POIMV_MV0101": 0.000269,
  "Q_POIMV_MV0101": 0.000897,
  "U_POIMV": 0.002500,
  "I_POIMV_MV0101": 0.000143,
  "P_POIMV_MV0201": 0.000251,
  "Q_POIMV_MV0201": 0.000841,
  "I_POIMV_MV0201": 0.000134,
  "P_POI_POI_MV": 0.000520,
  "Q_POI_POI_MV": 0.001739,
  "U_POI": 0.002500,
  "I_POI_POI_MV": 0.000277
}
