{
  "irrad_LV0101": 1079.1104147899082,
  "irrad_LV0102": 1098.3793134274974,
  "irrad_LV0103": 1270.1101669438474,
  "irrad_LV0201": 1134.5990497297328,
  "irrad_LV0202": 1138.9837215030373,
  "irrad_LV0203": 1068.8875376499873
}