{
  "irrad_LV0101": 1092.1700806434364,
  "irrad_LV0102": 1169.5692210188101,
  "irrad_LV0103": 1232.3124259929107,
  "irrad_LV0201": 1113.3222718751065,
  "irrad_LV0202": 1143.2981194986808,
  "irrad_LV0203": 1186.994472527619
}