{
  "P_LV0101": 0.3283119545238804,
  "Q_LV0101": -6.803128899262062e-16,
  "U_LV0101": 1.006873414914439,
  "I_LV0101_MV0101": 0.3260707350702862,
  "P_LV0102": 0.31325391376634454,
  "Q_LV0102": -7.790523887054272e-17,
  "U_LV0102": 1.0069940935644028,
  "I_LV0102_MV0102": 0.31107820370379385,
  "P_LV0103": 0.3498141414969966,
  "Q_LV0103": -8.184268579246634e-16,
  "U_LV0103": 1.0079984727310405,
  "I_LV0103_MV0103": 0.3470383646011097,
  "P_LV0201": 0.3235789821475232,
  "Q_LV0201": 3.4874470673018906e-16,
  "U_LV0201": 1.007420605877938,
  "I_LV0201_MV0201": 0.32119551680753383,
  "P_LV0202": 0.326431660978257,
  "Q_LV0202": 3.0588264569594287e-16,
  "U_LV0202": 1.0079174234401584,
  "I_LV0202_MV0202": 0.3238674651184237,
  "P_LV0203": 0.32824535574151775,
  "Q_LV0203": -4.7790196950463553e-17,
  "U_LV0203": 1.008174484532406,
  "I_LV0203_MV0203": 0.3255838753881564,
  "P_POIMV_MV0101": -0.9816696739605959,
  "Q_POIMV_MV0101": 0.04415293067654602,
  "U_POIMV": 0.998510802450512,
  "I_POIMV_MV0101": 0.9841276744042203,
  "P_POIMV_MV0201": -0.9681790601907778,
  "Q_POIMV_MV0201": 0.0429801348054184,
  "I_POIMV_MV0201": 0.9705779762543745,
  "P_POI_POIMV": -1.9498387341506371,
  "Q_POI_POIMV": 0.13631801675683164,
  "U_POI": 0.9999629969556814,
  "I_POI_POIMV": 1.9546704181050876
}