{
  "P_LV0101": 0.3236705330114055,
  "Q_LV0101": -1.631518460669939e-17,
  "U_LV0101": 1.0067054708094718,
  "I_LV0101_MV0101": 0.3215146260714651,
  "P_LV0102": 0.32945008495260836,
  "Q_LV0102": -1.1608260823930824e-17,
  "U_LV0102": 1.0072885829262859,
  "I_LV0102_MV0102": 0.32706623557225184,
  "P_LV0103": 0.36296183811482474,
  "Q_LV0103": -1.135843144415966e-15,
  "U_LV0103": 1.0082273280967358,
  "I_LV0103_MV0103": 0.3599999999999999,
  "P_LV0201": 0.34031390499715836,
  "Q_LV0201": 3.8626695288860187e-16,
  "U_LV0201": 1.0077197505376119,
  "I_LV0201_MV0201": 0.33770689203580967,
  "P_LV0202": 0.3416290522059096,
  "Q_LV0202": 5.898573154918199e-16,
  "U_LV0202": 1.008188278486053,
  "I_LV0202_MV0202": 0.33885441786619186,
  "P_LV0203": 0.32060426282492743,
  "Q_LV0203": 8.403418758552966e-16,
  "U_LV0203": 1.0079580710308342,
  "I_LV0203_MV0203": 0.318073015177156,
  "P_POIMV_MV0101": -1.0058656282681113,
  "Q_POIMV_MV0101": 0.04646732503442763,
  "U_POIMV": 0.9984330396495389,
  "I_POIMV_MV0101": 1.0085186755242168,
  "P_POIMV_MV0201": -0.9919737450334196,
  "Q_POIMV_MV0201": 0.04523504389101163,
  "I_POIMV_MV0201": 0.9945630329889604,
  "P_POI_POIMV": -1.9978293733014296,
  "Q_POI_POIMV": 0.14338032449677485,
  "U_POI": 0.9999610801170714,
  "I_POI_POIMV": 2.0030457868756195
}