{
  "P_LV0101": 0.000136,
  "Q_LV0101": 0.000432,
  "U_LV0101": 0.002520,
  "I_LV0101_MV0101": 0.000065,
  "P_LV0102": 0.000159,
  "Q_LV0102": 0.000502,
  "U_LV0102": 0.002524,
  "I_LV0102_MV0102": 0.000075,
  "P_LV0103": 0.000144,
  "Q_LV0103": 0.000456,
  "U_LV0103": 0.002522,
  "I_LV0103_MV0103": 0.000068,
  "P_LV0201": 0.000142,
  "Q_LV0201": 0.000449,
  "U_LV0201": 0.002522,
  "I_LV0201_MV0201": 0.000067,
  "P_LV0202": 0.000147,
  "Q_LV0202": 0.000464,
  "U_LV0202": 0.002524,
  "I_LV0202_MV0202": 0.000069,
  "P_LV0203": 0.000148,
  "Q_LV0203": 0.000469,
  "U_LV0203": 0.002525,
  "I_LV0203_MV0203": 0.000070,
  "P_POIMV_MV0101": 0.000440,
  "Q_POIMV_MV0101": 0.001377,
  "U_POIMV": 0.002500,
  "I_POIMV_MV0101": 0.000207,
  "P_POIMV_MV0201": 0.000437,
  "Q_POIMV_MV0201": 0.001368,
  "I_POIMV_MV0201": 0.000206,
  "P_POI_POI_MV": 0.000876,
  "Q_POI_POI_MV": 0.002745,
  "U_POI": 0.002500,
  "I_POI_POI_MV": 0.000413
}
