{
  "P_LV0101": 0.000460,
  "Q_LV0101": 0.000784,
  "U_LV0101": 0.002525,
  "I_LV0101_MV0101": 0.000203,
  "P_LV0102": 0.000481,
  "Q_LV0102": 0.000888,
  "U_LV0102": 0.002526,
  "I_LV0102_MV0102": 0.000226,
  "P_LV0103": 0.000444,
  "Q_LV0103": 0.000698,
  "U_LV0103": 0.002525,
  "I_LV0103_MV0103": 0.000185,
  "P_LV0201": 0.000459,
  "Q_LV0201": 0.000779,
  "U_LV0201": 0.002525,
  "I_LV0201_MV0201": 0.000202,
  "P_LV0202": 0.000468,
  "Q_LV0202": 0.000822,
  "U_LV0202": 0.002526,
  "I_LV0202_MV0202": 0.000211,
  "P_LV0203": 0.000462,
  "Q_LV0203": 0.000793,
  "U_LV0203": 0.002526,
  "I_LV0203_MV0203": 0.000205,
  "P_POIMV_MV0101": 0.001369,
  "Q_POIMV_MV0101": 0.002363,
  "U_POIMV": 0.002507,
  "I_POIMV_MV0101": 0.000615,
  "P_POIMV_MV0201": 0.001376,
  "Q_POIMV_MV0201": 0.002387,
  "I_POIMV_MV0201": 0.000620,
  "P_POI_POIMV": 0.002722,
  "Q_POI_POIMV": 0.004748,
  "U_POI": 0.002500,
  "I_POI_POIMV": 0.001236
}
