{
  "irrad_LV0101": -4.038581586458666,
  "irrad_LV0102": -51.430764961632015,
  "irrad_LV0103": -21.7247341232509,
  "irrad_LV0201": -142.5299527218951,
  "irrad_LV0202": 19.781855829325607,
  "irrad_LV0203": -39.153722125452525
}