{
  "P_LV0101": 0.05571571127665513,
  "Q_LV0101": 0.019703238786450764,
  "U_LV0101": 1.0058822368786533,
  "I_LV0101_MV0101": 0.05875143293687107,
  "P_LV0102": 0.06317410170865038,
  "Q_LV0102": 0.019703238786451194,
  "U_LV0102": 1.0061711149721293,
  "I_LV0102_MV0102": 0.0657695375394722,
  "P_LV0103": 0.0426349906770925,
  "Q_LV0103": 0.019703238786450545,
  "U_LV0103": 1.0056640659507887,
  "I_LV0103_MV0103": 0.0467031194102949,
  "P_LV0201": 0.03658333256730887,
  "Q_LV0201": 0.019703238786451062,
  "U_LV0201": 1.0054619612142672,
  "I_LV0201_MV0201": 0.04132614746234538,
  "P_LV0202": 0.03671238161309,
  "Q_LV0202": 0.019703238786450725,
  "U_LV0202": 1.0055376737121315,
  "I_LV0202_MV0202": 0.041436072855081045,
  "P_LV0203": 0.04068209687238511,
  "Q_LV0203": 0.019703238786450323,
  "U_LV0203": 1.0056817163008345,
  "I_LV0203_MV0203": 0.04494695401689474,
  "P_POIMV_MV0101": -0.16122758044957664,
  "Q_POIMV_MV0101": -0.05899030811406192,
  "U_POIMV": 1.001578571764582,
  "I_POIMV_MV0101": 0.17140990280560248,
  "P_POIMV_MV0201": -0.11380265706316095,
  "Q_POIMV_MV0201": -0.05989908368599117,
  "I_POIMV_MV0201": 0.12840113916101834,
  "P_POI_POIMV": -0.275020237512274,
  "Q_POI_POIMV": -0.11829011975487447,
  "U_POI": 1.0000319838315543,
  "I_POI_POIMV": 0.2993709244575202
}