{
  "P_LV0101": 0.000288,
  "Q_LV0101": 0.000594,
  "U_LV0101": 0.002515,
  "I_LV0101_MV0101": 0.000149,
  "P_LV0102": 0.000304,
  "Q_LV0102": 0.000666,
  "U_LV0102": 0.002515,
  "I_LV0102_MV0102": 0.000164,
  "P_LV0103": 0.000280,
  "Q_LV0103": 0.000500,
  "U_LV0103": 0.002514,
  "I_LV0103_MV0103": 0.000134,
  "P_LV0201": 0.000277,
  "Q_LV0201": 0.000447,
  "U_LV0201": 0.002514,
  "I_LV0201_MV0201": 0.000125,
  "P_LV0202": 0.000277,
  "Q_LV0202": 0.000448,
  "U_LV0202": 0.002514,
  "I_LV0202_MV0202": 0.000125,
  "P_LV0203": 0.000279,
  "Q_LV0203": 0.000483,
  "U_LV0203": 0.002514,
  "I_LV0203_MV0203": 0.000131,
  "P_POIMV_MV0101": 0.000858,
  "Q_POIMV_MV0101": 0.001741,
  "U_POIMV": 0.002504,
  "I_POIMV_MV0101": 0.000442,
  "P_POIMV_MV0201": 0.000840,
  "Q_POIMV_MV0201": 0.001375,
  "I_POIMV_MV0201": 0.000382,
  "P_POI_POIMV": 0.001688,
  "Q_POI_POIMV": 0.003144,
  "U_POI": 0.002500,
  "I_POI_POIMV": 0.000832
}
