{
  "P_LV0101": -0.04067429283075419,
  "Q_LV0101": 0.0031370505644478922,
  "U_LV0101": 0.9995730054166445,
  "I_LV0101_MV0101": 0.0408125144602979,
  "P_LV0102": 0.0030883555957307743,
  "Q_LV0102": 0.003137050564446866,
  "U_LV0102": 1.000816454075634,
  "I_LV0102_MV0102": 0.004398570343994421,
  "P_LV0103": 0.008665966183188701,
  "Q_LV0103": 0.0031370505644484534,
  "U_LV0103": 1.00097823476365,
  "I_LV0103_MV0103": 0.009207286083932743,
  "P_LV0201": -0.005496721094864425,
  "Q_LV0201": 0.0031370505644466675,
  "U_LV0201": 1.00057888183161,
  "I_LV0201_MV0201": 0.006325242684532905,
  "P_LV0202": 0.009215537320300051,
  "Q_LV0202": 0.0031370505644474017,
  "U_LV0202": 1.0009919425743405,
  "I_LV0202_MV0202": 0.009725198529887237,
  "P_LV0203": -0.006477198816886048,
  "Q_LV0203": 0.003137050564448669,
  "U_LV0203": 1.000553895822006,
  "I_LV0203_MV0203": 0.007192903455146444,
  "P_POIMV_MV0101": 0.02896965383456518,
  "Q_POIMV_MV0101": -0.010439029185818072,
  "U_POIMV": 1.0002915365980165,
  "I_POIMV_MV0101": 0.03078411176322258,
  "P_POIMV_MV0201": 0.0027637691551944954,
  "Q_POIMV_MV0201": -0.010942300122678716,
  "I_POIMV_MV0201": 0.011282646718679965,
  "P_POI_POIMV": 0.03174342299035939,
  "Q_POI_POIMV": -0.021928183568888926,
  "U_POI": 1.0000059296743038,
  "I_POI_POIMV": 0.038580726864709716
}