{
  "irrad_LV0101": -3.1737734031354186,
  "irrad_LV0102": -84.6067173509366,
  "irrad_LV0103": 55.946515244169746,
  "irrad_LV0201": 30.113011820566303,
  "irrad_LV0202": 9.11030056927121,
  "irrad_LV0203": 50.42540465134442
}