{
  "P_LV0101": 0.000162,
  "Q_LV0101": 0.000053,
  "U_LV0101": 0.002496,
  "I_LV0101_MV0101": 0.000045,
  "P_LV0102": 0.000145,
  "Q_LV0102": 0.000339,
  "U_LV0102": 0.002494,
  "I_LV0102_MV0102": 0.000091,
  "P_LV0103": 0.000127,
  "Q_LV0103": 0.000238,
  "U_LV0103": 0.002497,
  "I_LV0103_MV0103": 0.000067,
  "P_LV0201": 0.000139,
  "Q_LV0201": 0.000165,
  "U_LV0201": 0.002497,
  "I_LV0201_MV0201": 0.000056,
  "P_LV0202": 0.000160,
  "Q_LV0202": 0.000076,
  "U_LV0202": 0.002496,
  "I_LV0202_MV0202": 0.000047,
  "P_LV0203": 0.000124,
  "Q_LV0203": 0.000217,
  "U_LV0203": 0.002497,
  "I_LV0203_MV0203": 0.000062,
  "P_POIMV_MV0101": 0.000461,
  "Q_POIMV_MV0101": 0.000250,
  "U_POIMV": 0.002499,
  "I_POIMV_MV0101": 0.000139,
  "P_POIMV_MV0201": 0.000400,
  "Q_POIMV_MV0201": 0.000500,
  "I_POIMV_MV0201": 0.000166,
  "P_POI_POIMV": 0.000912,
  "Q_POI_POIMV": 0.000469,
  "U_POI": 0.002500,
  "I_POI_POIMV": 0.000272
}
