{
  "irrad_LV0101": 905.7368064498039,
  "irrad_LV0102": 920.4303514905228,
  "irrad_LV0103": 887.7083419762223,
  "irrad_LV0201": 939.4283923190712,
  "irrad_LV0202": 889.2673780779895,
  "irrad_LV0203": 874.5909821871178
}