{
  "P_LV0101": 0.09993181043300374,
  "Q_LV0101": -0.012376406409819296,
  "U_LV0101": 1.0002485813452726,
  "I_LV0101_MV0101": 0.10067026894270958,
  "P_LV0102": 0.07217183770883054,
  "Q_LV0102": -0.008285032390044323,
  "U_LV0102": 0.9998631361690359,
  "I_LV0102_MV0102": 0.06071947927529517,
  "P_LV0103": 0.07916808728264575,
  "Q_LV0103": -0.012478690760313672,
  "U_LV0103": 0.9998305647962882,
  "I_LV0103_MV0103": 0.0801590979738409,
  "P_LV0201": 0.06321172860552335,
  "Q_LV0201": -0.008182748039549948,
  "U_LV0201": 0.9999752854598564,
  "I_LV0201_MV0201": 0.06374073125371045,
  "P_LV0202": 0.06198431639959086,
  "Q_LV0202": -0.008182748039549948,
  "U_LV0202": 1.0000214453443828,
  "I_LV0202_MV0202": 0.06252075807396419,
  "P_LV0203": 0.062393453801568355,
  "Q_LV0203": -0.008182748039549948,
  "U_LV0203": 1.0000717327956885,
  "I_LV0203_MV0203": 0.06292322619216748,
  "P_POIMV_MV0101": -0.23864209753448146,
  "Q_POIMV_MV0101": 0.034706651365676425,
  "U_POIMV": 0.999218026641858,
  "I_POIMV_MV0101": 0.24134137618103257,
  "P_POIMV_MV0201": -0.18720702871725,
  "Q_POIMV_MV0201": 0.02468538069882226,
  "I_POIMV_MV0201": 0.18897531302181025,
  "P_POI_POIMV": -0.42584912625172383,
  "Q_POI_POIMV": 0.06123713460471311,
  "U_POI": 1.0,
  "I_POI_POIMV": 0.43022954917573053
}