{
  "P_LV0101": 0.25775656324582336,
  "Q_LV0101": -0.01104670985339243,
  "U_LV0101": 1.0039859098624195,
  "I_LV0101_MV0101": 0.2569689149315226,
  "P_LV0102": 0.201418342993522,
  "Q_LV0102": -0.007466757586089328,
  "U_LV0102": 1.0026406174719233,
  "I_LV0102_MV0102": 0.1675721228203447,
  "P_LV0103": 0.241800204568701,
  "Q_LV0103": -0.011148994203886806,
  "U_LV0103": 1.0040358963087808,
  "I_LV0103_MV0103": 0.24108410817881226,
  "P_LV0201": 0.17122400272758267,
  "Q_LV0201": -0.007466757586089328,
  "U_LV0201": 1.0027449303418277,
  "I_LV0201_MV0201": 0.1709175742120353,
  "P_LV0202": 0.1707125809751108,
  "Q_LV0202": -0.007364473235594954,
  "U_LV0202": 1.0029735398796773,
  "I_LV0202_MV0202": 0.17036477092961633,
  "P_LV0203": 0.17204227753153767,
  "Q_LV0203": -0.007364473235594954,
  "U_LV0203": 1.0031196562932785,
  "I_LV0203_MV0203": 0.17166429429175534,
  "P_POIMV_MV0101": -0.6628653508458384,
  "Q_POIMV_MV0101": 0.04974559037897888,
  "U_POIMV": 0.9988105170535642,
  "I_POIMV_MV0101": 0.665520967087439,
  "P_POIMV_MV0201": -0.5111654901753763,
  "Q_POIMV_MV0201": 0.0330777624591876,
  "I_POIMV_MV0201": 0.5128446309516859,
  "P_POI_POIMV": -1.1740308410324398,
  "Q_POI_POIMV": 0.10033712566088804,
  "U_POI": 1.0,
  "I_POI_POIMV": 1.1783106358177484
}