{
  "P_LV0101": 0.203545857483805,
  "Q_LV0101": -0.015342652574156153,
  "U_LV0101": 1.0020416078754273,
  "I_LV0101_MV0101": 0.20370738853141393,
  "P_LV0102": 0.15649505625639276,
  "Q_LV0102": -0.010228435049437436,
  "U_LV0102": 1.001169699630253,
  "I_LV0102_MV0102": 0.13066021380370127,
  "P_LV0103": 0.18360040913740197,
  "Q_LV0103": -0.015342652574156153,
  "U_LV0103": 1.0018857792445945,
  "I_LV0103_MV0103": 0.18389356910274565,
  "P_LV0201": 0.1339924991476304,
  "Q_LV0201": -0.010228435049437436,
  "U_LV0201": 1.0012807884578263,
  "I_LV0201_MV0201": 0.13421043517779815,
  "P_LV0202": 0.13266280259120353,
  "Q_LV0202": -0.01033071939993181,
  "U_LV0202": 1.001406529072093,
  "I_LV0202_MV0202": 0.13287753547451084,
  "P_LV0203": 0.1339924991476304,
  "Q_LV0203": -0.01033071939993181,
  "U_LV0203": 1.0015269202676043,
  "I_LV0203_MV0203": 0.13418526416892973,
  "P_POIMV_MV0101": -0.5148064641146641,
  "Q_POIMV_MV0101": 0.052600068510003394,
  "U_POIMV": 0.9987689950333604,
  "I_POIMV_MV0101": 0.5181244925909101,
  "P_POIMV_MV0201": -0.3989263397549201,
  "Q_POIMV_MV0201": 0.03694675608808455,
  "I_POIMV_MV0201": 0.4011273971649409,
  "P_POI_POIMV": -0.9137328038718461,
  "Q_POI_POIMV": 0.09998367060635574,
  "U_POI": 1.0,
  "I_POI_POIMV": 0.9191867988931444
}