{
  "P_LV0101": 0.2843504943743607,
  "Q_LV0101": -0.0070576201841118305,
  "U_LV0101": 1.0052498718032012,
  "I_LV0101_MV0101": 0.2829526015882243,
  "P_LV0102": 0.2296488237299693,
  "Q_LV0102": -0.004705080122741221,
  "U_LV0102": 1.0037571117452033,
  "I_LV0102_MV0102": 0.19071531134283837,
  "P_LV0103": 0.28700988748721445,
  "Q_LV0103": -0.0070576201841118305,
  "U_LV0103": 1.0058146077354502,
  "I_LV0103_MV0103": 0.28543694453851115,
  "P_LV0201": 0.19260143198090693,
  "Q_LV0201": -0.004705080122741221,
  "U_LV0201": 1.0037996798644797,
  "I_LV0201_MV0201": 0.19192962273094757,
  "P_LV0202": 0.19352199113535629,
  "Q_LV0202": -0.004705080122741221,
  "U_LV0202": 1.0040815654549078,
  "I_LV0202_MV0202": 0.1927922854188165,
  "P_LV0203": 0.19556767814524378,
  "Q_LV0203": -0.004705080122741221,
  "U_LV0203": 1.0042608759831233,
  "I_LV0203_MV0203": 0.19479427448207934,
  "P_POIMV_MV0101": -0.7568213086170476,
  "Q_POIMV_MV0101": 0.04531726893131519,
  "U_POIMV": 0.9988945686819364,
  "I_POIMV_MV0101": 0.7590158979665874,
  "P_POIMV_MV0201": -0.5780991048256822,
  "Q_POIMV_MV0201": 0.028435300971664836,
  "I_POIMV_MV0201": 0.579438543799371,
  "P_POI_POIMV": -1.3349204134766544,
  "Q_POI_POIMV": 0.09651248752345981,
  "U_POI": 1.0,
  "I_POI_POIMV": 1.3384047110514246
}