{
  "P_LV0101": 0.25540402318445277,
  "Q_LV0101": -0.010637572451414933,
  "U_LV0101": 1.0039878259076351,
  "I_LV0101_MV0101": 0.2546101137307897,
  "P_LV0102": 0.2076781452437777,
  "Q_LV0102": -0.007159904534606205,
  "U_LV0102": 1.0028261789035657,
  "I_LV0102_MV0102": 0.17272501270285606,
  "P_LV0103": 0.26307534947153083,
  "Q_LV0103": -0.010637572451414933,
  "U_LV0103": 1.0046197180849763,
  "I_LV0103_MV0103": 0.26207959535267783,
  "P_LV0201": 0.17367882713944768,
  "Q_LV0201": -0.007159904534606205,
  "U_LV0201": 1.0028497134059424,
  "I_LV0201_MV0201": 0.17333240025117003,
  "P_LV0202": 0.17531537674735764,
  "Q_LV0202": -0.007159904534606205,
  "U_LV0202": 1.0031227433649008,
  "I_LV0202_MV0202": 0.17491530597511956,
  "P_LV0203": 0.17695192635526763,
  "Q_LV0203": -0.007159904534606205,
  "U_LV0203": 1.0032795113034534,
  "I_LV0203_MV0203": 0.17651782846228892,
  "P_POIMV_MV0101": -0.6866618447649901,
  "Q_POIMV_MV0101": 0.050084335668919164,
  "U_POIMV": 0.9988006304653786,
  "I_POIMV_MV0101": 0.6893127098278234,
  "P_POIMV_MV0201": -0.5230005303223549,
  "Q_POIMV_MV0201": 0.032942702394894316,
  "I_POIMV_MV0201": 0.5246662677733024,
  "P_POI_POIMV": -1.2096623751025986,
  "Q_POI_POIMV": 0.10165019536790647,
  "U_POI": 1.0,
  "I_POI_POIMV": 1.213925790135951
}