{
  "P_LV0101": 0.050119331742243436,
  "Q_LV0101": -0.007364473235594954,
  "U_LV0101": 0.999952764051413,
  "I_LV0101_MV0101": 0.05065989770428423,
  "P_LV0102": 0.034244800545516534,
  "Q_LV0102": -0.005011933174224344,
  "U_LV0102": 0.9997360408591632,
  "I_LV0102_MV0102": 0.028981756563296667,
  "P_LV0103": 0.035185816570064775,
  "Q_LV0103": -0.007466757586089328,
  "U_LV0103": 0.9995961922490161,
  "I_LV0103_MV0103": 0.035983879497375644,
  "P_LV0201": 0.030685305148312306,
  "Q_LV0201": -0.005011933174224344,
  "U_LV0201": 0.9998048876998149,
  "I_LV0201_MV0201": 0.031097985909848358,
  "P_LV0202": 0.029457892942379816,
  "Q_LV0202": -0.004909648823729969,
  "U_LV0202": 0.9998226740206606,
  "I_LV0202_MV0202": 0.02986952396695293,
  "P_LV0203": 0.029867030344357313,
  "Q_LV0203": -0.005011933174224344,
  "U_LV0203": 0.9998380934617557,
  "I_LV0203_MV0203": 0.030289536194535387,
  "P_POIMV_MV0101": -0.11370342462909101,
  "Q_POIMV_MV0101": 0.01922944516653639,
  "U_POIMV": 0.9995739592237857,
  "I_POIMV_MV0101": 0.11536714768295393,
  "P_POIMV_MV0201": -0.08992128462068254,
  "Q_POIMV_MV0201": 0.013771904344198517,
  "I_POIMV_MV0201": 0.0910085638233685,
  "P_POI_POIMV": -0.20362471835134682,
  "Q_POI_POIMV": 0.03298998871843026,
  "U_POI": 1.0,
  "I_POI_POIMV": 0.20627982276341886
}