{
  "P_LV0101": 0.157927037163314,
  "Q_LV0101": -0.015751789976133652,
  "U_LV0101": 1.00095812699376,
  "I_LV0101_MV0101": 0.15855872282993114,
  "P_LV0102": 0.11881350153426523,
  "Q_LV0102": -0.010535288100920559,
  "U_LV0102": 1.0003488950621484,
  "I_LV0102_MV0102": 0.09953544971018977,
  "P_LV0103": 0.136345039209001,
  "Q_LV0103": -0.015751789976133652,
  "U_LV0103": 1.0006580873927926,
  "I_LV0103_MV0103": 0.13716165222397825,
  "P_LV0201": 0.10269348789635185,
  "Q_LV0201": -0.010535288100920559,
  "U_LV0201": 1.000464308159573,
  "I_LV0201_MV0201": 0.10318456971346363,
  "P_LV0202": 0.10146607569041936,
  "Q_LV0202": -0.010535288100920559,
  "U_LV0202": 1.0005636009837076,
  "I_LV0202_MV0202": 0.10195409091684371,
  "P_LV0203": 0.10259120354585748,
  "Q_LV0203": -0.010535288100920559,
  "U_LV0203": 1.0006582930909458,
  "I_LV0203_MV0203": 0.10306288378552093,
  "P_POIMV_MV0101": -0.3916806343594486,
  "Q_POIMV_MV0101": 0.04832068804097992,
  "U_POIMV": 0.9988858957831932,
  "I_POIMV_MV0101": 0.3950901535203767,
  "P_POIMV_MV0201": -0.3057353292848872,
  "Q_POIMV_MV0201": 0.034541642053219766,
  "I_POIMV_MV0201": 0.30802355094105865,
  "P_POI_POIMV": -0.6974159636444867,
  "Q_POI_POIMV": 0.08873339642976395,
  "U_POI": 1.0,
  "I_POI_POIMV": 0.7030381511611796
}