{
  "P_LV0101": 0.1452437777020116,
  "Q_LV0101": -0.015342652574156153,
  "U_LV0101": 1.000751322552721,
  "I_LV0101_MV0101": 0.14594223132912246,
  "P_LV0102": 0.1089942038868053,
  "Q_LV0102": -0.01012615069894306,
  "U_LV0102": 1.0002304584906614,
  "I_LV0102_MV0102": 0.09137016754025175,
  "P_LV0103": 0.12386634844868735,
  "Q_LV0103": -0.015342652574156153,
  "U_LV0103": 1.0004291281026498,
  "I_LV0103_MV0103": 0.12475939932964521,
  "P_LV0201": 0.0945107398568019,
  "Q_LV0201": -0.010228435049437436,
  "U_LV0201": 1.0003317803419582,
  "I_LV0201_MV0201": 0.09503108587573558,
  "P_LV0202": 0.09318104330037504,
  "Q_LV0202": -0.01012615069894306,
  "U_LV0202": 1.0004311766598921,
  "I_LV0202_MV0202": 0.0936892452192136,
  "P_LV0203": 0.09379474940334129,
  "Q_LV0203": -0.010228435049437436,
  "U_LV0203": 1.000492765953039,
  "I_LV0203_MV0203": 0.0943043429533846,
  "P_POIMV_MV0101": -0.35859369863716056,
  "Q_POIMV_MV0101": 0.04588007685611206,
  "U_POIMV": 0.9989468924399147,
  "I_POIMV_MV0101": 0.3618979526998106,
  "P_POIMV_MV0201": -0.2806303493310308,
  "Q_POIMV_MV0201": 0.03281506896600082,
  "I_POIMV_MV0201": 0.28284028587529947,
  "P_POI_POIMV": -0.6392240479679533,
  "Q_POI_POIMV": 0.08354171558850988,
  "U_POI": 1.0,
  "I_POI_POIMV": 0.6446600668135167
}