{
  "P_LV0101": 0.19290828503239005,
  "Q_LV0101": -0.016058643027616774,
  "U_LV0101": 1.0016778736129879,
  "I_LV0101_MV0101": 0.19325128041683645,
  "P_LV0102": 0.1469212410501193,
  "Q_LV0102": -0.010637572451414933,
  "U_LV0102": 1.0008868219098768,
  "I_LV0102_MV0102": 0.12278672551670632,
  "P_LV0103": 0.17204227753153767,
  "Q_LV0103": -0.016058643027616774,
  "U_LV0103": 1.0014737811540708,
  "I_LV0103_MV0103": 0.17253583907699022,
  "P_LV0201": 0.12591203545857485,
  "Q_LV0201": -0.010637572451414933,
  "U_LV0201": 1.0009950461443116,
  "I_LV0201_MV0201": 0.12623498003680186,
  "P_LV0202": 0.1251960450051142,
  "Q_LV0202": -0.010637572451414933,
  "U_LV0202": 1.0011392880527998,
  "I_LV0202_MV0202": 0.12550416988913568,
  "P_LV0203": 0.1256051824070917,
  "Q_LV0203": -0.010739856801909307,
  "U_LV0203": 1.0012166096628055,
  "I_LV0203_MV0203": 0.1259103176370651,
  "P_POIMV_MV0101": -0.48493717673393116,
  "Q_POIMV_MV0101": 0.05301085539565743,
  "U_POIMV": 0.9987683915691282,
  "I_POIMV_MV0101": 0.48842756164211615,
  "P_POIMV_MV0201": -0.3751886072516594,
  "Q_POIMV_MV0201": 0.03720208584642743,
  "I_POIMV_MV0201": 0.3774934192910438,
  "P_POI_POIMV": -0.8601257839869477,
  "Q_POI_POIMV": 0.09941013125474232,
  "U_POI": 1.0,
  "I_POI_POIMV": 0.8658514528920344
}