{
  "P_LV0101": 0.22840095465393795,
  "Q_LV0101": -0.013092396863279917,
  "U_LV0101": 1.0029741146261972,
  "I_LV0101_MV0101": 0.22809749991712547,
  "P_LV0102": 0.1870576201841118,
  "Q_LV0102": -0.00869416979202182,
  "U_LV0102": 1.0021086730864235,
  "I_LV0102_MV0102": 0.15579509648599638,
  "P_LV0103": 0.23760654619843163,
  "Q_LV0103": -0.013092396863279917,
  "U_LV0103": 1.003598015410714,
  "I_LV0103_MV0103": 0.23711383673235062,
  "P_LV0201": 0.15618820320490964,
  "Q_LV0201": -0.00869416979202182,
  "U_LV0201": 1.002120672309138,
  "I_LV0201_MV0201": 0.15609896049074715,
  "P_LV0202": 0.15680190930787588,
  "Q_LV0202": -0.00869416979202182,
  "U_LV0202": 1.0023425648714346,
  "I_LV0202_MV0202": 0.15667573337333174,
  "P_LV0203": 0.15762018411183087,
  "Q_LV0203": -0.00869416979202182,
  "U_LV0203": 1.0024662902896628,
  "I_LV0203_MV0203": 0.15747141259142847,
  "P_POIMV_MV0101": -0.6179264930123661,
  "Q_POIMV_MV0101": 0.05220415507791655,
  "U_POIMV": 0.9987704811860204,
  "I_POIMV_MV0101": 0.6208911459375072,
  "P_POIMV_MV0201": -0.4682455750524247,
  "Q_POIMV_MV0201": 0.03498067111307008,
  "I_POIMV_MV0201": 0.4701284187100711,
  "P_POI_POIMV": -1.0861720680714086,
  "Q_POI_POIMV": 0.10211767847420497,
  "U_POI": 1.0,
  "I_POI_POIMV": 1.0909618607978384
}