{
  "P_LV0101": 0.2960109103307194,
  "Q_LV0101": -0.005114217524718718,
  "U_LV0101": 1.0058554229291572,
  "I_LV0101_MV0101": 0.29433165024228025,
  "P_LV0102": 0.23676781452437776,
  "Q_LV0102": -0.003375383566314354,
  "U_LV0102": 1.0041734121966583,
  "I_LV0102_MV0102": 0.19651524274965865,
  "P_LV0103": 0.2940675076713263,
  "Q_LV0103": -0.005216501875213092,
  "U_LV0103": 1.0063201800720873,
  "I_LV0103_MV0103": 0.2922665946444529,
  "P_LV0201": 0.19884077736106376,
  "Q_LV0201": -0.003375383566314354,
  "U_LV0201": 1.0042257934214358,
  "I_LV0201_MV0201": 0.19803257961766343,
  "P_LV0202": 0.19976133651551312,
  "Q_LV0202": -0.003375383566314354,
  "U_LV0202": 1.0045173060904193,
  "I_LV0202_MV0202": 0.19889139822526938,
  "P_LV0203": 0.2023184452778725,
  "Q_LV0203": -0.003375383566314354,
  "U_LV0203": 1.0047134975951104,
  "I_LV0203_MV0203": 0.20139731420460744,
  "P_POIMV_MV0101": -0.7810932254532115,
  "Q_POIMV_MV0101": 0.041991453243576365,
  "U_POIMV": 0.998966385014471,
  "I_POIMV_MV0101": 0.7830304902152578,
  "P_POIMV_MV0201": -0.5970914510387848,
  "Q_POIMV_MV0201": 0.02549323030734497,
  "I_POIMV_MV0201": 0.5982537928336726,
  "P_POI_POIMV": -1.378184676534177,
  "Q_POI_POIMV": 0.09176126428012246,
  "U_POI": 1.0,
  "I_POI_POIMV": 1.381236088529365
}