{
  "P_LV0101": 0.0323218547562223,
  "Q_LV0101": -0.006853051483123082,
  "U_LV0101": 0.9995777769808405,
  "I_LV0101_MV0101": 0.03305433380895986,
  "P_LV0102": 0.03019434026593931,
  "Q_LV0102": -0.004602795772246846,
  "U_LV0102": 0.9997380903770335,
  "I_LV0102_MV0102": 0.025586174367577805,
  "P_LV0103": 0.04295942720763723,
  "Q_LV0103": -0.006955335833617457,
  "U_LV0103": 0.9999199593144575,
  "I_LV0103_MV0103": 0.04352231894549186,
  "P_LV0201": 0.023934538015683602,
  "Q_LV0201": -0.004602795772246846,
  "U_LV0201": 0.9996988033161998,
  "I_LV0201_MV0201": 0.024380439456852525,
  "P_LV0202": 0.0243436754176611,
  "Q_LV0202": -0.004602795772246846,
  "U_LV0202": 0.9997400161601653,
  "I_LV0202_MV0202": 0.024781435015271677,
  "P_LV0203": 0.024548244118649847,
  "Q_LV0203": -0.004602795772246846,
  "U_LV0203": 0.9997606252844794,
  "I_LV0203_MV0203": 0.024982008531071864,
  "P_POIMV_MV0101": -0.10033382600240352,
  "Q_POIMV_MV0101": 0.0176500463516762,
  "U_POIMV": 0.9996119240283521,
  "I_POIMV_MV0101": 0.10191398669421663,
  "P_POIMV_MV0201": -0.07276769565502987,
  "Q_POIMV_MV0201": 0.012512928631602605,
  "I_POIMV_MV0201": 0.0738643671489119,
  "P_POI_POIMV": -0.17310152660466055,
  "Q_POI_POIMV": 0.029999389632259062,
  "U_POI": 1.0,
  "I_POI_POIMV": 0.1756818200360302
}