{
  "P_LV0101": 0.23750426184793727,
  "Q_LV0101": -0.013296965564268666,
  "U_LV0101": 1.0031454100211015,
  "I_LV0101_MV0101": 0.23713032194645764,
  "P_LV0102": 0.18460279577224684,
  "Q_LV0102": -0.00889873849301057,
  "U_LV0102": 1.0020064623230986,
  "I_LV0102_MV0102": 0.15378426294685268,
  "P_LV0103": 0.22032049096488235,
  "Q_LV0103": -0.013296965564268666,
  "U_LV0103": 1.0031344165701912,
  "I_LV0103_MV0103": 0.22003170996718702,
  "P_LV0201": 0.15700647800886466,
  "Q_LV0201": -0.00889873849301057,
  "U_LV0201": 1.002105840559939,
  "I_LV0201_MV0201": 0.15692798972068858,
  "P_LV0202": 0.156290487555404,
  "Q_LV0202": -0.00889873849301057,
  "U_LV0202": 1.0022948247308727,
  "I_LV0202_MV0202": 0.15618519941755593,
  "P_LV0203": 0.15813160586430278,
  "Q_LV0203": -0.00889873849301057,
  "U_LV0203": 1.002443954138083,
  "I_LV0203_MV0203": 0.15799565874931737,
  "P_POIMV_MV0101": -0.6078355046966728,
  "Q_POIMV_MV0101": 0.05221700683592506,
  "U_POIMV": 0.9987635092848131,
  "I_POIMV_MV0101": 0.6108295564329004,
  "P_POIMV_MV0201": -0.4690553337139361,
  "Q_POIMV_MV0201": 0.03563275658192558,
  "I_POIMV_MV0201": 0.4709892183748428,
  "P_POI_POIMV": -1.0768908384169562,
  "Q_POI_POIMV": 0.10252229698704778,
  "U_POI": 1.0,
  "I_POI_POIMV": 1.0817600007607395
}