{
  "P_LV0101": 0.06893965223320832,
  "Q_LV0101": -0.011558131605864302,
  "U_LV0101": 0.9996155846117597,
  "I_LV0101_MV0101": 0.06992871323925419,
  "P_LV0102": 0.06112512785543811,
  "Q_LV0102": -0.007671326287078077,
  "U_LV0102": 0.9997619419291979,
  "I_LV0102_MV0102": 0.051524293569948455,
  "P_LV0103": 0.0833617456529151,
  "Q_LV0103": -0.011558131605864302,
  "U_LV0103": 1.000130589931113,
  "I_LV0103_MV0103": 0.08414821168423064,
  "P_LV0201": 0.04981247869076031,
  "Q_LV0201": -0.007671326287078077,
  "U_LV0201": 0.9997256939045217,
  "I_LV0201_MV0201": 0.050413553747514314,
  "P_LV0202": 0.050119331742243436,
  "Q_LV0202": -0.007671326287078077,
  "U_LV0202": 0.9997968805633577,
  "I_LV0202_MV0202": 0.05071332504491456,
  "P_LV0203": 0.050630753494715304,
  "Q_LV0203": -0.007671326287078077,
  "U_LV0203": 0.9998421664728216,
  "I_LV0203_MV0203": 0.05121670062846936,
  "P_POIMV_MV0101": -0.20280029056542095,
  "Q_POIMV_MV0101": 0.03156908512792626,
  "U_POIMV": 0.9992915195744143,
  "I_POIMV_MV0101": 0.2053882113005825,
  "P_POIMV_MV0201": -0.1503144164452059,
  "Q_POIMV_MV0201": 0.02255640236821935,
  "I_POIMV_MV0201": 0.15210518154504785,
  "P_POI_POIMV": -0.3531147070102062,
  "Q_POI_POIMV": 0.055223660355309595,
  "U_POI": 1.0,
  "I_POI_POIMV": 0.35740683956793895
}