{
  "P_LV0101": 0.06372315035799522,
  "Q_LV0101": -0.01104670985339243,
  "U_LV0101": 0.9995834273950279,
  "I_LV0101_MV0101": 0.06470051499061033,
  "P_LV0102": 0.056460961472894644,
  "Q_LV0102": -0.007364473235594954,
  "U_LV0102": 0.9997288463250581,
  "I_LV0102_MV0102": 0.04763658072257627,
  "P_LV0103": 0.07753153767473576,
  "Q_LV0103": -0.01104670985339243,
  "U_LV0103": 1.000073844090164,
  "I_LV0103_MV0103": 0.07830876985706545,
  "P_LV0201": 0.04551653596999659,
  "Q_LV0201": -0.007262188885100579,
  "U_LV0201": 0.9996950433419367,
  "I_LV0201_MV0201": 0.04610629875106159,
  "P_LV0202": 0.046539379474940336,
  "Q_LV0202": -0.007364473235594954,
  "U_LV0202": 0.9997661755859842,
  "I_LV0202_MV0202": 0.04712948039643709,
  "P_LV0203": 0.04633481077395159,
  "Q_LV0203": -0.007262188885100579,
  "U_LV0203": 0.999803735181744,
  "I_LV0203_MV0203": 0.04690967661936905,
  "P_POIMV_MV0101": -0.18792788575614786,
  "Q_POIMV_MV0101": 0.02995320717315251,
  "U_POIMV": 0.9993310174058497,
  "I_POIMV_MV0101": 0.19042737910951843,
  "P_POIMV_MV0201": -0.13818070540576624,
  "Q_POIMV_MV0201": 0.021262604973754713,
  "I_POIMV_MV0201": 0.1399006213641521,
  "P_POI_POIMV": -0.32610859116190233,
  "Q_POI_POIMV": 0.052070691911442646,
  "U_POI": 1.0,
  "I_POI_POIMV": 0.33023956484003725
}