{
  "P_LV0101": 0.08060006818956698,
  "Q_LV0101": -0.010637572451414933,
  "U_LV0101": 1.0001036495618623,
  "I_LV0101_MV0101": 0.08129058373057814,
  "P_LV0102": 0.05732015001704739,
  "Q_LV0102": -0.007159904534606205,
  "U_LV0102": 0.9997850036392553,
  "I_LV0102_MV0102": 0.04831080714722171,
  "P_LV0103": 0.06147289464711899,
  "Q_LV0103": -0.010842141152403681,
  "U_LV0103": 0.9996761182107871,
  "I_LV0103_MV0103": 0.06244192516554763,
  "P_LV0201": 0.05093760654619843,
  "Q_LV0201": -0.006955335833617457,
  "U_LV0201": 0.9999139188202152,
  "I_LV0201_MV0201": 0.05141470163216074,
  "P_LV0202": 0.049505625639277184,
  "Q_LV0202": -0.007159904534606205,
  "U_LV0202": 0.9999096173840537,
  "I_LV0202_MV0202": 0.0500252291517782,
  "P_LV0203": 0.04971019434026594,
  "Q_LV0203": -0.006955335833617457,
  "U_LV0203": 0.9999748358380031,
  "I_LV0203_MV0203": 0.05019568630772478,
  "P_POIMV_MV0101": -0.1894589907546547,
  "Q_POIMV_MV0101": 0.02916747948736768,
  "U_POIMV": 0.999349117809824,
  "I_POIMV_MV0101": 0.19181587968322777,
  "P_POIMV_MV0201": -0.14990777916251471,
  "Q_POIMV_MV0201": 0.02060261011270087,
  "I_POIMV_MV0201": 0.1514154720433916,
  "P_POI_POIMV": -0.3393667699170042,
  "Q_POI_POIMV": 0.050738047639313444,
  "U_POI": 1.0,
  "I_POI_POIMV": 0.34313868042258094
}