{
  "irrad_LV0101": 1140.4967137748242,
  "irrad_LV0102": 1104.1090375183242,
  "irrad_LV0103": 1102.8784272867044,
  "irrad_LV0201": 1134.1187834297698,
  "irrad_LV0202": 1121.9582704777995,
  "irrad_LV0203": 1210.989986480844
}