{
  "irrad_LV0101": 1084.7845918487917,
  "irrad_LV0102": 1059.7407587313876,
  "irrad_LV0103": 1148.782729554395,
  "irrad_LV0201": 1120.682628361681,
  "irrad_LV0202": 1131.9151021741386,
  "irrad_LV0203": 1141.943373337088
}