{
  "P_LV0101": 0.3490307443245702,
  "Q_LV0101": -0.1608461341426782,
  "U_LV0101": 0.9706638905489252,
  "I_LV0101_MV0101": 0.2285871621260631,
  "P_LV0102": 0.34955125581483415,
  "Q_LV0102": -0.16084613414267776,
  "U_LV0102": 0.9709757105967616,
  "I_LV0102_MV0102": 0.22879487898624312,
  "P_LV0103": 0.3215536830245634,
  "Q_LV0103": -0.16084613414267773,
  "U_LV0103": 0.9705199671745346,
  "I_LV0103_MV0103": 0.2138852483852412,
  "P_LV0201": 0.3416204374366233,
  "Q_LV0201": -0.16084613414267787,
  "U_LV0201": 0.9709447668194363,
  "I_LV0201_MV0201": 0.2245267364023499,
  "P_LV0202": 0.3239697895914051,
  "Q_LV0202": -0.16084613414267765,
  "U_LV0202": 0.970858299422241,
  "I_LV0202_MV0202": 0.21509668436570611,
  "P_LV0203": 0.3321057051412677,
  "Q_LV0203": -0.16084613414267812,
  "U_LV0203": 0.9711812447982023,
  "I_LV0203_MV0203": 0.21936781658615073,
  "P_POIMV_MV0101": -1.0066312614494564,
  "Q_POIMV_MV0101": 0.5446066396732476,
  "U_POIMV": 0.984975688950021,
  "I_POIMV_MV0101": 0.6708623375623013,
  "P_POIMV_MV0201": -0.9837737194792453,
  "Q_POIMV_MV0201": 0.5426159662812893,
  "I_POIMV_MV0201": 0.6585447856466354,
  "P_POI_POIMV": -1.9903949809284591,
  "Q_POI_POIMV": 1.15569195249509,
  "U_POI": 0.9996872389207091,
  "I_POI_POIMV": 1.3292367735438644
}