{
  "P_LV0101": 0.3253724570109136,
  "Q_LV0101": -0.16588844593723034,
  "U_LV0101": 0.9689760211797179,
  "I_LV0101_MV0101": 0.3769141485288687,
  "P_LV0102": 0.31786075968813576,
  "Q_LV0102": -0.1658884459372308,
  "U_LV0102": 0.9691037636571694,
  "I_LV0102_MV0102": 0.36997574945105605,
  "P_LV0103": 0.3445681862514127,
  "Q_LV0103": -0.16588844593723104,
  "U_LV0103": 0.9698299790145476,
  "I_LV0103_MV0103": 0.3943180954249077,
  "P_LV0201": 0.336139785778148,
  "Q_LV0201": -0.16588844593723057,
  "U_LV0201": 0.9696676253753168,
  "I_LV0201_MV0201": 0.38657082181116115,
  "P_LV0202": 0.33950887640695326,
  "Q_LV0202": -0.1658884459372306,
  "U_LV0202": 0.9700423955852977,
  "I_LV0202_MV0202": 0.38953901632107013,
  "P_LV0203": 0.3425167760880315,
  "Q_LV0203": -0.16588844593723073,
  "U_LV0203": 0.9702587248794284,
  "I_LV0203_MV0203": 0.3922399107523215,
  "P_POIMV_MV0101": -0.974765366603151,
  "Q_POIMV_MV0101": 0.5574235720609977,
  "U_POIMV": 0.9845566347880614,
  "I_POIMV_MV0101": 1.140506195446638,
  "P_POIMV_MV0201": -1.0035672699273164,
  "Q_POIMV_MV0201": 0.5606786695456094,
  "I_POIMV_MV0201": 1.167600219921227,
  "P_POI_POIMV": -1.9783226365299806,
  "Q_POI_POIMV": 1.1869015527995543,
  "U_POI": 0.9996787957230482,
  "I_POI_POIMV": 2.3077947515213326
}