{
  "irrad_LV0101": 1025.573938567365,
  "irrad_LV0102": 898.6630711667613,
  "irrad_LV0103": 1070.1241860986493,
  "irrad_LV0201": 994.3105053357272,
  "irrad_LV0202": 992.8819979490377,
  "irrad_LV0203": 985.553272626062
}