{
  "irrad_LV0101": 1028.981205202827,
  "irrad_LV0102": 940.1065988905711,
  "irrad_LV0103": 926.7788908773136,
  "irrad_LV0201": 954.8970882988401,
  "irrad_LV0202": 1002.6882576629027,
  "irrad_LV0203": 949.1300412672277
}