{
  "P_LV0101": 0.2960105267304489,
  "Q_LV0101": -0.1434519963941402,
  "U_LV0101": 0.9740291701921928,
  "I_LV0101_MV0101": 0.19497658478377392,
  "P_LV0102": 0.29029660248483635,
  "Q_LV0102": -0.1434519963941402,
  "U_LV0102": 0.9741501831958767,
  "I_LV0102_MV0102": 0.1919105724812262,
  "P_LV0103": 0.27507026511403415,
  "Q_LV0103": -0.14345199639413994,
  "U_LV0103": 0.9739275137621476,
  "I_LV0103_MV0103": 0.1839057642445339,
  "P_LV0201": 0.28513993610124244,
  "Q_LV0201": -0.14345199639413983,
  "U_LV0201": 0.9741747420405937,
  "I_LV0201_MV0201": 0.18917072161001147,
  "P_LV0202": 0.28748988217725463,
  "Q_LV0202": -0.14345199639413944,
  "U_LV0202": 0.9744872592076451,
  "I_LV0202_MV0202": 0.19035481779297442,
  "P_LV0203": 0.29619130525162957,
  "Q_LV0203": -0.14345199639414052,
  "U_LV0203": 0.9748135487486634,
  "I_LV0203_MV0203": 0.19491605461733916,
  "P_POIMV_MV0101": -0.8516159228372544,
  "Q_POIMV_MV0101": 0.47487056184445464,
  "U_POIMV": 0.9869416486515944,
  "I_POIMV_MV0101": 0.5704025501237462,
  "P_POIMV_MV0201": -0.8582303013997716,
  "Q_POIMV_MV0201": 0.47563999748092556,
  "I_POIMV_MV0201": 0.5740031569253247,
  "P_POI_POIMV": -1.7098362242369907,
  "Q_POI_POIMV": 1.0011035563193218,
  "U_POI": 0.9997291046078464,
  "I_POI_POIMV": 1.1442429874500297
}