{
  "P_LV0101": 0.30863467776979897,
  "Q_LV0101": -0.13787873480805488,
  "U_LV0101": 0.9755966172883171,
  "I_LV0101_MV0101": 0.34648788592902385,
  "P_LV0102": 0.2819774508521372,
  "Q_LV0102": -0.13787873480805524,
  "U_LV0102": 0.9752559723589929,
  "I_LV0102_MV0102": 0.321845627071107,
  "P_LV0103": 0.2779799114925424,
  "Q_LV0103": -0.13787873480805543,
  "U_LV0103": 0.9752896560618015,
  "I_LV0103_MV0103": 0.31815740686926564,
  "P_LV0201": 0.2864137397848189,
  "Q_LV0201": -0.13787873480805476,
  "U_LV0201": 0.9755018522345694,
  "I_LV0201_MV0201": 0.3258560775284025,
  "P_LV0202": 0.3007483185723993,
  "Q_LV0202": -0.13787873480805463,
  "U_LV0202": 0.9760863070417976,
  "I_LV0202_MV0202": 0.33895316480031346,
  "P_LV0203": 0.28468396018021075,
  "Q_LV0203": -0.1378787348080551,
  "U_LV0203": 0.975857664669076,
  "I_LV0203_MV0203": 0.3241410328202027,
  "P_POIMV_MV0101": -0.8588736527988203,
  "Q_POIMV_MV0101": 0.45798376737980107,
  "U_POIMV": 0.9874045521799587,
  "I_POIMV_MV0101": 0.9857676542838526,
  "P_POIMV_MV0201": -0.8613860972451448,
  "Q_POIMV_MV0201": 0.4583618456229033,
  "I_POIMV_MV0201": 0.9881934220237442,
  "P_POI_POIMV": -1.7202497500433624,
  "Q_POI_POIMV": 0.966515872029504,
  "U_POI": 0.999738461370668,
  "I_POI_POIMV": 1.9736893088807919
}