{
  "P_LV0101": 0.28304517729802225,
  "Q_LV0101": -0.1323007156314977,
  "U_LV0101": 0.9763584247574675,
  "I_LV0101_MV0101": 0.3200042821335646,
  "P_LV0102": 0.29379773202416537,
  "Q_LV0102": -0.13230071563149806,
  "U_LV0102": 0.9768697698394018,
  "I_LV0102_MV0102": 0.3298413271585283,
  "P_LV0103": 0.29129618507657723,
  "Q_LV0103": -0.13230071563149792,
  "U_LV0103": 0.9769492979610369,
  "I_LV0103_MV0103": 0.32748139843629037,
  "P_LV0201": 0.2896402533117576,
  "Q_LV0201": -0.13230071563149806,
  "U_LV0201": 0.9768928423562323,
  "I_LV0201_MV0201": 0.3259577019724071,
  "P_LV0202": 0.2915746245564645,
  "Q_LV0202": -0.13230071563149745,
  "U_LV0202": 0.9771940228253806,
  "I_LV0202_MV0202": 0.3276588399453106,
  "P_LV0203": 0.2731667919138056,
  "Q_LV0203": -0.1323007156314982,
  "U_LV0203": 0.9769045728213103,
  "I_LV0203_MV0203": 0.31069427467766003,
  "P_POIMV_MV0101": -0.858585353860235,
  "Q_POIMV_MV0101": 0.440365927087214,
  "U_POIMV": 0.9879092719809315,
  "I_POIMV_MV0101": 0.9767400447438961,
  "P_POIMV_MV0201": -0.8444448527238819,
  "Q_POIMV_MV0201": 0.43935088917010034,
  "I_POIMV_MV0201": 0.9635514584634918,
  "P_POI_POIMV": -1.7030202065838733,
  "Q_POI_POIMV": 0.9281706175288491,
  "U_POI": 0.9997488380448765,
  "I_POI_POIMV": 1.940017748041462
}