{
  "P_LV0101": 0.30761269541016556,
  "Q_LV0101": -0.1431698844282612,
  "U_LV0101": 0.97427003745864,
  "I_LV0101_MV0101": 0.2010672909154122,
  "P_LV0102": 0.2695467963756442,
  "Q_LV0102": -0.14316988442826029,
  "U_LV0102": 0.9736857319339808,
  "I_LV0102_MV0102": 0.18097525709496318,
  "P_LV0103": 0.32097518563045346,
  "Q_LV0103": -0.1431698844282605,
  "U_LV0103": 0.9749747630309391,
  "I_LV0103_MV0103": 0.20812265672074237,
  "P_LV0201": 0.2982354788073393,
  "Q_LV0201": -0.14316988442826162,
  "U_LV0201": 0.9744623271295846,
  "I_LV0201_MV0201": 0.19600464439580148,
  "P_LV0202": 0.2978070094487607,
  "Q_LV0202": -0.1431698844282608,
  "U_LV0202": 0.9747195690066985,
  "I_LV0202_MV0202": 0.1957241517964278,
  "P_LV0203": 0.2956088169384572,
  "Q_LV0203": -0.14316988442826073,
  "U_LV0203": 0.9748035554182956,
  "I_LV0203_MV0203": 0.19453472797513693,
  "P_POIMV_MV0101": -0.8876566950646065,
  "Q_POIMV_MV0101": 0.4773295337538457,
  "U_POIMV": 0.9868745466364129,
  "I_POIMV_MV0101": 0.5896262405501749,
  "P_POIMV_MV0201": -0.8806298941982504,
  "Q_POIMV_MV0201": 0.47672686045041246,
  "I_POIMV_MV0201": 0.5858409392190231,
  "P_POI_POI_MV": -1.7682765892620458,
  "Q_POI_POI_MV": 1.0074641709893513,
  "U_POI": 0.999727376218213,
  "I_POI_POI_MV": 1.1753078142345552
}