{
  "P_LV0101": 0.030340871529892465,
  "Q_LV0101": -0.014080701437890166,
  "U_LV0101": 0.9878525050439261,
  "I_LV0101_MV0101": 0.019549255325116078,
  "P_LV0102": 0.03334055638139988,
  "Q_LV0102": -0.014080701437890124,
  "U_LV0102": 0.988796450174241,
  "I_LV0102_MV0102": 0.02113220056270991,
  "P_LV0103": 0.030867041998557738,
  "Q_LV0103": -0.014080701437890154,
  "U_LV0103": 0.9884057323663348,
  "I_LV0103_MV0103": 0.01981752465838009,
  "P_LV0201": 0.026701605092064346,
  "Q_LV0201": -0.01408070143789014,
  "U_LV0201": 0.9873966019498327,
  "I_LV0201_MV0201": 0.0176508074391264,
  "P_LV0202": 0.03047528085443738,
  "Q_LV0202": -0.014080701437890194,
  "U_LV0202": 0.9885022946169018,
  "I_LV0202_MV0202": 0.019607641732367117,
  "P_LV0203": 0.029073010084072655,
  "Q_LV0203": -0.014080701437890192,
  "U_LV0203": 0.9883232810198201,
  "I_LV0203_MV0203": 0.01887069243720853,
  "P_POIMV_MV0101": -0.09344911001707601,
  "Q_POIMV_MV0101": 0.04725930685688695,
  "U_POIMV": 0.9999905450560963,
  "I_POIMV_MV0101": 0.060460415754768425,
  "P_POIMV_MV0201": -0.08523611822076305,
  "Q_POIMV_MV0201": 0.04656282583078308,
  "I_POIMV_MV0201": 0.05607575525937021,
  "P_POI_POI_MV": -0.17868422823787616,
  "Q_POI_POI_MV": 0.09376555378548801,
  "U_POI": 0.999990571102328,
  "I_POI_POI_MV": 0.11650579441750894
}