{
  "P_LV0101": -0.0070870063800501345,
  "Q_LV0101": -1.2189386079692742e-16,
  "U_LV0101": 0.999850433811842,
  "I_LV0101_MV0101": 0.007088066515140214,
  "P_LV0102": 0.015071701877625084,
  "Q_LV0102": 5.193760605571871e-17,
  "U_LV0102": 1.000483637013291,
  "I_LV0102_MV0102": 0.015064416168382434,
  "P_LV0103": 0.012460127257639382,
  "Q_LV0103": 3.285625033977589e-16,
  "U_LV0103": 1.0004206490186685,
  "I_LV0103_MV0103": 0.012454888121173584,
  "P_LV0201": -0.023990856785814387,
  "Q_LV0201": -2.342667449187477e-17,
  "U_LV0201": 0.9992977120429021,
  "I_LV0201_MV0201": 0.024007717116422665,
  "P_LV0202": -0.00725764067550255,
  "Q_LV0202": -1.0122314770231777e-16,
  "U_LV0202": 0.9997375994156817,
  "I_LV0202_MV0202": 0.007259545584505809,
  "P_LV0203": -0.03673407692715107,
  "Q_LV0203": -5.272680333676423e-16,
  "U_LV0203": 0.9988795879909351,
  "I_LV0203_MV0203": 0.03677528039294005,
  "P_POIMV_MV0101": -0.020432031765039937,
  "Q_POIMV_MV0101": -0.0012128753733122721,
  "U_POIMV": 1.000040401060608,
  "I_POIMV_MV0101": 0.020467172242671028,
  "P_POIMV_MV0201": 0.06804475387787079,
  "Q_POIMV_MV0201": -0.001276040982190807,
  "I_POIMV_MV0201": 0.06805396815046223,
  "P_POI_POIMV": 0.047622722112832874,
  "Q_POI_POIMV": -0.0030252181099967856,
  "U_POI": 1.000000817985807,
  "I_POI_POIMV": 0.04771867434058357
}