{
  "P_LV0101": 0.000939,
  "Q_LV0101": 0.001494,
  "U_LV0101": 0.002467,
  "I_LV0101_MV0101": 0.000404,
  "P_LV0102": 0.000900,
  "Q_LV0102": 0.001268,
  "U_LV0102": 0.002466,
  "I_LV0102_MV0102": 0.000356,
  "P_LV0103": 0.000935,
  "Q_LV0103": 0.001472,
  "U_LV0103": 0.002467,
  "I_LV0103_MV0103": 0.000399,
  "P_LV0201": 0.000897,
  "Q_LV0201": 0.001246,
  "U_LV0201": 0.002466,
  "I_LV0201_MV0201": 0.000352,
  "P_LV0202": 0.000907,
  "Q_LV0202": 0.001312,
  "U_LV0202": 0.002466,
  "I_LV0202_MV0202": 0.000365,
  "P_LV0203": 0.000972,
  "Q_LV0203": 0.001668,
  "U_LV0203": 0.002469,
  "I_LV0203_MV0203": 0.000442,
  "P_POIMV_MV0101": 0.002849,
  "Q_POIMV_MV0101": 0.004217,
  "U_POIMV": 0.002484,
  "I_POIMV_MV0101": 0.001157,
  "P_POIMV_MV0201": 0.002846,
  "Q_POIMV_MV0201": 0.004207,
  "I_POIMV_MV0201": 0.001155,
  "P_POI_POIMV": 0.005792,
  "Q_POI_POIMV": 0.008432,
  "U_POI": 0.002500,
  "I_POI_POIMV": 0.002311
}
