{
  "P_LV0101": 0.001880,
  "Q_LV0101": 0.003343,
  "U_LV0101": 0.002435,
  "I_LV0101_MV0101": 0.000889,
  "P_LV0102": 0.001881,
  "Q_LV0102": 0.003350,
  "U_LV0102": 0.002436,
  "I_LV0102_MV0102": 0.000891,
  "P_LV0103": 0.001870,
  "Q_LV0103": 0.003293,
  "U_LV0103": 0.002436,
  "I_LV0103_MV0103": 0.000878,
  "P_LV0201": 0.001851,
  "Q_LV0201": 0.003198,
  "U_LV0201": 0.002435,
  "I_LV0201_MV0201": 0.000857,
  "P_LV0202": 0.001918,
  "Q_LV0202": 0.003529,
  "U_LV0202": 0.002438,
  "I_LV0202_MV0202": 0.000930,
  "P_LV0203": 0.001845,
  "Q_LV0203": 0.003169,
  "U_LV0203": 0.002436,
  "I_LV0203_MV0203": 0.000850,
  "P_POIMV_MV0101": 0.006055,
  "Q_POIMV_MV0101": 0.009899,
  "U_POIMV": 0.002467,
  "I_POIMV_MV0101": 0.002657,
  "P_POIMV_MV0201": 0.006033,
  "Q_POIMV_MV0201": 0.009802,
  "I_POIMV_MV0201": 0.002635,
  "P_POI_POIMV": 0.012602,
  "Q_POI_POIMV": 0.019738,
  "U_POI": 0.002499,
  "I_POI_POIMV": 0.005291
}
