{
  "P_LV0101": -0.002863978531173551,
  "Q_LV0101": -0.0007161773935438846,
  "U_LV0101": 0.9998179589886816,
  "I_LV0101_MV0101": 0.0029527033428023135,
  "P_LV0102": 0.013942088207036787,
  "Q_LV0102": -0.0007161773935449252,
  "U_LV0102": 1.0003101197098314,
  "I_LV0102_MV0102": 0.013956142319554103,
  "P_LV0103": 0.025607394051952743,
  "Q_LV0103": -0.0007161773935440878,
  "U_LV0103": 1.000646966132137,
  "I_LV0103_MV0103": 0.02560084409724666,
  "P_LV0201": 0.012068186966948297,
  "Q_LV0201": -0.0007161773935450421,
  "U_LV0201": 1.0002551730165394,
  "I_LV0201_MV0201": 0.012086334685514552,
  "P_LV0202": 0.024684219836935837,
  "Q_LV0202": -0.0007161773935447257,
  "U_LV0202": 1.0006166667833525,
  "I_LV0202_MV0202": 0.024679388124787198,
  "P_LV0203": -0.0014787212608929994,
  "Q_LV0203": -0.0007161773935437431,
  "U_LV0203": 0.9998949498900646,
  "I_LV0203_MV0203": 0.0016431962411600322,
  "P_POIMV_MV0101": -0.036659630624626516,
  "Q_POIMV_MV0101": 0.0009958514444861066,
  "U_POIMV": 0.9999845431887258,
  "I_POIMV_MV0101": 0.036673721040468475,
  "P_POIMV_MV0201": -0.035250957301855124,
  "Q_POIMV_MV0201": 0.0006985934442127473,
  "I_POIMV_MV0201": 0.03525842386820321,
  "P_POI_POIMV": -0.07190058792620949,
  "Q_POI_POIMV": 0.0011958893792325398,
  "U_POI": 0.9999996764224582,
  "I_POI_POIMV": 0.07191055584587844
}