{
  "P_LV0101": 0.000009,
  "Q_LV0101": 0.000030,
  "U_LV0101": 0.002500,
  "I_LV0101_MV0101": 0.000008,
  "P_LV0102": 0.000025,
  "Q_LV0102": 0.000086,
  "U_LV0102": 0.002500,
  "I_LV0102_MV0102": 0.000024,
  "P_LV0103": 0.000021,
  "Q_LV0103": 0.000073,
  "U_LV0103": 0.002500,
  "I_LV0103_MV0103": 0.000020,
  "P_LV0201": 0.000102,
  "Q_LV0201": 0.000322,
  "U_LV0201": 0.002498,
  "I_LV0201_MV0201": 0.000083,
  "P_LV0202": 0.000113,
  "Q_LV0202": 0.000356,
  "U_LV0202": 0.002502,
  "I_LV0202_MV0202": 0.000092,
  "P_LV0203": 0.000067,
  "Q_LV0203": 0.000215,
  "U_LV0203": 0.002501,
  "I_LV0203_MV0203": 0.000057,
  "P_POIMV_MV0101": 0.000037,
  "Q_POIMV_MV0101": 0.000046,
  "U_POIMV": 0.002500,
  "I_POIMV_MV0101": 0.000016,
  "P_POIMV_MV0201": 0.000125,
  "Q_POIMV_MV0201": 0.000406,
  "I_POIMV_MV0201": 0.000113,
  "P_POI_POIMV": 0.000148,
  "Q_POI_POIMV": 0.000409,
  "U_POI": 0.002500,
  "I_POI_POIMV": 0.000117
}
