{
  "irrad_LV0101": 7.013724737113922,
  "irrad_LV0102": 21.62825563163873,
  "irrad_LV0103": -130.48545987493196,
  "irrad_LV0201": -32.970747634168106,
  "irrad_LV0202": -88.20281931911613,
  "irrad_LV0203": -25.58502582440615
}