{
  "P_LV0101": 0.002103710605460995,
  "Q_LV0101": -0.0037166993323596072,
  "U_LV0101": 0.9992721992628406,
  "I_LV0101_MV0101": 0.004273877703490473,
  "P_LV0102": 0.006487222190105871,
  "Q_LV0102": -0.0037166993323593293,
  "U_LV0102": 0.9993676415884871,
  "I_LV0102_MV0102": 0.007481221010377054,
  "P_LV0103": -0.039138069440447565,
  "Q_LV0103": -0.0037166993323588643,
  "U_LV0103": 0.9980545388982967,
  "I_LV0103_MV0103": 0.03939078251313969,
  "P_LV0201": -0.00988931189456956,
  "Q_LV0201": -0.0037166993323598735,
  "U_LV0201": 0.9988978849975184,
  "I_LV0201_MV0201": 0.010576330661570635,
  "P_LV0202": -0.02645572978524645,
  "Q_LV0202": -0.003716699332359284,
  "U_LV0202": 0.9984040112612022,
  "I_LV0202_MV0202": 0.02675823489110231,
  "P_LV0203": -0.00767402374418596,
  "Q_LV0203": -0.003716699332359894,
  "U_LV0203": 0.9989258964046421,
  "I_LV0203_MV0203": 0.008535861448566932,
  "P_POIMV_MV0101": 0.030594520020486016,
  "Q_POIMV_MV0101": 0.010104876227615023,
  "U_POIMV": 0.999743435324896,
  "I_POIMV_MV0101": 0.03222834281404623,
  "P_POIMV_MV0201": 0.04404710860569594,
  "Q_POIMV_MV0201": 0.009722018199738613,
  "I_POIMV_MV0201": 0.04511884155068357,
  "P_POI_POIMV": 0.07465162862604853,
  "Q_POI_POIMV": 0.01933871314395219,
  "U_POI": 0.9999947702585442,
  "I_POI_POIMV": 0.07711623489295198
}