{
  "P_LV0101": 0.000119,
  "Q_LV0101": 0.000325,
  "U_LV0101": 0.002499,
  "I_LV0101_MV0101": 0.000085,
  "P_LV0102": 0.000112,
  "Q_LV0102": 0.000297,
  "U_LV0102": 0.002499,
  "I_LV0102_MV0102": 0.000079,
  "P_LV0103": 0.000131,
  "Q_LV0103": 0.000366,
  "U_LV0103": 0.002500,
  "I_LV0103_MV0103": 0.000095,
  "P_LV0201": 0.000129,
  "Q_LV0201": 0.000359,
  "U_LV0201": 0.002500,
  "I_LV0201_MV0201": 0.000093,
  "P_LV0202": 0.000107,
  "Q_LV0202": 0.000120,
  "U_LV0202": 0.002498,
  "I_LV0202_MV0202": 0.000043,
  "P_LV0203": 0.000101,
  "Q_LV0203": 0.000178,
  "U_LV0203": 0.002498,
  "I_LV0203_MV0203": 0.000054,
  "P_POIMV_MV0101": 0.000356,
  "Q_POIMV_MV0101": 0.000990,
  "U_POIMV": 0.002499,
  "I_POIMV_MV0101": 0.000259,
  "P_POIMV_MV0201": 0.000263,
  "Q_POIMV_MV0201": 0.000622,
  "I_POIMV_MV0201": 0.000170,
  "P_POI_POIMV": 0.000605,
  "Q_POI_POIMV": 0.001601,
  "U_POI": 0.002500,
  "I_POI_POIMV": 0.000425
}
