{
  "irrad_LV0101": 821.7387025192178,
  "irrad_LV0102": 835.9507285683189,
  "irrad_LV0103": 795.0020166812508,
  "irrad_LV0201": 850.0823491377672,
  "irrad_LV0202": 874.2125112917911,
  "irrad_LV0203": 758.86886924535
}