{
  "P_LV0101": 0.024647394761015084,
  "Q_LV0101": -0.011023977224139841,
  "U_LV0101": 0.9909112202422827,
  "I_LV0101_MV0101": 0.015731675741020325,
  "P_LV0102": 0.02507367310875767,
  "Q_LV0102": -0.011023977224139834,
  "U_LV0102": 0.99123615555098,
  "I_LV0102_MV0102": 0.015953491085262367,
  "P_LV0103": 0.02384544926614022,
  "Q_LV0103": -0.011023977224139841,
  "U_LV0103": 0.9910628913004991,
  "I_LV0103_MV0103": 0.015303991645256278,
  "P_LV0201": 0.02549753975848496,
  "Q_LV0201": -0.011023977224139801,
  "U_LV0201": 0.9914565088022135,
  "I_LV0201_MV0201": 0.01617620412128329,
  "P_LV0202": 0.02622130466140874,
  "Q_LV0202": -0.011023977224139801,
  "U_LV0202": 0.9918484414350012,
  "I_LV0202_MV0202": 0.01655736044537823,
  "P_LV0203": 0.022761664425435597,
  "Q_LV0203": -0.011023977224139876,
  "U_LV0203": 0.9911546461839074,
  "I_LV0203_MV0203": 0.014731923613675924,
  "P_POIMV_MV0101": -0.07290465338309104,
  "Q_POIMV_MV0101": 0.036044802614071614,
  "U_POIMV": 0.9999927291666512,
  "I_POIMV_MV0101": 0.04695534213352024,
  "P_POIMV_MV0201": -0.07375763628635923,
  "Q_POIMV_MV0201": 0.03611761718114792,
  "I_POIMV_MV0201": 0.04741578239793439,
  "P_POI_POI_MV": -0.14666128966944816,
  "Q_POI_POI_MV": 0.07210583682172,
  "U_POI": 0.9999927491961949,
  "I_POI_POI_MV": 0.09435601538112151
}