{
  "P_LV0101": 0.000192,
  "Q_LV0101": 0.000355,
  "U_LV0101": 0.002477,
  "I_LV0101_MV0101": 0.000059,
  "P_LV0102": 0.000193,
  "Q_LV0102": 0.000360,
  "U_LV0102": 0.002478,
  "I_LV0102_MV0102": 0.000059,
  "P_LV0103": 0.000191,
  "Q_LV0103": 0.000345,
  "U_LV0103": 0.002478,
  "I_LV0103_MV0103": 0.000057,
  "P_LV0201": 0.000194,
  "Q_LV0201": 0.000366,
  "U_LV0201": 0.002479,
  "I_LV0201_MV0201": 0.000060,
  "P_LV0202": 0.000195,
  "Q_LV0202": 0.000375,
  "U_LV0202": 0.002480,
  "I_LV0202_MV0202": 0.000061,
  "P_LV0203": 0.000192,
  "Q_LV0203": 0.000336,
  "U_LV0203": 0.002478,
  "I_LV0203_MV0203": 0.000056,
  "P_POIMV_MV0101": 0.000610,
  "Q_POIMV_MV0101": 0.001053,
  "U_POIMV": 0.002500,
  "I_POIMV_MV0101": 0.000175,
  "P_POIMV_MV0201": 0.000612,
  "Q_POIMV_MV0201": 0.001064,
  "I_POIMV_MV0201": 0.000177,
  "P_POI_POI_MV": 0.001221,
  "Q_POI_POI_MV": 0.002116,
  "U_POI": 0.002500,
  "I_POI_POI_MV": 0.000352
}
