{
  "P_LV0101": 0.000172,
  "Q_LV0101": 0.000141,
  "U_LV0101": 0.002495,
  "I_LV0101_MV0101": 0.000057,
  "P_LV0102": 0.000181,
  "Q_LV0102": 0.000123,
  "U_LV0102": 0.002495,
  "I_LV0102_MV0102": 0.000056,
  "P_LV0103": 0.000160,
  "Q_LV0103": 0.000213,
  "U_LV0103": 0.002495,
  "I_LV0103_MV0103": 0.000066,
  "P_LV0201": 0.000186,
  "Q_LV0201": 0.000109,
  "U_LV0201": 0.002495,
  "I_LV0201_MV0201": 0.000056,
  "P_LV0202": 0.000169,
  "Q_LV0202": 0.000146,
  "U_LV0202": 0.002494,
  "I_LV0202_MV0202": 0.000057,
  "P_LV0203": 0.000168,
  "Q_LV0203": 0.000294,
  "U_LV0203": 0.002496,
  "I_LV0203_MV0203": 0.000084,
  "P_POIMV_MV0101": 0.000480,
  "Q_POIMV_MV0101": 0.000472,
  "U_POIMV": 0.002498,
  "I_POIMV_MV0101": 0.000171,
  "P_POIMV_MV0201": 0.000538,
  "Q_POIMV_MV0201": 0.000358,
  "I_POIMV_MV0201": 0.000167,
  "P_POI_POIMV": 0.001019,
  "Q_POI_POIMV": 0.000848,
  "U_POI": 0.002500,
  "I_POI_POIMV": 0.000340
}
