{
  "irrad_LV0101": 1068.209756526861,
  "irrad_LV0102": 1228.5313266127143,
  "irrad_LV0103": 1054.4191657224694,
  "irrad_LV0201": 1099.920155874037,
  "irrad_LV0202": 1229.1110415887133,
  "irrad_LV0203": 1248.1804804234562
}