{
  "P_LV0101": 0.3204009678011924,
  "Q_LV0101": -0.1690648914579738,
  "U_LV0101": 0.968099207315352,
  "I_LV0101_MV0101": 0.3742077513395175,
  "P_LV0102": 0.3488383955004575,
  "Q_LV0102": -0.16906489145797385,
  "U_LV0102": 0.9689955430568262,
  "I_LV0102_MV0102": 0.40005163094972196,
  "P_LV0103": 0.31626459045275535,
  "Q_LV0103": -0.16906489145797357,
  "U_LV0103": 0.9684320583267092,
  "I_LV0103_MV0103": 0.3703069336580166,
  "P_LV0201": 0.3299122483133941,
  "Q_LV0201": -0.16906489145797424,
  "U_LV0201": 0.9687708829568988,
  "I_LV0201_MV0201": 0.38265892004675733,
  "P_LV0202": 0.3490154476672332,
  "Q_LV0202": -0.16906489145797357,
  "U_LV0202": 0.9694873546312032,
  "I_LV0202_MV0202": 0.400013037408441,
  "P_LV0203": 0.34907177718369553,
  "Q_LV0203": -0.16906489145797293,
  "U_LV0203": 0.9696438255102651,
  "I_LV0203_MV0203": 0.400000770325004,
  "P_POIMV_MV0101": -0.9723948067298807,
  "Q_POIMV_MV0101": 0.5673354141122218,
  "U_POIMV": 0.9842649033053177,
  "I_POIMV_MV0101": 1.1437957344631193,
  "P_POIMV_MV0201": -1.0130249320842495,
  "Q_POIMV_MV0201": 0.5718337289086435,
  "I_POIMV_MV0201": 1.1818738773092927,
  "P_POI_POIMV": -1.9854097388133918,
  "Q_POI_POIMV": 1.2090262997398895,
  "U_POI": 0.9996728079119677,
  "I_POI_POIMV": 2.3253245340446056
}