{
  "P_LV0101": 0.000247,
  "Q_LV0101": 0.000399,
  "U_LV0101": 0.002511,
  "I_LV0101_MV0101": 0.000113,
  "P_LV0102": 0.000239,
  "Q_LV0102": 0.000159,
  "U_LV0102": 0.002509,
  "I_LV0102_MV0102": 0.000071,
  "P_LV0103": 0.000239,
  "Q_LV0103": 0.000095,
  "U_LV0103": 0.002509,
  "I_LV0103_MV0103": 0.000064,
  "P_LV0201": 0.000239,
  "Q_LV0201": 0.000094,
  "U_LV0201": 0.002509,
  "I_LV0201_MV0201": 0.000064,
  "P_LV0202": 0.000239,
  "Q_LV0202": 0.000168,
  "U_LV0202": 0.002510,
  "I_LV0202_MV0202": 0.000072,
  "P_LV0203": 0.000249,
  "Q_LV0203": 0.000433,
  "U_LV0203": 0.002512,
  "I_LV0203_MV0203": 0.000119,
  "P_POIMV_MV0101": 0.000730,
  "Q_POIMV_MV0101": 0.000332,
  "U_POIMV": 0.002503,
  "I_POIMV_MV0101": 0.000199,
  "P_POIMV_MV0201": 0.000734,
  "Q_POIMV_MV0201": 0.000614,
  "I_POIMV_MV0201": 0.000236,
  "P_POI_POIMV": 0.001467,
  "Q_POI_POIMV": 0.000935,
  "U_POI": 0.002500,
  "I_POI_POIMV": 0.000432
}
