{
  "P_LV0101": 0.022081817917939377,
  "Q_LV0101": 0.011927292892639406,
  "U_LV0101": 1.022169180434638,
  "I_LV0101_MV0101": 0.014175585879532564,
  "P_LV0102": 0.021914767491637916,
  "Q_LV0102": 0.01192729289263943,
  "U_LV0102": 1.02254361829461,
  "I_LV0102_MV0102": 0.014087478297966567,
  "P_LV0103": 0.023947243115772354,
  "Q_LV0103": 0.01192729289263943,
  "U_LV0103": 1.0232217118609297,
  "I_LV0103_MV0103": 0.01509539457708949,
  "P_LV0201": 0.025407918572479146,
  "Q_LV0201": 0.01192729289263943,
  "U_LV0201": 1.0236030421921436,
  "I_LV0201_MV0201": 0.01583149885281979,
  "P_LV0202": 0.024545242305831657,
  "Q_LV0202": 0.011927292892639444,
  "U_LV0202": 1.0238428577828207,
  "I_LV0202_MV0202": 0.015388818205031156,
  "P_LV0203": 0.024626777868486046,
  "Q_LV0203": 0.011927292892639479,
  "U_LV0203": 1.0240783827879667,
  "I_LV0203_MV0203": 0.015426636900081695,
  "P_POIMV_MV0101": -0.06737881560809456,
  "Q_POIMV_MV0101": -0.03326709931204164,
  "U_POIMV": 1.0000066725842016,
  "I_POIMV_MV0101": 0.04338405749908052,
  "P_POIMV_MV0201": -0.07388217634974126,
  "Q_POIMV_MV0201": -0.032852145621234285,
  "I_POIMV_MV0201": 0.046682445688566186,
  "P_POI_POI_MV": -0.14125999195784664,
  "Q_POI_POI_MV": -0.06617583008483052,
  "U_POI": 1.0000066542021482,
  "I_POI_POI_MV": 0.09006164921291275
}