{
  "irrad_LV0101": -64.30811063672853,
  "irrad_LV0102": 70.56670179442544,
  "irrad_LV0103": -5.412226208404058,
  "irrad_LV0201": 10.993522903080168,
  "irrad_LV0202": -27.18669645190487,
  "irrad_LV0203": 65.08247488871088
}