{
  "P_LV0101": -0.01928870314053892,
  "Q_LV0101": -0.00945443606847714,
  "U_LV0101": 0.9974241989792021,
  "I_LV0101_MV0101": 0.021536638640968032,
  "P_LV0102": 0.021165917472036798,
  "Q_LV0102": -0.009454436068477406,
  "U_LV0102": 0.9985545032134201,
  "I_LV0102_MV0102": 0.023215067692391768,
  "P_LV0103": -0.0016233539382468972,
  "Q_LV0103": -0.009454436068477928,
  "U_LV0103": 0.9979193586267137,
  "I_LV0103_MV0103": 0.009612791783351211,
  "P_LV0201": 0.003297419215813809,
  "Q_LV0201": -0.009454436068477373,
  "U_LV0201": 0.9980592797824832,
  "I_LV0201_MV0201": 0.010032428483738602,
  "P_LV0202": -0.0081544320310545,
  "Q_LV0202": -0.009454436068477437,
  "U_LV0202": 0.997739285190271,
  "I_LV0202_MV0202": 0.012513525719011065,
  "P_LV0203": 0.01952096750083879,
  "Q_LV0203": -0.009454436068477342,
  "U_LV0203": 0.9985155773938397,
  "I_LV0203_MV0203": 0.021722208827660298,
  "P_POIMV_MV0101": -0.00022262297807174036,
  "Q_POIMV_MV0101": 0.027244505999306057,
  "U_POIMV": 0.9992871801289629,
  "I_POIMV_MV0101": 0.027264850470670617,
  "P_POIMV_MV0201": -0.014642074048083487,
  "Q_POIMV_MV0201": 0.02691165877746471,
  "I_POIMV_MV0201": 0.030658885950031304,
  "P_POI_POIMV": -0.01485469702561078,
  "Q_POI_POIMV": 0.05363139240307646,
  "U_POI": 0.9999854969592312,
  "I_POI_POIMV": 0.055651398080049715
}