{
  "P_LV0101": 0.000155,
  "Q_LV0101": 0.000268,
  "U_LV0101": 0.002494,
  "I_LV0101_MV0101": 0.000077,
  "P_LV0102": 0.000158,
  "Q_LV0102": 0.000291,
  "U_LV0102": 0.002496,
  "I_LV0102_MV0102": 0.000082,
  "P_LV0103": 0.000188,
  "Q_LV0103": 0.000065,
  "U_LV0103": 0.002495,
  "I_LV0103_MV0103": 0.000052,
  "P_LV0201": 0.000184,
  "Q_LV0201": 0.000085,
  "U_LV0201": 0.002495,
  "I_LV0201_MV0201": 0.000053,
  "P_LV0202": 0.000165,
  "Q_LV0202": 0.000146,
  "U_LV0202": 0.002494,
  "I_LV0202_MV0202": 0.000057,
  "P_LV0203": 0.000155,
  "Q_LV0203": 0.000271,
  "U_LV0203": 0.002496,
  "I_LV0203_MV0203": 0.000077,
  "P_POIMV_MV0101": 0.000555,
  "Q_POIMV_MV0101": 0.000167,
  "U_POIMV": 0.002498,
  "I_POIMV_MV0101": 0.000153,
  "P_POIMV_MV0201": 0.000524,
  "Q_POIMV_MV0201": 0.000322,
  "I_POIMV_MV0201": 0.000161,
  "P_POI_POIMV": 0.001087,
  "Q_POI_POIMV": 0.000443,
  "U_POI": 0.002500,
  "I_POI_POIMV": 0.000308
}
