{
  "irrad_LV0101": 559.2889277242081,
  "irrad_LV0102": 566.2119044203796,
  "irrad_LV0103": 472.81471986309475,
  "irrad_LV0201": 455.4892467725658,
  "irrad_LV0202": 444.8012613511632,
  "irrad_LV0203": 431.34745583298877
}