{
  "P_LV0101": 0.015849192670904504,
  "Q_LV0101": -0.008055888666943489,
  "U_LV0101": 0.9929653660658083,
  "I_LV0101_MV0101": 0.010337453523647882,
  "P_LV0102": 0.015207848206492318,
  "Q_LV0102": -0.008055888666943576,
  "U_LV0102": 0.9929433924866098,
  "I_LV0102_MV0102": 0.010006675265111077,
  "P_LV0103": 0.015931435769496984,
  "Q_LV0103": -0.008055888666943593,
  "U_LV0103": 0.9931937862930612,
  "I_LV0103_MV0103": 0.01037771771066035,
  "P_LV0201": 0.015460856955395934,
  "Q_LV0201": -0.008055888666943553,
  "U_LV0201": 0.9930551289766928,
  "I_LV0201_MV0201": 0.010135768564887085,
  "P_LV0202": 0.01277389729684772,
  "Q_LV0202": -0.008055888666943525,
  "U_LV0202": 0.9925060982050335,
  "I_LV0202_MV0202": 0.00878496578294653,
  "P_LV0203": 0.016633328494557474,
  "Q_LV0203": -0.008055888666943473,
  "U_LV0203": 0.9935456889345632,
  "I_LV0203_MV0203": 0.010739601935893472,
  "P_POIMV_MV0101": -0.04670546653252927,
  "Q_POIMV_MV0101": 0.025365566915070303,
  "U_POIMV": 0.9999949001141293,
  "I_POIMV_MV0101": 0.03068572633222246,
  "P_POIMV_MV0201": -0.04458423956786817,
  "Q_POIMV_MV0201": 0.025267723911497342,
  "I_POIMV_MV0201": 0.02958737949691574,
  "P_POI_POI_MV": -0.0912887061003973,
  "Q_POI_POI_MV": 0.05057670548558235,
  "U_POI": 0.999994914163285,
  "I_POI_POI_MV": 0.06025429939353945
}