{
  "P_LV0101": 0.000179,
  "Q_LV0101": 0.000306,
  "U_LV0101": 0.002482,
  "I_LV0101_MV0101": 0.000054,
  "P_LV0102": 0.000180,
  "Q_LV0102": 0.000299,
  "U_LV0102": 0.002482,
  "I_LV0102_MV0102": 0.000053,
  "P_LV0103": 0.000179,
  "Q_LV0103": 0.000307,
  "U_LV0103": 0.002483,
  "I_LV0103_MV0103": 0.000054,
  "P_LV0201": 0.000180,
  "Q_LV0201": 0.000302,
  "U_LV0201": 0.002483,
  "I_LV0201_MV0201": 0.000053,
  "P_LV0202": 0.000185,
  "Q_LV0202": 0.000269,
  "U_LV0202": 0.002481,
  "I_LV0202_MV0202": 0.000050,
  "P_LV0203": 0.000177,
  "Q_LV0203": 0.000314,
  "U_LV0203": 0.002484,
  "I_LV0203_MV0203": 0.000055,
  "P_POIMV_MV0101": 0.000557,
  "Q_POIMV_MV0101": 0.000909,
  "U_POIMV": 0.002500,
  "I_POIMV_MV0101": 0.000161,
  "P_POIMV_MV0201": 0.000561,
  "Q_POIMV_MV0201": 0.000886,
  "I_POIMV_MV0201": 0.000158,
  "P_POI_POI_MV": 0.001117,
  "Q_POI_POI_MV": 0.001795,
  "U_POI": 0.002500,
  "I_POI_POI_MV": 0.000319
}
