{
  "P_LV0101": 0.14625984905990191,
  "Q_LV0101": -0.06715561999339459,
  "U_LV0101": 0.9888770172367176,
  "I_LV0101_MV0101": 0.09396416004781781,
  "P_LV0102": 0.12197481875210786,
  "Q_LV0102": -0.0671556199933948,
  "U_LV0102": 0.9883537465570014,
  "I_LV0102_MV0102": 0.08133743688500178,
  "P_LV0103": 0.10278362775003475,
  "Q_LV0103": -0.0671556199933946,
  "U_LV0103": 0.9878981725273814,
  "I_LV0103_MV0103": 0.07175406480377931,
  "P_LV0201": 0.12788919748857658,
  "Q_LV0201": -0.06715561999339499,
  "U_LV0201": 0.9885821472341438,
  "I_LV0201_MV0201": 0.08436091053352748,
  "P_LV0202": 0.11260075929751813,
  "Q_LV0202": -0.06715561999339388,
  "U_LV0202": 0.988300416862758,
  "I_LV0202_MV0202": 0.07659021312571784,
  "P_LV0203": 0.13865900259885475,
  "Q_LV0203": -0.0671556199933951,
  "U_LV0203": 0.9890286634776116,
  "I_LV0203_MV0203": 0.08993651541629866,
  "P_POIMV_MV0101": -0.3691791981577808,
  "Q_POIMV_MV0101": 0.20887142942274295,
  "U_POIMV": 0.9943737305662855,
  "I_POIMV_MV0101": 0.24628055316425085,
  "P_POIMV_MV0201": -0.37712182626967206,
  "Q_POIMV_MV0201": 0.20889044120610833,
  "I_POIMV_MV0201": 0.25030995735019956,
  "P_POI_POI_MV": -0.7462910244270795,
  "Q_POI_POI_MV": 0.4268286655265001,
  "U_POI": 0.9998845447192138,
  "I_POI_POI_MV": 0.49642176491186235
}