{
  "P_LV0101": 0.14016715227549653,
  "Q_LV0101": -0.0760307835410904,
  "U_LV0101": 0.9867000973743913,
  "I_LV0101_MV0101": 0.16160944959078088,
  "P_LV0102": 0.11814032421771137,
  "Q_LV0102": -0.07603078354109054,
  "U_LV0102": 0.9862437248436174,
  "I_LV0102_MV0102": 0.1424509329383966,
  "P_LV0103": 0.13795423131890444,
  "Q_LV0103": -0.0760307835410905,
  "U_LV0103": 0.9868079257961762,
  "I_LV0103_MV0103": 0.15962418567573355,
  "P_LV0201": 0.11602935887791901,
  "Q_LV0201": -0.0760307835410906,
  "U_LV0201": 0.9862491861847794,
  "I_LV0201_MV0201": 0.14065503588280226,
  "P_LV0202": 0.12245774678140416,
  "Q_LV0202": -0.0760307835410905,
  "U_LV0202": 0.9865348711397607,
  "I_LV0202_MV0202": 0.1461081989157411,
  "P_LV0203": 0.1569839220254982,
  "Q_LV0203": -0.07603078354109068,
  "U_LV0203": 0.9874783791636902,
  "I_LV0203_MV0203": 0.17663837883322145,
  "P_POIMV_MV0101": -0.3941090193675336,
  "Q_POIMV_MV0101": 0.2369249912092073,
  "U_POIMV": 0.9936149547265318,
  "I_POIMV_MV0101": 0.46279775186353095,
  "P_POIMV_MV0201": -0.3931447007296356,
  "Q_POIMV_MV0201": 0.23681578465004804,
  "I_POIMV_MV0201": 0.46190952015675457,
  "P_POI_POIMV": -0.7872437200967396,
  "Q_POI_POIMV": 0.48430878703402414,
  "U_POI": 0.9998689950071346,
  "I_POI_POIMV": 0.9244087608658234
}