{
  "P_LV0101": 0.34569674238501263,
  "Q_LV0101": -0.16902430222465337,
  "U_LV0101": 0.968554206891086,
  "I_LV0101_MV0101": 0.3972991192821296,
  "P_LV0102": 0.34881493729278834,
  "Q_LV0102": -0.16902430222465314,
  "U_LV0102": 0.9689303813688568,
  "I_LV0102_MV0102": 0.4000384794388072,
  "P_LV0103": 0.3488712535714231,
  "Q_LV0103": -0.16902430222465326,
  "U_LV0103": 0.9690868154761755,
  "I_LV0103_MV0103": 0.4000262007565105,
  "P_LV0201": 0.3488673243767397,
  "Q_LV0201": -0.16902430222465287,
  "U_LV0201": 0.9690759010464991,
  "I_LV0201_MV0201": 0.40002705726117,
  "P_LV0202": 0.3375192172595716,
  "Q_LV0202": -0.1690243022246527,
  "U_LV0202": 0.969138673421902,
  "I_LV0202_MV0202": 0.38949679330944137,
  "P_LV0203": 0.3490335665055952,
  "Q_LV0203": -0.16902430222465356,
  "U_LV0203": 0.9695376847377646,
  "I_LV0203_MV0203": 0.3999908426800431,
  "P_POIMV_MV0101": -1.0290514637888464,
  "Q_POIMV_MV0101": 0.5729285351001181,
  "U_POIMV": 0.9841557311367141,
  "I_POIMV_MV0101": 1.1967536984818097,
  "P_POIMV_MV0201": -1.0202934527311527,
  "Q_POIMV_MV0201": 0.572449688726067,
  "I_POIMV_MV0201": 1.1887482521789594,
  "P_POI_POIMV": -2.04933491651979,
  "Q_POI_POIMV": 1.2189090915785528,
  "U_POI": 0.9996701242432013,
  "I_POI_POIMV": 2.3852181988793686
}