{
  "P_LV0101": 0.002153,
  "Q_LV0101": 0.003675,
  "U_LV0101": 0.002421,
  "I_LV0101_MV0101": 0.000993,
  "P_LV0102": 0.002160,
  "Q_LV0102": 0.003707,
  "U_LV0102": 0.002422,
  "I_LV0102_MV0102": 0.001000,
  "P_LV0103": 0.002160,
  "Q_LV0103": 0.003707,
  "U_LV0103": 0.002423,
  "I_LV0103_MV0103": 0.001000,
  "P_LV0201": 0.002160,
  "Q_LV0201": 0.003707,
  "U_LV0201": 0.002423,
  "I_LV0201_MV0201": 0.001000,
  "P_LV0202": 0.002137,
  "Q_LV0202": 0.003590,
  "U_LV0202": 0.002423,
  "I_LV0202_MV0202": 0.000974,
  "P_LV0203": 0.002160,
  "Q_LV0203": 0.003709,
  "U_LV0203": 0.002424,
  "I_LV0203_MV0203": 0.001000,
  "P_POIMV_MV0101": 0.007025,
  "Q_POIMV_MV0101": 0.010981,
  "U_POIMV": 0.002460,
  "I_POIMV_MV0101": 0.002992,
  "P_POIMV_MV0201": 0.007004,
  "Q_POIMV_MV0201": 0.010891,
  "I_POIMV_MV0201": 0.002972,
  "P_POI_POIMV": 0.014695,
  "Q_POI_POIMV": 0.021921,
  "U_POI": 0.002499,
  "I_POI_POIMV": 0.005963
}
