{
  "irrad_LV0101": 37.442083756456526,
  "irrad_LV0102": -14.015812140315195,
  "irrad_LV0103": 20.270076692986073,
  "irrad_LV0201": 66.54216555183503,
  "irrad_LV0202": -22.12007897411629,
  "irrad_LV0203": -46.40896259351569
}