{
  "P_LV0101": 0.01123045338124125,
  "Q_LV0101": 0.006741762211640173,
  "U_LV0101": 1.0018351641886707,
  "I_LV0101_MV0101": 0.0130746485839903,
  "P_LV0102": -0.004203930685746147,
  "Q_LV0102": 0.006741762211639774,
  "U_LV0102": 1.0014162561347661,
  "I_LV0102_MV0102": 0.007933849597908457,
  "P_LV0103": 0.006079847286691414,
  "Q_LV0103": 0.00674176221164021,
  "U_LV0103": 1.0017088142962496,
  "I_LV0103_MV0103": 0.00906283367066835,
  "P_LV0201": 0.019958790033630446,
  "Q_LV0201": 0.0067417622116415265,
  "U_LV0201": 1.0020794919143143,
  "I_LV0201_MV0201": 0.021022954654987613,
  "P_LV0202": -0.006634740665718168,
  "Q_LV0202": 0.006741762211639852,
  "U_LV0202": 1.0013379951051935,
  "I_LV0202_MV0202": 0.009446279542087887,
  "P_LV0203": -0.013919996928279188,
  "Q_LV0203": 0.0067417622116409245,
  "U_LV0203": 1.001127977765294,
  "I_LV0203_MV0203": 0.015449236857977118,
  "P_POIMV_MV0101": -0.01309716637274505,
  "Q_POIMV_MV0101": -0.021455914389662212,
  "U_POIMV": 1.0005804526530924,
  "I_POIMV_MV0101": 0.025122880023782747,
  "P_POIMV_MV0201": 0.0006184298563312041,
  "Q_POIMV_MV0201": -0.021675693116094408,
  "I_POIMV_MV0201": 0.021671934010339712,
  "P_POI_POIMV": -0.01246873651642974,
  "Q_POI_POIMV": -0.04367131323351714,
  "U_POI": 1.0000118093058097,
  "I_POI_POIMV": 0.04541590331281766
}