{
  "irrad_LV0101": 264.0528479275373,
  "irrad_LV0102": 140.84383918737728,
  "irrad_LV0103": 83.30563744562107,
  "irrad_LV0201": 246.4704419298285,
  "irrad_LV0202": 197.61409331131568,
  "irrad_LV0203": 277.2602171843878
}