{
  "P_LV0101": 0.001073,
  "Q_LV0101": 0.001915,
  "U_LV0101": 0.002555,
  "I_LV0101_MV0101": 0.000485,
  "P_LV0102": 0.001145,
  "Q_LV0102": 0.002253,
  "U_LV0102": 0.002558,
  "I_LV0102_MV0102": 0.000558,
  "P_LV0103": 0.001070,
  "Q_LV0103": 0.001900,
  "U_LV0103": 0.002556,
  "I_LV0103_MV0103": 0.000482,
  "P_LV0201": 0.001131,
  "Q_LV0201": 0.002186,
  "U_LV0201": 0.002558,
  "I_LV0201_MV0201": 0.000543,
  "P_LV0202": 0.001166,
  "Q_LV0202": 0.002345,
  "U_LV0202": 0.002560,
  "I_LV0202_MV0202": 0.000578,
  "P_LV0203": 0.001052,
  "Q_LV0203": 0.001806,
  "U_LV0203": 0.002557,
  "I_LV0203_MV0203": 0.000461,
  "P_POIMV_MV0101": 0.003146,
  "Q_POIMV_MV0101": 0.006021,
  "U_POIMV": 0.002515,
  "I_POIMV_MV0101": 0.001525,
  "P_POIMV_MV0201": 0.003193,
  "Q_POIMV_MV0201": 0.006283,
  "I_POIMV_MV0201": 0.001583,
  "P_POI_POIMV": 0.006184,
  "Q_POI_POIMV": 0.012295,
  "U_POI": 0.002500,
  "I_POI_POIMV": 0.003108
}
