{
  "P_LV0101": 0.000049,
  "Q_LV0101": 0.000165,
  "U_LV0101": 0.002500,
  "I_LV0101_MV0101": 0.000046,
  "P_LV0102": 0.000088,
  "Q_LV0102": 0.000279,
  "U_LV0102": 0.002499,
  "I_LV0102_MV0102": 0.000073,
  "P_LV0103": 0.000036,
  "Q_LV0103": 0.000122,
  "U_LV0103": 0.002500,
  "I_LV0103_MV0103": 0.000034,
  "P_LV0201": 0.000020,
  "Q_LV0201": 0.000069,
  "U_LV0201": 0.002500,
  "I_LV0201_MV0201": 0.000019,
  "P_LV0202": 0.000027,
  "Q_LV0202": 0.000091,
  "U_LV0202": 0.002500,
  "I_LV0202_MV0202": 0.000025,
  "P_LV0203": 0.000014,
  "Q_LV0203": 0.000046,
  "U_LV0203": 0.002500,
  "I_LV0203_MV0203": 0.000013,
  "P_POIMV_MV0101": 0.000185,
  "Q_POIMV_MV0101": 0.000604,
  "U_POIMV": 0.002500,
  "I_POIMV_MV0101": 0.000164,
  "P_POIMV_MV0201": 0.000042,
  "Q_POIMV_MV0201": 0.000026,
  "I_POIMV_MV0201": 0.000013,
  "P_POI_POIMV": 0.000243,
  "Q_POI_POIMV": 0.000773,
  "U_POI": 0.002500,
  "I_POI_POIMV": 0.000216
}
