{
  "P_LV0101": -0.007358199494918727,
  "Q_LV0101": -5.412377902629142e-16,
  "U_LV0101": 0.9998293348102459,
  "I_LV0101_MV0101": 0.007359455497787743,
  "P_LV0102": -0.009109311423400516,
  "Q_LV0102": 3.078263538103736e-17,
  "U_LV0102": 0.9997663017810328,
  "I_LV0102_MV0102": 0.00911144075087622,
  "P_LV0103": -0.011647561481770943,
  "Q_LV0103": -1.4649739754624035e-16,
  "U_LV0103": 0.9996872461587673,
  "I_LV0103_MV0103": 0.011651205441027617,
  "P_LV0201": -0.012293726775749943,
  "Q_LV0201": -3.366876694411197e-16,
  "U_LV0201": 0.9996777269960525,
  "I_LV0201_MV0201": 0.012297689989244392,
  "P_LV0202": -0.012716799363298097,
  "Q_LV0202": 7.91578987726426e-18,
  "U_LV0202": 0.9996587720568738,
  "I_LV0202_MV0202": 0.012721140171793138,
  "P_LV0203": 0.0019918531967030363,
  "Q_LV0203": 3.987685088813219e-16,
  "U_LV0203": 1.0000705067850817,
  "I_LV0203_MV0203": 0.001991712767438998,
  "P_POIMV_MV0101": 0.02812332569396858,
  "Q_POIMV_MV0101": -0.0012349841244940762,
  "U_POIMV": 1.000043797710451,
  "I_POIMV_MV0101": 0.028149195792071747,
  "P_POIMV_MV0201": 0.02302811969832419,
  "Q_POIMV_MV0201": -0.001511828196839815,
  "I_POIMV_MV0201": 0.023076682448727362,
  "P_POI_POIMV": 0.05116144539269163,
  "Q_POI_POIMV": -0.0032785454486656818,
  "U_POI": 1.000000886476844,
  "I_POI_POIMV": 0.05126634076255643
}