{
  "P_LV0101": 0.006956048736848111,
  "Q_LV0101": 4.481943620592079e-16,
  "U_LV0101": 1.0002424780063235,
  "I_LV0101_MV0101": 0.00695436245690431,
  "P_LV0102": 0.011437181296671855,
  "Q_LV0102": -5.189113721357698e-16,
  "U_LV0102": 1.0003801358564435,
  "I_LV0102_MV0102": 0.01143283526604642,
  "P_LV0103": 0.008166981262281055,
  "Q_LV0103": 4.2568027735656004e-16,
  "U_LV0103": 1.000295789443205,
  "I_LV0103_MV0103": 0.008164566269770109,
  "P_LV0201": -0.01581770219529006,
  "Q_LV0201": -5.253239185665021e-16,
  "U_LV0201": 0.9995313550225515,
  "I_LV0201_MV0201": 0.015825118557619616,
  "P_LV0202": -0.0037906389402709633,
  "Q_LV0202": 2.3482345218707733e-16,
  "U_LV0202": 0.9998340463067954,
  "I_LV0202_MV0202": 0.0037912681152166123,
  "P_LV0203": -0.045096436790373874,
  "Q_LV0203": 2.999138084453137e-16,
  "U_LV0203": 0.9986339530695715,
  "I_LV0203_MV0203": 0.04515812490828875,
  "P_POIMV_MV0101": -0.02655282435762274,
  "Q_POIMV_MV0101": -0.0012389316354983748,
  "U_POIMV": 1.0000402200463459,
  "I_POIMV_MV0101": 0.02658064330362329,
  "P_POIMV_MV0201": 0.06477626094670086,
  "Q_POIMV_MV0201": -0.0012310077654547058,
  "I_POIMV_MV0201": 0.0647853512539201,
  "P_POI_POIMV": 0.03823343658956272,
  "Q_POI_POIMV": -0.0030167380587045045,
  "U_POI": 1.0000008157221376,
  "I_POI_POIMV": 0.038352235688163
}