{
  "P_LV0101": 0.000185,
  "Q_LV0101": 0.000559,
  "U_LV0101": 0.002503,
  "I_LV0101_MV0101": 0.000138,
  "P_LV0102": 0.000136,
  "Q_LV0102": 0.000423,
  "U_LV0102": 0.002503,
  "I_LV0102_MV0102": 0.000108,
  "P_LV0103": 0.000200,
  "Q_LV0103": 0.000599,
  "U_LV0103": 0.002504,
  "I_LV0103_MV0103": 0.000145,
  "P_LV0201": 0.000236,
  "Q_LV0201": 0.000700,
  "U_LV0201": 0.002505,
  "I_LV0201_MV0201": 0.000167,
  "P_LV0202": 0.000206,
  "Q_LV0202": 0.000614,
  "U_LV0202": 0.002504,
  "I_LV0202_MV0202": 0.000147,
  "P_LV0203": 0.000109,
  "Q_LV0203": 0.000343,
  "U_LV0203": 0.002502,
  "I_LV0203_MV0203": 0.000088,
  "P_POIMV_MV0101": 0.000525,
  "Q_POIMV_MV0101": 0.001599,
  "U_POIMV": 0.002500,
  "I_POIMV_MV0101": 0.000397,
  "P_POIMV_MV0201": 0.000559,
  "Q_POIMV_MV0201": 0.001692,
  "I_POIMV_MV0201": 0.000416,
  "P_POI_POIMV": 0.001084,
  "Q_POI_POIMV": 0.003293,
  "U_POI": 0.002500,
  "I_POI_POIMV": 0.000814
}
