{
  "irrad_LV0101": 232.6323676268104,
  "irrad_LV0102": 330.5310387259056,
  "irrad_LV0103": 337.7746625672447,
  "irrad_LV0201": 299.80034188464833,
  "irrad_LV0202": 368.1243478252942,
  "irrad_LV0203": 377.5433722486887
}