{
  "P_LV0101": 0.000626,
  "Q_LV0101": 0.000757,
  "U_LV0101": 0.002534,
  "I_LV0101_MV0101": 0.000219,
  "P_LV0102": 0.000674,
  "Q_LV0102": 0.001058,
  "U_LV0102": 0.002537,
  "I_LV0102_MV0102": 0.000279,
  "P_LV0103": 0.000678,
  "Q_LV0103": 0.001080,
  "U_LV0103": 0.002537,
  "I_LV0103_MV0103": 0.000284,
  "P_LV0201": 0.000657,
  "Q_LV0201": 0.000963,
  "U_LV0201": 0.002536,
  "I_LV0201_MV0201": 0.000260,
  "P_LV0202": 0.000695,
  "Q_LV0202": 0.001174,
  "U_LV0202": 0.002538,
  "I_LV0202_MV0202": 0.000304,
  "P_LV0203": 0.000701,
  "Q_LV0203": 0.001203,
  "U_LV0203": 0.002539,
  "I_LV0203_MV0203": 0.000310,
  "P_POIMV_MV0101": 0.001940,
  "Q_POIMV_MV0101": 0.002881,
  "U_POIMV": 0.002511,
  "I_POIMV_MV0101": 0.000781,
  "P_POIMV_MV0201": 0.002011,
  "Q_POIMV_MV0201": 0.003324,
  "I_POIMV_MV0201": 0.000874,
  "P_POI_POIMV": 0.003903,
  "Q_POI_POIMV": 0.006200,
  "U_POI": 0.002500,
  "I_POI_POIMV": 0.001655
}
