{
  "P_LV0101": -0.0034670163313577753,
  "Q_LV0101": 5.481998928695727e-16,
  "U_LV0101": 0.9999359342825584,
  "I_LV0101_MV0101": 0.003467238462477415,
  "P_LV0102": -0.004224280018203978,
  "Q_LV0102": 1.3304380383841183e-16,
  "U_LV0102": 0.9998947855864919,
  "I_LV0102_MV0102": 0.004224724520116595,
  "P_LV0103": -0.02503305416519032,
  "Q_LV0103": -1.1440080440364408e-16,
  "U_LV0103": 0.9992930322036023,
  "I_LV0103_MV0103": 0.025050764248789364,
  "P_LV0201": 0.012896541575803068,
  "Q_LV0201": -7.276051579303112e-16,
  "U_LV0201": 1.0004246578393086,
  "I_LV0201_MV0201": 0.012891067283024277,
  "P_LV0202": 0.005295909671883401,
  "Q_LV0202": 6.307830093424845e-16,
  "U_LV0202": 1.000222123256832,
  "I_LV0202_MV0202": 0.005294733588414684,
  "P_LV0203": 0.004380931567641678,
  "Q_LV0203": 4.921915557655328e-16,
  "U_LV0203": 1.000199986739203,
  "I_LV0203_MV0203": 0.004380055614601785,
  "P_POIMV_MV0101": 0.03274402151510003,
  "Q_POIMV_MV0101": -0.0011810643184162473,
  "U_POIMV": 1.0000434969243674,
  "I_POIMV_MV0101": 0.0327638897320338,
  "P_POIMV_MV0201": -0.02256684095630135,
  "Q_POIMV_MV0201": -0.0015264115081663476,
  "I_POIMV_MV0201": 0.022617421169635527,
  "P_POI_POIMV": 0.01018718055901558,
  "Q_POI_POIMV": -0.0032719397813707474,
  "U_POI": 1.0000008847824717,
  "I_POI_POIMV": 0.010699721262158035
}