{
  "irrad_LV0101": 54.03250062845901,
  "irrad_LV0102": -18.52778812886404,
  "irrad_LV0103": -0.9254894729425737,
  "irrad_LV0201": 53.11457138523299,
  "irrad_LV0202": 57.88244509720493,
  "irrad_LV0203": 143.38260577527348
}