{
  "irrad_LV0101": 1008.5238677776832,
  "irrad_LV0102": 1015.6301552437569,
  "irrad_LV0103": 979.4395863871154,
  "irrad_LV0201": 1018.3482774627807,
  "irrad_LV0202": 1083.5505270266847,
  "irrad_LV0203": 1018.6526067120591
}