{
  "irrad_LV0101": -5.478536566568703,
  "irrad_LV0102": -32.631857482576144,
  "irrad_LV0103": -27.830770729737925,
  "irrad_LV0201": 10.646209955225073,
  "irrad_LV0202": 19.9459850529383,
  "irrad_LV0203": -29.65479032953268
}