{
  "P_LV0101": 0.06977621695935014,
  "Q_LV0101": 0.054845174251691914,
  "U_LV0101": 1.0137578605773845,
  "I_LV0101_MV0101": 0.0875464000516831,
  "P_LV0102": 0.09914013989203868,
  "Q_LV0102": 0.054845174251690484,
  "U_LV0102": 1.0147016578049033,
  "I_LV0102_MV0102": 0.11165787256954489,
  "P_LV0103": 0.10131280689397548,
  "Q_LV0103": 0.05484517425169073,
  "U_LV0103": 1.014851148087451,
  "I_LV0103_MV0103": 0.11351947846384883,
  "P_LV0201": 0.08992271330612425,
  "Q_LV0201": 0.05484517425169014,
  "U_LV0201": 1.0145828079210728,
  "I_LV0201_MV0201": 0.10381456645906505,
  "P_LV0202": 0.11041595210466618,
  "Q_LV0202": 0.054845174251691,
  "U_LV0202": 1.015306957343137,
  "I_LV0202_MV0202": 0.12142826720281681,
  "P_LV0203": 0.11324111310189473,
  "Q_LV0203": 0.054845174251690436,
  "U_LV0203": 1.0154803271813002,
  "I_LV0203_MV0203": 0.1239053634365887,
  "P_POIMV_MV0101": -0.2692334691969336,
  "Q_POIMV_MV0101": -0.1611812630571876,
  "U_POIMV": 1.0042329136332113,
  "I_POIMV_MV0101": 0.3124703616920842,
  "P_POIMV_MV0201": -0.3122638009765524,
  "Q_POIMV_MV0201": -0.16030743714122764,
  "I_POIMV_MV0201": 0.34952924174816735,
  "P_POI_POIMV": -0.5814872701729554,
  "Q_POI_POIMV": -0.3163545537217942,
  "U_POI": 1.000085527867129,
  "I_POI_POIMV": 0.6619159317601743
}