{
  "P_LV0101": -0.008191177944724432,
  "Q_LV0101": -0.01243841794125052,
  "U_LV0101": 0.9970741280157076,
  "I_LV0101_MV0101": 0.01493697857897577,
  "P_LV0102": -0.010691881099586392,
  "Q_LV0102": -0.012438417941249863,
  "U_LV0102": 0.9969885697864821,
  "I_LV0102_MV0102": 0.016451694278648895,
  "P_LV0103": 0.004978488322267989,
  "Q_LV0103": -0.012438417941251044,
  "U_LV0103": 0.9974236965255492,
  "I_LV0103_MV0103": 0.01343235140216295,
  "P_LV0201": -0.00964633017450831,
  "Q_LV0201": -0.012438417941250453,
  "U_LV0201": 0.997037742783773,
  "I_LV0201_MV0201": 0.015787348345963848,
  "P_LV0202": -0.0002567427128050327,
  "Q_LV0202": -0.012438417941250323,
  "U_LV0202": 0.9973065640511559,
  "I_LV0202_MV0202": 0.012474667102776395,
  "P_LV0203": 0.025682119021626735,
  "Q_LV0203": -0.012438417941251242,
  "U_LV0203": 0.998034241122747,
  "I_LV0203_MV0203": 0.028591892568441676,
  "P_POIMV_MV0101": 0.013924371592111129,
  "Q_POIMV_MV0101": 0.03613881495971327,
  "U_POIMV": 0.9990486666754211,
  "I_POIMV_MV0101": 0.03876544804511788,
  "P_POIMV_MV0201": -0.01574205590748079,
  "Q_POIMV_MV0201": 0.035933810749725126,
  "I_POIMV_MV0201": 0.03926809855777966,
  "P_POI_POIMV": -0.0018076843151583824,
  "Q_POI_POIMV": 0.0715745462898667,
  "U_POI": 0.999980644675026,
  "I_POI_POIMV": 0.07159875587491776
}