{
  "P_LV0101": 0.000183,
  "Q_LV0101": 0.000131,
  "U_LV0101": 0.002493,
  "I_LV0101_MV0101": 0.000056,
  "P_LV0102": 0.000183,
  "Q_LV0102": 0.000162,
  "U_LV0102": 0.002492,
  "I_LV0102_MV0102": 0.000061,
  "P_LV0103": 0.000199,
  "Q_LV0103": 0.000100,
  "U_LV0103": 0.002494,
  "I_LV0103_MV0103": 0.000057,
  "P_LV0201": 0.000183,
  "Q_LV0201": 0.000148,
  "U_LV0201": 0.002493,
  "I_LV0201_MV0201": 0.000059,
  "P_LV0202": 0.000210,
  "Q_LV0202": 0.000065,
  "U_LV0202": 0.002493,
  "I_LV0202_MV0202": 0.000057,
  "P_LV0203": 0.000196,
  "Q_LV0203": 0.000341,
  "U_LV0203": 0.002495,
  "I_LV0203_MV0203": 0.000096,
  "P_POIMV_MV0101": 0.000598,
  "Q_POIMV_MV0101": 0.000293,
  "U_POIMV": 0.002498,
  "I_POIMV_MV0101": 0.000171,
  "P_POIMV_MV0201": 0.000589,
  "Q_POIMV_MV0201": 0.000313,
  "I_POIMV_MV0201": 0.000171,
  "P_POI_POIMV": 0.001248,
  "Q_POI_POIMV": 0.000383,
  "U_POI": 0.002500,
  "I_POI_POIMV": 0.000337
}
