{
  "irrad_LV0101": 447.5008312486782,
  "irrad_LV0102": 509.3325545428124,
  "irrad_LV0103": 596.8423095205567,
  "irrad_LV0201": 429.5559424837583,
  "irrad_LV0202": 501.1517379801783,
  "irrad_LV0203": 474.0937699524423
}