{
  "P_LV0101": 0.013422429307338874,
  "Q_LV0101": -5.756296764829516e-17,
  "U_LV0101": 1.003701645027201,
  "I_LV0101_MV0101": 0.007720863278609857,
  "P_LV0102": 0.015277022364854908,
  "Q_LV0102": -6.703826080340237e-17,
  "U_LV0102": 1.0043883407442173,
  "I_LV0102_MV0102": 0.008781656075606627,
  "P_LV0103": 0.017901807433105637,
  "Q_LV0103": -1.827514198934468e-18,
  "U_LV0103": 1.0051499352279418,
  "I_LV0103_MV0103": 0.010282658316184972,
  "P_LV0201": 0.01288418672977068,
  "Q_LV0201": 5.297242295419959e-17,
  "U_LV0201": 1.0038401452181858,
  "I_LV0201_MV0201": 0.007410232308557156,
  "P_LV0202": 0.015031645319002578,
  "Q_LV0202": -4.5268111488792105e-17,
  "U_LV0202": 1.004574907089716,
  "I_LV0202_MV0202": 0.008639001840520848,
  "P_LV0203": 0.014220063221961293,
  "Q_LV0203": -5.344729259248703e-17,
  "U_LV0203": 1.0044710528071026,
  "I_LV0203_MV0203": 0.008173413565427536,
  "P_POIMV_MV0101": -0.046381893938956864,
  "Q_POIMV_MV0101": 0.0008945661180064235,
  "U_POIMV": 0.9999998469250438,
  "I_POIMV_MV0101": 0.026783583235279813,
  "P_POIMV_MV0201": -0.041946558850824545,
  "Q_POIMV_MV0201": 0.0006797284103541301,
  "I_POIMV_MV0201": 0.024221040226451183,
  "P_POI_POI_MV": -0.08832745278979348,
  "Q_POI_POI_MV": 0.0015177074819803238,
  "U_POI": 0.9999998473466288,
  "I_POI_POI_MV": 0.05100341405226827
}