{
  "P_LV0101": 0.000056,
  "Q_LV0101": 0.000188,
  "U_LV0101": 0.002505,
  "I_LV0101_MV0101": 0.000030,
  "P_LV0102": 0.000051,
  "Q_LV0102": 0.000172,
  "U_LV0102": 0.002505,
  "I_LV0102_MV0102": 0.000028,
  "P_LV0103": 0.000033,
  "Q_LV0103": 0.000114,
  "U_LV0103": 0.002503,
  "I_LV0103_MV0103": 0.000018,
  "P_LV0201": 0.000058,
  "Q_LV0201": 0.000197,
  "U_LV0201": 0.002506,
  "I_LV0201_MV0201": 0.000032,
  "P_LV0202": 0.000055,
  "Q_LV0202": 0.000185,
  "U_LV0202": 0.002506,
  "I_LV0202_MV0202": 0.000030,
  "P_LV0203": 0.000054,
  "Q_LV0203": 0.000182,
  "U_LV0203": 0.002506,
  "I_LV0203_MV0203": 0.000029,
  "P_POIMV_MV0101": 0.000141,
  "Q_POIMV_MV0101": 0.000479,
  "U_POIMV": 0.002500,
  "I_POIMV_MV0101": 0.000077,
  "P_POIMV_MV0201": 0.000166,
  "Q_POIMV_MV0201": 0.000563,
  "I_POIMV_MV0201": 0.000091,
  "P_POI_POI_MV": 0.000308,
  "Q_POI_POI_MV": 0.001043,
  "U_POI": 0.002500,
  "I_POI_POI_MV": 0.000168
}
