{
  "irrad_LV0101": -1.2382229401607836,
  "irrad_LV0102": -0.8467927379391161,
  "irrad_LV0103": 79.20709362895781,
  "irrad_LV0201": 61.94551952062683,
  "irrad_LV0202": -56.410005524760585,
  "irrad_LV0203": -6.057203909307228
}