{
  "P_LV0101": 0.000024,
  "Q_LV0101": 0.000012,
  "U_LV0101": 0.002501,
  "I_LV0101_MV0101": 0.000007,
  "P_LV0102": 0.000024,
  "Q_LV0102": 0.000010,
  "U_LV0102": 0.002501,
  "I_LV0102_MV0102": 0.000007,
  "P_LV0103": 0.000103,
  "Q_LV0103": 0.000322,
  "U_LV0103": 0.002502,
  "I_LV0103_MV0103": 0.000083,
  "P_LV0201": 0.000083,
  "Q_LV0201": 0.000260,
  "U_LV0201": 0.002502,
  "I_LV0201_MV0201": 0.000068,
  "P_LV0202": 0.000077,
  "Q_LV0202": 0.000239,
  "U_LV0202": 0.002499,
  "I_LV0202_MV0202": 0.000063,
  "P_LV0203": 0.000028,
  "Q_LV0203": 0.000049,
  "U_LV0203": 0.002500,
  "I_LV0203_MV0203": 0.000015,
  "P_POIMV_MV0101": 0.000172,
  "Q_POIMV_MV0101": 0.000503,
  "U_POIMV": 0.002500,
  "I_POIMV_MV0101": 0.000141,
  "P_POIMV_MV0201": 0.000110,
  "Q_POIMV_MV0201": 0.000033,
  "I_POIMV_MV0201": 0.000031,
  "P_POI_POIMV": 0.000279,
  "Q_POI_POIMV": 0.000592,
  "U_POI": 0.002500,
  "I_POI_POIMV": 0.000175
}
