{
  "P_LV0101": 0.015140636825041747,
  "Q_LV0101": -4.617817377303863e-17,
  "U_LV0101": 1.0041510025316767,
  "I_LV0101_MV0101": 0.008705314962193107,
  "P_LV0102": 0.017922361468718218,
  "Q_LV0102": -4.428576663354335e-17,
  "U_LV0102": 1.0050890864508801,
  "I_LV0102_MV0102": 0.010295087627522393,
  "P_LV0103": 0.020297929407661914,
  "Q_LV0103": -1.720616230042091e-17,
  "U_LV0103": 1.005793717956086,
  "I_LV0103_MV0103": 0.011651509448001236,
  "P_LV0201": 0.017402547493328733,
  "Q_LV0201": 1.5061111060402358e-17,
  "U_LV0201": 1.005064146861845,
  "I_LV0201_MV0201": 0.009996740517737013,
  "P_LV0202": 0.017128082018819095,
  "Q_LV0202": -2.2045615097872595e-17,
  "U_LV0202": 1.0052401899233678,
  "I_LV0202_MV0202": 0.00983735316533758,
  "P_LV0203": 0.018545365203353995,
  "Q_LV0203": 7.363183798876367e-17,
  "U_LV0203": 1.0057079717722721,
  "I_LV0203_MV0203": 0.010646402228977092,
  "P_POIMV_MV0101": -0.053073584932633366,
  "Q_POIMV_MV0101": 0.001211002627144353,
  "U_POIMV": 0.9999997662377395,
  "I_POIMV_MV0101": 0.030650031335362458,
  "P_POIMV_MV0201": -0.05277732910757038,
  "Q_POIMV_MV0201": 0.0011633259625511982,
  "I_POIMV_MV0201": 0.030478413661265455,
  "P_POI_POI_MV": -0.10584991404025353,
  "Q_POI_POI_MV": 0.002317741047590971,
  "U_POI": 0.9999997668815561,
  "I_POI_POI_MV": 0.06112713923240236
}