{
  "P_LV0101": -0.021323402858323716,
  "Q_LV0101": 0.0027389727551957485,
  "U_LV0101": 1.0000377478020888,
  "I_LV0101_MV0101": 0.021497781046274547,
  "P_LV0102": -0.004565279032608004,
  "Q_LV0102": 0.002738972755195277,
  "U_LV0102": 1.000505976410216,
  "I_LV0102_MV0102": 0.005321191936167676,
  "P_LV0103": -0.0018641816829332366,
  "Q_LV0103": 0.002738972755194678,
  "U_LV0103": 1.0005812658225448,
  "I_LV0103_MV0103": 0.003311252775016701,
  "P_LV0201": -0.018457102053995582,
  "Q_LV0201": 0.002738972755195604,
  "U_LV0201": 1.0001222842884796,
  "I_LV0201_MV0201": 0.018656941147858867,
  "P_LV0202": 0.0027186561802301436,
  "Q_LV0202": 0.0027389727551959024,
  "U_LV0202": 1.0007224082909731,
  "I_LV0202_MV0202": 0.0038563672970591645,
  "P_LV0203": 0.005655271002162993,
  "Q_LV0203": 0.002738972755195608,
  "U_LV0203": 1.0008090339347087,
  "I_LV0203_MV0203": 0.006278554882886389,
  "P_POIMV_MV0101": 0.02776715727645751,
  "Q_POIMV_MV0101": -0.009420959791214045,
  "U_POIMV": 1.0002617095384723,
  "I_POIMV_MV0101": 0.0293141546601934,
  "P_POIMV_MV0201": 0.010094662402252652,
  "Q_POIMV_MV0201": -0.009717883972427899,
  "I_POIMV_MV0201": 0.014008452820266543,
  "P_POI_POIMV": 0.037871819679189164,
  "Q_POI_POIMV": -0.019681326528825593,
  "U_POI": 1.0000053220779506,
  "I_POI_POIMV": 0.04268032275177141
}