{
  "P_LV0101": 0.000100,
  "Q_LV0101": 0.000293,
  "U_LV0101": 0.002500,
  "I_LV0101_MV0101": 0.000077,
  "P_LV0102": 0.000074,
  "Q_LV0102": 0.000113,
  "U_LV0102": 0.002501,
  "I_LV0102_MV0102": 0.000036,
  "P_LV0103": 0.000074,
  "Q_LV0103": 0.000054,
  "U_LV0103": 0.002501,
  "I_LV0103_MV0103": 0.000025,
  "P_LV0201": 0.000090,
  "Q_LV0201": 0.000259,
  "U_LV0201": 0.002500,
  "I_LV0201_MV0201": 0.000068,
  "P_LV0202": 0.000074,
  "Q_LV0202": 0.000073,
  "U_LV0202": 0.002502,
  "I_LV0202_MV0202": 0.000028,
  "P_LV0203": 0.000075,
  "Q_LV0203": 0.000133,
  "U_LV0203": 0.002502,
  "I_LV0203_MV0203": 0.000041,
  "P_POIMV_MV0101": 0.000248,
  "Q_POIMV_MV0101": 0.000549,
  "U_POIMV": 0.002501,
  "I_POIMV_MV0101": 0.000158,
  "P_POIMV_MV0201": 0.000255,
  "Q_POIMV_MV0201": 0.000263,
  "I_POIMV_MV0201": 0.000098,
  "P_POI_POIMV": 0.000510,
  "Q_POI_POIMV": 0.000861,
  "U_POI": 0.002500,
  "I_POI_POIMV": 0.000265
}
