{
  "irrad_LV0101": -32.96022772811077,
  "irrad_LV0102": -42.1477330375118,
  "irrad_LV0103": -86.23272034939122,
  "irrad_LV0201": 0.7865239703540876,
  "irrad_LV0202": 27.694615130589128,
  "irrad_LV0203": -45.40297818345576
}