{
  "P_LV0101": -0.009886156532936367,
  "Q_LV0101": -0.006595624325718275,
  "U_LV0101": 0.9983012037387116,
  "I_LV0101_MV0101": 0.011904597732993483,
  "P_LV0102": -0.012641875224723714,
  "Q_LV0102": -0.00659562432571892,
  "U_LV0102": 0.9981910875839723,
  "I_LV0102_MV0102": 0.014284846644333632,
  "P_LV0103": -0.025864814365585482,
  "Q_LV0103": -0.006595624325718623,
  "U_LV0103": 0.9977967887828899,
  "I_LV0103_MV0103": 0.02675146396695077,
  "P_LV0201": 0.00023591157051367837,
  "Q_LV0201": -0.006595624325719317,
  "U_LV0201": 0.9985868186365428,
  "I_LV0201_MV0201": 0.006609181979631676,
  "P_LV0202": 0.008306778173954244,
  "Q_LV0202": -0.0065956243257190555,
  "U_LV0202": 0.9988010380511356,
  "I_LV0202_MV0202": 0.01061956156534775,
  "P_LV0203": -0.013618259955173748,
  "Q_LV0203": -0.006595624325718418,
  "U_LV0203": 0.9981774000221046,
  "I_LV0203_MV0203": 0.015159028795740923,
  "P_POIMV_MV0101": 0.04842491076351507,
  "Q_POIMV_MV0101": 0.018664106338064812,
  "U_POIMV": 0.9995159095468492,
  "I_POIMV_MV0101": 0.051922349372717766,
  "P_POIMV_MV0201": 0.005086961103415888,
  "Q_POIMV_MV0201": 0.018286313764690476,
  "I_POIMV_MV0201": 0.01898987890701103,
  "P_POI_POIMV": 0.05352187186750723,
  "Q_POI_POIMV": 0.036439652594708605,
  "U_POI": 0.9999901459087699,
  "I_POI_POIMV": 0.06474968475598909
}