{
  "P_LV0101": 0.000127,
  "Q_LV0101": 0.000176,
  "U_LV0101": 0.002496,
  "I_LV0101_MV0101": 0.000056,
  "P_LV0102": 0.000116,
  "Q_LV0102": 0.000193,
  "U_LV0102": 0.002495,
  "I_LV0102_MV0102": 0.000057,
  "P_LV0103": 0.000140,
  "Q_LV0103": 0.000345,
  "U_LV0103": 0.002494,
  "I_LV0103_MV0103": 0.000092,
  "P_LV0201": 0.000152,
  "Q_LV0201": 0.000045,
  "U_LV0201": 0.002496,
  "I_LV0201_MV0201": 0.000042,
  "P_LV0202": 0.000133,
  "Q_LV0202": 0.000161,
  "U_LV0202": 0.002497,
  "I_LV0202_MV0202": 0.000054,
  "P_LV0203": 0.000113,
  "Q_LV0203": 0.000197,
  "U_LV0203": 0.002495,
  "I_LV0203_MV0203": 0.000057,
  "P_POIMV_MV0101": 0.000341,
  "Q_POIMV_MV0101": 0.000689,
  "U_POIMV": 0.002499,
  "I_POIMV_MV0101": 0.000191,
  "P_POIMV_MV0201": 0.000427,
  "Q_POIMV_MV0201": 0.000173,
  "I_POIMV_MV0201": 0.000123,
  "P_POI_POIMV": 0.000743,
  "Q_POI_POIMV": 0.001017,
  "U_POI": 0.002500,
  "I_POI_POIMV": 0.000328
}
