{
  "irrad_LV0101": -55.86105387376653,
  "irrad_LV0102": -31.86847830713938,
  "irrad_LV0103": -90.66415984050693,
  "irrad_LV0201": -70.83081908252834,
  "irrad_LV0202": 22.436326540378282,
  "irrad_LV0203": -21.01948757255905
}