{
  "irrad_LV0101": 758.2179131497337,
  "irrad_LV0102": 807.4546149228356,
  "irrad_LV0103": 839.441283920033,
  "irrad_LV0201": 782.8957191088804,
  "irrad_LV0202": 834.290770099624,
  "irrad_LV0203": 817.3024433493262
}