{
  "P_LV0101": 0.22742139518294727,
  "Q_LV0101": -0.11872833220417464,
  "U_LV0101": 0.9785479212820049,
  "I_LV0101_MV0101": 0.2621722001669499,
  "P_LV0102": 0.2421895498483123,
  "Q_LV0102": -0.1187283322041745,
  "U_LV0102": 0.9791176624931889,
  "I_LV0102_MV0102": 0.2754787890655379,
  "P_LV0103": 0.25178369523110705,
  "Q_LV0103": -0.11872833220417418,
  "U_LV0103": 0.97945485718513,
  "I_LV0103_MV0103": 0.28421203114334226,
  "P_LV0201": 0.23482330558884776,
  "Q_LV0201": -0.11872833220417521,
  "U_LV0201": 0.9790535371791261,
  "I_LV0201_MV0201": 0.2687615123717924,
  "P_LV0202": 0.25023883982920725,
  "Q_LV0202": -0.1187283322041745,
  "U_LV0202": 0.9796366502903621,
  "I_LV0202_MV0202": 0.2827337478193496,
  "P_LV0203": 0.24514332717463683,
  "Q_LV0203": -0.11872833220417436,
  "U_LV0203": 0.9796297429284921,
  "I_LV0203_MV0203": 0.27804532947747357,
  "P_POIMV_MV0101": -0.7146241655723315,
  "Q_POIMV_MV0101": 0.386587975982593,
  "U_POIMV": 0.9894264378462144,
  "I_POIMV_MV0101": 0.8211714526660482,
  "P_POIMV_MV0201": -0.722839968402468,
  "Q_POIMV_MV0201": 0.38720278399944164,
  "I_POIMV_MV0201": 0.828777530516951,
  "P_POI_POIMV": -1.4374541339741977,
  "Q_POI_POIMV": 0.8086718539689173,
  "U_POI": 0.9997811982137277,
  "I_POI_POIMV": 1.6496712780018319
}