{
  "P_LV0101": 0.000079,
  "Q_LV0101": 0.000171,
  "U_LV0101": 0.002498,
  "I_LV0101_MV0101": 0.000050,
  "P_LV0102": 0.000132,
  "Q_LV0102": 0.000397,
  "U_LV0102": 0.002496,
  "I_LV0102_MV0102": 0.000102,
  "P_LV0103": 0.000078,
  "Q_LV0103": 0.000137,
  "U_LV0103": 0.002498,
  "I_LV0103_MV0103": 0.000042,
  "P_LV0201": 0.000078,
  "Q_LV0201": 0.000030,
  "U_LV0201": 0.002498,
  "I_LV0201_MV0201": 0.000022,
  "P_LV0202": 0.000078,
  "Q_LV0202": 0.000035,
  "U_LV0202": 0.002499,
  "I_LV0202_MV0202": 0.000023,
  "P_LV0203": 0.000078,
  "Q_LV0203": 0.000139,
  "U_LV0203": 0.002499,
  "I_LV0203_MV0203": 0.000042,
  "P_POIMV_MV0101": 0.000229,
  "Q_POIMV_MV0101": 0.000641,
  "U_POIMV": 0.002500,
  "I_POIMV_MV0101": 0.000170,
  "P_POIMV_MV0201": 0.000196,
  "Q_POIMV_MV0201": 0.000175,
  "I_POIMV_MV0201": 0.000071,
  "P_POI_POIMV": 0.000414,
  "Q_POI_POIMV": 0.000881,
  "U_POI": 0.002500,
  "I_POI_POIMV": 0.000258
}
