{
  "irrad_LV0101": 11.708300959000798,
  "irrad_LV0102": 40.88898223476843,
  "irrad_LV0103": 9.085903443884087,
  "irrad_LV0201": 39.15875327966702,
  "irrad_LV0202": -2.7914066484943416,
  "irrad_LV0203": -89.35408208046398
}