{
  "P_LV0101": 0.0035118111734613777,
  "Q_LV0101": 0.012980336994434514,
  "U_LV0101": 1.0029860353903497,
  "I_LV0101_MV0101": 0.013406972152110263,
  "P_LV0102": 0.012264322994971762,
  "Q_LV0102": 0.012980336994433442,
  "U_LV0102": 1.0032500247588243,
  "I_LV0102_MV0102": 0.017799998455320473,
  "P_LV0103": 0.0027252440253249513,
  "Q_LV0103": 0.012980336994433935,
  "U_LV0103": 1.0029954148797837,
  "I_LV0103_MV0103": 0.013223726269264465,
  "P_LV0201": 0.011745354666565375,
  "Q_LV0201": 0.012980336994433683,
  "U_LV0201": 1.0032087699315868,
  "I_LV0201_MV0201": 0.017449507815158572,
  "P_LV0202": -0.0008372600851467505,
  "Q_LV0202": 0.012980336994434306,
  "U_LV0202": 1.0028549883035485,
  "I_LV0202_MV0202": 0.012970281516475078,
  "P_LV0203": -0.026801041837187106,
  "Q_LV0203": 0.012980336994433602,
  "U_LV0203": 1.0021159394848147,
  "I_LV0203_MV0203": 0.02971605799420926,
  "P_POIMV_MV0101": -0.01848126738332212,
  "Q_POIMV_MV0101": -0.04012287710520468,
  "U_POIMV": 1.0010754324809858,
  "I_POIMV_MV0101": 0.04412722593844439,
  "P_POIMV_MV0201": 0.015934215560378107,
  "Q_POIMV_MV0201": -0.04030987580784995,
  "I_POIMV_MV0201": 0.04329839268481826,
  "P_POI_POIMV": -0.0025370518220552848,
  "Q_POI_POIMV": -0.08091454654822883,
  "U_POI": 1.0000218801629857,
  "I_POI_POIMV": 0.08095253977962875
}