{
  "P_LV0101": 0.000207,
  "Q_LV0101": 0.000085,
  "U_LV0101": 0.002507,
  "I_LV0101_MV0101": 0.000057,
  "P_LV0102": 0.000191,
  "Q_LV0102": 0.000182,
  "U_LV0102": 0.002508,
  "I_LV0102_MV0102": 0.000065,
  "P_LV0103": 0.000210,
  "Q_LV0103": 0.000078,
  "U_LV0103": 0.002507,
  "I_LV0103_MV0103": 0.000057,
  "P_LV0201": 0.000190,
  "Q_LV0201": 0.000175,
  "U_LV0201": 0.002508,
  "I_LV0201_MV0201": 0.000064,
  "P_LV0202": 0.000213,
  "Q_LV0202": 0.000067,
  "U_LV0202": 0.002507,
  "I_LV0202_MV0202": 0.000057,
  "P_LV0203": 0.000203,
  "Q_LV0203": 0.000353,
  "U_LV0203": 0.002505,
  "I_LV0203_MV0203": 0.000099,
  "P_POIMV_MV0101": 0.000592,
  "Q_POIMV_MV0101": 0.000327,
  "U_POIMV": 0.002503,
  "I_POIMV_MV0101": 0.000169,
  "P_POIMV_MV0201": 0.000605,
  "Q_POIMV_MV0201": 0.000303,
  "I_POIMV_MV0201": 0.000170,
  "P_POI_POIMV": 0.001282,
  "Q_POI_POIMV": 0.000399,
  "U_POI": 0.002500,
  "I_POI_POIMV": 0.000342
}
