{
  "P_LV0101": 0.15134832415409855,
  "Q_LV0101": -2.8603354527714975e-16,
  "U_LV0101": 1.0039048318908754,
  "I_LV0101_MV0101": 0.15075963313079274,
  "P_LV0102": 0.13526876011854388,
  "Q_LV0102": -9.84822209691184e-16,
  "U_LV0102": 1.0036878514836485,
  "I_LV0102_MV0102": 0.13477174195003955,
  "P_LV0103": 0.13108150556814022,
  "Q_LV0103": 2.3505855976720964e-16,
  "U_LV0103": 1.0036727570381023,
  "I_LV0103_MV0103": 0.13060183675301648,
  "P_LV0201": 0.11630943586140102,
  "Q_LV0201": -1.1276320199228024e-16,
  "U_LV0201": 1.0032724143312113,
  "I_LV0201_MV0201": 0.11593006465640117,
  "P_LV0202": 0.13427570061786934,
  "Q_LV0202": -3.8043054140342457e-16,
  "U_LV0202": 1.0039036168570807,
  "I_LV0202_MV0202": 0.1337535778964977,
  "P_LV0203": 0.12612442184321268,
  "Q_LV0203": -9.861902960928225e-16,
  "U_LV0203": 1.0037854507636736,
  "I_LV0203_MV0203": 0.1256487845557614,
  "P_POIMV_MV0101": -0.4159675673727179,
  "Q_POIMV_MV0101": 0.006857094290808163,
  "U_POIMV": 0.9997929072433847,
  "I_POIMV_MV0101": 0.4161102554729199,
  "P_POIMV_MV0201": -0.3751955326993084,
  "Q_POIMV_MV0201": 0.005125856979020682,
  "I_POIMV_MV0201": 0.37530826897883873,
  "P_POI_POIMV": -0.7911531000716494,
  "Q_POI_POIMV": 0.019572396965941152,
  "U_POI": 0.9999946843839039,
  "I_POI_POIMV": 0.7913993713270385
}