{
  "irrad_LV0101": 1147.2083146107848,
  "irrad_LV0102": 1110.3845248939176,
  "irrad_LV0103": 1170.797465075825,
  "irrad_LV0201": 1131.4604106087745,
  "irrad_LV0202": 1109.3624019795575,
  "irrad_LV0203": 1151.9362108085352
}