{
  "irrad_LV0101": 1204.8056189130211,
  "irrad_LV0102": 1103.7763689370013,
  "irrad_LV0103": 1094.2906720079554,
  "irrad_LV0201": 1150.6360768954582,
  "irrad_LV0202": 1289.8827458199753,
  "irrad_LV0203": 1185.883200846538
}