{
  "irrad_LV0101": 1121.9673388477977,
  "irrad_LV0102": 1130.672051179607,
  "irrad_LV0103": 1125.4227230632973,
  "irrad_LV0201": 1104.2097155201361,
  "irrad_LV0202": 1068.8323459434691,
  "irrad_LV0203": 1164.1056591535512
}