{
  "P_LV0101": 0.3440959530888047,
  "Q_LV0101": 6.291187858197872e-16,
  "U_LV0101": 1.0070980862021852,
  "I_LV0101_MV0101": 0.3416707446902286,
  "P_LV0102": 0.3330509520566548,
  "Q_LV0102": 9.794652251573711e-17,
  "U_LV0102": 1.007321688842594,
  "I_LV0102_MV0102": 0.33063018075122375,
  "P_LV0103": 0.35117132999154016,
  "Q_LV0103": 9.789372285766147e-16,
  "U_LV0103": 1.0079338800400899,
  "I_LV0103_MV0103": 0.34840710977745143,
  "P_LV0201": 0.33937249531072783,
  "Q_LV0201": -8.160746392153587e-16,
  "U_LV0201": 1.0076727318897782,
  "I_LV0201_MV0201": 0.33678840815139693,
  "P_LV0202": 0.33274437446833777,
  "Q_LV0202": 2.0400348077363242e-16,
  "U_LV0202": 1.0079846443770986,
  "I_LV0202_MV0202": 0.3301085748919944,
  "P_LV0203": 0.34551404771691246,
  "Q_LV0203": 1.212822212641824e-15,
  "U_LV0203": 1.0084819170803374,
  "I_LV0203_MV0203": 0.3426080744384713,
  "P_POIMV_MV0101": -1.0178978986257334,
  "Q_POIMV_MV0101": 0.04750568512577047,
  "U_POIMV": 0.9983910590555353,
  "I_POIMV_MV0101": 1.0206480122844719,
  "P_POIMV_MV0201": -1.00672979899457,
  "Q_POIMV_MV0201": 0.04662649314383316,
  "I_POIMV_MV0201": 1.0094330872494288,
  "P_POI_POIMV": -2.0246176976194756,
  "Q_POI_POIMV": 0.14722801816742503,
  "U_POI": 0.9999600356140818,
  "I_POI_POIMV": 2.030044900319242
}