{
  "P_LV0101": 0.3613718035745537,
  "Q_LV0101": -4.05227657808442e-17,
  "U_LV0101": 1.007389239475712,
  "I_LV0101_MV0101": 0.3587211272602305,
  "P_LV0102": 0.33106888856112815,
  "Q_LV0102": -6.992289951728854e-16,
  "U_LV0102": 1.0071974875164769,
  "I_LV0102_MV0102": 0.3287030524445308,
  "P_LV0103": 0.32822372967939634,
  "Q_LV0103": 5.412337245049738e-16,
  "U_LV0103": 1.0073560863366204,
  "I_LV0103_MV0103": 0.3258269187343911,
  "P_LV0201": 0.34512408295439667,
  "Q_LV0201": 3.0617732665135474e-16,
  "U_LV0201": 1.0077729513464733,
  "I_LV0201_MV0201": 0.3424621413913526,
  "P_LV0202": 0.36310375189474553,
  "Q_LV0202": 7.996321891189578e-16,
  "U_LV0202": 1.0086215330409598,
  "I_LV0202_MV0202": 0.36,
  "P_LV0203": 0.3556961757078394,
  "Q_LV0203": -1.0494132843965855e-16,
  "U_LV0203": 1.0087052536396617,
  "I_LV0203_MV0203": 0.35262647282186577,
  "P_POIMV_MV0101": -1.0104092387457513,
  "Q_POIMV_MV0101": 0.04684734128886703,
  "U_POIMV": 0.9983265751933627,
  "I_POIMV_MV0101": 1.0131901852321141,
  "P_POIMV_MV0201": -1.052007559134836,
  "Q_POIMV_MV0201": 0.05109019397303882,
  "I_POIMV_MV0201": 1.0550128974718935,
  "P_POI_POIMV": -2.0624067978799268,
  "Q_POI_POIMV": 0.15306762290038023,
  "U_POI": 0.9999584507110633,
  "I_POI_POIMV": 2.068165111363316
}