{
  "P_LV0101": 0.3250443598233366,
  "Q_LV0101": -6.619705065061908e-16,
  "U_LV0101": 1.0067194400558854,
  "I_LV0101_MV0101": 0.18641186528806405,
  "P_LV0102": 0.3448210804728336,
  "Q_LV0102": -2.5194354859462375e-16,
  "U_LV0102": 1.0075939751386396,
  "I_LV0102_MV0102": 0.19758211000205259,
  "P_LV0103": 0.34398782695838365,
  "Q_LV0103": -2.104509640617608e-16,
  "U_LV0103": 1.0078053729227057,
  "I_LV0103_MV0103": 0.1970633118539735,
  "P_LV0201": 0.33652707584649943,
  "Q_LV0201": -1.0235995431997915e-18,
  "U_LV0201": 1.0076369529483253,
  "I_LV0201_MV0201": 0.19282142964395435,
  "P_LV0202": 0.32232461890780684,
  "Q_LV0202": -2.9450474913205957e-16,
  "U_LV0202": 1.0077874859495295,
  "I_LV0202_MV0202": 0.18465619794586882,
  "P_LV0203": 0.3554862572993584,
  "Q_LV0203": -1.0269500605076776e-16,
  "U_LV0203": 1.0087186354851716,
  "I_LV0203_MV0203": 0.20346613924335913,
  "P_POIMV_MV0101": -1.0037081665307142,
  "Q_POIMV_MV0101": 0.04616929289477412,
  "U_POIMV": 0.998418391848058,
  "I_POIMV_MV0101": 0.5810228742979006,
  "P_POIMV_MV0201": -1.0034880242005784,
  "Q_POIMV_MV0201": 0.04638174042975152,
  "I_POIMV_MV0201": 0.580901367433593,
  "P_POI_POIMV": -2.007186190731068,
  "Q_POI_POIMV": 0.14472206084565187,
  "U_POI": 0.9999607158904557,
  "I_POI_POIMV": 1.161903478325648
}