{
  "P_LV0101": 0.03492964168563851,
  "Q_LV0101": -1.3755250898068965e-16,
  "U_LV0101": 1.0088112698419454,
  "I_LV0101_MV0101": 0.01999049637209164,
  "P_LV0102": 0.035281597802744535,
  "Q_LV0102": -3.152346431961951e-17,
  "U_LV0102": 1.0093498356987303,
  "I_LV0102_MV0102": 0.020181149556291834,
  "P_LV0103": 0.034875966805605146,
  "Q_LV0103": -7.182194012489147e-18,
  "U_LV0103": 1.0094972346100062,
  "I_LV0103_MV0103": 0.01994621494059217,
  "P_LV0201": 0.03635242390511604,
  "Q_LV0201": -4.04520006273916e-18,
  "U_LV0201": 1.0097895529198901,
  "I_LV0201_MV0201": 0.020784609690826527,
  "P_LV0202": 0.035339407760128595,
  "Q_LV0202": -2.5561709920783152e-17,
  "U_LV0202": 1.0100294743945628,
  "I_LV0202_MV0202": 0.020200615032093392,
  "P_LV0203": 0.0321497188351696,
  "Q_LV0203": 3.89190902530214e-17,
  "U_LV0203": 1.0095742798593959,
  "I_LV0203_MV0203": 0.018385619754933778,
  "P_POIMV_MV0101": -0.10400346504113145,
  "Q_POIMV_MV0101": 0.004946296422076557,
  "U_POIMV": 0.9999990173501649,
  "I_POIMV_MV0101": 0.06011435739507585,
  "P_POIMV_MV0201": -0.10271103298300943,
  "Q_POIMV_MV0201": 0.004853417039328178,
  "I_POIMV_MV0201": 0.059366468461465566,
  "P_POI_POI_MV": -0.206713498024182,
  "Q_POI_POI_MV": 0.009743135888129473,
  "U_POI": 0.9999990200565925,
  "I_POI_POI_MV": 0.11947870506968485
}