{
  "P_LV0101": 0.3365251244071777,
  "Q_LV0101": 1.738081898070197e-16,
  "U_LV0101": 1.0069848159908694,
  "I_LV0101_MV0101": 0.19294518455511453,
  "P_LV0102": 0.3391360332090319,
  "Q_LV0102": -4.506286330738687e-16,
  "U_LV0102": 1.0074901435911228,
  "I_LV0102_MV0102": 0.19434461102241762,
  "P_LV0103": 0.3375615392498682,
  "Q_LV0103": 8.63094704556819e-16,
  "U_LV0103": 1.0076818066393314,
  "I_LV0103_MV0103": 0.19340554158057868,
  "P_LV0201": 0.3311988674007535,
  "Q_LV0201": -1.280828415498656e-16,
  "U_LV0201": 1.0075348768503734,
  "I_LV0201_MV0201": 0.18978772809025202,
  "P_LV0202": 0.3205877085142456,
  "Q_LV0202": 3.9968028887341864e-16,
  "U_LV0202": 1.00775552797529,
  "I_LV0202_MV0202": 0.18366696552035522,
  "P_LV0203": 0.3491641763583386,
  "Q_LV0203": 2.308438467772012e-16,
  "U_LV0203": 1.008588793201093,
  "I_LV0203_MV0203": 0.1998733602542296,
  "P_POIMV_MV0101": -1.0031105242480862,
  "Q_POIMV_MV0101": 0.04606818995921458,
  "U_POIMV": 0.9984414801799302,
  "I_POIMV_MV0101": 0.5806615311810616,
  "P_POIMV_MV0201": -0.9903866701724837,
  "Q_POIMV_MV0201": 0.045116749797443845,
  "I_POIMV_MV0201": 0.5732864894853407,
  "P_POI_POI_MV": -1.9934871944198613,
  "Q_POI_POI_MV": 0.14263440483910017,
  "U_POI": 0.9999612824756103,
  "I_POI_POI_MV": 1.1539273644542232
}