{
  "P_LV0101": 0.000153,
  "Q_LV0101": 0.000485,
  "U_LV0101": 0.002522,
  "I_LV0101_MV0101": 0.000072,
  "P_LV0102": 0.000155,
  "Q_LV0102": 0.000489,
  "U_LV0102": 0.002523,
  "I_LV0102_MV0102": 0.000073,
  "P_LV0103": 0.000153,
  "Q_LV0103": 0.000484,
  "U_LV0103": 0.002524,
  "I_LV0103_MV0103": 0.000072,
  "P_LV0201": 0.000159,
  "Q_LV0201": 0.000502,
  "U_LV0201": 0.002524,
  "I_LV0201_MV0201": 0.000075,
  "P_LV0202": 0.000155,
  "Q_LV0202": 0.000490,
  "U_LV0202": 0.002525,
  "I_LV0202_MV0202": 0.000073,
  "P_LV0203": 0.000142,
  "Q_LV0203": 0.000451,
  "U_LV0203": 0.002524,
  "I_LV0203_MV0203": 0.000067,
  "P_POIMV_MV0101": 0.000462,
  "Q_POIMV_MV0101": 0.001444,
  "U_POIMV": 0.002500,
  "I_POIMV_MV0101": 0.000217,
  "P_POIMV_MV0201": 0.000457,
  "Q_POIMV_MV0201": 0.001428,
  "I_POIMV_MV0201": 0.000215,
  "P_POI_POI_MV": 0.000918,
  "Q_POI_POI_MV": 0.002872,
  "U_POI": 0.002500,
  "I_POI_POI_MV": 0.000432
}
