{
  "P_LV0101": 0.000055,
  "Q_LV0101": 0.000182,
  "U_LV0101": 0.002499,
  "I_LV0101_MV0101": 0.000050,
  "P_LV0102": 0.000038,
  "Q_LV0102": 0.000127,
  "U_LV0102": 0.002500,
  "I_LV0102_MV0102": 0.000035,
  "P_LV0103": 0.000067,
  "Q_LV0103": 0.000215,
  "U_LV0103": 0.002499,
  "I_LV0103_MV0103": 0.000057,
  "P_LV0201": 0.000044,
  "Q_LV0201": 0.000149,
  "U_LV0201": 0.002500,
  "I_LV0201_MV0201": 0.000041,
  "P_LV0202": 0.000078,
  "Q_LV0202": 0.000247,
  "U_LV0202": 0.002499,
  "I_LV0202_MV0202": 0.000064,
  "P_LV0203": 0.000026,
  "Q_LV0203": 0.000088,
  "U_LV0203": 0.002500,
  "I_LV0203_MV0203": 0.000025,
  "P_POIMV_MV0101": 0.000171,
  "Q_POIMV_MV0101": 0.000564,
  "U_POIMV": 0.002500,
  "I_POIMV_MV0101": 0.000155,
  "P_POIMV_MV0201": 0.000144,
  "Q_POIMV_MV0201": 0.000468,
  "I_POIMV_MV0201": 0.000130,
  "P_POI_POIMV": 0.000319,
  "Q_POI_POIMV": 0.001041,
  "U_POI": 0.002500,
  "I_POI_POIMV": 0.000288
}
