{
  "P_LV0101": 0.020718435372739374,
  "Q_LV0101": -0.0036193396471799824,
  "U_LV0101": 0.9998448932144266,
  "I_LV0101_MV0101": 0.021035456725966982,
  "P_LV0102": 0.02050452050567577,
  "Q_LV0102": -0.003619339647180504,
  "U_LV0102": 0.9998793133492854,
  "I_LV0102_MV0102": 0.020824016023947036,
  "P_LV0103": 0.04185492133258866,
  "Q_LV0103": -0.003619339647180598,
  "U_LV0103": 1.0004863862722173,
  "I_LV0103_MV0103": 0.04199069458381572,
  "P_LV0201": -0.010951103899534258,
  "Q_LV0201": -0.0036193396471797387,
  "U_LV0201": 0.9989337664329496,
  "I_LV0201_MV0201": 0.011546013365865181,
  "P_LV0202": 0.01772952619682553,
  "Q_LV0202": -0.003619339647179784,
  "U_LV0202": 0.9997331348806048,
  "I_LV0202_MV0202": 0.018100015220207207,
  "P_LV0203": -0.0074730011515612696,
  "Q_LV0203": -0.003619339647180181,
  "U_LV0203": 0.9990284311152203,
  "I_LV0203_MV0203": 0.008311409719918526,
  "P_POIMV_MV0101": -0.08299815935447441,
  "Q_POIMV_MV0101": 0.009956127875966558,
  "U_POIMV": 0.999749904343761,
  "I_POIMV_MV0101": 0.08361408671088744,
  "P_POIMV_MV0201": 0.0007095425750094364,
  "Q_POIMV_MV0201": 0.009376351930086457,
  "I_POIMV_MV0201": 0.009405512713737822,
  "P_POI_POIMV": -0.08227861677897735,
  "Q_POI_POIMV": 0.018859637762034254,
  "U_POI": 0.9999948997660879,
  "I_POI_POIMV": 0.08441285091219805
}