{
  "P_LV0101": 0.000103,
  "Q_LV0101": 0.000286,
  "U_LV0101": 0.002500,
  "I_LV0101_MV0101": 0.000075,
  "P_LV0102": 0.000103,
  "Q_LV0102": 0.000284,
  "U_LV0102": 0.002500,
  "I_LV0102_MV0102": 0.000075,
  "P_LV0103": 0.000169,
  "Q_LV0103": 0.000502,
  "U_LV0103": 0.002501,
  "I_LV0103_MV0103": 0.000126,
  "P_LV0201": 0.000088,
  "Q_LV0201": 0.000196,
  "U_LV0201": 0.002497,
  "I_LV0201_MV0201": 0.000056,
  "P_LV0202": 0.000094,
  "Q_LV0202": 0.000250,
  "U_LV0202": 0.002499,
  "I_LV0202_MV0202": 0.000066,
  "P_LV0203": 0.000090,
  "Q_LV0203": 0.000160,
  "U_LV0203": 0.002498,
  "I_LV0203_MV0203": 0.000049,
  "P_POIMV_MV0101": 0.000374,
  "Q_POIMV_MV0101": 0.001096,
  "U_POIMV": 0.002499,
  "I_POIMV_MV0101": 0.000284,
  "P_POIMV_MV0201": 0.000250,
  "Q_POIMV_MV0201": 0.000076,
  "I_POIMV_MV0201": 0.000070,
  "P_POI_POIMV": 0.000485,
  "Q_POI_POIMV": 0.001259,
  "U_POI": 0.002500,
  "I_POI_POIMV": 0.000341
}
