{
  "P_LV0101": 0.000839,
  "Q_LV0101": 0.001342,
  "U_LV0101": 0.002545,
  "I_LV0101_MV0101": 0.000351,
  "P_LV0102": 0.000834,
  "Q_LV0102": 0.001315,
  "U_LV0102": 0.002545,
  "I_LV0102_MV0102": 0.000346,
  "P_LV0103": 0.000818,
  "Q_LV0103": 0.001220,
  "U_LV0103": 0.002545,
  "I_LV0103_MV0103": 0.000326,
  "P_LV0201": 0.000840,
  "Q_LV0201": 0.001345,
  "U_LV0201": 0.002546,
  "I_LV0201_MV0201": 0.000352,
  "P_LV0202": 0.000832,
  "Q_LV0202": 0.001304,
  "U_LV0202": 0.002546,
  "I_LV0202_MV0202": 0.000343,
  "P_LV0203": 0.000867,
  "Q_LV0203": 0.001489,
  "U_LV0203": 0.002547,
  "I_LV0203_MV0203": 0.000382,
  "P_POIMV_MV0101": 0.002430,
  "Q_POIMV_MV0101": 0.003855,
  "U_POIMV": 0.002513,
  "I_POIMV_MV0101": 0.001024,
  "P_POIMV_MV0201": 0.002471,
  "Q_POIMV_MV0201": 0.004112,
  "I_POIMV_MV0201": 0.001078,
  "P_POI_POIMV": 0.004824,
  "Q_POI_POIMV": 0.007962,
  "U_POI": 0.002500,
  "I_POI_POIMV": 0.002103
}
