{
  "irrad_LV0101": 168.0049564427046,
  "irrad_LV0102": 219.46176590042978,
  "irrad_LV0103": 282.2488805310563,
  "irrad_LV0201": 272.6640198134455,
  "irrad_LV0202": 177.61557897738098,
  "irrad_LV0203": 304.10493867304444
}