{
  "P_LV0101": 0.000496,
  "Q_LV0101": 0.000551,
  "U_LV0101": 0.002527,
  "I_LV0101_MV0101": 0.000166,
  "P_LV0102": 0.000518,
  "Q_LV0102": 0.000708,
  "U_LV0102": 0.002529,
  "I_LV0102_MV0102": 0.000196,
  "P_LV0103": 0.000552,
  "Q_LV0103": 0.000902,
  "U_LV0103": 0.002530,
  "I_LV0103_MV0103": 0.000236,
  "P_LV0201": 0.000546,
  "Q_LV0201": 0.000872,
  "U_LV0201": 0.002530,
  "I_LV0201_MV0201": 0.000230,
  "P_LV0202": 0.000500,
  "Q_LV0202": 0.000580,
  "U_LV0202": 0.002529,
  "I_LV0202_MV0202": 0.000171,
  "P_LV0203": 0.000565,
  "Q_LV0203": 0.000969,
  "U_LV0203": 0.002531,
  "I_LV0203_MV0203": 0.000250,
  "P_POIMV_MV0101": 0.001546,
  "Q_POIMV_MV0101": 0.002151,
  "U_POIMV": 0.002509,
  "I_POIMV_MV0101": 0.000596,
  "P_POIMV_MV0201": 0.001587,
  "Q_POIMV_MV0201": 0.002410,
  "I_POIMV_MV0201": 0.000650,
  "P_POI_POIMV": 0.003108,
  "Q_POI_POIMV": 0.004559,
  "U_POI": 0.002500,
  "I_POI_POIMV": 0.001246
}
