{
  "irrad_LV0101": 690.4895075470308,
  "irrad_LV0102": 488.1478400541887,
  "irrad_LV0103": 487.01648178179965,
  "irrad_LV0201": 550.7764080354917,
  "irrad_LV0202": 574.099260575917,
  "irrad_LV0203": 590.1040084313097
}