{
  "P_LV0101": 0.20710680193930095,
  "Q_LV0101": -9.163609353330874e-16,
  "U_LV0101": 1.0051169647250868,
  "I_LV0101_MV0101": 0.2060524388780439,
  "P_LV0102": 0.14641603807471945,
  "Q_LV0102": -1.2536244737272682e-15,
  "U_LV0102": 1.0038499480099252,
  "I_LV0102_MV0102": 0.14585450581033632,
  "P_LV0103": 0.1460766962149504,
  "Q_LV0103": -2.423793311059909e-16,
  "U_LV0103": 1.0039413580957839,
  "I_LV0103_MV0103": 0.14550321593685508,
  "P_LV0201": 0.16520097583680748,
  "Q_LV0201": 5.904309509372688e-16,
  "U_LV0201": 1.004467315101212,
  "I_LV0201_MV0201": 0.1644662532599794,
  "P_LV0202": 0.17219647880818376,
  "Q_LV0202": 9.413609503409152e-17,
  "U_LV0202": 1.0048751530656124,
  "I_LV0202_MV0202": 0.17136106737524273,
  "P_LV0203": 0.17699697484461263,
  "Q_LV0203": 7.668798815014179e-16,
  "U_LV0203": 1.005111696365465,
  "I_LV0203_MV0203": 0.17609682136288207,
  "P_POIMV_MV0101": -0.4970809735405055,
  "Q_POIMV_MV0101": 0.010627241981865154,
  "U_POIMV": 0.9996321244111754,
  "I_POIMV_MV0101": 0.49737753509959703,
  "P_POIMV_MV0201": -0.5115862043199968,
  "Q_POIMV_MV0201": 0.010842112863656439,
  "I_POIMV_MV0201": 0.5118893921868247,
  "P_POI_POIMV": -1.0086571778595153,
  "Q_POI_POIMV": 0.03416656826493636,
  "U_POI": 0.9999907235057147,
  "I_POI_POIMV": 1.0092450417849428
}