{
  "P_LV0101": 0.000732,
  "Q_LV0101": 0.002172,
  "U_LV0101": 0.002513,
  "I_LV0101_MV0101": 0.000515,
  "P_LV0102": 0.000518,
  "Q_LV0102": 0.001536,
  "U_LV0102": 0.002510,
  "I_LV0102_MV0102": 0.000365,
  "P_LV0103": 0.000516,
  "Q_LV0103": 0.001532,
  "U_LV0103": 0.002510,
  "I_LV0103_MV0103": 0.000364,
  "P_LV0201": 0.000584,
  "Q_LV0201": 0.001733,
  "U_LV0201": 0.002511,
  "I_LV0201_MV0201": 0.000411,
  "P_LV0202": 0.000609,
  "Q_LV0202": 0.001806,
  "U_LV0202": 0.002512,
  "I_LV0202_MV0202": 0.000428,
  "P_LV0203": 0.000626,
  "Q_LV0203": 0.001856,
  "U_LV0203": 0.002513,
  "I_LV0203_MV0203": 0.000440,
  "P_POIMV_MV0101": 0.001761,
  "Q_POIMV_MV0101": 0.005214,
  "U_POIMV": 0.002499,
  "I_POIMV_MV0101": 0.001243,
  "P_POIMV_MV0201": 0.001812,
  "Q_POIMV_MV0201": 0.005366,
  "I_POIMV_MV0201": 0.001280,
  "P_POI_POIMV": 0.003584,
  "Q_POI_POIMV": 0.010580,
  "U_POI": 0.002500,
  "I_POI_POIMV": 0.002523
}
