{
  "irrad_LV0101": 1031.6502919826953,
  "irrad_LV0102": 1044.4732581189633,
  "irrad_LV0103": 1176.184264285805,
  "irrad_LV0201": 1059.6503632100887,
  "irrad_LV0202": 1127.8723726038263,
  "irrad_LV0203": 1131.6975038532296
}