{
  "irrad_LV0101": 1200.3985815933584,
  "irrad_LV0102": 1108.2759366542032,
  "irrad_LV0103": 1105.2875936898233,
  "irrad_LV0201": 1106.4713686724695,
  "irrad_LV0202": 1122.6711027908586,
  "irrad_LV0203": 1112.7133868356161
}