{
  "irrad_LV0101": 1140.216391950164,
  "irrad_LV0102": 1185.2927793279478,
  "irrad_LV0103": 1080.0895472446532,
  "irrad_LV0201": 1116.7282555598335,
  "irrad_LV0202": 1021.0292950665221,
  "irrad_LV0203": 976.8790170279331
}