{
  "P_LV0101": 0.36004994799915907,
  "Q_LV0101": 0.16164224849109518,
  "U_LV0101": 1.041670740661207,
  "I_LV0101_MV0101": 0.3788814416787584,
  "P_LV0102": 0.3324184978887625,
  "Q_LV0102": 0.16164224849109596,
  "U_LV0102": 1.041674206922538,
  "I_LV0102_MV0102": 0.3548473443571845,
  "P_LV0103": 0.3315221683317078,
  "Q_LV0103": 0.16164224849109401,
  "U_LV0103": 1.041941159062212,
  "I_LV0103_MV0103": 0.35398299481427276,
  "P_LV0201": 0.33187723216423803,
  "Q_LV0201": 0.1616422484910956,
  "U_LV0201": 1.0419455615436577,
  "I_LV0201_MV0201": 0.3542878316060015,
  "P_LV0202": 0.33673621276981675,
  "Q_LV0202": 0.1616422484910949,
  "U_LV0202": 1.0426221002528038,
  "I_LV0202_MV0202": 0.3582535636333094,
  "P_LV0203": 0.3337494755586509,
  "Q_LV0203": 0.16164224849109549,
  "U_LV0203": 1.0428468758264111,
  "I_LV0203_MV0203": 0.35559654942328367,
  "P_POIMV_MV0101": -1.0121740270180908,
  "Q_POIMV_MV0101": -0.430825211940828,
  "U_POIMV": 1.011011981481349,
  "I_POIMV_MV0101": 1.088066694197152,
  "P_POIMV_MV0201": -0.990160337381667,
  "Q_POIMV_MV0201": -0.43259221350774624,
  "I_POIMV_MV0201": 1.0687646867001994,
  "P_POI_POIMV": -2.0023243643995756,
  "Q_POI_POIMV": -0.8034131104973312,
  "U_POI": 1.0002170626204336,
  "I_POI_POIMV": 2.1570246611045776
}