{
  "P_LV0101": 0.3190496379401074,
  "Q_LV0101": 0.16059099128987428,
  "U_LV0101": 1.0406240808288114,
  "I_LV0101_MV0101": 0.19817115420265632,
  "P_LV0102": 0.3574489859944447,
  "Q_LV0102": 0.1605909912898738,
  "U_LV0102": 1.0420062065194082,
  "I_LV0102_MV0102": 0.21712360924187846,
  "P_LV0103": 0.33155300682994243,
  "Q_LV0103": 0.16059099128987403,
  "U_LV0103": 1.0417579218593942,
  "I_LV0103_MV0103": 0.20416884269126265,
  "P_LV0201": 0.34742377731718654,
  "Q_LV0201": 0.16059099128987336,
  "U_LV0201": 1.042072489570971,
  "I_LV0201_MV0201": 0.21205548193507057,
  "P_LV0202": 0.3231418431462963,
  "Q_LV0202": 0.16059099128987328,
  "U_LV0202": 1.04213337075068,
  "I_LV0202_MV0202": 0.19991180239441758,
  "P_LV0203": 0.33157890107790616,
  "Q_LV0203": 0.16059099128987378,
  "U_LV0203": 1.0425947238886406,
  "I_LV0203_MV0203": 0.20401787899255436,
  "P_POIMV_MV0101": -0.9965165030273511,
  "Q_POIMV_MV0101": -0.42911955721001505,
  "U_POIMV": 1.0109554918179993,
  "I_POIMV_MV0101": 0.619627074039016,
  "P_POIMV_MV0201": -0.9899779865249911,
  "Q_POIMV_MV0201": -0.429540424090078,
  "I_POIMV_MV0201": 0.6162948384123371,
  "P_POI_POI_MV": -1.9864844895522398,
  "Q_POI_POI_MV": -0.7995582301682589,
  "U_POI": 1.0002160229562633,
  "I_POI_POI_MV": 1.2360465906877347
}