{
  "P_LV0101": 0.03094352489892529,
  "Q_LV0101": 0.016440004344229295,
  "U_LV0101": 1.0302599868829487,
  "I_LV0101_MV0101": 0.019635954485026714,
  "P_LV0102": 0.031328139506219294,
  "Q_LV0102": 0.01644000434422923,
  "U_LV0102": 1.0309230048962568,
  "I_LV0102_MV0102": 0.019813800689851,
  "P_LV0103": 0.035278705730509716,
  "Q_LV0103": 0.0164400043442294,
  "U_LV0103": 1.032051181464503,
  "I_LV0103_MV0103": 0.021773312411594813,
  "P_LV0201": 0.03178336462749395,
  "Q_LV0201": 0.016440004344229306,
  "U_LV0201": 1.0313135881589637,
  "I_LV0201_MV0201": 0.02003230685918201,
  "P_LV0202": 0.03382962920254942,
  "Q_LV0202": 0.016440004344229306,
  "U_LV0202": 1.0323308237586861,
  "I_LV0202_MV0202": 0.021035621559834187,
  "P_LV0203": 0.03394436095319923,
  "Q_LV0203": 0.01644000434422918,
  "U_LV0203": 1.0326488627462287,
  "I_LV0203_MV0203": 0.021086855842083824,
  "P_POIMV_MV0101": -0.09642153126429776,
  "Q_POIMV_MV0101": -0.04417217482298952,
  "U_POIMV": 1.000008895530702,
  "I_POIMV_MV0101": 0.06123205207391644,
  "P_POIMV_MV0201": -0.09831588325158691,
  "Q_POIMV_MV0201": -0.0439940701853061,
  "I_POIMV_MV0201": 0.06218597031196729,
  "P_POI_POI_MV": -0.19473641451591525,
  "Q_POI_POI_MV": -0.08822282310575247,
  "U_POI": 1.000008871024578,
  "I_POI_POI_MV": 0.12342977322639483
}