{
  "P_LV0101": 0.000266,
  "Q_LV0101": 0.000437,
  "U_LV0101": 0.002576,
  "I_LV0101_MV0101": 0.000071,
  "P_LV0102": 0.000267,
  "Q_LV0102": 0.000441,
  "U_LV0102": 0.002577,
  "I_LV0102_MV0102": 0.000072,
  "P_LV0103": 0.000273,
  "Q_LV0103": 0.000490,
  "U_LV0103": 0.002580,
  "I_LV0103_MV0103": 0.000078,
  "P_LV0201": 0.000267,
  "Q_LV0201": 0.000447,
  "U_LV0201": 0.002578,
  "I_LV0201_MV0201": 0.000072,
  "P_LV0202": 0.000271,
  "Q_LV0202": 0.000472,
  "U_LV0202": 0.002581,
  "I_LV0202_MV0202": 0.000075,
  "P_LV0203": 0.000271,
  "Q_LV0203": 0.000473,
  "U_LV0203": 0.002582,
  "I_LV0203_MV0203": 0.000076,
  "P_POIMV_MV0101": 0.000743,
  "Q_POIMV_MV0101": 0.001349,
  "U_POIMV": 0.002500,
  "I_POIMV_MV0101": 0.000220,
  "P_POIMV_MV0201": 0.000745,
  "Q_POIMV_MV0201": 0.001372,
  "I_POIMV_MV0201": 0.000223,
  "P_POI_POI_MV": 0.001489,
  "Q_POI_POI_MV": 0.002721,
  "U_POI": 0.002500,
  "I_POI_POI_MV": 0.000444
}
