{
  "irrad_LV0101": 1145.949196466025,
  "irrad_LV0102": 1300.9969118908514,
  "irrad_LV0103": 1210.380362525176,
  "irrad_LV0201": 1092.3605573521031,
  "irrad_LV0202": 1276.6289943391387,
  "irrad_LV0203": 1129.8463501725116
}