{
  "P_LV0101": 0.3437182906777548,
  "Q_LV0101": -5.43158510001318e-16,
  "U_LV0101": 1.0070155320831649,
  "I_LV0101_MV0101": 0.34132372314726983,
  "P_LV0102": 0.36284144034872795,
  "Q_LV0102": 3.2722748211272067e-16,
  "U_LV0102": 1.0078928898575776,
  "I_LV0102_MV0102": 0.36,
  "P_LV0103": 0.36292876903463483,
  "Q_LV0103": -7.91404791382815e-17,
  "U_LV0103": 1.0081354695406521,
  "I_LV0103_MV0103": 0.36000000000000004,
  "P_LV0201": 0.32764480723469497,
  "Q_LV0201": 5.858937995089709e-16,
  "U_LV0201": 1.0073492323214763,
  "I_LV0201_MV0201": 0.325254436814951,
  "P_LV0202": 0.36307945620270665,
  "Q_LV0202": -1.7507213740580783e-16,
  "U_LV0202": 1.0085540450075186,
  "I_LV0202_MV0202": 0.36,
  "P_LV0203": 0.3388883707998737,
  "Q_LV0203": -7.308487584899955e-16,
  "U_LV0203": 1.0082779907043737,
  "I_LV0203_MV0203": 0.33610608772996164,
  "P_POIMV_MV0101": -1.058208040929685,
  "Q_POIMV_MV0101": 0.05148158493443589,
  "U_POIMV": 0.9983027692587196,
  "I_POIMV_MV0101": 1.0612607890710273,
  "P_POIMV_MV0201": -1.018428790269013,
  "Q_POIMV_MV0201": 0.047848352265418725,
  "I_POIMV_MV0201": 1.021285546012769,
  "P_POI_POIMV": -2.076626831198297,
  "Q_POI_POIMV": 0.15523525399294158,
  "U_POI": 0.9999578623460962,
  "I_POI_POIMV": 2.082508694139797
}