{
  "P_LV0101": 0.001215,
  "Q_LV0101": 0.003605,
  "U_LV0101": 0.002518,
  "I_LV0101_MV0101": 0.000853,
  "P_LV0102": 0.001283,
  "Q_LV0102": 0.003806,
  "U_LV0102": 0.002520,
  "I_LV0102_MV0102": 0.000900,
  "P_LV0103": 0.001283,
  "Q_LV0103": 0.003806,
  "U_LV0103": 0.002520,
  "I_LV0103_MV0103": 0.000900,
  "P_LV0201": 0.001158,
  "Q_LV0201": 0.003436,
  "U_LV0201": 0.002518,
  "I_LV0201_MV0201": 0.000813,
  "P_LV0202": 0.001284,
  "Q_LV0202": 0.003808,
  "U_LV0202": 0.002521,
  "I_LV0202_MV0202": 0.000900,
  "P_LV0203": 0.001198,
  "Q_LV0203": 0.003554,
  "U_LV0203": 0.002521,
  "I_LV0203_MV0203": 0.000840,
  "P_POIMV_MV0101": 0.003780,
  "Q_POIMV_MV0101": 0.011100,
  "U_POIMV": 0.002496,
  "I_POIMV_MV0101": 0.002653,
  "P_POIMV_MV0201": 0.003635,
  "Q_POIMV_MV0201": 0.010683,
  "I_POIMV_MV0201": 0.002553,
  "P_POI_POIMV": 0.007520,
  "Q_POI_POIMV": 0.021787,
  "U_POI": 0.002500,
  "I_POI_POIMV": 0.005206
}
