{
  "P_LV0101": 0.002150,
  "Q_LV0101": 0.003706,
  "U_LV0101": 0.002422,
  "I_LV0101_MV0101": 0.000999,
  "P_LV0102": 0.002128,
  "Q_LV0102": 0.003592,
  "U_LV0102": 0.002422,
  "I_LV0102_MV0102": 0.000973,
  "P_LV0103": 0.002151,
  "Q_LV0103": 0.003708,
  "U_LV0103": 0.002423,
  "I_LV0103_MV0103": 0.000999,
  "P_LV0201": 0.002151,
  "Q_LV0201": 0.003708,
  "U_LV0201": 0.002423,
  "I_LV0201_MV0201": 0.000999,
  "P_LV0202": 0.002124,
  "Q_LV0202": 0.003571,
  "U_LV0202": 0.002423,
  "I_LV0202_MV0202": 0.000968,
  "P_LV0203": 0.002146,
  "Q_LV0203": 0.003685,
  "U_LV0203": 0.002424,
  "I_LV0203_MV0203": 0.000993,
  "P_POIMV_MV0101": 0.006973,
  "Q_POIMV_MV0101": 0.010900,
  "U_POIMV": 0.002461,
  "I_POIMV_MV0101": 0.002969,
  "P_POIMV_MV0201": 0.006963,
  "Q_POIMV_MV0201": 0.010849,
  "I_POIMV_MV0201": 0.002958,
  "P_POI_POIMV": 0.014593,
  "Q_POI_POIMV": 0.021798,
  "U_POI": 0.002499,
  "I_POI_POIMV": 0.005927
}
