{
  "irrad_LV0101": 71.44595871233872,
  "irrad_LV0102": -45.8335681776051,
  "irrad_LV0103": 92.39700622428323,
  "irrad_LV0201": 37.100585665935924,
  "irrad_LV0202": 33.60968331373009,
  "irrad_LV0203": -9.349651109941737
}