{
  "P_LV0101": 0.021429643548047612,
  "Q_LV0101": 0.0013582101607641796,
  "U_LV0101": 1.000942505672552,
  "I_LV0101_MV0101": 0.02145242303891701,
  "P_LV0102": -0.013747411977993238,
  "Q_LV0102": 0.0013582101607638696,
  "U_LV0102": 0.9999798486171114,
  "I_LV0102_MV0102": 0.013814621326240983,
  "P_LV0103": 0.02771374258221234,
  "Q_LV0103": 0.0013582101607632307,
  "U_LV0103": 1.0011451309562374,
  "I_LV0103_MV0103": 0.02771526696247773,
  "P_LV0201": 0.01112802376193052,
  "Q_LV0201": 0.001358210160763664,
  "U_LV0201": 1.0006695895739426,
  "I_LV0201_MV0201": 0.011203102770828983,
  "P_LV0202": 0.010080955538379717,
  "Q_LV0202": 0.00135821016076311,
  "U_LV0202": 1.0006474874693054,
  "I_LV0202_MV0202": 0.010165458074184727,
  "P_LV0203": -0.0028043530270391213,
  "Q_LV0203": 0.001358210160763921,
  "U_LV0203": 1.0002894879363395,
  "I_LV0203_MV0203": 0.003115046039571617,
  "P_POIMV_MV0101": -0.03535542780423384,
  "Q_POIMV_MV0101": -0.005150494473355138,
  "U_POIMV": 1.0001501070426055,
  "I_POIMV_MV0101": 0.03572325183077068,
  "P_POIMV_MV0201": -0.018397560288917703,
  "Q_POIMV_MV0201": -0.005597991072761488,
  "I_POIMV_MV0201": 0.019227499373001722,
  "P_POI_POIMV": -0.053742988092509054,
  "Q_POI_POIMV": -0.011275297535576101,
  "U_POI": 1.000003048913476,
  "I_POI_POIMV": 0.054912864759302064
}