{
  "P_LV0101": 0.000095,
  "Q_LV0101": 0.000295,
  "U_LV0101": 0.002502,
  "I_LV0101_MV0101": 0.000077,
  "P_LV0102": 0.000070,
  "Q_LV0102": 0.000213,
  "U_LV0102": 0.002500,
  "I_LV0102_MV0102": 0.000057,
  "P_LV0103": 0.000118,
  "Q_LV0103": 0.000366,
  "U_LV0103": 0.002503,
  "I_LV0103_MV0103": 0.000094,
  "P_LV0201": 0.000066,
  "Q_LV0201": 0.000203,
  "U_LV0201": 0.002502,
  "I_LV0201_MV0201": 0.000055,
  "P_LV0202": 0.000064,
  "Q_LV0202": 0.000194,
  "U_LV0202": 0.002502,
  "I_LV0202_MV0202": 0.000053,
  "P_LV0203": 0.000042,
  "Q_LV0203": 0.000076,
  "U_LV0203": 0.002501,
  "I_LV0203_MV0203": 0.000023,
  "P_POIMV_MV0101": 0.000209,
  "Q_POIMV_MV0101": 0.000618,
  "U_POIMV": 0.002500,
  "I_POIMV_MV0101": 0.000168,
  "P_POIMV_MV0201": 0.000182,
  "Q_POIMV_MV0201": 0.000429,
  "I_POIMV_MV0201": 0.000124,
  "P_POI_POIMV": 0.000400,
  "Q_POI_POIMV": 0.001094,
  "U_POI": 0.002500,
  "I_POI_POIMV": 0.000306
}
