{
  "irrad_LV0101": 1048.6571892561283,
  "irrad_LV0102": 1024.965089230046,
  "irrad_LV0103": 1046.070642216584,
  "irrad_LV0201": 1068.4112065176232,
  "irrad_LV0202": 1000.2632448555687,
  "irrad_LV0203": 942.5032652650119
}