{
  "irrad_LV0101": 1144.440181597567,
  "irrad_LV0102": 1099.0186664678392,
  "irrad_LV0103": 1131.9262711705624,
  "irrad_LV0201": 1128.092206395939,
  "irrad_LV0202": 1107.8769932478015,
  "irrad_LV0203": 1251.7402641853203
}