{
  "P_LV0101": 0.002261,
  "Q_LV0101": 0.003657,
  "U_LV0101": 0.002613,
  "I_LV0101_MV0101": 0.000929,
  "P_LV0102": 0.002235,
  "Q_LV0102": 0.003517,
  "U_LV0102": 0.002614,
  "I_LV0102_MV0102": 0.000900,
  "P_LV0103": 0.002253,
  "Q_LV0103": 0.003618,
  "U_LV0103": 0.002616,
  "I_LV0103_MV0103": 0.000920,
  "P_LV0201": 0.002251,
  "Q_LV0201": 0.003607,
  "U_LV0201": 0.002616,
  "I_LV0201_MV0201": 0.000918,
  "P_LV0202": 0.002240,
  "Q_LV0202": 0.003544,
  "U_LV0202": 0.002617,
  "I_LV0202_MV0202": 0.000905,
  "P_LV0203": 0.002324,
  "Q_LV0203": 0.003990,
  "U_LV0203": 0.002620,
  "I_LV0203_MV0203": 0.000995,
  "P_POIMV_MV0101": 0.006240,
  "Q_POIMV_MV0101": 0.010634,
  "U_POIMV": 0.002531,
  "I_POIMV_MV0101": 0.002751,
  "P_POIMV_MV0201": 0.006278,
  "Q_POIMV_MV0201": 0.010965,
  "I_POIMV_MV0201": 0.002819,
  "P_POI_POIMV": 0.011974,
  "Q_POI_POIMV": 0.021563,
  "U_POI": 0.002501,
  "I_POI_POIMV": 0.005570
}
