{
  "irrad_LV0101": 773.2067503441743,
  "irrad_LV0102": 704.4306595974838,
  "irrad_LV0103": 689.783021627216,
  "irrad_LV0201": 698.1646177973372,
  "irrad_LV0202": 723.649972010587,
  "irrad_LV0203": 693.6315651066946
}