{
  "irrad_LV0101": 654.2760560324195,
  "irrad_LV0102": 628.2357512375548,
  "irrad_LV0103": 768.2727269960499,
  "irrad_LV0201": 746.3627311334467,
  "irrad_LV0202": 657.2838813987737,
  "irrad_LV0203": 641.1897938232707
}