{
  "irrad_LV0101": 666.0657212232044,
  "irrad_LV0102": 690.5308330618109,
  "irrad_LV0103": 699.6154411160518,
  "irrad_LV0201": 622.3078360640395,
  "irrad_LV0202": 675.9959107528086,
  "irrad_LV0203": 665.312560559409
}