{
  "P_LV0101": 0.20344874095534626,
  "Q_LV0101": 0.10486414151475848,
  "U_LV0101": 1.0272578341250447,
  "I_LV0101_MV0101": 0.22281064881801194,
  "P_LV0102": 0.19288635331353424,
  "Q_LV0102": 0.10486414151475877,
  "U_LV0102": 1.0273835108150948,
  "I_LV0102_MV0102": 0.21369693185146538,
  "P_LV0103": 0.22624275582731831,
  "Q_LV0103": 0.10486414151475841,
  "U_LV0103": 1.0283536352860378,
  "I_LV0103_MV0103": 0.24248831069318721,
  "P_LV0201": 0.2228992517875458,
  "Q_LV0201": 0.10486414151475865,
  "U_LV0201": 1.0283042769387218,
  "I_LV0201_MV0201": 0.23955385519733033,
  "P_LV0202": 0.22653087472890882,
  "Q_LV0202": 0.10486414151475837,
  "U_LV0202": 1.0287752756216555,
  "I_LV0202_MV0202": 0.24264304914977256,
  "P_LV0203": 0.2165173558408333,
  "Q_LV0203": 0.10486414151475926,
  "U_LV0203": 1.0287361641940653,
  "I_LV0203_MV0203": 0.2338547512924463,
  "P_POIMV_MV0101": -0.6179499651864262,
  "Q_POIMV_MV0101": -0.2942473104064902,
  "U_POIMV": 1.0075977431961785,
  "I_POIMV_MV0101": 0.6792685182231699,
  "P_POIMV_MV0201": -0.6604651181677355,
  "Q_POIMV_MV0201": -0.2919361944604475,
  "I_POIMV_MV0201": 0.7166636317635325,
  "P_POI_POIMV": -1.2784050833540128,
  "Q_POI_POIMV": -0.561382027700347,
  "U_POI": 1.0001517242905094,
  "I_POI_POIMV": 1.3960221735597793
}