{
  "P_LV0101": 0.19624486696650303,
  "Q_LV0101": 0.09314470483533882,
  "U_LV0101": 1.0246834072105198,
  "I_LV0101_MV0101": 0.21199519005322087,
  "P_LV0102": 0.1884342859386346,
  "Q_LV0102": 0.09314470483534018,
  "U_LV0102": 1.0248625412080898,
  "I_LV0102_MV0102": 0.20509922805603686,
  "P_LV0103": 0.2304372561294856,
  "Q_LV0103": 0.0931447048353399,
  "U_LV0103": 1.0260325815959181,
  "I_LV0103_MV0103": 0.24224408801178277,
  "P_LV0201": 0.2238655282118127,
  "Q_LV0201": 0.09314470483534099,
  "U_LV0201": 1.0258583846660532,
  "I_LV0201_MV0201": 0.23635817960604935,
  "P_LV0202": 0.1971470401141161,
  "Q_LV0202": 0.09314470483533972,
  "U_LV0202": 1.0255825063559807,
  "I_LV0202_MV0202": 0.21260437204306903,
  "P_LV0203": 0.19231974734360813,
  "Q_LV0203": 0.09314470483533964,
  "U_LV0203": 1.025639408256632,
  "I_LV0203_MV0203": 0.20834672150789263,
  "P_POIMV_MV0101": -0.6107374579974021,
  "Q_POIMV_MV0101": -0.26026662207277695,
  "U_POIMV": 1.0067536849207956,
  "I_POIMV_MV0101": 0.659428164272541,
  "P_POIMV_MV0201": -0.608712782016255,
  "Q_POIMV_MV0201": -0.2605383243711117,
  "I_POIMV_MV0201": 0.657684680314912,
  "P_POI_POIMV": -1.219440240013149,
  "Q_POI_POIMV": -0.49878280693747,
  "U_POI": 1.000134806648709,
  "I_POI_POIMV": 1.317327173579125
}