{
  "P_LV0101": 0.23191717694675346,
  "Q_LV0101": 0.10076284435392377,
  "U_LV0101": 1.0270685450412114,
  "I_LV0101_MV0101": 0.14214184202044228,
  "P_LV0102": 0.21128833892858276,
  "Q_LV0102": 0.10076284435392316,
  "U_LV0102": 1.026963470724791,
  "I_LV0102_MV0102": 0.1316007790780546,
  "P_LV0103": 0.206894897141518,
  "Q_LV0103": 0.10076284435392316,
  "U_LV0103": 1.0270444474830125,
  "I_LV0103_MV0103": 0.129365533385729,
  "P_LV0201": 0.20940888983650802,
  "Q_LV0201": 0.10076284435392366,
  "U_LV0201": 1.0271037809303807,
  "I_LV0201_MV0201": 0.13063001315327263,
  "P_LV0202": 0.21705301787857958,
  "Q_LV0202": 0.10076284435392238,
  "U_LV0202": 1.0276535246687082,
  "I_LV0202_MV0202": 0.13444291135934758,
  "P_LV0203": 0.20804923695906377,
  "Q_LV0203": 0.10076284435392265,
  "U_LV0203": 1.0276288530158038,
  "I_LV0203_MV0203": 0.12987534102901166,
  "P_POIMV_MV0101": -0.6452310735714946,
  "Q_POIMV_MV0101": -0.2807387602961171,
  "U_POIMV": 1.0072881492333263,
  "I_POIMV_MV0101": 0.4033188401571426,
  "P_POIMV_MV0201": -0.6295053740633421,
  "Q_POIMV_MV0201": -0.2817466341135173,
  "I_POIMV_MV0201": 0.3953057521523563,
  "P_POI_POI_MV": -1.2747264476348794,
  "Q_POI_POI_MV": -0.5381381797324138,
  "U_POI": 1.000145440976776,
  "I_POI_POI_MV": 0.7987413930418301
}