{
  "P_LV0101": 0.19978108269014644,
  "Q_LV0101": 0.0966489839257039,
  "U_LV0101": 1.0255256633692205,
  "I_LV0101_MV0101": 0.12494285331389413,
  "P_LV0102": 0.2071191971967394,
  "Q_LV0102": 0.09664898392570406,
  "U_LV0102": 1.026061424918669,
  "I_LV0102_MV0102": 0.1286071316287743,
  "P_LV0103": 0.20984405268030762,
  "Q_LV0103": 0.09664898392570379,
  "U_LV0103": 1.0263078070805445,
  "I_LV0103_MV0103": 0.12996695141595005,
  "P_LV0201": 0.1866562552222583,
  "Q_LV0201": 0.09664898392570431,
  "U_LV0201": 1.025731348703705,
  "I_LV0201_MV0201": 0.1183113428055632,
  "P_LV0202": 0.2027595635702304,
  "Q_LV0202": 0.09664898392570416,
  "U_LV0202": 1.026464418638513,
  "I_LV0202_MV0202": 0.12633877899506174,
  "P_LV0203": 0.19955517817643512,
  "Q_LV0203": 0.09664898392570337,
  "U_LV0203": 1.0265659754273126,
  "I_LV0203_MV0203": 0.12470187942257405,
  "P_POIMV_MV0101": -0.6123280563369917,
  "Q_POIMV_MV0101": -0.2705825159143842,
  "U_POIMV": 1.0070461049121269,
  "I_POIMV_MV0101": 0.3838016426445738,
  "P_POIMV_MV0201": -0.5845851881555291,
  "Q_POIMV_MV0201": -0.27216437942530547,
  "I_POIMV_MV0201": 0.36969127620811953,
  "P_POI_POIMV": -1.196903244491332,
  "Q_POI_POIMV": -0.5211374488835645,
  "U_POI": 1.0001408520411452,
  "I_POI_POIMV": 0.7535873427429923
}