{
  "P_LV0101": 0.000206,
  "Q_LV0101": 0.000337,
  "U_LV0101": 0.002552,
  "I_LV0101_MV0101": 0.000057,
  "P_LV0102": 0.000210,
  "Q_LV0102": 0.000332,
  "U_LV0102": 0.002553,
  "I_LV0102_MV0102": 0.000057,
  "P_LV0103": 0.000197,
  "Q_LV0103": 0.000347,
  "U_LV0103": 0.002555,
  "I_LV0103_MV0103": 0.000057,
  "P_LV0201": 0.000204,
  "Q_LV0201": 0.000340,
  "U_LV0201": 0.002554,
  "I_LV0201_MV0201": 0.000057,
  "P_LV0202": 0.000208,
  "Q_LV0202": 0.000336,
  "U_LV0202": 0.002555,
  "I_LV0202_MV0202": 0.000057,
  "P_LV0203": 0.000198,
  "Q_LV0203": 0.000347,
  "U_LV0203": 0.002557,
  "I_LV0203_MV0203": 0.000057,
  "P_POIMV_MV0101": 0.000582,
  "Q_POIMV_MV0101": 0.001009,
  "U_POIMV": 0.002500,
  "I_POIMV_MV0101": 0.000171,
  "P_POIMV_MV0201": 0.000578,
  "Q_POIMV_MV0201": 0.001014,
  "I_POIMV_MV0201": 0.000171,
  "P_POI_POI_MV": 0.001160,
  "Q_POI_POI_MV": 0.002022,
  "U_POI": 0.002500,
  "I_POI_POI_MV": 0.000342
}
