{
  "P_LV0101": 0.3428201014304107,
  "Q_LV0101": 0.1593685543197132,
  "U_LV0101": 1.0409321089142896,
  "I_LV0101_MV0101": 0.36318684728058026,
  "P_LV0102": 0.3156286401289389,
  "Q_LV0102": 0.15936855431971367,
  "U_LV0102": 1.040921136438749,
  "I_LV0102_MV0102": 0.33968121367007925,
  "P_LV0103": 0.3265802146494905,
  "Q_LV0103": 0.1593685543197133,
  "U_LV0103": 1.0414330090479562,
  "I_LV0103_MV0103": 0.3489335687557445,
  "P_LV0201": 0.31270489065193713,
  "Q_LV0201": 0.15936855431971322,
  "U_LV0201": 1.0411419228850047,
  "I_LV0201_MV0201": 0.3371047704513629,
  "P_LV0202": 0.3340030422599376,
  "Q_LV0202": 0.15936855431971392,
  "U_LV0202": 1.0421579142965989,
  "I_LV0202_MV0202": 0.35510565195804294,
  "P_LV0203": 0.329054884606328,
  "Q_LV0203": 0.1593685543197133,
  "U_LV0203": 1.0423378566473718,
  "I_LV0203_MV0203": 0.3507658636015226,
  "P_POIMV_MV0101": -0.9739760125116845,
  "Q_POIMV_MV0101": -0.42761048983538785,
  "U_POIMV": 1.0109353382178365,
  "I_POIMV_MV0101": 1.0522042791251849,
  "P_POIMV_MV0201": -0.9641134131061335,
  "Q_POIMV_MV0201": -0.4282513119267719,
  "I_POIMV_MV0201": 1.0435359073718313,
  "P_POI_POIMV": -1.9380794256171845,
  "Q_POI_POIMV": -0.7992391416260034,
  "U_POI": 1.0002159436479015,
  "I_POI_POIMV": 2.095957433618202
}