{
  "P_LV0101": 0.002065,
  "Q_LV0101": 0.003639,
  "U_LV0101": 0.002602,
  "I_LV0101_MV0101": 0.000908,
  "P_LV0102": 0.002010,
  "Q_LV0102": 0.003358,
  "U_LV0102": 0.002602,
  "I_LV0102_MV0102": 0.000849,
  "P_LV0103": 0.002032,
  "Q_LV0103": 0.003471,
  "U_LV0103": 0.002604,
  "I_LV0103_MV0103": 0.000872,
  "P_LV0201": 0.002004,
  "Q_LV0201": 0.003328,
  "U_LV0201": 0.002603,
  "I_LV0201_MV0201": 0.000843,
  "P_LV0202": 0.002047,
  "Q_LV0202": 0.003548,
  "U_LV0202": 0.002605,
  "I_LV0202_MV0202": 0.000888,
  "P_LV0203": 0.002036,
  "Q_LV0203": 0.003497,
  "U_LV0203": 0.002606,
  "I_LV0203_MV0203": 0.000877,
  "P_POIMV_MV0101": 0.005654,
  "Q_POIMV_MV0101": 0.010326,
  "U_POIMV": 0.002527,
  "I_POIMV_MV0101": 0.002631,
  "P_POIMV_MV0201": 0.005639,
  "Q_POIMV_MV0201": 0.010224,
  "I_POIMV_MV0201": 0.002609,
  "P_POI_POIMV": 0.010827,
  "Q_POI_POIMV": 0.020522,
  "U_POI": 0.002501,
  "I_POI_POIMV": 0.005240
}
