{
  "irrad_LV0101": 60.07078667977817,
  "irrad_LV0102": 123.67041583138152,
  "irrad_LV0103": -102.05475767950026,
  "irrad_LV0201": -93.62957015770269,
  "irrad_LV0202": 56.86343270988542,
  "irrad_LV0203": 136.61785627125144
}