{
  "irrad_LV0101": 949.6263322231401,
  "irrad_LV0102": 903.6793043898839,
  "irrad_LV0103": 877.1375301492216,
  "irrad_LV0201": 985.794123875158,
  "irrad_LV0202": 1013.9737011620523,
  "irrad_LV0203": 994.2728553899727
}