{
  "P_LV0101": 0.28483281868071947,
  "Q_LV0101": 2.2004980256057383e-16,
  "U_LV0101": 1.0062418168814515,
  "I_LV0101_MV0101": 0.2830659727136708,
  "P_LV0102": 0.27105137538700846,
  "Q_LV0102": 3.4892713086029907e-16,
  "U_LV0102": 1.0062952996849637,
  "I_LV0102_MV0102": 0.26935570053031677,
  "P_LV0103": 0.26309038261203277,
  "Q_LV0103": 2.599172205796267e-16,
  "U_LV0103": 1.0062940079322025,
  "I_LV0103_MV0103": 0.261444846673238,
  "P_LV0201": 0.2956810583431391,
  "Q_LV0201": -1.401183141835579e-16,
  "U_LV0201": 1.0071056417435529,
  "I_LV0201_MV0201": 0.2935948783200548,
  "P_LV0202": 0.3041332970348219,
  "Q_LV0202": -9.154088617077383e-16,
  "U_LV0202": 1.0076919871551933,
  "I_LV0202_MV0202": 0.30181176481656663,
  "P_LV0203": 0.29822418600741524,
  "Q_LV0203": -5.213714490093437e-16,
  "U_LV0203": 1.007763153349617,
  "I_LV0203_MV0203": 0.2959268604097834,
  "P_POIMV_MV0101": -0.8123598824276996,
  "Q_POIMV_MV0101": 0.029748602642030164,
  "U_POIMV": 0.9988761724918459,
  "I_POIMV_MV0101": 0.8138189887203522,
  "P_POIMV_MV0201": -0.889540502067689,
  "Q_POIMV_MV0201": 0.03600222282392451,
  "I_POIMV_MV0201": 0.8912703940935081,
  "P_POI_POIMV": -1.7018903844949578,
  "Q_POI_POIMV": 0.10304049932756243,
  "U_POI": 0.9999720294453149,
  "I_POI_POIMV": 1.705054502256173
}