{
  "irrad_LV0101": 1100.2510474927394,
  "irrad_LV0102": 1034.4024279370826,
  "irrad_LV0103": 1098.9988747701022,
  "irrad_LV0201": 1131.5071846252745,
  "irrad_LV0202": 1075.5867197484545,
  "irrad_LV0203": 1170.8061135179034
}