{
  "P_LV0101": 0.000043,
  "Q_LV0101": 0.000110,
  "U_LV0101": 0.002500,
  "I_LV0101_MV0101": 0.000032,
  "P_LV0102": 0.000079,
  "Q_LV0102": 0.000244,
  "U_LV0102": 0.002502,
  "I_LV0102_MV0102": 0.000064,
  "P_LV0103": 0.000074,
  "Q_LV0103": 0.000230,
  "U_LV0103": 0.002500,
  "I_LV0103_MV0103": 0.000060,
  "P_LV0201": 0.000108,
  "Q_LV0201": 0.000337,
  "U_LV0201": 0.002499,
  "I_LV0201_MV0201": 0.000087,
  "P_LV0202": 0.000074,
  "Q_LV0202": 0.000228,
  "U_LV0202": 0.002502,
  "I_LV0202_MV0202": 0.000060,
  "P_LV0203": 0.000035,
  "Q_LV0203": 0.000063,
  "U_LV0203": 0.002501,
  "I_LV0203_MV0203": 0.000019,
  "P_POIMV_MV0101": 0.000125,
  "Q_POIMV_MV0101": 0.000094,
  "U_POIMV": 0.002500,
  "I_POIMV_MV0101": 0.000042,
  "P_POIMV_MV0201": 0.000150,
  "Q_POIMV_MV0201": 0.000295,
  "I_POIMV_MV0201": 0.000089,
  "P_POI_POIMV": 0.000290,
  "Q_POI_POIMV": 0.000402,
  "U_POI": 0.002500,
  "I_POI_POIMV": 0.000133
}
