{
  "P_LV0101": 0.000706,
  "Q_LV0101": 0.002094,
  "U_LV0101": 0.002512,
  "I_LV0101_MV0101": 0.000497,
  "P_LV0102": 0.000705,
  "Q_LV0102": 0.002092,
  "U_LV0102": 0.002513,
  "I_LV0102_MV0102": 0.000496,
  "P_LV0103": 0.000662,
  "Q_LV0103": 0.001963,
  "U_LV0103": 0.002512,
  "I_LV0103_MV0103": 0.000466,
  "P_LV0201": 0.000591,
  "Q_LV0201": 0.001754,
  "U_LV0201": 0.002511,
  "I_LV0201_MV0201": 0.000416,
  "P_LV0202": 0.000659,
  "Q_LV0202": 0.001954,
  "U_LV0202": 0.002513,
  "I_LV0202_MV0202": 0.000463,
  "P_LV0203": 0.000724,
  "Q_LV0203": 0.002147,
  "U_LV0203": 0.002514,
  "I_LV0203_MV0203": 0.000509,
  "P_POIMV_MV0101": 0.002067,
  "Q_POIMV_MV0101": 0.006114,
  "U_POIMV": 0.002499,
  "I_POIMV_MV0101": 0.001459,
  "P_POIMV_MV0201": 0.001967,
  "Q_POIMV_MV0201": 0.005821,
  "I_POIMV_MV0201": 0.001388,
  "P_POI_POIMV": 0.004050,
  "Q_POI_POIMV": 0.011935,
  "U_POI": 0.002500,
  "I_POI_POIMV": 0.002847
}
