{
  "irrad_LV0101": 52.79265729747094,
  "irrad_LV0102": -53.14560051616567,
  "irrad_LV0103": -2.90595714303108,
  "irrad_LV0201": -47.335403598328504,
  "irrad_LV0202": 45.85461805316069,
  "irrad_LV0203": -42.97022029317322
}