{
  "P_LV0101": 0.015834735067298593,
  "Q_LV0101": 1.1781103436553348e-15,
  "U_LV0101": 1.0004803113910778,
  "I_LV0101_MV0101": 0.015827133114975366,
  "P_LV0102": -0.015940597561212088,
  "Q_LV0102": 4.1937482132825157e-16,
  "U_LV0102": 0.9995863130441368,
  "I_LV0102_MV0102": 0.015947194707645253,
  "P_LV0103": -0.0008716185892583478,
  "Q_LV0103": 6.015782937140074e-16,
  "U_LV0103": 1.000007050539132,
  "I_LV0103_MV0103": 0.0008716124439207039,
  "P_LV0201": -0.014197875493550723,
  "Q_LV0201": 9.04590530086163e-17,
  "U_LV0201": 0.9996337596972142,
  "I_LV0201_MV0201": 0.014203077232856975,
  "P_LV0202": 0.013753725719708199,
  "Q_LV0202": 7.645507767845624e-16,
  "U_LV0202": 1.0004112766543507,
  "I_LV0202_MV0202": 0.013748071458874819,
  "P_LV0203": -0.012888573694858345,
  "Q_LV0203": 4.8676555556613026e-17,
  "U_LV0203": 0.9996626030660155,
  "I_LV0203_MV0203": 0.012892923727794199,
  "P_POIMV_MV0101": 0.0009917238157868269,
  "Q_POIMV_MV0101": -0.001203024382220974,
  "U_POIMV": 1.0000431465568624,
  "I_POIMV_MV0101": 0.0015590298408592657,
  "P_POIMV_MV0201": 0.013348500189181323,
  "Q_POIMV_MV0201": -0.001478767616447385,
  "I_POIMV_MV0201": 0.013429581056402125,
  "P_POI_POIMV": 0.01435022400531844,
  "Q_POI_POIMV": -0.0032449277682644606,
  "U_POI": 1.0000008774742515,
  "I_POI_POIMV": 0.014712515262560538
}