{
  "irrad_LV0101": 614.223755123881,
  "irrad_LV0102": 591.0170212787121,
  "irrad_LV0103": 634.2507569224399,
  "irrad_LV0201": 529.2255376040304,
  "irrad_LV0202": 631.7609074006831,
  "irrad_LV0203": 635.2159465927429
}