{
  "P_LV0101": 0.000651,
  "Q_LV0101": 0.001932,
  "U_LV0101": 0.002511,
  "I_LV0101_MV0101": 0.000459,
  "P_LV0102": 0.000627,
  "Q_LV0102": 0.001859,
  "U_LV0102": 0.002512,
  "I_LV0102_MV0102": 0.000441,
  "P_LV0103": 0.000673,
  "Q_LV0103": 0.001995,
  "U_LV0103": 0.002513,
  "I_LV0103_MV0103": 0.000473,
  "P_LV0201": 0.000561,
  "Q_LV0201": 0.001665,
  "U_LV0201": 0.002511,
  "I_LV0201_MV0201": 0.000395,
  "P_LV0202": 0.000670,
  "Q_LV0202": 0.001987,
  "U_LV0202": 0.002513,
  "I_LV0202_MV0202": 0.000471,
  "P_LV0203": 0.000674,
  "Q_LV0203": 0.001998,
  "U_LV0203": 0.002514,
  "I_LV0203_MV0203": 0.000474,
  "P_POIMV_MV0101": 0.001945,
  "Q_POIMV_MV0101": 0.005755,
  "U_POIMV": 0.002499,
  "I_POIMV_MV0101": 0.001373,
  "P_POIMV_MV0201": 0.001898,
  "Q_POIMV_MV0201": 0.005618,
  "I_POIMV_MV0201": 0.001340,
  "P_POI_POIMV": 0.003856,
  "Q_POI_POIMV": 0.011374,
  "U_POI": 0.002500,
  "I_POI_POIMV": 0.002713
}
