{
  "irrad_LV0101": 1150.9790992938313,
  "irrad_LV0102": 1197.9133633721642,
  "irrad_LV0103": 1148.8614544239017,
  "irrad_LV0201": 1292.6256699210364,
  "irrad_LV0202": 1160.2985579298952,
  "irrad_LV0203": 1222.4514695394396
}