{
  "irrad_LV0101": 1216.664188689937,
  "irrad_LV0102": 1217.3334806677499,
  "irrad_LV0103": 1127.8264201172542,
  "irrad_LV0201": 1171.225301308742,
  "irrad_LV0202": 1109.2957135425306,
  "irrad_LV0203": 1207.2684988854814
}