{
  "irrad_LV0101": 1265.9476377241483,
  "irrad_LV0102": 1228.4977481386506,
  "irrad_LV0103": 1150.3052745629384,
  "irrad_LV0201": 1248.1391652972263,
  "irrad_LV0202": 1186.4948539278744,
  "irrad_LV0203": 1170.8236475896283
}