{
  "irrad_LV0101": 1208.5776662125795,
  "irrad_LV0102": 1209.4349591727978,
  "irrad_LV0103": 1195.5619633197637,
  "irrad_LV0201": 1157.8703899742884,
  "irrad_LV0202": 1169.4000947644506,
  "irrad_LV0203": 1219.7157149116774
}