{
  "P_LV0101": 0.345226969777649,
  "Q_LV0101": -3.798049609100313e-16,
  "U_LV0101": 1.0070019834900865,
  "I_LV0101_MV0101": 0.1979309745169004,
  "P_LV0102": 0.35930452668241647,
  "Q_LV0102": 4.382761253639078e-16,
  "U_LV0102": 1.007761377586982,
  "I_LV0102_MV0102": 0.20584690961054344,
  "P_LV0103": 0.34459179914600185,
  "Q_LV0103": -3.145961704809707e-17,
  "U_LV0103": 1.0076857805971375,
  "I_LV0103_MV0103": 0.19743274325016985,
  "P_LV0201": 0.36291174479437105,
  "Q_LV0201": 6.260184749840876e-16,
  "U_LV0201": 1.0080881799843642,
  "I_LV0201_MV0201": 0.20784609690826525,
  "P_LV0202": 0.34802226681377285,
  "Q_LV0202": 2.6662841982457094e-16,
  "U_LV0202": 1.0082529296686038,
  "I_LV0202_MV0202": 0.19928605562788512,
  "P_LV0203": 0.3631702965584924,
  "Q_LV0203": -1.8523741869351366e-16,
  "U_LV0203": 1.0088063793291462,
  "I_LV0203_MV0203": 0.20784609690826517,
  "P_POIMV_MV0101": -1.0382796290332408,
  "Q_POIMV_MV0101": 0.04949117002774983,
  "U_POIMV": 0.9982639448725898,
  "I_POIMV_MV0101": 0.6011753157079458,
  "P_POIMV_MV0201": -1.0619714507963636,
  "Q_POIMV_MV0201": 0.052091750080819565,
  "I_POIMV_MV0201": 0.6149342425386402,
  "P_POI_POIMV": -2.1002410798294266,
  "Q_POI_POIMV": 0.15878731707516636,
  "U_POI": 0.99995689812024,
  "I_POI_POIMV": 1.2160877777464185
}