{
  "P_LV0101": 0.3626598935582008,
  "Q_LV0101": 1.365429148738819e-16,
  "U_LV0101": 1.0073885932172246,
  "I_LV0101_MV0101": 0.20784609690826522,
  "P_LV0102": 0.362828901648957,
  "Q_LV0102": 1.0033640683986868e-15,
  "U_LV0102": 1.0078580601359917,
  "I_LV0102_MV0102": 0.20784609690826528,
  "P_LV0103": 0.33828250894489553,
  "Q_LV0103": -7.931607895235559e-16,
  "U_LV0103": 1.0075740724883255,
  "I_LV0103_MV0103": 0.19383934435623382,
  "P_LV0201": 0.351299656045716,
  "Q_LV0201": -1.6793055074286023e-16,
  "U_LV0201": 1.0078436334007543,
  "I_LV0201_MV0201": 0.2012444631910152,
  "P_LV0202": 0.33272437180534575,
  "Q_LV0202": -2.3344420605723392e-17,
  "U_LV0202": 1.0079170588688033,
  "I_LV0202_MV0202": 0.19058959657192412,
  "P_LV0203": 0.3621105247123574,
  "Q_LV0203": 7.031328480560632e-16,
  "U_LV0203": 1.0087684035420033,
  "I_LV0203_MV0203": 0.20724738025596887,
  "P_POIMV_MV0101": -1.052635696823927,
  "Q_POIMV_MV0101": 0.05092959134890407,
  "U_POIMV": 0.9982855307459241,
  "I_POIMV_MV0101": 0.6094953790906468,
  "P_POIMV_MV0201": -1.0346067137554655,
  "Q_POIMV_MV0201": 0.049398298771848204,
  "I_POIMV_MV0201": 0.5990379696700285,
  "P_POI_POI_MV": -2.0872324105791575,
  "Q_POI_POI_MV": 0.1568147438442793,
  "U_POI": 0.9999574335746514,
  "I_POI_POI_MV": 1.2085118950677927
}