{
  "P_LV0101": 0.03527948140584814,
  "Q_LV0101": 2.785941981807244e-17,
  "U_LV0101": 1.0088824960935419,
  "I_LV0101_MV0101": 0.020189286825180758,
  "P_LV0102": 0.03614134514038728,
  "Q_LV0102": -5.65804758819769e-17,
  "U_LV0102": 1.0095209395792841,
  "I_LV0102_MV0102": 0.020669423017984873,
  "P_LV0103": 0.03327032728838615,
  "Q_LV0103": 3.982599186453364e-17,
  "U_LV0103": 1.009145084624628,
  "I_LV0103_MV0103": 0.019034559756213588,
  "P_LV0201": 0.03580105925366673,
  "Q_LV0201": 1.4285160611986069e-18,
  "U_LV0201": 1.0096899938031825,
  "I_LV0201_MV0201": 0.020471383616987054,
  "P_LV0202": 0.033900687481072556,
  "Q_LV0202": 2.114733326713651e-19,
  "U_LV0202": 1.009756318302132,
  "I_LV0202_MV0202": 0.019383459838925466,
  "P_LV0203": 0.03557112785643275,
  "Q_LV0203": 3.4533586736336106e-17,
  "U_LV0203": 1.0103392883005047,
  "I_LV0203_MV0203": 0.020326835233573277,
  "P_POIMV_MV0101": -0.10361548079185923,
  "Q_POIMV_MV0101": 0.004913444622616225,
  "U_POIMV": 0.9999990076668701,
  "I_POIMV_MV0101": 0.05988970738906438,
  "P_POIMV_MV0201": -0.10411100345795887,
  "Q_POIMV_MV0201": 0.004982280137475925,
  "I_POIMV_MV0201": 0.0601773648411849,
  "P_POI_POI_MV": -0.20772548424974066,
  "Q_POI_POI_MV": 0.009839146863669157,
  "U_POI": 0.9999990103999676,
  "I_POI_POI_MV": 0.12006494244333514
}