{
  "P_LV0101": 0.000155,
  "Q_LV0101": 0.000489,
  "U_LV0101": 0.002522,
  "I_LV0101_MV0101": 0.000073,
  "P_LV0102": 0.000158,
  "Q_LV0102": 0.000500,
  "U_LV0102": 0.002524,
  "I_LV0102_MV0102": 0.000074,
  "P_LV0103": 0.000147,
  "Q_LV0103": 0.000465,
  "U_LV0103": 0.002523,
  "I_LV0103_MV0103": 0.000069,
  "P_LV0201": 0.000157,
  "Q_LV0201": 0.000496,
  "U_LV0201": 0.002524,
  "I_LV0201_MV0201": 0.000074,
  "P_LV0202": 0.000149,
  "Q_LV0202": 0.000472,
  "U_LV0202": 0.002524,
  "I_LV0202_MV0202": 0.000070,
  "P_LV0203": 0.000156,
  "Q_LV0203": 0.000493,
  "U_LV0203": 0.002526,
  "I_LV0203_MV0203": 0.000073,
  "P_POIMV_MV0101": 0.000460,
  "Q_POIMV_MV0101": 0.001439,
  "U_POIMV": 0.002500,
  "I_POIMV_MV0101": 0.000216,
  "P_POIMV_MV0201": 0.000462,
  "Q_POIMV_MV0201": 0.001445,
  "I_POIMV_MV0201": 0.000217,
  "P_POI_POI_MV": 0.000922,
  "Q_POI_POI_MV": 0.002884,
  "U_POI": 0.002500,
  "I_POI_POI_MV": 0.000434
}
