{
  "irrad_LV0101": -101.02898671359797,
  "irrad_LV0102": -71.54860120618439,
  "irrad_LV0103": -70.91149724907505,
  "irrad_LV0201": -19.97955372168595,
  "irrad_LV0202": -95.81517856269464,
  "irrad_LV0203": -45.1242806095921
}