{
  "irrad_LV0101": 103.17535789453312,
  "irrad_LV0102": 147.67906203020402,
  "irrad_LV0103": 79.86432514473134,
  "irrad_LV0201": -35.46879592451256,
  "irrad_LV0202": 40.099745418959685,
  "irrad_LV0203": 73.51876837987317
}