{
  "irrad_LV0101": 117.1776297214536,
  "irrad_LV0102": 4.978359590871094,
  "irrad_LV0103": 78.82806539811929,
  "irrad_LV0201": 139.5078994198973,
  "irrad_LV0202": 109.4933002379574,
  "irrad_LV0203": 60.69084746149663
}