{
  "P_LV0101": 0.09455423182711713,
  "Q_LV0101": 8.219436970910873e-16,
  "U_LV0101": 1.0025572836746923,
  "I_LV0101_MV0101": 0.09431304661270397,
  "P_LV0102": 0.06531380842354288,
  "Q_LV0102": 4.998676342366158e-16,
  "U_LV0102": 1.0019121345201785,
  "I_LV0102_MV0102": 0.06518915798421988,
  "P_LV0103": 0.10679783763838283,
  "Q_LV0103": 5.236216855123753e-17,
  "U_LV0103": 1.0030641389550932,
  "I_LV0103_MV0103": 0.10647159387996437,
  "P_LV0201": 0.07410379203898503,
  "Q_LV0201": -2.5486635065917887e-17,
  "U_LV0201": 1.0022052775484678,
  "I_LV0201_MV0201": 0.07394073220234193,
  "P_LV0202": 0.09336154342342273,
  "Q_LV0202": 2.071646767083273e-16,
  "U_LV0202": 1.00283706502927,
  "I_LV0202_MV0202": 0.0930974199888571,
  "P_LV0203": 0.09549940283309395,
  "Q_LV0203": -1.1987739942336049e-15,
  "U_LV0203": 1.0029580322731042,
  "I_LV0203_MV0203": 0.0952177456684345,
  "P_POIMV_MV0101": -0.2659327564774685,
  "Q_POIMV_MV0101": 0.002162467349990038,
  "U_POIMV": 0.9999310752401833,
  "I_POIMV_MV0101": 0.26595987974746704,
  "P_POIMV_MV0201": -0.26221731661314607,
  "Q_POIMV_MV0201": 0.0017348993815176073,
  "I_POIMV_MV0201": 0.2622411307347373,
  "P_POI_POIMV": -0.5281400730907528,
  "Q_POI_POIMV": 0.006964110849821736,
  "U_POI": 0.9999981065862801,
  "I_POI_POIMV": 0.5281869859226027
}