{
  "irrad_LV0101": 527.7742206057435,
  "irrad_LV0102": 516.0239275945526,
  "irrad_LV0103": 379.4810708048875,
  "irrad_LV0201": 394.99241715979247,
  "irrad_LV0202": 546.34437095848,
  "irrad_LV0203": 524.7926975859124
}