{
  "P_LV0101": 0.000976,
  "Q_LV0101": 0.001682,
  "U_LV0101": 0.002551,
  "I_LV0101_MV0101": 0.000430,
  "P_LV0102": 0.000969,
  "Q_LV0102": 0.001646,
  "U_LV0102": 0.002551,
  "I_LV0102_MV0102": 0.000423,
  "P_LV0103": 0.000895,
  "Q_LV0103": 0.001224,
  "U_LV0103": 0.002549,
  "I_LV0103_MV0103": 0.000336,
  "P_LV0201": 0.000903,
  "Q_LV0201": 0.001271,
  "U_LV0201": 0.002550,
  "I_LV0201_MV0201": 0.000345,
  "P_LV0202": 0.000987,
  "Q_LV0202": 0.001740,
  "U_LV0202": 0.002553,
  "I_LV0202_MV0202": 0.000442,
  "P_LV0203": 0.000974,
  "Q_LV0203": 0.001673,
  "U_LV0203": 0.002553,
  "I_LV0203_MV0203": 0.000428,
  "P_POIMV_MV0101": 0.002747,
  "Q_POIMV_MV0101": 0.004521,
  "U_POIMV": 0.002514,
  "I_POIMV_MV0101": 0.001188,
  "P_POIMV_MV0201": 0.002768,
  "Q_POIMV_MV0201": 0.004650,
  "I_POIMV_MV0201": 0.001215,
  "P_POI_POIMV": 0.005415,
  "Q_POI_POIMV": 0.009164,
  "U_POI": 0.002500,
  "I_POI_POIMV": 0.002404
}
