{
  "P_LV0101": 0.001232,
  "Q_LV0101": 0.003655,
  "U_LV0101": 0.002518,
  "I_LV0101_MV0101": 0.000865,
  "P_LV0102": 0.001283,
  "Q_LV0102": 0.003805,
  "U_LV0102": 0.002520,
  "I_LV0102_MV0102": 0.000900,
  "P_LV0103": 0.001204,
  "Q_LV0103": 0.003570,
  "U_LV0103": 0.002519,
  "I_LV0103_MV0103": 0.000845,
  "P_LV0201": 0.001238,
  "Q_LV0201": 0.003672,
  "U_LV0201": 0.002520,
  "I_LV0201_MV0201": 0.000869,
  "P_LV0202": 0.001284,
  "Q_LV0202": 0.003808,
  "U_LV0202": 0.002521,
  "I_LV0202_MV0202": 0.000900,
  "P_LV0203": 0.001283,
  "Q_LV0203": 0.003805,
  "U_LV0203": 0.002522,
  "I_LV0203_MV0203": 0.000899,
  "P_POIMV_MV0101": 0.003717,
  "Q_POIMV_MV0101": 0.010917,
  "U_POIMV": 0.002496,
  "I_POIMV_MV0101": 0.002610,
  "P_POIMV_MV0201": 0.003801,
  "Q_POIMV_MV0201": 0.011159,
  "I_POIMV_MV0201": 0.002668,
  "P_POI_POIMV": 0.007627,
  "Q_POI_POIMV": 0.022081,
  "U_POI": 0.002500,
  "I_POI_POIMV": 0.005277
}
