{
  "irrad_LV0101": 1056.9354993851473,
  "irrad_LV0102": 1017.3267678684869,
  "irrad_LV0103": 1056.665349183768,
  "irrad_LV0201": 1046.3263077560393,
  "irrad_LV0202": 1165.3042522083842,
  "irrad_LV0203": 1009.0801147049688
}