{
  "P_LV0101": 0.029958018344323115,
  "Q_LV0101": 2.6308930145766798e-17,
  "U_LV0101": 1.0077228269138419,
  "I_LV0101_MV0101": 0.017163717535755983,
  "P_LV0102": 0.03520959106616809,
  "Q_LV0102": -6.611813716955696e-17,
  "U_LV0102": 1.0092694870435546,
  "I_LV0102_MV0102": 0.020141564905183283,
  "P_LV0103": 0.029749414815217173,
  "Q_LV0103": 1.7322771033928524e-17,
  "U_LV0103": 1.008308938643339,
  "I_LV0103_MV0103": 0.017034295733715545,
  "P_LV0201": 0.029451106854804,
  "Q_LV0201": -9.965404664393701e-17,
  "U_LV0201": 1.0082376103008759,
  "I_LV0201_MV0201": 0.01686467981042618,
  "P_LV0202": 0.032367649394066327,
  "Q_LV0202": 5.663516627912375e-17,
  "U_LV0202": 1.0092965125942182,
  "I_LV0202_MV0202": 0.01851534297157808,
  "P_LV0203": 0.032329515426476385,
  "Q_LV0203": 1.7490022731622942e-17,
  "U_LV0203": 1.0095035984590968,
  "I_LV0203_MV0203": 0.0184897354132637,
  "P_POIMV_MV0101": -0.09402581166838786,
  "Q_POIMV_MV0101": 0.004043928483895343,
  "U_POIMV": 0.9999991976791109,
  "I_POIMV_MV0101": 0.05433605564798536,
  "P_POIMV_MV0201": -0.09321387156312255,
  "Q_POIMV_MV0201": 0.003967789889685491,
  "I_POIMV_MV0201": 0.05386583077773645,
  "P_POI_POI_MV": -0.1872386832315437,
  "Q_POI_POI_MV": 0.007955136941745877,
  "U_POI": 0.9999991998888719,
  "I_POI_POI_MV": 0.1081999151331948
}