{
  "P_LV0101": 0.3170193445971605,
  "Q_LV0101": -1.3884656381517377e-16,
  "U_LV0101": 1.0067127892707397,
  "I_LV0101_MV0101": 0.18181074671165817,
  "P_LV0102": 0.30513902255949477,
  "Q_LV0102": -1.831868030076233e-16,
  "U_LV0102": 1.0068728141858192,
  "I_LV0102_MV0102": 0.17496956351675902,
  "P_LV0103": 0.31693831520621485,
  "Q_LV0103": -7.129976912001832e-16,
  "U_LV0103": 1.007338203870554,
  "I_LV0103_MV0103": 0.18165142640051074,
  "P_LV0201": 0.31383720247124836,
  "Q_LV0201": -1.745884448005401e-16,
  "U_LV0201": 1.0072970880002186,
  "I_LV0201_MV0201": 0.1798813830468008,
  "P_LV0202": 0.3495236847530353,
  "Q_LV0202": 8.669781095195739e-16,
  "U_LV0202": 1.0084848184505817,
  "I_LV0202_MV0202": 0.20009978314830074,
  "P_LV0203": 0.30266550493941347,
  "Q_LV0203": -8.681106209841878e-18,
  "U_LV0203": 1.007693041548777,
  "I_LV0203_MV0203": 0.1734099607184059,
  "P_POIMV_MV0101": -0.930403027981356,
  "Q_POIMV_MV0101": 0.039438431410644625,
  "U_POIMV": 0.9986078878965347,
  "I_POIMV_MV0101": 0.5384003248077303,
  "P_POIMV_MV0201": -0.9561721532529646,
  "Q_POIMV_MV0201": 0.042029742390923275,
  "I_POIMV_MV0201": 0.5533496360473585,
  "P_POI_POI_MV": -1.8865651812340147,
  "Q_POI_POI_MV": 0.12746142128116844,
  "U_POI": 0.9999654009747919,
  "I_POI_POI_MV": 1.0917298229189492
}