{
  "irrad_LV0101": -29.36567917081629,
  "irrad_LV0102": -17.240045085513877,
  "irrad_LV0103": -46.78487128259315,
  "irrad_LV0201": -21.379288885227876,
  "irrad_LV0202": -58.388147026304935,
  "irrad_LV0203": 11.072130603764938
}