{
  "P_LV0101": -0.00880800045962908,
  "Q_LV0101": 4.7042854637788346e-17,
  "U_LV0101": 0.999788746653175,
  "I_LV0101_MV0101": 0.008809861572371309,
  "P_LV0102": -0.005171013554767079,
  "Q_LV0102": -1.8293268917897803e-16,
  "U_LV0102": 0.9998772925739904,
  "I_LV0102_MV0102": 0.005171648154400333,
  "P_LV0103": -0.014032747731245918,
  "Q_LV0103": 1.7352655770630328e-16,
  "U_LV0103": 0.9996196938385482,
  "I_LV0103_MV0103": 0.014038086502037635,
  "P_LV0201": -0.00641254660695101,
  "Q_LV0201": -6.338516950893391e-18,
  "U_LV0201": 0.9998446487253192,
  "I_LV0201_MV0201": 0.0064135429590249145,
  "P_LV0202": -0.017513057431877144,
  "Q_LV0202": -8.012150198154595e-16,
  "U_LV0202": 0.9995240126950817,
  "I_LV0202_MV0202": 0.0175213973946014,
  "P_LV0203": 0.003320996966552497,
  "Q_LV0203": -5.1587565539982e-16,
  "U_LV0203": 1.0001082605600886,
  "I_LV0203_MV0203": 0.003320637472479875,
  "P_POIMV_MV0101": 0.02802080407923313,
  "Q_POIMV_MV0101": -0.0012310286426782113,
  "U_POIMV": 1.0000436899998604,
  "I_POIMV_MV0101": 0.028046606873101367,
  "P_POIMV_MV0201": 0.0206151792581295,
  "Q_POIMV_MV0201": -0.0015060108309512543,
  "I_POIMV_MV0201": 0.02066921269636145,
  "P_POI_POIMV": 0.048645983338007834,
  "Q_POI_POIMV": -0.003272042062235414,
  "U_POI": 1.000000884727402,
  "I_POI_POIMV": 0.048755858601261276
}