{
  "P_LV0101": 0.000069,
  "Q_LV0101": 0.000219,
  "U_LV0101": 0.002501,
  "I_LV0101_MV0101": 0.000057,
  "P_LV0102": 0.000083,
  "Q_LV0102": 0.000263,
  "U_LV0102": 0.002501,
  "I_LV0102_MV0102": 0.000068,
  "P_LV0103": 0.000010,
  "Q_LV0103": 0.000032,
  "U_LV0103": 0.002500,
  "I_LV0103_MV0103": 0.000009,
  "P_LV0201": 0.000123,
  "Q_LV0201": 0.000384,
  "U_LV0201": 0.002498,
  "I_LV0201_MV0201": 0.000099,
  "P_LV0202": 0.000039,
  "Q_LV0202": 0.000132,
  "U_LV0202": 0.002501,
  "I_LV0202_MV0202": 0.000037,
  "P_LV0203": 0.000081,
  "Q_LV0203": 0.000257,
  "U_LV0203": 0.002501,
  "I_LV0203_MV0203": 0.000067,
  "P_POIMV_MV0101": 0.000185,
  "Q_POIMV_MV0101": 0.000606,
  "U_POIMV": 0.002500,
  "I_POIMV_MV0101": 0.000165,
  "P_POIMV_MV0201": 0.000058,
  "Q_POIMV_MV0201": 0.000153,
  "I_POIMV_MV0201": 0.000044,
  "P_POI_POIMV": 0.000217,
  "Q_POI_POIMV": 0.000685,
  "U_POI": 0.002500,
  "I_POI_POIMV": 0.000192
}
