{
  "irrad_LV0101": 60.18050681779946,
  "irrad_LV0102": -20.812004836929425,
  "irrad_LV0103": -2.0145919449586236,
  "irrad_LV0201": -47.67324385779664,
  "irrad_LV0202": 35.211869933974555,
  "irrad_LV0203": -93.62657914195486
}