{
  "irrad_LV0101": 581.5845027485807,
  "irrad_LV0102": 586.3722317021093,
  "irrad_LV0103": 597.4296955721304,
  "irrad_LV0201": 740.1282305559264,
  "irrad_LV0202": 665.3155338066035,
  "irrad_LV0203": 609.5905845477552
}