{
  "irrad_LV0101": 504.7854907409325,
  "irrad_LV0102": 597.5275765323277,
  "irrad_LV0103": 676.7284874124293,
  "irrad_LV0201": 580.1970932975013,
  "irrad_LV0202": 571.0464749422258,
  "irrad_LV0203": 618.2983835700749
}