{
  "irrad_LV0101": 645.7040035895461,
  "irrad_LV0102": 532.6497690385842,
  "irrad_LV0103": 569.189716880433,
  "irrad_LV0201": 537.359156520532,
  "irrad_LV0202": 626.6327748976483,
  "irrad_LV0203": 597.9101175838782
}