{
  "irrad_LV0101": 639.8955881252845,
  "irrad_LV0102": 549.1453005492803,
  "irrad_LV0103": 583.7274866300287,
  "irrad_LV0201": 557.0457565757987,
  "irrad_LV0202": 613.7690959693874,
  "irrad_LV0203": 647.9150152835787
}