{
  "P_LV0101": 0.18423149983954062,
  "Q_LV0101": 1.1485775621487352e-16,
  "U_LV0101": 1.0045297375434636,
  "I_LV0101_MV0101": 0.18340074261023992,
  "P_LV0102": 0.1772708257415319,
  "Q_LV0102": -1.6341095159874464e-16,
  "U_LV0102": 1.004611925061488,
  "I_LV0102_MV0102": 0.1764570191924428,
  "P_LV0103": 0.1902384387569283,
  "Q_LV0103": 3.013311905456135e-16,
  "U_LV0103": 1.0050526590819455,
  "I_LV0103_MV0103": 0.18928206103220457,
  "P_LV0201": 0.15873696471819662,
  "Q_LV0201": -9.837612659566969e-17,
  "U_LV0201": 1.0042730038327634,
  "I_LV0201_MV0201": 0.15806156703643734,
  "P_LV0202": 0.1894916283186452,
  "Q_LV0202": -5.025642188555688e-16,
  "U_LV0202": 1.0052758981601184,
  "I_LV0202_MV0202": 0.18849713662235174,
  "P_LV0203": 0.19052793967431592,
  "Q_LV0203": 3.3300540044276475e-16,
  "U_LV0203": 1.0054299595204643,
  "I_LV0203_MV0203": 0.18949896794918208,
  "P_POIMV_MV0101": -0.5487229812156329,
  "Q_POIMV_MV0101": 0.012850325124418305,
  "U_POIMV": 0.9995714944227635,
  "I_POIMV_MV0101": 0.5491087250671712,
  "P_POIMV_MV0201": -0.5356529886487351,
  "Q_POIMV_MV0201": 0.012122943818326348,
  "I_POIMV_MV0201": 0.5360198423241747,
  "P_POI_POIMV": -1.0843659698640464,
  "Q_POI_POIMV": 0.039739282993650704,
  "U_POI": 0.9999892107265824,
  "I_POI_POIMV": 1.0851056053790504
}