{
  "P_LV0101": 0.19367374843668445,
  "Q_LV0101": 2.8935187579292883e-16,
  "U_LV0101": 1.0047781694255262,
  "I_LV0101_MV0101": 0.11128584815772265,
  "P_LV0102": 0.15976403553355176,
  "Q_LV0102": 3.5830809331119705e-16,
  "U_LV0102": 1.0041838144685713,
  "I_LV0102_MV0102": 0.09185550254156576,
  "P_LV0103": 0.17072390046681968,
  "Q_LV0103": -4.950783514102996e-16,
  "U_LV0103": 1.0045674581378965,
  "I_LV0103_MV0103": 0.09811933394132592,
  "P_LV0201": 0.16117657862047577,
  "Q_LV0201": -5.24926216957991e-16,
  "U_LV0201": 1.004354254930624,
  "I_LV0201_MV0201": 0.09265191101323347,
  "P_LV0202": 0.18795348601377873,
  "Q_LV0202": 1.1732893572407335e-15,
  "U_LV0202": 1.005252126100869,
  "I_LV0202_MV0202": 0.10794803903184695,
  "P_LV0203": 0.17933835481419536,
  "Q_LV0203": 2.9410481148067107e-16,
  "U_LV0203": 1.0051670606120258,
  "I_LV0203_MV0203": 0.1030087947419967,
  "P_POIMV_MV0101": -0.5214337327618068,
  "Q_POIMV_MV0101": 0.011543031830569817,
  "U_POIMV": 0.999603303825633,
  "I_POIMV_MV0101": 0.3012431638982505,
  "P_POIMV_MV0201": -0.5254933608287047,
  "Q_POIMV_MV0201": 0.01156991663037843,
  "I_POIMV_MV0201": 0.3035876929387173,
  "P_POI_POI_MV": -1.0469170935899093,
  "Q_POI_POI_MV": 0.036836740623584774,
  "U_POI": 0.9999899985570697,
  "I_POI_POI_MV": 0.6048179609473903
}