{
  "P_LV0101": 0.1919315607017665,
  "Q_LV0101": 8.133649096250046e-16,
  "U_LV0101": 1.0047187591360467,
  "I_LV0101_MV0101": 0.19103013550459397,
  "P_LV0102": 0.1647117381997454,
  "Q_LV0102": 4.954838188432649e-16,
  "U_LV0102": 1.0042931712820378,
  "I_LV0102_MV0102": 0.16400762537246116,
  "P_LV0103": 0.17508438816034716,
  "Q_LV0103": 1.043488346408678e-15,
  "U_LV0103": 1.004664413925818,
  "I_LV0103_MV0103": 0.17427151368504126,
  "P_LV0201": 0.16708141675913013,
  "Q_LV0201": 5.996996862937756e-16,
  "U_LV0201": 1.0044950261168475,
  "I_LV0201_MV0201": 0.16633374224363204,
  "P_LV0202": 0.18409512846469656,
  "Q_LV0202": -1.1710693181050456e-16,
  "U_LV0202": 1.0051635792714397,
  "I_LV0202_MV0202": 0.1831494219061657,
  "P_LV0203": 0.1943369237000251,
  "Q_LV0203": -6.692120248922431e-16,
  "U_LV0203": 1.0055402895563925,
  "I_LV0203_MV0203": 0.19326617313937705,
  "P_POIMV_MV0101": -0.5289246112256478,
  "Q_POIMV_MV0101": 0.011883738786991671,
  "U_POIMV": 0.9995828342947986,
  "I_POIMV_MV0101": 0.5292788917400809,
  "P_POIMV_MV0201": -0.5423428147995537,
  "Q_POIMV_MV0201": 0.012425053585616297,
  "I_POIMV_MV0201": 0.5427115255210939,
  "P_POI_POIMV": -1.0712574260250642,
  "Q_POI_POIMV": 0.03870579083013581,
  "U_POI": 0.9999894912392376,
  "I_POI_POIMV": 1.0719677058918267
}