{
  "P_LV0101": 0.000094,
  "Q_LV0101": 0.000315,
  "U_LV0101": 0.002510,
  "I_LV0101_MV0101": 0.000050,
  "P_LV0102": 0.000104,
  "Q_LV0102": 0.000343,
  "U_LV0102": 0.002513,
  "I_LV0102_MV0102": 0.000054,
  "P_LV0103": 0.000110,
  "Q_LV0103": 0.000360,
  "U_LV0103": 0.002514,
  "I_LV0103_MV0103": 0.000056,
  "P_LV0201": 0.000102,
  "Q_LV0201": 0.000338,
  "U_LV0201": 0.002513,
  "I_LV0201_MV0201": 0.000053,
  "P_LV0202": 0.000101,
  "Q_LV0202": 0.000336,
  "U_LV0202": 0.002513,
  "I_LV0202_MV0202": 0.000053,
  "P_LV0203": 0.000106,
  "Q_LV0203": 0.000348,
  "U_LV0203": 0.002514,
  "I_LV0203_MV0203": 0.000054,
  "P_POIMV_MV0101": 0.000309,
  "Q_POIMV_MV0101": 0.001020,
  "U_POIMV": 0.002500,
  "I_POIMV_MV0101": 0.000161,
  "P_POIMV_MV0201": 0.000308,
  "Q_POIMV_MV0201": 0.001017,
  "I_POIMV_MV0201": 0.000160,
  "P_POI_POI_MV": 0.000617,
  "Q_POI_POI_MV": 0.002037,
  "U_POI": 0.002500,
  "I_POI_POI_MV": 0.000321
}
