{
  "irrad_LV0101": -47.65130830507654,
  "irrad_LV0102": 16.456775975897475,
  "irrad_LV0103": -18.517050903949816,
  "irrad_LV0201": 22.39009939057141,
  "irrad_LV0202": 58.79145711381821,
  "irrad_LV0203": 35.08474357169773
}