{
  "irrad_LV0101": 1067.7955572095327,
  "irrad_LV0102": 1035.5519712069167,
  "irrad_LV0103": 1135.2422443076332,
  "irrad_LV0201": 1119.7701054447803,
  "irrad_LV0202": 1227.7584717949214,
  "irrad_LV0203": 1120.6312849444403
}