{
  "irrad_LV0101": 1069.9736645480175,
  "irrad_LV0102": 1142.349240205095,
  "irrad_LV0103": 1106.0165072933933,
  "irrad_LV0201": 1076.5728042360606,
  "irrad_LV0202": 1122.4640505961704,
  "irrad_LV0203": 1132.4288614126344
}