{
  "irrad_LV0101": 1075.2637825223335,
  "irrad_LV0102": 1175.4728956007405,
  "irrad_LV0103": 1115.0369744514926,
  "irrad_LV0201": 1190.4148873116146,
  "irrad_LV0202": 1119.2598349988914,
  "irrad_LV0203": 1065.1093968815944
}