{
  "irrad_LV0101": 1124.5874697938823,
  "irrad_LV0102": 1124.5053030462727,
  "irrad_LV0103": 1068.1985067386545,
  "irrad_LV0201": 1209.9204352560569,
  "irrad_LV0202": 1123.3366074788207,
  "irrad_LV0203": 1142.836726237932
}