{
  "P_LV0101": 0.032093003789593524,
  "Q_LV0101": 0.016450628668673715,
  "U_LV0101": 1.0305243136612725,
  "I_LV0101_MV0101": 0.020204604144458467,
  "P_LV0102": 0.03426385126070188,
  "Q_LV0102": 0.016450628668673684,
  "U_LV0102": 1.0315648006628724,
  "I_LV0102_MV0102": 0.021272663840054905,
  "P_LV0103": 0.03317408001337488,
  "Q_LV0103": 0.016450628668673556,
  "U_LV0103": 1.0316276010844982,
  "I_LV0103_MV0103": 0.020723244846397305,
  "P_LV0201": 0.032290939703376875,
  "Q_LV0201": 0.016450628668673722,
  "U_LV0201": 1.031438481728578,
  "I_LV0201_MV0201": 0.020285356248468226,
  "P_LV0202": 0.03366741091210172,
  "Q_LV0202": 0.01645062866867359,
  "U_LV0202": 1.0323139555403071,
  "I_LV0202_MV0202": 0.0209570108155404,
  "P_LV0203": 0.03396629743790276,
  "Q_LV0203": 0.016450628668673684,
  "U_LV0203": 1.0326704785713856,
  "I_LV0203_MV0203": 0.021100041511658105,
  "P_POIMV_MV0101": -0.09836936619601033,
  "Q_POIMV_MV0101": -0.04404510233089809,
  "U_POIMV": 1.0000088827506417,
  "I_POIMV_MV0101": 0.06222619189936679,
  "P_POIMV_MV0201": -0.0986763226928673,
  "Q_POIMV_MV0201": -0.04399443832451766,
  "I_POIMV_MV0201": 0.06237606351302171,
  "P_POI_POI_MV": -0.19704468888885537,
  "Q_POI_POI_MV": -0.0880961213260889,
  "U_POI": 1.0000088582797126,
  "I_POI_POI_MV": 0.1246150213686449
}