{
  "P_LV0101": 0.3225167664465751,
  "Q_LV0101": 0.15472688640023427,
  "U_LV0101": 1.0394776901210556,
  "I_LV0101_MV0101": 0.19868131649465315,
  "P_LV0102": 0.3525736879609533,
  "Q_LV0102": 0.1547268864002347,
  "U_LV0102": 1.0406820226978126,
  "I_LV0102_MV0102": 0.21360757138634953,
  "P_LV0103": 0.33444641706882616,
  "Q_LV0103": 0.1547268864002356,
  "U_LV0103": 1.0405928720886917,
  "I_LV0103_MV0103": 0.20445612253196416,
  "P_LV0201": 0.35705541879685876,
  "Q_LV0201": 0.1547268864002351,
  "U_LV0201": 1.0410528438428492,
  "I_LV0201_MV0201": 0.21580976826487172,
  "P_LV0202": 0.33571303029531,
  "Q_LV0202": 0.1547268864002344,
  "U_LV0202": 1.0411745354900026,
  "I_LV0202_MV0202": 0.20497956111787552,
  "P_LV0203": 0.31947103973715296,
  "Q_LV0203": 0.1547268864002349,
  "U_LV0203": 1.0411103075401746,
  "I_LV0203_MV0203": 0.19684827444389738,
  "P_POIMV_MV0101": -0.9981101387343188,
  "Q_POIMV_MV0101": -0.41202978381170396,
  "U_POIMV": 1.0104958380730005,
  "I_POIMV_MV0101": 0.6169538828240831,
  "P_POIMV_MV0201": -1.0000111058793664,
  "Q_POIMV_MV0201": -0.4116222744669358,
  "I_POIMV_MV0201": 0.6178693059939628,
  "P_POI_POIMV": -1.9981112446132392,
  "Q_POI_POIMV": -0.7646562445925156,
  "U_POI": 1.000206587170443,
  "I_POI_POIMV": 1.234943607906218
}