{
  "P_LV0101": 0.3327705390921046,
  "Q_LV0101": 0.16235343531535076,
  "U_LV0101": 1.0412575146969891,
  "I_LV0101_MV0101": 0.3555923856383767,
  "P_LV0102": 0.3547455523382309,
  "Q_LV0102": 0.16235343531535198,
  "U_LV0102": 1.042303580899604,
  "I_LV0102_MV0102": 0.3742979431132453,
  "P_LV0103": 0.3424479756955265,
  "Q_LV0103": 0.16235343531535196,
  "U_LV0103": 1.0423437757301424,
  "I_LV0103_MV0103": 0.36358878182727034,
  "P_LV0201": 0.32994829960035055,
  "Q_LV0201": 0.16235343531535246,
  "U_LV0201": 1.0420465193694282,
  "I_LV0201_MV0201": 0.3528910259333247,
  "P_LV0202": 0.33099444645787746,
  "Q_LV0202": 0.16235343531535182,
  "U_LV0202": 1.0426418196377858,
  "I_LV0202_MV0202": 0.35359009499908334,
  "P_LV0203": 0.33521789258350443,
  "Q_LV0203": 0.1623534353153526,
  "U_LV0203": 1.0430175913980044,
  "I_LV0203_MV0203": 0.35710263006547366,
  "P_POIMV_MV0101": -1.0179986696637116,
  "Q_POIMV_MV0101": -0.43238148894897677,
  "U_POIMV": 1.0110660315302702,
  "I_POIMV_MV0101": 1.0939123816857146,
  "P_POIMV_MV0201": -0.9840604237260777,
  "Q_POIMV_MV0201": -0.43518358838076665,
  "I_POIMV_MV0201": 1.0642157678997652,
  "P_POI_POIMV": -2.0020490933895454,
  "Q_POI_POIMV": -0.8074898310342178,
  "U_POI": 1.0002181645944583,
  "I_POI_POIMV": 2.158288133193026
}