{
  "irrad_LV0101": 1150.6146323194498,
  "irrad_LV0102": 1197.2136106238063,
  "irrad_LV0103": 1142.23514030478,
  "irrad_LV0201": 1173.383801459499,
  "irrad_LV0202": 1104.4216132816382,
  "irrad_LV0203": 1210.4407681093462
}