{
  "irrad_LV0101": 1139.9885248416726,
  "irrad_LV0102": 1147.0791401562462,
  "irrad_LV0103": 1145.189887800301,
  "irrad_LV0201": 1086.2466761138571,
  "irrad_LV0202": 1146.7025407736355,
  "irrad_LV0203": 1064.2854754609052
}