{
  "P_LV0101": 0.3290909543073905,
  "Q_LV0101": 7.385233386011759e-16,
  "U_LV0101": 1.0067720863046623,
  "I_LV0101_MV0101": 0.32687731293317096,
  "P_LV0102": 0.350457376339275,
  "Q_LV0102": 3.467156610333366e-16,
  "U_LV0102": 1.0076839511615974,
  "I_LV0102_MV0102": 0.34778501328247696,
  "P_LV0103": 0.34761785895743075,
  "Q_LV0103": -1.2724788114778227e-16,
  "U_LV0103": 1.0078560582512692,
  "I_LV0103_MV0103": 0.34490823973473195,
  "P_LV0201": 0.3334403594047175,
  "Q_LV0201": -2.289834988302595e-16,
  "U_LV0201": 1.0075447737332517,
  "I_LV0201_MV0201": 0.33094346583648315,
  "P_LV0202": 0.3490665958705664,
  "Q_LV0202": 1.849995939102179e-17,
  "U_LV0202": 1.0083313445176258,
  "I_LV0202_MV0202": 0.34618243077384037,
  "P_LV0203": 0.3424256199382775,
  "Q_LV0203": 3.6637359812675883e-16,
  "U_LV0203": 1.0084206586149371,
  "I_LV0203_MV0203": 0.3395662484826502,
  "P_POIMV_MV0101": -1.0167541240011815,
  "Q_POIMV_MV0101": 0.04741870184648178,
  "U_POIMV": 0.9983807591358467,
  "I_POIMV_MV0101": 1.0195100967281547,
  "P_POIMV_MV0201": -1.013869428544922,
  "Q_POIMV_MV0201": 0.0473237147416512,
  "I_POIMV_MV0201": 1.0166194282736776,
  "P_POI_POIMV": -2.030613552545588,
  "Q_POI_POIMV": 0.148158495835105,
  "U_POI": 0.9999597830880872,
  "I_POI_POIMV": 2.0360932654278114
}