{
  "P_LV0101": 0.3451176508254395,
  "Q_LV0101": -9.977694596852578e-16,
  "U_LV0101": 1.0070482381282384,
  "I_LV0101_MV0101": 0.1978592097797659,
  "P_LV0102": 0.3590946414455277,
  "Q_LV0102": 5.767957214465416e-16,
  "U_LV0102": 1.0078041712750196,
  "I_LV0102_MV0102": 0.205717929943506,
  "P_LV0103": 0.34260428925503805,
  "Q_LV0103": 9.70236720078206e-16,
  "U_LV0103": 1.0076901292859557,
  "I_LV0103_MV0103": 0.19629315885735493,
  "P_LV0201": 0.3519470808918905,
  "Q_LV0201": 8.20076763684174e-16,
  "U_LV0201": 1.0078849679831186,
  "I_LV0201_MV0201": 0.20160707654967167,
  "P_LV0202": 0.33126242443854065,
  "Q_LV0202": -2.5928034542700743e-16,
  "U_LV0202": 1.0079137928016333,
  "I_LV0202_MV0202": 0.18975278569249637,
  "P_LV0203": 0.36306202147901945,
  "Q_LV0203": 1.115985975116881e-16,
  "U_LV0203": 1.0088160827147863,
  "I_LV0203_MV0203": 0.20778213137657114,
  "P_POIMV_MV0101": -1.036021853881266,
  "Q_POIMV_MV0101": 0.04926692304616154,
  "U_POIMV": 0.9983135257067096,
  "I_POIMV_MV0101": 0.5998350392894483,
  "P_POIMV_MV0201": -1.0347393543247563,
  "Q_POIMV_MV0201": 0.049419065150800634,
  "I_POIMV_MV0201": 0.5990983662668804,
  "P_POI_POIMV": -2.070751208205604,
  "Q_POI_POIMV": 0.1542700492982476,
  "U_POI": 0.9999581242665887,
  "I_POI_POIMV": 1.1989121398830145
}