{
  "P_LV0101": 0.34193043492609315,
  "Q_LV0101": -1.8640313168789588e-15,
  "U_LV0101": 1.0070964875329143,
  "I_LV0101_MV0101": 0.19602255701666696,
  "P_LV0102": 0.3440572082449234,
  "Q_LV0102": -4.591236652749055e-16,
  "U_LV0102": 1.0075983257302754,
  "I_LV0102_MV0102": 0.19714356080620576,
  "P_LV0103": 0.34349054212006624,
  "Q_LV0103": 1.0567092903390835e-15,
  "U_LV0103": 1.00781495841949,
  "I_LV0103_MV0103": 0.19677655635129496,
  "P_LV0201": 0.3258109974854519,
  "Q_LV0201": 9.043891305682233e-16,
  "U_LV0201": 1.0074025651031002,
  "I_LV0201_MV0201": 0.18672482443392902,
  "P_LV0202": 0.3439442502739588,
  "Q_LV0202": -3.308405841010725e-16,
  "U_LV0202": 1.008225806391402,
  "I_LV0202_MV0202": 0.1969561820606733,
  "P_LV0203": 0.3192239111006956,
  "Q_LV0203": -2.03762241100145e-17,
  "U_LV0203": 1.0079169051431045,
  "I_LV0203_MV0203": 0.1828563545916359,
  "P_POIMV_MV0101": -1.0190411854207468,
  "Q_POIMV_MV0101": 0.047587893818672455,
  "U_POIMV": 0.9984346032252419,
  "I_POIMV_MV0101": 0.5899083145218592,
  "P_POIMV_MV0201": -0.9786762554651887,
  "Q_POIMV_MV0201": 0.044000491386441354,
  "I_POIMV_MV0201": 0.5664965679396436,
  "P_POI_POI_MV": -1.9977074408849047,
  "Q_POI_POI_MV": 0.14325954070545777,
  "U_POI": 0.9999611127993829,
  "I_POI_POI_MV": 1.1563837763418932
}