{
  "irrad_LV0101": 1139.3588628705027,
  "irrad_LV0102": 1078.5169156043257,
  "irrad_LV0103": 1076.9077035781977,
  "irrad_LV0201": 1161.4125152510148,
  "irrad_LV0202": 989.1340171133196,
  "irrad_LV0203": 1075.5653560842966
}