{
  "P_LV0101": 0.03417415728568996,
  "Q_LV0101": 0.01562458083217754,
  "U_LV0101": 1.0298599515828402,
  "I_LV0101_MV0101": 0.02106583295183621,
  "P_LV0102": 0.03234925176803454,
  "Q_LV0102": 0.01562458083217748,
  "U_LV0102": 1.030040580726182,
  "I_LV0102_MV0102": 0.02013636801839492,
  "P_LV0103": 0.03230098474113102,
  "Q_LV0103": 0.015624580832177487,
  "U_LV0103": 1.0303113168795592,
  "I_LV0103_MV0103": 0.02010672512007613,
  "P_LV0201": 0.03483563893974649,
  "Q_LV0201": 0.015624580832177612,
  "U_LV0201": 1.0308315385994906,
  "I_LV0201_MV0201": 0.021383470626604836,
  "P_LV0202": 0.02966828325914282,
  "Q_LV0202": 0.01562458083217749,
  "U_LV0202": 1.030286466299947,
  "I_LV0202_MV0202": 0.01879010285186164,
  "P_LV0203": 0.03226072210230531,
  "Q_LV0203": 0.015624580832177614,
  "U_LV0203": 1.0311197323658927,
  "I_LV0203_MV0203": 0.020070669029204194,
  "P_POIMV_MV0101": -0.09769808763854826,
  "Q_POIMV_MV0101": -0.041722972096323474,
  "U_POIMV": 1.00000843449009,
  "I_POIMV_MV0101": 0.06133387414405303,
  "P_POIMV_MV0201": -0.09559974313799557,
  "Q_POIMV_MV0201": -0.0418708612509846,
  "I_POIMV_MV0201": 0.06025583282207871,
  "P_POI_POI_MV": -0.1932968307765832,
  "Q_POI_POI_MV": -0.08365041227079928,
  "U_POI": 1.0000084112540584,
  "I_POI_POI_MV": 0.12160086349272926
}