{
  "P_LV0101": 0.000262,
  "Q_LV0101": 0.000476,
  "U_LV0101": 0.002575,
  "I_LV0101_MV0101": 0.000075,
  "P_LV0102": 0.000259,
  "Q_LV0102": 0.000454,
  "U_LV0102": 0.002575,
  "I_LV0102_MV0102": 0.000073,
  "P_LV0103": 0.000259,
  "Q_LV0103": 0.000453,
  "U_LV0103": 0.002576,
  "I_LV0103_MV0103": 0.000073,
  "P_LV0201": 0.000263,
  "Q_LV0201": 0.000484,
  "U_LV0201": 0.002577,
  "I_LV0201_MV0201": 0.000076,
  "P_LV0202": 0.000255,
  "Q_LV0202": 0.000421,
  "U_LV0202": 0.002576,
  "I_LV0202_MV0202": 0.000068,
  "P_LV0203": 0.000259,
  "Q_LV0203": 0.000453,
  "U_LV0203": 0.002578,
  "I_LV0203_MV0203": 0.000072,
  "P_POIMV_MV0101": 0.000719,
  "Q_POIMV_MV0101": 0.001365,
  "U_POIMV": 0.002500,
  "I_POIMV_MV0101": 0.000221,
  "P_POIMV_MV0201": 0.000717,
  "Q_POIMV_MV0201": 0.001339,
  "I_POIMV_MV0201": 0.000217,
  "P_POI_POI_MV": 0.001436,
  "Q_POI_POI_MV": 0.002704,
  "U_POI": 0.002500,
  "I_POI_POI_MV": 0.000438
}
