{
  "irrad_LV0101": 448.5772290965774,
  "irrad_LV0102": 341.9169663682968,
  "irrad_LV0103": 483.047172201941,
  "irrad_LV0201": 282.14310538099653,
  "irrad_LV0202": 392.7094484335011,
  "irrad_LV0203": 490.47113174930263
}