{
  "irrad_LV0101": 334.0026230861831,
  "irrad_LV0102": 413.40499605263136,
  "irrad_LV0103": 427.21138047907306,
  "irrad_LV0201": 434.22134713934776,
  "irrad_LV0202": 300.1931974739039,
  "irrad_LV0203": 438.1270677701014
}