{
  "irrad_LV0101": 477.51458708907444,
  "irrad_LV0102": 406.1161197303076,
  "irrad_LV0103": 424.3636546569889,
  "irrad_LV0201": 353.58930366457366,
  "irrad_LV0202": 409.0237015278103,
  "irrad_LV0203": 407.0799221392223
}