{
  "P_LV0101": 0.10018141383850859,
  "Q_LV0101": 0.06364607921233918,
  "U_LV0101": 1.0163870683780194,
  "I_LV0101_MV0101": 0.06742044938518528,
  "P_LV0102": 0.12399752016848445,
  "Q_LV0102": 0.06364607921233888,
  "U_LV0102": 1.0172161091821494,
  "I_LV0102_MV0102": 0.07910795633675359,
  "P_LV0103": 0.1281386346874623,
  "Q_LV0103": 0.06364607921233953,
  "U_LV0103": 1.0174351295037976,
  "I_LV0103_MV0103": 0.08118860864288403,
  "P_LV0201": 0.1302412180878505,
  "Q_LV0201": 0.06364607921233932,
  "U_LV0201": 1.0174681821359157,
  "I_LV0201_MV0201": 0.0822562200738817,
  "P_LV0202": 0.09004054719617674,
  "Q_LV0202": 0.06364607921233865,
  "U_LV0202": 1.016662943892381,
  "I_LV0202_MV0202": 0.06261748988002999,
  "P_LV0203": 0.13141270773434402,
  "Q_LV0203": 0.06364607921233806,
  "U_LV0203": 1.0178237457176356,
  "I_LV0203_MV0203": 0.08282503888492943,
  "P_POIMV_MV0101": -0.35074600805774026,
  "Q_POIMV_MV0101": -0.18489424945209976,
  "U_POIMV": 1.0048578643638273,
  "I_POIMV_MV0101": 0.22781008703720004,
  "P_POIMV_MV0201": -0.3500114363597504,
  "Q_POIMV_MV0201": -0.18505087467565318,
  "I_POIMV_MV0201": 0.22747886316933097,
  "P_POI_POI_MV": -0.7007474444168066,
  "Q_POI_POI_MV": -0.3624140800452551,
  "U_POI": 1.000097975256139,
  "I_POI_POI_MV": 0.4554371549650247
}