{
  "P_LV0101": 0.14322667894363034,
  "Q_LV0101": 0.05913590571359404,
  "U_LV0101": 1.0164959555608521,
  "I_LV0101_MV0101": 0.08801126655742553,
  "P_LV0102": 0.12181128004702278,
  "Q_LV0102": 0.059135905713593284,
  "U_LV0102": 1.0161878296478548,
  "I_LV0102_MV0102": 0.07693188136458616,
  "P_LV0103": 0.1272844821169083,
  "Q_LV0103": 0.05913590571359299,
  "U_LV0103": 1.0164377928293704,
  "I_LV0103_MV0103": 0.07972122916351926,
  "P_LV0201": 0.10605628192970953,
  "Q_LV0201": 0.0591359057135938,
  "U_LV0201": 1.0158739701354604,
  "I_LV0201_MV0201": 0.06901155058791143,
  "P_LV0202": 0.12268338593838811,
  "Q_LV0202": 0.05913590571359334,
  "U_LV0202": 1.016512556185608,
  "I_LV0202_MV0202": 0.07735320496704888,
  "P_LV0203": 0.12210036486645888,
  "Q_LV0203": 0.059135905713593055,
  "U_LV0203": 1.0166078517910246,
  "I_LV0203_MV0203": 0.07704782177710624,
  "P_POIMV_MV0101": -0.3905266376814325,
  "Q_POIMV_MV0101": -0.1702653990653289,
  "U_POIMV": 1.004486880295858,
  "I_POIMV_MV0101": 0.24486969860968333,
  "P_POIMV_MV0201": -0.3492303738822784,
  "Q_POIMV_MV0201": -0.17188030629415607,
  "I_POIMV_MV0201": 0.22372171908253216,
  "P_POI_POIMV": -0.7397470115627923,
  "Q_POI_POIMV": -0.3341391535686853,
  "U_POI": 1.0000903286306713,
  "I_POI_POIMV": 0.4685991893242392
}