{
  "P_LV0101": 0.12591525922656868,
  "Q_LV0101": 0.06785072381143824,
  "U_LV0101": 1.0179085965037187,
  "I_LV0101_MV0101": 0.14051631969748413,
  "P_LV0102": 0.12326964843898501,
  "Q_LV0102": 0.06785072381143699,
  "U_LV0102": 1.0180654951134107,
  "I_LV0102_MV0102": 0.1382124933815358,
  "P_LV0103": 0.1140062059057982,
  "Q_LV0103": 0.06785072381143696,
  "U_LV0103": 1.0179418251253112,
  "I_LV0103_MV0103": 0.1303308977256927,
  "P_LV0201": 0.12616290683912906,
  "Q_LV0201": 0.0678507238114382,
  "U_LV0201": 1.0182790600017382,
  "I_LV0201_MV0201": 0.14067934207857483,
  "P_LV0202": 0.12218136861185222,
  "Q_LV0202": 0.0678507238114361,
  "U_LV0202": 1.018419180834297,
  "I_LV0202_MV0202": 0.13722930745808887,
  "P_LV0203": 0.1400942123716475,
  "Q_LV0203": 0.06785072381143742,
  "U_LV0203": 1.0189887678681164,
  "I_LV0203_MV0203": 0.1527595208867343,
  "P_POIMV_MV0101": -0.3615194144688303,
  "Q_POIMV_MV0101": -0.19700308301526093,
  "U_POIMV": 1.005159820870034,
  "I_POIMV_MV0101": 0.4095982196441098,
  "P_POIMV_MV0201": -0.3864479368227194,
  "Q_POIMV_MV0201": -0.19633895452881234,
  "I_POIMV_MV0201": 0.43123883140617353,
  "P_POI_POIMV": -0.7479573512905383,
  "Q_POI_POIMV": -0.38470428669415924,
  "U_POI": 1.000103999182576,
  "I_POI_POIMV": 0.8410056269967244
}