{
  "P_LV0101": 0.1345471499936694,
  "Q_LV0101": 0.07125002493354747,
  "U_LV0101": 1.0188573923600561,
  "I_LV0101_MV0101": 0.1494302923791571,
  "P_LV0102": 0.10255525776907219,
  "Q_LV0102": 0.07125002493354698,
  "U_LV0102": 1.018289126458977,
  "I_LV0102_MV0102": 0.12263366422087364,
  "P_LV0103": 0.14488613357206254,
  "Q_LV0103": 0.071250024933548,
  "U_LV0103": 1.0194744938061093,
  "I_LV0103_MV0103": 0.158373362514809,
  "P_LV0201": 0.08462656652418617,
  "Q_LV0201": 0.07125002493354735,
  "U_LV0201": 1.0179228168293935,
  "I_LV0201_MV0201": 0.10867866901447906,
  "P_LV0202": 0.11779005628245476,
  "Q_LV0202": 0.07125002493354808,
  "U_LV0202": 1.0190079528686729,
  "I_LV0202_MV0202": 0.13509498235430842,
  "P_LV0203": 0.14711289082583015,
  "Q_LV0203": 0.07125002493354668,
  "U_LV0203": 1.019865341413068,
  "I_LV0203_MV0203": 0.16027485291124435,
  "P_POIMV_MV0101": -0.38011691227484334,
  "Q_POIMV_MV0101": -0.20627180008818868,
  "U_POIMV": 1.0054299820937407,
  "I_POIMV_MV0101": 0.4301419921872079,
  "P_POIMV_MV0201": -0.3477325447518069,
  "Q_POIMV_MV0201": -0.20741418172229942,
  "I_POIMV_MV0201": 0.40270658707183576,
  "P_POI_POIMV": -0.7278394570266585,
  "Q_POI_POIMV": -0.4052241322347072,
  "U_POI": 1.0001095479914102,
  "I_POI_POIMV": 0.8329494908862074
}