{
  "P_LV0101": 0.000163,
  "Q_LV0101": 0.000303,
  "U_LV0101": 0.002533,
  "I_LV0101_MV0101": 0.000051,
  "P_LV0102": 0.000166,
  "Q_LV0102": 0.000253,
  "U_LV0102": 0.002532,
  "I_LV0102_MV0102": 0.000046,
  "P_LV0103": 0.000164,
  "Q_LV0103": 0.000283,
  "U_LV0103": 0.002533,
  "I_LV0103_MV0103": 0.000049,
  "P_LV0201": 0.000165,
  "Q_LV0201": 0.000259,
  "U_LV0201": 0.002532,
  "I_LV0201_MV0201": 0.000046,
  "P_LV0202": 0.000165,
  "Q_LV0202": 0.000261,
  "U_LV0202": 0.002533,
  "I_LV0202_MV0202": 0.000047,
  "P_LV0203": 0.000164,
  "Q_LV0203": 0.000290,
  "U_LV0203": 0.002534,
  "I_LV0203_MV0203": 0.000050,
  "P_POIMV_MV0101": 0.000477,
  "Q_POIMV_MV0101": 0.000837,
  "U_POIMV": 0.002500,
  "I_POIMV_MV0101": 0.000147,
  "P_POIMV_MV0201": 0.000481,
  "Q_POIMV_MV0201": 0.000806,
  "I_POIMV_MV0201": 0.000143,
  "P_POI_POI_MV": 0.000959,
  "Q_POI_POI_MV": 0.001644,
  "U_POI": 0.002500,
  "I_POI_POI_MV": 0.000290
}
