{
  "irrad_LV0101": 1037.2255977204532,
  "irrad_LV0102": 1084.5316228838044,
  "irrad_LV0103": 1095.4025975466063,
  "irrad_LV0201": 1177.6795340644028,
  "irrad_LV0202": 1115.8123116407933,
  "irrad_LV0203": 1089.2889889114965
}