{
  "P_LV0101": 0.000138,
  "Q_LV0101": 0.000438,
  "U_LV0101": 0.002520,
  "I_LV0101_MV0101": 0.000065,
  "P_LV0102": 0.000144,
  "Q_LV0102": 0.000456,
  "U_LV0102": 0.002522,
  "I_LV0102_MV0102": 0.000068,
  "P_LV0103": 0.000145,
  "Q_LV0103": 0.000460,
  "U_LV0103": 0.002523,
  "I_LV0103_MV0103": 0.000069,
  "P_LV0201": 0.000155,
  "Q_LV0201": 0.000490,
  "U_LV0201": 0.002524,
  "I_LV0201_MV0201": 0.000073,
  "P_LV0202": 0.000148,
  "Q_LV0202": 0.000467,
  "U_LV0202": 0.002524,
  "I_LV0202_MV0202": 0.000070,
  "P_LV0203": 0.000144,
  "Q_LV0203": 0.000457,
  "U_LV0203": 0.002524,
  "I_LV0203_MV0203": 0.000068,
  "P_POIMV_MV0101": 0.000427,
  "Q_POIMV_MV0101": 0.001340,
  "U_POIMV": 0.002500,
  "I_POIMV_MV0101": 0.000202,
  "P_POIMV_MV0201": 0.000447,
  "Q_POIMV_MV0201": 0.001400,
  "I_POIMV_MV0201": 0.000211,
  "P_POI_POI_MV": 0.000874,
  "Q_POI_POI_MV": 0.002740,
  "U_POI": 0.002500,
  "I_POI_POI_MV": 0.000413
}
