{
  "P_LV0101": 0.001494417156178446,
  "Q_LV0101": 5.304542860897085e-16,
  "U_LV0101": 1.0000811725944176,
  "I_LV0101_MV0101": 0.0014942958603066374,
  "P_LV0102": -0.015768120803772632,
  "Q_LV0102": -3.4656508070681047e-16,
  "U_LV0102": 0.9995897420508711,
  "I_LV0102_MV0102": 0.01577459245572186,
  "P_LV0103": 0.0017965679709107823,
  "Q_LV0103": -5.601128183496408e-17,
  "U_LV0103": 1.0000815803479812,
  "I_LV0103_MV0103": 0.0017964214182263625,
  "P_LV0201": -0.004555353114641199,
  "Q_LV0201": -1.5622539548206e-16,
  "U_LV0201": 0.9999448268671136,
  "I_LV0201_MV0201": 0.004555604461611538,
  "P_LV0202": 0.016772873723172797,
  "Q_LV0202": 6.876787999487844e-16,
  "U_LV0202": 1.0005559101356327,
  "I_LV0202_MV0202": 0.016763554693209608,
  "P_LV0203": 0.013399962869094553,
  "Q_LV0203": -9.1717818614195e-16,
  "U_LV0203": 1.000472740424017,
  "I_LV0203_MV0203": 0.013393631158221687,
  "P_POIMV_MV0101": 0.012484393345857825,
  "Q_POIMV_MV0101": -0.0012379227355268085,
  "U_POIMV": 1.000043745339042,
  "I_POIMV_MV0101": 0.012545069168306644,
  "P_POIMV_MV0201": -0.02560267064279742,
  "Q_POIMV_MV0201": -0.0014886967351799285,
  "I_POIMV_MV0201": 0.025644793273402522,
  "P_POI_POIMV": -0.013108277296557606,
  "Q_POI_POIMV": -0.0032901961021707393,
  "U_POI": 1.0000008897167887,
  "I_POI_POIMV": 0.01351488065270805
}