{
  "irrad_LV0101": 1170.4881588890805,
  "irrad_LV0102": 1163.985388341255,
  "irrad_LV0103": 1185.4834378831606,
  "irrad_LV0201": 1174.27476085727,
  "irrad_LV0202": 1201.6308911459653,
  "irrad_LV0203": 1162.6742141429056
}