{
  "irrad_LV0101": 1145.6347117768037,
  "irrad_LV0102": 1086.9043819199883,
  "irrad_LV0103": 1175.8010756342276,
  "irrad_LV0201": 1123.9367477888854,
  "irrad_LV0202": 1123.0344212925315,
  "irrad_LV0203": 1114.1018506435114
}