{
  "irrad_LV0101": 1202.067536806528,
  "irrad_LV0102": 1161.323011173602,
  "irrad_LV0103": 1191.602521093835,
  "irrad_LV0201": 1195.8325464420986,
  "irrad_LV0202": 1140.0587260185466,
  "irrad_LV0203": 1185.8228146440736
}