{
  "irrad_LV0101": 1031.8488698829638,
  "irrad_LV0102": 1250.437888263485,
  "irrad_LV0103": 1148.0206610094283,
  "irrad_LV0201": 1087.396414401108,
  "irrad_LV0202": 1269.7956188268163,
  "irrad_LV0203": 1200.243565703027
}