{
  "P_LV0101": 0.309494810841259,
  "Q_LV0101": -0.169410414006079,
  "U_LV0101": 0.9677609318730216,
  "I_LV0101_MV0101": 0.36458079377234187,
  "P_LV0102": 0.3488085086265982,
  "Q_LV0102": -0.16941041400607929,
  "U_LV0102": 0.9689125239627726,
  "I_LV0102_MV0102": 0.4002138181015902,
  "P_LV0103": 0.3443396098900322,
  "Q_LV0103": -0.16941041400607929,
  "U_LV0103": 0.9689703200080478,
  "I_LV0103_MV0103": 0.3960464826005253,
  "P_LV0201": 0.3261558522835872,
  "Q_LV0201": -0.16941041400607817,
  "U_LV0201": 0.9685796191796159,
  "I_LV0201_MV0201": 0.3794514583226672,
  "P_LV0202": 0.3489752344870435,
  "Q_LV0202": -0.16941041400607865,
  "U_LV0202": 0.9693756513528983,
  "I_LV0202_MV0202": 0.40017733066189326,
  "P_LV0203": 0.3490314947471836,
  "Q_LV0203": -0.1694104140060797,
  "U_LV0203": 0.9695319298532876,
  "I_LV0203_MV0203": 0.4001650293253208,
  "P_POIMV_MV0101": -0.9891246237850737,
  "Q_POIMV_MV0101": 0.5701792988602392,
  "U_POIMV": 0.9842110595430401,
  "I_POIMV_MV0101": 1.1600123280973726,
  "P_POIMV_MV0201": -1.0092553504000534,
  "Q_POIMV_MV0201": 0.5725629406828148,
  "I_POIMV_MV0201": 1.178970101244793,
  "P_POI_POIMV": -1.9983699741849057,
  "Q_POI_POIMV": 1.213410725479207,
  "U_POI": 0.9996716196226199,
  "I_POI_POIMV": 2.3386833188709257
}