{
  "P_LV0101": 0.3487040267627737,
  "Q_LV0101": -0.1688999849018988,
  "U_LV0101": 0.9686222965632603,
  "I_LV0101_MV0101": 0.4000067129045974,
  "P_LV0102": 0.3488166826270083,
  "Q_LV0102": -0.16889998490189925,
  "U_LV0102": 0.9689352295194678,
  "I_LV0102_MV0102": 0.3999821667896968,
  "P_LV0103": 0.34887302250898194,
  "Q_LV0103": -0.1688999849018988,
  "U_LV0103": 0.9690917291916165,
  "I_LV0103_MV0103": 0.39996989948265477,
  "P_LV0201": 0.34887272203660347,
  "Q_LV0201": -0.1688999849018991,
  "U_LV0201": 0.9690908945461209,
  "I_LV0201_MV0201": 0.39996996489200437,
  "P_LV0202": 0.3489853400507601,
  "Q_LV0202": -0.1688999849018988,
  "U_LV0202": 0.9694037223632226,
  "I_LV0202_MV0202": 0.3999454603425807,
  "P_LV0203": 0.3487348258829637,
  "Q_LV0203": -0.16889998490189845,
  "U_LV0203": 0.9695536120328208,
  "I_LV0203_MV0203": 0.3996510714425996,
  "P_POIMV_MV0101": -1.032002786374278,
  "Q_POIMV_MV0101": 0.5728442967822502,
  "U_POIMV": 0.984141255807527,
  "I_POIMV_MV0101": 1.1993508035825367,
  "P_POIMV_MV0201": -1.0312097428399056,
  "Q_POIMV_MV0201": 0.5732027901577794,
  "I_POIMV_MV0201": 1.1988232450773204,
  "P_POI_POIMV": -2.0632025292135205,
  "Q_POI_POIMV": 1.220367463063667,
  "U_POI": 0.9996697275274007,
  "I_POI_POIMV": 2.3978946726007484
}