{
  "P_LV0101": 0.03626204136261595,
  "Q_LV0101": 1.07548178353013e-17,
  "U_LV0101": 1.0090923020575016,
  "I_LV0101_MV0101": 0.02074725899641108,
  "P_LV0102": 0.034436625391958894,
  "Q_LV0102": -1.0965319549434545e-16,
  "U_LV0102": 1.0091844995686834,
  "I_LV0102_MV0102": 0.019701050648842863,
  "P_LV0103": 0.03635357189096182,
  "Q_LV0103": -2.5049601768494428e-17,
  "U_LV0103": 1.009821441415606,
  "I_LV0103_MV0103": 0.020784609690826534,
  "P_LV0201": 0.035747308353749466,
  "Q_LV0201": -4.0311581588412356e-17,
  "U_LV0201": 1.0096928951214241,
  "I_LV0201_MV0201": 0.020440589609536503,
  "P_LV0202": 0.035021887403913515,
  "Q_LV0202": -1.0956460049236069e-17,
  "U_LV0202": 1.0100136492513239,
  "I_LV0202_MV0202": 0.02001942858412488,
  "P_LV0203": 0.03597876566885309,
  "Q_LV0203": -2.0114082917803452e-17,
  "U_LV0203": 1.0104494325616562,
  "I_LV0203_MV0203": 0.020557535463562447,
  "P_POIMV_MV0101": -0.10592757292408805,
  "Q_POIMV_MV0101": 0.005139101826330261,
  "U_POIMV": 0.9999989706142618,
  "I_POIMV_MV0101": 0.061229307329996985,
  "P_POIMV_MV0201": -0.10555356739735089,
  "Q_POIMV_MV0201": 0.0051240074254224055,
  "I_POIMV_MV0201": 0.061013206314723956,
  "P_POI_POI_MV": -0.21148014032148063,
  "Q_POI_POI_MV": 0.010206531267613173,
  "U_POI": 0.9999989734494106,
  "I_POI_POI_MV": 0.12224035758498986
}