{
  "P_LV0101": -0.008748806189798737,
  "Q_LV0101": -0.01307003429004347,
  "U_LV0101": 0.9969132511560819,
  "I_LV0101_MV0101": 0.015776616499627496,
  "P_LV0102": -0.0020270587388874195,
  "Q_LV0102": -0.013070034290042463,
  "U_LV0102": 0.9970763065781212,
  "I_LV0102_MV0102": 0.013265073625061451,
  "P_LV0103": -0.016462760987864908,
  "Q_LV0103": -0.013070034290042705,
  "U_LV0103": 0.9966537427127522,
  "I_LV0103_MV0103": 0.021090762931980284,
  "P_LV0201": -0.005870260280223913,
  "Q_LV0201": -0.013070034290042512,
  "U_LV0201": 0.9969851677151191,
  "I_LV0201_MV0201": 0.01437112301009329,
  "P_LV0202": -0.02139157017561229,
  "Q_LV0202": -0.013070034290043078,
  "U_LV0202": 0.9965401348381702,
  "I_LV0202_MV0202": 0.025155442264128382,
  "P_LV0203": 0.026986243575272344,
  "Q_LV0203": -0.013070034290042307,
  "U_LV0203": 0.9978977303500823,
  "I_LV0203_MV0203": 0.030047883837872297,
  "P_POIMV_MV0101": 0.02726454368848863,
  "Q_POIMV_MV0101": 0.03806144933741962,
  "U_POIMV": 0.9989967993368396,
  "I_POIMV_MV0101": 0.04686612834182142,
  "P_POIMV_MV0201": 0.00032658695442933094,
  "Q_POIMV_MV0201": 0.037900811522490585,
  "I_POIMV_MV0201": 0.03794028029192286,
  "P_POI_POIMV": 0.027601130643585093,
  "Q_POI_POIMV": 0.07548159915040742,
  "U_POI": 0.9999795880730615,
  "I_POI_POIMV": 0.0803713750315652
}