{
  "irrad_LV0101": 944.2556213341804,
  "irrad_LV0102": 776.2245525930729,
  "irrad_LV0103": 799.4202118314254,
  "irrad_LV0201": 797.6678966154578,
  "irrad_LV0202": 760.7664153974794,
  "irrad_LV0203": 815.2570202277702
}