{
  "P_LV0101": 0.001001,
  "Q_LV0101": 0.002970,
  "U_LV0101": 0.002516,
  "I_LV0101_MV0101": 0.000703,
  "P_LV0102": 0.000823,
  "Q_LV0102": 0.002442,
  "U_LV0102": 0.002514,
  "I_LV0102_MV0102": 0.000579,
  "P_LV0103": 0.000848,
  "Q_LV0103": 0.002515,
  "U_LV0103": 0.002515,
  "I_LV0103_MV0103": 0.000596,
  "P_LV0201": 0.000846,
  "Q_LV0201": 0.002509,
  "U_LV0201": 0.002515,
  "I_LV0201_MV0201": 0.000595,
  "P_LV0202": 0.000807,
  "Q_LV0202": 0.002393,
  "U_LV0202": 0.002515,
  "I_LV0202_MV0202": 0.000567,
  "P_LV0203": 0.000865,
  "Q_LV0203": 0.002565,
  "U_LV0203": 0.002516,
  "I_LV0203_MV0203": 0.000607,
  "P_POIMV_MV0101": 0.002666,
  "Q_POIMV_MV0101": 0.007868,
  "U_POIMV": 0.002498,
  "I_POIMV_MV0101": 0.001878,
  "P_POIMV_MV0201": 0.002509,
  "Q_POIMV_MV0201": 0.007411,
  "I_POIMV_MV0201": 0.001769,
  "P_POI_POIMV": 0.005210,
  "Q_POI_POIMV": 0.015281,
  "U_POI": 0.002500,
  "I_POI_POIMV": 0.003647
}
