{
  "P_LV0101": 0.000605,
  "Q_LV0101": 0.001795,
  "U_LV0101": 0.002511,
  "I_LV0101_MV0101": 0.000426,
  "P_LV0102": 0.000555,
  "Q_LV0102": 0.001647,
  "U_LV0102": 0.002510,
  "I_LV0102_MV0102": 0.000391,
  "P_LV0103": 0.000463,
  "Q_LV0103": 0.001375,
  "U_LV0103": 0.002509,
  "I_LV0103_MV0103": 0.000327,
  "P_LV0201": 0.000549,
  "Q_LV0201": 0.001629,
  "U_LV0201": 0.002511,
  "I_LV0201_MV0201": 0.000387,
  "P_LV0202": 0.000603,
  "Q_LV0202": 0.001788,
  "U_LV0202": 0.002512,
  "I_LV0202_MV0202": 0.000424,
  "P_LV0203": 0.000521,
  "Q_LV0203": 0.001545,
  "U_LV0203": 0.002511,
  "I_LV0203_MV0203": 0.000367,
  "P_POIMV_MV0101": 0.001619,
  "Q_POIMV_MV0101": 0.004795,
  "U_POIMV": 0.002499,
  "I_POIMV_MV0101": 0.001143,
  "P_POIMV_MV0201": 0.001667,
  "Q_POIMV_MV0201": 0.004937,
  "I_POIMV_MV0201": 0.001177,
  "P_POI_POIMV": 0.003294,
  "Q_POI_POIMV": 0.009732,
  "U_POI": 0.002500,
  "I_POI_POIMV": 0.002321
}
