{
  "irrad_LV0101": 978.8068407807115,
  "irrad_LV0102": 979.7239292574895,
  "irrad_LV0103": 915.0635671608053,
  "irrad_LV0201": 1097.1688613952908,
  "irrad_LV0202": 968.4989066183591,
  "irrad_LV0203": 1017.0028045830509
}