{
  "irrad_LV0101": 905.0484671249735,
  "irrad_LV0102": 970.6482539252961,
  "irrad_LV0103": 995.4108437790511,
  "irrad_LV0201": 1021.469129428416,
  "irrad_LV0202": 1027.0013064053865,
  "irrad_LV0203": 963.6018930090049
}