{
  "irrad_LV0101": 991.9487416150579,
  "irrad_LV0102": 934.35119961369,
  "irrad_LV0103": 1041.3635483626456,
  "irrad_LV0201": 960.0097546003881,
  "irrad_LV0202": 1082.7400279613769,
  "irrad_LV0203": 926.4065437083458
}