{
  "P_LV0101": 0.3018249766575512,
  "Q_LV0101": -2.2327330926008996e-16,
  "U_LV0101": 1.0066143392851465,
  "I_LV0101_MV0101": 0.17311369878273405,
  "P_LV0102": 0.294451466588213,
  "Q_LV0102": 1.2070097725069114e-17,
  "U_LV0102": 1.0068527810586203,
  "I_LV0102_MV0102": 0.16884457856812252,
  "P_LV0103": 0.3016971549939344,
  "Q_LV0103": -2.0760570942521952e-16,
  "U_LV0103": 1.0072122353445283,
  "I_LV0103_MV0103": 0.1729376664987696,
  "P_LV0201": 0.2931285194130024,
  "Q_LV0201": -7.702172233366235e-17,
  "U_LV0201": 1.006967458800374,
  "I_LV0201_MV0201": 0.16806683087045407,
  "P_LV0202": 0.26740869734269385,
  "Q_LV0202": -5.469043767517772e-16,
  "U_LV0202": 1.0067644581001842,
  "I_LV0202_MV0202": 0.15335114599276814,
  "P_LV0203": 0.2775328544813771,
  "Q_LV0203": -6.919061032771915e-16,
  "U_LV0203": 1.0071759801577782,
  "I_LV0203_MV0203": 0.15909202701467032,
  "P_POIMV_MV0101": -0.8900242033764698,
  "Q_POIMV_MV0101": 0.0359502601722852,
  "U_POIMV": 0.9988515259553561,
  "I_POIMV_MV0101": 0.5148660435453551,
  "P_POIMV_MV0201": -0.8306659803226921,
  "Q_POIMV_MV0201": 0.031222212516638592,
  "I_POIMV_MV0201": 0.48047569582338273,
  "P_POI_POIMV": -1.7206801836987544,
  "Q_POI_POIMV": 0.10530577669669583,
  "U_POI": 0.9999714144903292,
  "I_POI_POIMV": 0.995322311446948
}