{
  "P_LV0101": 0.2935852786967891,
  "Q_LV0101": -6.827970346416473e-16,
  "U_LV0101": 1.0063519936921204,
  "I_LV0101_MV0101": 0.29173219761773284,
  "P_LV0102": 0.293860352046123,
  "Q_LV0102": 4.943187733103586e-16,
  "U_LV0102": 1.0067390517861698,
  "I_LV0102_MV0102": 0.2918932681957177,
  "P_LV0103": 0.2744659938991683,
  "Q_LV0103": -2.2197773728121833e-16,
  "U_LV0103": 1.0064957935597754,
  "I_LV0103_MV0103": 0.27269462590443294,
  "P_LV0201": 0.32908701955255365,
  "Q_LV0201": -1.7182867164554265e-17,
  "U_LV0201": 1.0077531697722726,
  "I_LV0201_MV0201": 0.3265551817881349,
  "P_LV0202": 0.29049349633712707,
  "Q_LV0202": 5.16937042267224e-16,
  "U_LV0202": 1.0073204006634067,
  "I_LV0202_MV0202": 0.2883824214677001,
  "P_LV0203": 0.3050418523646417,
  "Q_LV0203": -6.435136588619294e-16,
  "U_LV0203": 1.0078408586071506,
  "I_LV0203_MV0203": 0.3026686701174366,
  "P_POIMV_MV0101": -0.854585578443448,
  "Q_POIMV_MV0101": 0.03306906265243015,
  "U_POIMV": 0.998779831810893,
  "I_POIMV_MV0101": 0.8562699530605512,
  "P_POIMV_MV0201": -0.9156176465961607,
  "Q_POIMV_MV0201": 0.038332855196244964,
  "I_POIMV_MV0201": 0.9175392609468328,
  "P_POI_POIMV": -1.7701932250387964,
  "Q_POI_POIMV": 0.11180451859445384,
  "U_POI": 0.9999696506982604,
  "I_POI_POIMV": 1.7737743024321986
}