{
  "P_LV0101": 0.3065405361291494,
  "Q_LV0101": -1.9290318481394566e-16,
  "U_LV0101": 1.006714886253363,
  "I_LV0101_MV0101": 0.17580077881867656,
  "P_LV0102": 0.26956641147682664,
  "Q_LV0102": 2.8203658693504594e-16,
  "U_LV0102": 1.0062653665520553,
  "I_LV0102_MV0102": 0.15466520602205,
  "P_LV0103": 0.27036323926479344,
  "Q_LV0103": -2.5333252347934375e-16,
  "U_LV0103": 1.0064647205758115,
  "I_LV0103_MV0103": 0.15509166469263239,
  "P_LV0201": 0.3313223321093193,
  "Q_LV0201": -3.747002708016892e-17,
  "U_LV0201": 1.007838965491507,
  "I_LV0201_MV0201": 0.1898011926325566,
  "P_LV0202": 0.27633640124970565,
  "Q_LV0202": 4.5660789371189e-16,
  "U_LV0202": 1.0070134886882665,
  "I_LV0202_MV0202": 0.15843173645690706,
  "P_LV0203": 0.2675856185554716,
  "Q_LV0203": 9.692805055433384e-16,
  "U_LV0203": 1.0069982383042508,
  "I_LV0203_MV0203": 0.15341698031610337,
  "P_POIMV_MV0101": -0.8393993284421413,
  "Q_POIMV_MV0101": 0.03193188893305887,
  "U_POIMV": 0.9988666922901884,
  "I_POIMV_MV0101": 0.4855282173611592,
  "P_POIMV_MV0201": -0.8671472490111682,
  "Q_POIMV_MV0201": 0.03442501126920661,
  "I_POIMV_MV0201": 0.5016105374932543,
  "P_POI_POI_MV": -1.7065365774531738,
  "Q_POI_POI_MV": 0.10385500814209081,
  "U_POI": 0.9999718085971006,
  "I_POI_POI_MV": 0.9871200146213845
}