{
  "P_LV0101": 0.2975270866800472,
  "Q_LV0101": -5.204170592551612e-16,
  "U_LV0101": 1.006455144640004,
  "I_LV0101_MV0101": 0.29561882441017157,
  "P_LV0102": 0.28025116489834606,
  "Q_LV0102": -3.4080780932978216e-16,
  "U_LV0102": 1.0064726091563687,
  "I_LV0102_MV0102": 0.2784488741658397,
  "P_LV0103": 0.31234866250717075,
  "Q_LV0103": 1.0920362100742419e-15,
  "U_LV0103": 1.0073809945265984,
  "I_LV0103_MV0103": 0.31006011052844384,
  "P_LV0201": 0.2879472431263223,
  "Q_LV0201": 3.990438278200782e-16,
  "U_LV0201": 1.006841355823528,
  "I_LV0201_MV0201": 0.28599067912819387,
  "P_LV0202": 0.3247592064351193,
  "Q_LV0202": 3.5804692544163843e-16,
  "U_LV0202": 1.0080393596345667,
  "I_LV0202_MV0202": 0.3221691725934696,
  "P_LV0203": 0.2778682289390304,
  "Q_LV0203": 3.9710288124588584e-17,
  "U_LV0203": 1.0072082169218828,
  "I_LV0203_MV0203": 0.27587962873081023,
  "P_POIMV_MV0101": -0.8822943216455315,
  "Q_POIMV_MV0101": 0.03538005558766599,
  "U_POIMV": 0.998787939593175,
  "I_POIMV_MV0101": 0.8840749601435798,
  "P_POIMV_MV0201": -0.882185914734464,
  "Q_POIMV_MV0201": 0.035548149075111724,
  "I_POIMV_MV0201": 0.8839732689905002,
  "P_POI_POIMV": -1.7644702363796696,
  "Q_POI_POIMV": 0.11106522204772773,
  "U_POI": 0.9999698513681725,
  "I_POI_POIMV": 1.7680156044950324
}