{
  "irrad_LV0101": -85.7189558059513,
  "irrad_LV0102": -25.66747433965454,
  "irrad_LV0103": 63.29637736306189,
  "irrad_LV0201": -50.59182227937814,
  "irrad_LV0202": -51.383625878690886,
  "irrad_LV0203": 67.47439659603494
}