{
  "P_LV0101": 0.000065,
  "Q_LV0101": 0.000115,
  "U_LV0101": 0.002502,
  "I_LV0101_MV0101": 0.000035,
  "P_LV0102": 0.000066,
  "Q_LV0102": 0.000130,
  "U_LV0102": 0.002502,
  "I_LV0102_MV0102": 0.000039,
  "P_LV0103": 0.000079,
  "Q_LV0103": 0.000230,
  "U_LV0103": 0.002500,
  "I_LV0103_MV0103": 0.000061,
  "P_LV0201": 0.000097,
  "Q_LV0201": 0.000290,
  "U_LV0201": 0.002503,
  "I_LV0201_MV0201": 0.000076,
  "P_LV0202": 0.000062,
  "Q_LV0202": 0.000043,
  "U_LV0202": 0.002501,
  "I_LV0202_MV0202": 0.000020,
  "P_LV0203": 0.000066,
  "Q_LV0203": 0.000117,
  "U_LV0203": 0.002501,
  "I_LV0203_MV0203": 0.000036,
  "P_POIMV_MV0101": 0.000219,
  "Q_POIMV_MV0101": 0.000173,
  "U_POIMV": 0.002501,
  "I_POIMV_MV0101": 0.000075,
  "P_POIMV_MV0201": 0.000226,
  "Q_POIMV_MV0201": 0.000361,
  "I_POIMV_MV0201": 0.000113,
  "P_POI_POIMV": 0.000458,
  "Q_POI_POIMV": 0.000268,
  "U_POI": 0.002500,
  "I_POI_POIMV": 0.000142
}
