{
    "090neg": {
        "08": {
            "P": {
                "Precision": 0.0,
                "Accuracy": 0.9642857142857127,
                "Recall": 0.0,
                "F1": 0.0,
                "norm2": 2.2065048494430083e-05,
                "norminf": 0.00024912609647848694,
                "z": 0.0007893622303945089
            },
            "Q": {
                "Precision": 0.0,
                "Accuracy": 0.9642857142857127,
                "Recall": 0.0,
                "F1": 0.0,
                "norm2": 5.95152675951926e-06,
                "norminf": 4.273811294110197e-05,
                "z": 0.0004227870630149557
            },
            "U": {
                "Precision": 0.0,
                "Accuracy": 0.9642857142857127,
                "Recall": 0.0,
                "F1": 0.0,
                "norm2": 8.78917958109196e-05,
                "norminf": 0.000352919371782785,
                "z": 0.0003522232682134596
            },
            "I": {
                "Precision": 0.0,
                "Accuracy": 0.9642857142857127,
                "Recall": 0.0,
                "F1": 0.0,
                "norm2": 1.2587525241658704e-05,
                "norminf": 0.00013280700529190724,
                "z": 0.00010215430564222649
            }
        },
        "10": {
            "P": {
                "Precision": 0.0,
                "Accuracy": 0.9642857142857127,
                "Recall": 0.0,
                "F1": 0.0,
                "norm2": 6.578409134407349e-05,
                "norminf": 0.0008283154474700205,
                "z": 0.0029341936899144926
            },
            "Q": {
                "Precision": 0.0,
                "Accuracy": 0.9642857142857127,
                "Recall": 0.0,
                "F1": 0.0,
                "norm2": 2.0385589226582255e-05,
                "norminf": 0.00014759526070250772,
                "z": 0.0014094383925594826
            },
            "U": {
                "Precision": 0.0,
                "Accuracy": 0.9642857142857127,
                "Recall": 0.0,
                "F1": 0.0,
                "norm2": 8.203295476761254e-05,
                "norminf": 0.00035836529798130123,
                "z": 0.0003583645512290945
            },
            "I": {
                "Precision": 0.0,
                "Accuracy": 0.9642857142857127,
                "Recall": 0.0,
                "F1": 0.0,
                "norm2": 3.354083441737216e-05,
                "norminf": 0.00039803460050732433,
                "z": 0.0011823861373311815
            }
        },
        "13": {
            "P": {
                "Precision": 0.17,
                "Accuracy": 0.9703571428571415,
                "Recall": 0.17,
                "F1": 0.17,
                "norm2": 8.365190368390001e-05,
                "norminf": 0.001192404518850888,
                "z": 0.004803954273831103
            },
            "Q": {
                "Precision": 0.0,
                "Accuracy": 0.9642857142857127,
                "Recall": 0.0,
                "F1": 0.0,
                "norm2": 2.936473188830509e-05,
                "norminf": 0.00025419026013308256,
                "z": 0.002215637785099322
            },
            "U": {
                "Precision": 0.0,
                "Accuracy": 0.9642857142857127,
                "Recall": 0.0,
                "F1": 0.0,
                "norm2": 8.973870719796759e-05,
                "norminf": 0.00045341306169638607,
                "z": 0.000453361911774669
            },
            "I": {
                "Precision": 0.0,
                "Accuracy": 0.9642857142857127,
                "Recall": 0.0,
                "F1": 0.0,
                "norm2": 3.993015088216355e-05,
                "norminf": 0.0005528978548497309,
                "z": 0.0030496391250796236
            }
        }
    },
    "090pos": {
        "08": {
            "P": {
                "Precision": 0.0,
                "Accuracy": 0.9642857142857127,
                "Recall": 0.0,
                "F1": 0.0,
                "norm2": 1.8549390570400557e-05,
                "norminf": 8.279373657984478e-05,
                "z": 0.0009096108943523881
            },
            "Q": {
                "Precision": 0.0,
                "Accuracy": 0.9642857142857127,
                "Recall": 0.0,
                "F1": 0.0,
                "norm2": 6.8754057610173204e-06,
                "norminf": 9.456637836234183e-05,
                "z": 0.0006672541419114905
            },
            "U": {
                "Precision": 0.0,
                "Accuracy": 0.9642857142857127,
                "Recall": 0.0,
                "F1": 0.0,
                "norm2": 9.513391817199667e-05,
                "norminf": 0.00038002618924328326,
                "z": 0.00038001742439566446
            },
            "I": {
                "Precision": 0.0,
                "Accuracy": 0.9642857142857127,
                "Recall": 0.0,
                "F1": 0.0,
                "norm2": 1.3731747224715721e-05,
                "norminf": 6.515033025722872e-05,
                "z": 0.00013965919459169742
            }
        },
        "10": {
            "P": {
                "Precision": 0.0,
                "Accuracy": 0.9642857142857127,
                "Recall": 0.0,
                "F1": 0.0,
                "norm2": 6.811567973837329e-05,
                "norminf": 0.0003015452668941698,
                "z": 0.0024889429251514768
            },
            "Q": {
                "Precision": 0.0,
                "Accuracy": 0.9642857142857127,
                "Recall": 0.0,
                "F1": 0.0,
                "norm2": 1.4879174211440639e-05,
                "norminf": 0.000213310374709621,
                "z": 0.0015301989402355324
            },
            "U": {
                "Precision": 0.0,
                "Accuracy": 0.9642857142857127,
                "Recall": 0.0,
                "F1": 0.0,
                "norm2": 8.325230955007895e-05,
                "norminf": 0.0003548322773812984,
                "z": 0.00035481303838777787
            },
            "I": {
                "Precision": 0.0,
                "Accuracy": 0.9642857142857127,
                "Recall": 0.0,
                "F1": 0.0,
                "norm2": 3.9136861775173126e-05,
                "norminf": 0.00016801575605821184,
                "z": 0.0009262980215349206
            }
        },
        "13": {
            "P": {
                "Precision": 0.31,
                "Accuracy": 0.9753571428571416,
                "Recall": 0.31,
                "F1": 0.31,
                "norm2": 7.448561878367944e-05,
                "norminf": 0.0003456449325863864,
                "z": 0.0036722212115354856
            },
            "Q": {
                "Precision": 0.0,
                "Accuracy": 0.9642857142857127,
                "Recall": 0.0,
                "F1": 0.0,
                "norm2": 2.2606680105090236e-05,
                "norminf": 0.00033630577183856313,
                "z": 0.002622646401821535
            },
            "U": {
                "Precision": 0.0,
                "Accuracy": 0.9642857142857127,
                "Recall": 0.0,
                "F1": 0.0,
                "norm2": 8.97548121862027e-05,
                "norminf": 0.0004297180554471858,
                "z": 0.00042971003902784853
            },
            "I": {
                "Precision": 0.0,
                "Accuracy": 0.9642857142857127,
                "Recall": 0.0,
                "F1": 0.0,
                "norm2": 5.391944252048191e-05,
                "norminf": 0.00032476662098856134,
                "z": 0.0027656060804590278
            }
        }
    }
}