{
  "irrad_LV0101": 1147.4860548880877,
  "irrad_LV0102": 1146.4323974895838,
  "irrad_LV0103": 1089.5140354885589,
  "irrad_LV0201": 1197.4155521258322,
  "irrad_LV0202": 1170.8652012327937,
  "irrad_LV0203": 1144.7373499654977
}