{
  "P_LV0101": 0.001217,
  "Q_LV0101": 0.003610,
  "U_LV0101": 0.002518,
  "I_LV0101_MV0101": 0.000854,
  "P_LV0102": 0.001216,
  "Q_LV0102": 0.003606,
  "U_LV0102": 0.002519,
  "I_LV0102_MV0102": 0.000853,
  "P_LV0103": 0.001155,
  "Q_LV0103": 0.003427,
  "U_LV0103": 0.002518,
  "I_LV0103_MV0103": 0.000811,
  "P_LV0201": 0.001270,
  "Q_LV0201": 0.003767,
  "U_LV0201": 0.002520,
  "I_LV0201_MV0201": 0.000891,
  "P_LV0202": 0.001242,
  "Q_LV0202": 0.003683,
  "U_LV0202": 0.002521,
  "I_LV0202_MV0202": 0.000871,
  "P_LV0203": 0.001214,
  "Q_LV0203": 0.003601,
  "U_LV0203": 0.002521,
  "I_LV0203_MV0203": 0.000851,
  "P_POIMV_MV0101": 0.003585,
  "Q_POIMV_MV0101": 0.010539,
  "U_POIMV": 0.002496,
  "I_POIMV_MV0101": 0.002519,
  "P_POIMV_MV0201": 0.003721,
  "Q_POIMV_MV0201": 0.010930,
  "I_POIMV_MV0201": 0.002612,
  "P_POI_POIMV": 0.007407,
  "Q_POI_POIMV": 0.021473,
  "U_POI": 0.002500,
  "I_POI_POIMV": 0.005131
}
