{
  "irrad_LV0101": -23.60220128136968,
  "irrad_LV0102": -72.39532314872135,
  "irrad_LV0103": -38.76265652598904,
  "irrad_LV0201": -85.48412922007151,
  "irrad_LV0202": 128.3331910726144,
  "irrad_LV0203": -58.50991011121338
}