{
  "irrad_LV0101": 76.98714631791458,
  "irrad_LV0102": -33.28705709079347,
  "irrad_LV0103": 145.06819468642436,
  "irrad_LV0201": 75.69952327472184,
  "irrad_LV0202": 63.35270821006486,
  "irrad_LV0203": 114.70148060570455
}