{
  "P_LV0101": 0.000100,
  "Q_LV0101": 0.000314,
  "U_LV0101": 0.002502,
  "I_LV0101_MV0101": 0.000081,
  "P_LV0102": 0.000059,
  "Q_LV0102": 0.000194,
  "U_LV0102": 0.002500,
  "I_LV0102_MV0102": 0.000053,
  "P_LV0103": 0.000169,
  "Q_LV0103": 0.000516,
  "U_LV0103": 0.002503,
  "I_LV0103_MV0103": 0.000129,
  "P_LV0201": 0.000098,
  "Q_LV0201": 0.000310,
  "U_LV0201": 0.002502,
  "I_LV0201_MV0201": 0.000080,
  "P_LV0202": 0.000084,
  "Q_LV0202": 0.000265,
  "U_LV0202": 0.002502,
  "I_LV0202_MV0202": 0.000069,
  "P_LV0203": 0.000140,
  "Q_LV0203": 0.000435,
  "U_LV0203": 0.002503,
  "I_LV0203_MV0203": 0.000110,
  "P_POIMV_MV0101": 0.000250,
  "Q_POIMV_MV0101": 0.000791,
  "U_POIMV": 0.002500,
  "I_POIMV_MV0101": 0.000206,
  "P_POIMV_MV0201": 0.000325,
  "Q_POIMV_MV0201": 0.001020,
  "I_POIMV_MV0201": 0.000263,
  "P_POI_POIMV": 0.000577,
  "Q_POI_POIMV": 0.001816,
  "U_POI": 0.002500,
  "I_POI_POIMV": 0.000471
}
