{
  "irrad_LV0101": 1161.6978593028075,
  "irrad_LV0102": 1227.1820045384961,
  "irrad_LV0103": 1134.97823094116,
  "irrad_LV0201": 1167.385753201983,
  "irrad_LV0202": 1221.2077281317688,
  "irrad_LV0203": 1209.6363294444225
}