{
  "irrad_LV0101": 1199.3257217642774,
  "irrad_LV0102": 1120.83056424755,
  "irrad_LV0103": 1167.791281147908,
  "irrad_LV0201": 1180.617942450745,
  "irrad_LV0202": 1184.6925348365332,
  "irrad_LV0203": 1155.0977797913952
}