{
  "irrad_LV0101": 1247.449594372954,
  "irrad_LV0102": 1156.3589351121777,
  "irrad_LV0103": 1215.2377250222387,
  "irrad_LV0201": 1147.7572303350607,
  "irrad_LV0202": 1173.7137938389985,
  "irrad_LV0203": 1297.7999564212143
}