{
  "irrad_LV0101": 1211.50433669909,
  "irrad_LV0102": 1249.5098044834915,
  "irrad_LV0103": 1162.8246133503571,
  "irrad_LV0201": 1255.0001216981832,
  "irrad_LV0202": 1226.7437128502395,
  "irrad_LV0203": 1130.982904127447
}