{
  "P_LV0101": 0.34844197606224875,
  "Q_LV0101": -5.641950869415562e-16,
  "U_LV0101": 1.0070620512027244,
  "I_LV0101_MV0101": 0.3459985168203964,
  "P_LV0102": 0.3628174466839049,
  "Q_LV0102": -3.4447496173192075e-16,
  "U_LV0102": 1.0078262407886245,
  "I_LV0102_MV0102": 0.3600000000000001,
  "P_LV0103": 0.3404276373670144,
  "Q_LV0103": 6.566808002051151e-17,
  "U_LV0103": 1.0075888184831678,
  "I_LV0103_MV0103": 0.33786365144414454,
  "P_LV0201": 0.3501480143182293,
  "Q_LV0201": -1.5165603059370094e-16,
  "U_LV0201": 1.0078190926911235,
  "I_LV0201_MV0201": 0.3474314158737045,
  "P_LV0202": 0.363084232956316,
  "Q_LV0202": -4.0384362520863543e-16,
  "U_LV0202": 1.0085673137675448,
  "I_LV0202_MV0202": 0.3599999999999998,
  "P_LV0203": 0.3628207365392372,
  "Q_LV0203": -5.461892791368463e-16,
  "U_LV0203": 1.008802487316725,
  "I_LV0203_MV0203": 0.35965487902819326,
  "P_POIMV_MV0101": -1.040791923726374,
  "Q_POIMV_MV0101": 0.049751658693594436,
  "U_POIMV": 0.9982562181430858,
  "I_POIMV_MV0101": 1.0438005133969261,
  "P_POIMV_MV0201": -1.0638651125252636,
  "Q_POIMV_MV0201": 0.052286957908563636,
  "I_POIMV_MV0201": 1.0670098725240513,
  "P_POI_POIMV": -2.1046470362513405,
  "Q_POI_POIMV": 0.15948719699690628,
  "U_POI": 0.9999567081671948,
  "I_POI_POIMV": 2.1107726230814308
}