{
  "P_LV0101": 0.3626435667055836,
  "Q_LV0101": 4.59637187786819e-16,
  "U_LV0101": 1.0073432408488434,
  "I_LV0101_MV0101": 0.20784609690826528,
  "P_LV0102": 0.36281499936479006,
  "Q_LV0102": -7.455789721717935e-16,
  "U_LV0102": 1.0078194426799725,
  "I_LV0102_MV0102": 0.20784609690826528,
  "P_LV0103": 0.3487799369216238,
  "Q_LV0103": -5.400439155091077e-16,
  "U_LV0103": 1.0077615964586117,
  "I_LV0103_MV0103": 0.19981728930460418,
  "P_LV0201": 0.36289892691299847,
  "Q_LV0201": 3.3642234335897844e-16,
  "U_LV0201": 1.0080525747583293,
  "I_LV0201_MV0201": 0.20784609690826522,
  "P_LV0202": 0.36306810598459727,
  "Q_LV0202": 4.91411496726965e-16,
  "U_LV0202": 1.0085225166238814,
  "I_LV0202_MV0202": 0.20784609690826528,
  "P_LV0203": 0.3392292710630426,
  "Q_LV0203": -1.429450364124796e-16,
  "U_LV0203": 1.0082540586598592,
  "I_LV0203_MV0203": 0.19425075384826276,
  "P_POIMV_MV0101": -1.062884093355251,
  "Q_POIMV_MV0101": 0.051925582030662554,
  "U_POIMV": 0.9982368739974331,
  "I_POIMV_MV0101": 0.6154734334634787,
  "P_POIMV_MV0201": -1.0532678798446113,
  "Q_POIMV_MV0201": 0.05123961397134735,
  "I_POIMV_MV0201": 0.6098989826848361,
  "P_POI_POI_MV": -2.116141973200415,
  "Q_POI_POI_MV": 0.1612530253910336,
  "U_POI": 0.9999562288419469,
  "I_POI_POI_MV": 1.2253507947548166
}