{
  "P_LV0101": 0.36265385227659275,
  "Q_LV0101": -3.7886355554417677e-16,
  "U_LV0101": 1.0073718118794244,
  "I_LV0101_MV0101": 0.36,
  "P_LV0102": 0.3628261860394662,
  "Q_LV0102": 6.54468267833096e-16,
  "U_LV0102": 1.007850516776295,
  "I_LV0102_MV0102": 0.36,
  "P_LV0103": 0.35270311336241084,
  "Q_LV0103": -7.133613962025345e-16,
  "U_LV0103": 1.0078762878426597,
  "I_LV0103_MV0103": 0.3499468313887662,
  "P_LV0201": 0.3544077557392811,
  "Q_LV0201": 1.0931046304958783e-15,
  "U_LV0201": 1.0078852515402732,
  "I_LV0201_MV0201": 0.3516350251158722,
  "P_LV0202": 0.36306800602832784,
  "Q_LV0202": 1.3578472141570768e-16,
  "U_LV0202": 1.0085222389675772,
  "I_LV0202_MV0202": 0.36000000000000004,
  "P_LV0203": 0.32709908846503877,
  "Q_LV0203": 9.233915354910059e-17,
  "U_LV0203": 1.0079903920918551,
  "I_LV0203_MV0203": 0.32450615703411506,
  "P_POIMV_MV0101": -1.0667457020033453,
  "Q_POIMV_MV0101": 0.05230377804195996,
  "U_POIMV": 0.9982641597266902,
  "I_POIMV_MV0101": 1.0698843380224685,
  "P_POIMV_MV0201": -1.0330925570029876,
  "Q_POIMV_MV0201": 0.0492745869194664,
  "I_POIMV_MV0201": 1.0360654387782962,
  "P_POI_POIMV": -2.099828259005776,
  "Q_POI_POIMV": 0.15876006969847367,
  "U_POI": 0.9999569055524243,
  "I_POI_POIMV": 2.105912083869842
}