{
  "P_LV0101": 0.3597281522793089,
  "Q_LV0101": -2.6450917993007096e-16,
  "U_LV0101": 1.0073365056029806,
  "I_LV0101_MV0101": 0.20617653028391464,
  "P_LV0102": 0.3361841579632132,
  "Q_LV0102": -1.1145000408008688e-16,
  "U_LV0102": 1.0073036348527995,
  "I_LV0102_MV0102": 0.1926886862924035,
  "P_LV0103": 0.3502696491802502,
  "Q_LV0103": -3.463839795377358e-16,
  "U_LV0103": 1.0078306153218644,
  "I_LV0103_MV0103": 0.2006570083987664,
  "P_LV0201": 0.35411690358883136,
  "Q_LV0201": 8.307805709200219e-16,
  "U_LV0201": 1.0079250064077019,
  "I_LV0201_MV0201": 0.20284196573342034,
  "P_LV0202": 0.35533904496680047,
  "Q_LV0202": -8.203935661153234e-16,
  "U_LV0202": 1.0084164326248746,
  "I_LV0202_MV0202": 0.2034428303901741,
  "P_LV0203": 0.34646233503191703,
  "Q_LV0203": -9.805340300197543e-16,
  "U_LV0203": 1.0084626315112413,
  "I_LV0203_MV0203": 0.19835154634831295,
  "P_POIMV_MV0101": -1.0354066428783426,
  "Q_POIMV_MV0101": 0.04921845128183122,
  "U_POIMV": 0.9982993243132374,
  "I_POIMV_MV0101": 0.5994868451101849,
  "P_POIMV_MV0201": -1.0441952294900148,
  "Q_POIMV_MV0201": 0.050287623820963745,
  "I_POIMV_MV0201": 0.6045933261681823,
  "P_POI_POIMV": -2.0795918723674216,
  "Q_POI_POIMV": 0.1555732481006089,
  "U_POI": 0.999957770488499,
  "I_POI_POIMV": 1.204058791298499
}