{
  "P_LV0101": 0.00425942597774121,
  "Q_LV0101": -3.2431099152083947e-16,
  "U_LV0101": 1.0001524694939965,
  "I_LV0101_MV0101": 0.004258776644221221,
  "P_LV0102": -0.02731312853837374,
  "Q_LV0102": -1.0263568316205026e-16,
  "U_LV0102": 0.9992468059413964,
  "I_LV0102_MV0102": 0.02733371613096314,
  "P_LV0103": -0.003382643319409423,
  "Q_LV0103": -4.1786519162231405e-16,
  "U_LV0103": 0.9999169757959265,
  "I_LV0103_MV0103": 0.00338292418399724,
  "P_LV0201": -0.006998632414859383,
  "Q_LV0201": -5.142047678074648e-16,
  "U_LV0201": 0.9998504176406309,
  "I_LV0201_MV0201": 0.006999679443425358,
  "P_LV0202": 0.01113045689570909,
  "Q_LV0202": -4.826493748618608e-16,
  "U_LV0202": 1.000359104646108,
  "I_LV0202_MV0202": 0.011126461331750118,
  "P_LV0203": -0.00321889110755021,
  "Q_LV0203": 5.396578970039518e-16,
  "U_LV0203": 0.9999596017968462,
  "I_LV0203_MV0203": 0.0032190211502205928,
  "P_POIMV_MV0101": 0.026458831911668312,
  "Q_POIMV_MV0101": -0.0011648442045952834,
  "U_POIMV": 1.0000432926609706,
  "I_POIMV_MV0101": 0.02648331397016765,
  "P_POIMV_MV0201": -0.0009077910508494824,
  "Q_POIMV_MV0201": -0.0015309144571347133,
  "I_POIMV_MV0201": 0.0017797498142459517,
  "P_POI_POIMV": 0.02556104086086663,
  "Q_POI_POIMV": -0.003253067905006901,
  "U_POI": 1.0000008796591167,
  "I_POI_POIMV": 0.025767190234656564
}