{
  "P_LV0101": 0.000032,
  "Q_LV0101": 0.000109,
  "U_LV0101": 0.002500,
  "I_LV0101_MV0101": 0.000030,
  "P_LV0102": 0.000115,
  "Q_LV0102": 0.000362,
  "U_LV0102": 0.002498,
  "I_LV0102_MV0102": 0.000093,
  "P_LV0103": 0.000026,
  "Q_LV0103": 0.000089,
  "U_LV0103": 0.002500,
  "I_LV0103_MV0103": 0.000025,
  "P_LV0201": 0.000047,
  "Q_LV0201": 0.000158,
  "U_LV0201": 0.002500,
  "I_LV0201_MV0201": 0.000044,
  "P_LV0202": 0.000062,
  "Q_LV0202": 0.000203,
  "U_LV0202": 0.002501,
  "I_LV0202_MV0202": 0.000055,
  "P_LV0203": 0.000025,
  "Q_LV0203": 0.000086,
  "U_LV0203": 0.002500,
  "I_LV0203_MV0203": 0.000024,
  "P_POIMV_MV0101": 0.000166,
  "Q_POIMV_MV0101": 0.000547,
  "U_POIMV": 0.002500,
  "I_POIMV_MV0101": 0.000150,
  "P_POIMV_MV0201": 0.000042,
  "Q_POIMV_MV0201": 0.000027,
  "I_POIMV_MV0201": 0.000013,
  "P_POI_POIMV": 0.000209,
  "Q_POI_POIMV": 0.000651,
  "U_POI": 0.002500,
  "I_POI_POIMV": 0.000183
}
