{
  "P_LV0101": 0.000850,
  "Q_LV0101": 0.002520,
  "U_LV0101": 0.002514,
  "I_LV0101_MV0101": 0.000597,
  "P_LV0102": 0.000926,
  "Q_LV0102": 0.002748,
  "U_LV0102": 0.002516,
  "I_LV0102_MV0102": 0.000651,
  "P_LV0103": 0.000844,
  "Q_LV0103": 0.002504,
  "U_LV0103": 0.002515,
  "I_LV0103_MV0103": 0.000593,
  "P_LV0201": 0.000792,
  "Q_LV0201": 0.002350,
  "U_LV0201": 0.002514,
  "I_LV0201_MV0201": 0.000557,
  "P_LV0202": 0.000921,
  "Q_LV0202": 0.002732,
  "U_LV0202": 0.002517,
  "I_LV0202_MV0202": 0.000647,
  "P_LV0203": 0.000875,
  "Q_LV0203": 0.002595,
  "U_LV0203": 0.002517,
  "I_LV0203_MV0203": 0.000614,
  "P_POIMV_MV0101": 0.002613,
  "Q_POIMV_MV0101": 0.007716,
  "U_POIMV": 0.002498,
  "I_POIMV_MV0101": 0.001842,
  "P_POIMV_MV0201": 0.002580,
  "Q_POIMV_MV0201": 0.007617,
  "I_POIMV_MV0201": 0.001818,
  "P_POI_POIMV": 0.005228,
  "Q_POI_POIMV": 0.015335,
  "U_POI": 0.002500,
  "I_POI_POIMV": 0.003660
}
