{
  "P_LV0101": 0.0027622506366983394,
  "Q_LV0101": 0.006170711569401916,
  "U_LV0101": 1.001472268117207,
  "I_LV0101_MV0101": 0.006750808728359898,
  "P_LV0102": -0.0008241864704145501,
  "Q_LV0102": 0.006170711569402448,
  "U_LV0102": 1.0013758147053442,
  "I_LV0102_MV0102": 0.006216955805639756,
  "P_LV0103": -0.0038449939612651236,
  "Q_LV0103": 0.006170711569402827,
  "U_LV0103": 1.0012922348355386,
  "I_LV0103_MV0103": 0.007261219239165088,
  "P_LV0201": 0.004843256485938003,
  "Q_LV0201": 0.006170711569402962,
  "U_LV0201": 1.0015199447892718,
  "I_LV0201_MV0201": 0.007832507978674567,
  "P_LV0202": -0.01127920936457543,
  "Q_LV0202": 0.00617071156940179,
  "U_LV0202": 1.0010611004349315,
  "I_LV0202_MV0202": 0.012843208580370915,
  "P_LV0203": -0.012740924908780545,
  "Q_LV0203": 0.0061707115694014745,
  "U_LV0203": 1.0010143408826941,
  "I_LV0203_MV0203": 0.014142238181617908,
  "P_POIMV_MV0101": 0.001911046663963134,
  "Q_POIMV_MV0101": -0.01976756989029127,
  "U_POIMV": 1.0005358941173421,
  "I_POIMV_MV0101": 0.019849094071016087,
  "P_POIMV_MV0201": 0.019190186693322175,
  "Q_POIMV_MV0201": -0.02000980180696388,
  "I_POIMV_MV0201": 0.027709786350466593,
  "P_POI_POIMV": 0.02111123335694719,
  "Q_POI_POIMV": -0.040316916438314365,
  "U_POI": 1.0000109022309998,
  "I_POI_POIMV": 0.045509260218507507
}