{
  "irrad_LV0101": 850.8994793359091,
  "irrad_LV0102": 803.5899843258227,
  "irrad_LV0103": 764.9825280047901,
  "irrad_LV0201": 758.0594144872009,
  "irrad_LV0202": 819.3517918284148,
  "irrad_LV0203": 815.4427661581104
}