{
  "P_LV0101": 0.2552204892484527,
  "Q_LV0101": -8.333457897671771e-16,
  "U_LV0101": 1.0058911412151033,
  "I_LV0101_MV0101": 0.25372575499586336,
  "P_LV0102": 0.241030384828604,
  "Q_LV0102": -3.4263165753271216e-17,
  "U_LV0102": 1.0058857944958548,
  "I_LV0102_MV0102": 0.2396200305715693,
  "P_LV0103": 0.22945038727286174,
  "Q_LV0103": -1.245303883724998e-15,
  "U_LV0103": 1.0057743311463534,
  "I_LV0103_MV0103": 0.22813307137331754,
  "P_LV0201": 0.2273738547775536,
  "Q_LV0201": -8.918814365337432e-16,
  "U_LV0201": 1.005735151707902,
  "I_LV0201_MV0201": 0.22607726735158432,
  "P_LV0202": 0.24575801285041343,
  "Q_LV0202": -7.779087596683696e-16,
  "U_LV0202": 1.0064879022724242,
  "I_LV0202_MV0202": 0.24417383685938687,
  "P_LV0203": 0.24458553188375626,
  "Q_LV0203": 3.4649322824134165e-16,
  "U_LV0203": 1.0066258960709695,
  "I_LV0203_MV0203": 0.2429756008050407,
  "P_POIMV_MV0101": -0.7205021767406379,
  "Q_POIMV_MV0101": 0.023122425868223218,
  "U_POIMV": 0.9992187466833744,
  "I_POIMV_MV0101": 0.7214367296669449,
  "P_POIMV_MV0201": -0.712263138738308,
  "Q_POIMV_MV0201": 0.02252223152532906,
  "I_POIMV_MV0201": 0.7131763050556901,
  "P_POI_POIMV": -1.4327553154783585,
  "Q_POI_POIMV": 0.07187695884567802,
  "U_POI": 0.9999804878349551,
  "I_POI_POIMV": 1.4345850981641914
}