{
  "P_LV0101": 0.000902,
  "Q_LV0101": 0.002677,
  "U_LV0101": 0.002515,
  "I_LV0101_MV0101": 0.000634,
  "P_LV0102": 0.000852,
  "Q_LV0102": 0.002528,
  "U_LV0102": 0.002515,
  "I_LV0102_MV0102": 0.000599,
  "P_LV0103": 0.000811,
  "Q_LV0103": 0.002407,
  "U_LV0103": 0.002514,
  "I_LV0103_MV0103": 0.000570,
  "P_LV0201": 0.000804,
  "Q_LV0201": 0.002385,
  "U_LV0201": 0.002514,
  "I_LV0201_MV0201": 0.000565,
  "P_LV0202": 0.000869,
  "Q_LV0202": 0.002578,
  "U_LV0202": 0.002516,
  "I_LV0202_MV0202": 0.000610,
  "P_LV0203": 0.000865,
  "Q_LV0203": 0.002565,
  "U_LV0203": 0.002517,
  "I_LV0203_MV0203": 0.000607,
  "P_POIMV_MV0101": 0.002559,
  "Q_POIMV_MV0101": 0.007557,
  "U_POIMV": 0.002498,
  "I_POIMV_MV0101": 0.001804,
  "P_POIMV_MV0201": 0.002529,
  "Q_POIMV_MV0201": 0.007471,
  "I_POIMV_MV0201": 0.001783,
  "P_POI_POIMV": 0.005121,
  "Q_POI_POIMV": 0.015029,
  "U_POI": 0.002500,
  "I_POI_POIMV": 0.003586
}
