{
  "irrad_LV0101": 71.05321569431065,
  "irrad_LV0102": 35.074676171570154,
  "irrad_LV0103": -10.880001846655555,
  "irrad_LV0201": 24.109384739045446,
  "irrad_LV0202": 23.29348785059362,
  "irrad_LV0203": 15.039696532322303
}