{
  "P_LV0101": 0.000098,
  "Q_LV0101": 0.000293,
  "U_LV0101": 0.002503,
  "I_LV0101_MV0101": 0.000076,
  "P_LV0102": 0.000072,
  "Q_LV0102": 0.000197,
  "U_LV0102": 0.002502,
  "I_LV0102_MV0102": 0.000055,
  "P_LV0103": 0.000062,
  "Q_LV0103": 0.000086,
  "U_LV0103": 0.002501,
  "I_LV0103_MV0103": 0.000028,
  "P_LV0201": 0.000068,
  "Q_LV0201": 0.000160,
  "U_LV0201": 0.002502,
  "I_LV0201_MV0201": 0.000046,
  "P_LV0202": 0.000067,
  "Q_LV0202": 0.000156,
  "U_LV0202": 0.002502,
  "I_LV0202_MV0202": 0.000045,
  "P_LV0203": 0.000063,
  "Q_LV0203": 0.000112,
  "U_LV0203": 0.002502,
  "I_LV0203_MV0203": 0.000034,
  "P_POIMV_MV0101": 0.000227,
  "Q_POIMV_MV0101": 0.000561,
  "U_POIMV": 0.002501,
  "I_POIMV_MV0101": 0.000158,
  "P_POIMV_MV0201": 0.000224,
  "Q_POIMV_MV0201": 0.000430,
  "I_POIMV_MV0201": 0.000129,
  "P_POI_POIMV": 0.000458,
  "Q_POI_POIMV": 0.001006,
  "U_POI": 0.002500,
  "I_POI_POIMV": 0.000292
}
