{
  "P_LV0101": 0.21397886123423115,
  "Q_LV0101": -0.01483123082168428,
  "U_LV0101": 1.0023675831694294,
  "I_LV0101_MV0101": 0.21398560532113037,
  "P_LV0102": 0.13777702011592227,
  "Q_LV0102": -0.009819297647459937,
  "U_LV0102": 1.0014331073980474,
  "I_LV0102_MV0102": 0.13792881826208023,
  "P_LV0103": 0.1950562563927719,
  "Q_LV0103": -0.01483123082168428,
  "U_LV0103": 1.0022611449758507,
  "I_LV0103_MV0103": 0.19517796928844497,
  "P_LV0201": 0.1411524036822366,
  "Q_LV0201": -0.009819297647459937,
  "U_LV0201": 1.0015388854969562,
  "I_LV0201_MV0201": 0.1412761244815691,
  "P_LV0202": 0.14023184452778725,
  "Q_LV0202": -0.009819297647459937,
  "U_LV0202": 1.0016998037614686,
  "I_LV0202_MV0202": 0.14033666222395025,
  "P_LV0203": 0.14145925673371973,
  "Q_LV0203": -0.009819297647459937,
  "U_LV0203": 1.0018226838873163,
  "I_LV0203_MV0203": 0.14154166140949986,
  "P_POIMV_MV0101": -0.5437454177753827,
  "Q_POIMV_MV0101": 0.052644504723377804,
  "U_POIMV": 0.9987678353427933,
  "I_POIMV_MV0101": 0.5469618961233456,
  "P_POIMV_MV0201": -0.4209290707653187,
  "Q_POIMV_MV0201": 0.0363673649737318,
  "I_POIMV_MV0201": 0.4230184092119241,
  "P_POI_POIMV": -0.9646744885427626,
  "Q_POI_POIMV": 0.10069653328587498,
  "U_POI": 1.0,
  "I_POI_POIMV": 0.9699158008100672
}