{
  "P_LV0101": 0.08172519604500512,
  "Q_LV0101": -0.012274122059324924,
  "U_LV0101": 0.9997936372979359,
  "I_LV0101_MV0101": 0.08265882523118093,
  "P_LV0102": 0.0594272076372315,
  "Q_LV0102": -0.008285032390044323,
  "U_LV0102": 0.9998589792529797,
  "I_LV0102_MV0102": 0.060010419092756624,
  "P_LV0103": 0.09655642686668939,
  "Q_LV0103": -0.012376406409819296,
  "U_LV0103": 1.0003239858185953,
  "I_LV0103_MV0103": 0.09731485807291514,
  "P_LV0201": 0.05830207978179338,
  "Q_LV0201": -0.008285032390044323,
  "U_LV0201": 0.9998230525514209,
  "I_LV0201_MV0201": 0.05889823275798581,
  "P_LV0202": 0.05891578588475963,
  "Q_LV0202": -0.008285032390044323,
  "U_LV0202": 0.9999138429665781,
  "I_LV0202_MV0202": 0.05950060175374181,
  "P_LV0203": 0.05932492328673712,
  "Q_LV0203": -0.008182748039549948,
  "U_LV0203": 0.9999762773840216,
  "I_LV0203_MV0203": 0.05988801259246655,
  "P_POIMV_MV0101": -0.23711207546551843,
  "Q_POIMV_MV0101": 0.03445799552341216,
  "U_POIMV": 0.9992219617714735,
  "I_POIMV_MV0101": 0.2397893402721822,
  "P_POIMV_MV0201": -0.17620288797217012,
  "Q_POIMV_MV0201": 0.024700831488813954,
  "I_POIMV_MV0201": 0.1780643366467408,
  "P_POI_POIMV": -0.4133149634372186,
  "Q_POI_POIMV": 0.06086637966188173,
  "U_POI": 1.0,
  "I_POI_POIMV": 0.4177726357413248
}