{
  "P_LV0101": 0.1436072280941016,
  "Q_LV0101": -0.015649505625639274,
  "U_LV0101": 1.000627138398653,
  "I_LV0101_MV0101": 0.14436687089556127,
  "P_LV0102": 0.10054551653596999,
  "Q_LV0102": -0.010433003750426184,
  "U_LV0102": 1.0004274917865703,
  "I_LV0102_MV0102": 0.10104215767242253,
  "P_LV0103": 0.157927037163314,
  "Q_LV0103": -0.015649505625639274,
  "U_LV0103": 1.0012473292989028,
  "I_LV0103_MV0103": 0.15850281808418518,
  "P_LV0201": 0.10003409478349812,
  "Q_LV0201": -0.010433003750426184,
  "U_LV0201": 1.000412045348811,
  "I_LV0201_MV0201": 0.10053525057558571,
  "P_LV0202": 0.10064780088646437,
  "Q_LV0202": -0.010433003750426184,
  "U_LV0202": 1.0005576877863858,
  "I_LV0202_MV0202": 0.10113069167557914,
  "P_LV0203": 0.1016706443914081,
  "Q_LV0203": -0.01033071939993181,
  "U_LV0203": 1.0006634594180632,
  "I_LV0203_MV0203": 0.10212639034920507,
  "P_POIMV_MV0101": -0.4003981232722994,
  "Q_POIMV_MV0101": 0.048344984613852844,
  "U_POIMV": 0.9988920609804669,
  "I_POIMV_MV0101": 0.40375353888566956,
  "P_POIMV_MV0201": -0.3013655316436983,
  "Q_POIMV_MV0201": 0.03400528722668615,
  "I_POIMV_MV0201": 0.3036143828225252,
  "P_POI_POIMV": -0.70176365491667,
  "Q_POI_POIMV": 0.0882995394614859,
  "U_POI": 1.0,
  "I_POI_POIMV": 0.7072969928050831
}