{
  "P_LV0101": 0.04162973065121036,
  "Q_LV0101": -0.008285032390044323,
  "U_LV0101": 0.9995470547002819,
  "I_LV0101_MV0101": 0.042465389176287865,
  "P_LV0102": 0.03170814865325605,
  "Q_LV0102": -0.005523354926696215,
  "U_LV0102": 0.9997157156754382,
  "I_LV0102_MV0102": 0.03219477150566029,
  "P_LV0103": 0.05349471530855779,
  "Q_LV0103": -0.008285032390044323,
  "U_LV0103": 0.9999516396663812,
  "I_LV0103_MV0103": 0.05413510556343574,
  "P_LV0201": 0.030480736447323558,
  "Q_LV0201": -0.005523354926696215,
  "U_LV0201": 0.9996764868680367,
  "I_LV0201_MV0201": 0.030987156269787798,
  "P_LV0202": 0.031196726900784177,
  "Q_LV0202": -0.005523354926696215,
  "U_LV0202": 0.9997344619403841,
  "I_LV0202_MV0202": 0.03169032084070942,
  "P_LV0203": 0.031196726900784177,
  "Q_LV0203": -0.005523354926696215,
  "U_LV0203": 0.9997536569465605,
  "I_LV0203_MV0203": 0.031689712455132024,
  "P_POIMV_MV0101": -0.12665932243296638,
  "Q_POIMV_MV0101": 0.02163134216268638,
  "U_POIMV": 0.9995204009024795,
  "I_POIMV_MV0101": 0.12855484107568674,
  "P_POIMV_MV0201": -0.09277897806388202,
  "Q_POIMV_MV0201": 0.015435906259192084,
  "I_POIMV_MV0201": 0.09409940140944893,
  "P_POI_POIMV": -0.21943831303969552,
  "Q_POI_POIMV": 0.03714685897702384,
  "U_POI": 1.0,
  "I_POI_POIMV": 0.22256024434199
}