{
  "P_LV0101": 0.22287759972724175,
  "Q_LV0101": -0.013603818615751788,
  "U_LV0101": 1.0027524490922284,
  "I_LV0101_MV0101": 0.22267946917700596,
  "P_LV0102": 0.15260825093760655,
  "Q_LV0102": -0.009103307193999318,
  "U_LV0102": 1.0019430664597722,
  "I_LV0102_MV0102": 0.15258304368972084,
  "P_LV0103": 0.23279918172519604,
  "Q_LV0103": -0.013603818615751788,
  "U_LV0103": 1.0033848081012502,
  "I_LV0103_MV0103": 0.23240965626587784,
  "P_LV0201": 0.1535288100920559,
  "Q_LV0201": -0.009103307193999318,
  "U_LV0201": 1.001974018409574,
  "I_LV0201_MV0201": 0.1534954552983626,
  "P_LV0202": 0.15465393794749405,
  "Q_LV0202": -0.009103307193999318,
  "U_LV0202": 1.0022060006021338,
  "I_LV0202_MV0202": 0.15458062273831696,
  "P_LV0203": 0.15649505625639276,
  "Q_LV0203": -0.009103307193999318,
  "U_LV0203": 1.002354008531757,
  "I_LV0203_MV0203": 0.15639145522940529,
  "P_POIMV_MV0101": -0.6044909288328522,
  "Q_POIMV_MV0101": 0.05284483721188777,
  "U_POIMV": 0.9987529539193077,
  "I_POIMV_MV0101": 0.6075540386606777,
  "P_POIMV_MV0201": -0.4623702747642918,
  "Q_POIMV_MV0201": 0.0359536424197448,
  "I_POIMV_MV0201": 0.4643450949131546,
  "P_POI_POIMV": -1.0668612036024707,
  "Q_POI_POIMV": 0.10319285969958633,
  "U_POI": 1.0,
  "I_POI_POIMV": 1.0718402838320134
}