{
  "P_LV0101": 0.08704398227071257,
  "Q_LV0101": -0.01104670985339243,
  "U_LV0101": 1.0001855902534125,
  "I_LV0101_MV0101": 0.08772586757494794,
  "P_LV0102": 0.05165359699965905,
  "Q_LV0102": -0.007364473235594954,
  "U_LV0102": 0.9998374581905143,
  "I_LV0102_MV0102": 0.05218443014539997,
  "P_LV0103": 0.06689396522332083,
  "Q_LV0103": -0.01125127855438118,
  "U_LV0103": 0.9997431500014586,
  "I_LV0103_MV0103": 0.06785100219905402,
  "P_LV0201": 0.05472212751449028,
  "Q_LV0201": -0.007364473235594954,
  "U_LV0201": 0.9999346782897068,
  "I_LV0201_MV0201": 0.055219064130767256,
  "P_LV0202": 0.053085577906580285,
  "Q_LV0202": -0.007364473235594954,
  "U_LV0202": 0.9999583851941819,
  "I_LV0202_MV0202": 0.05359620438258324,
  "P_LV0203": 0.05369928400954654,
  "Q_LV0203": -0.007364473235594954,
  "U_LV0203": 1.000008622441481,
  "I_LV0203_MV0203": 0.05420145668684794,
  "P_POIMV_MV0101": -0.20514600476054723,
  "Q_POIMV_MV0101": 0.030496226169416506,
  "U_POIMV": 0.9993146295058909,
  "I_POIMV_MV0101": 0.20754258850295865,
  "P_POIMV_MV0201": -0.16122304788407002,
  "Q_POIMV_MV0201": 0.021794808918662898,
  "I_POIMV_MV0201": 0.16280111428394348,
  "P_POI_POIMV": -0.36636905264510117,
  "Q_POI_POIMV": 0.05351092729258092,
  "U_POI": 1.0,
  "I_POI_POIMV": 0.3702562654105677
}