{
  "P_LV0101": 0.12652574156154106,
  "Q_LV0101": -0.014217524718718035,
  "U_LV0101": 1.000536556445064,
  "I_LV0101_MV0101": 0.12725375888629067,
  "P_LV0102": 0.07783839072621888,
  "Q_LV0102": -0.009410160245482442,
  "U_LV0102": 1.0000676441370004,
  "I_LV0102_MV0102": 0.07839983803880206,
  "P_LV0103": 0.1045346062052506,
  "Q_LV0103": -0.014217524718718035,
  "U_LV0103": 1.0001569070228948,
  "I_LV0103_MV0103": 0.10548047257095489,
  "P_LV0201": 0.08121377429253324,
  "Q_LV0201": -0.009410160245482442,
  "U_LV0201": 1.00017486219604,
  "I_LV0201_MV0201": 0.08174283593090205,
  "P_LV0202": 0.07998636208660075,
  "Q_LV0202": -0.009410160245482442,
  "U_LV0202": 1.0002450712802642,
  "I_LV0202_MV0202": 0.08051826599225546,
  "P_LV0203": 0.08049778383907262,
  "Q_LV0203": -0.009307875894988066,
  "U_LV0203": 1.000323967569045,
  "I_LV0203_MV0203": 0.0810078831842384,
  "P_POIMV_MV0101": -0.3079041286657562,
  "Q_POIMV_MV0101": 0.04126591464015845,
  "U_POIMV": 0.999061149046137,
  "I_POIMV_MV0101": 0.31094902574423644,
  "P_POIMV_MV0201": -0.24106541392370381,
  "Q_POIMV_MV0201": 0.029371089943967865,
  "I_POIMV_MV0201": 0.24307630220829557,
  "P_POI_POIMV": -0.5489695425899195,
  "Q_POI_POIMV": 0.07406765055040751,
  "U_POI": 1.0,
  "I_POI_POIMV": 0.553943657378115
}