{
  "P_LV0101": 0.2979543129901125,
  "Q_LV0101": -0.005011933174224344,
  "U_LV0101": 1.0059117649184124,
  "I_LV0101_MV0101": 0.2962451316777303,
  "P_LV0102": 0.19884077736106376,
  "Q_LV0102": -0.0032730992158199793,
  "U_LV0102": 1.0042260600330486,
  "I_LV0102_MV0102": 0.19803082447562334,
  "P_LV0103": 0.29570405727923627,
  "Q_LV0103": -0.005011933174224344,
  "U_LV0103": 1.0063874007810403,
  "I_LV0103_MV0103": 0.2938694661982595,
  "P_LV0201": 0.2009887487214456,
  "Q_LV0201": -0.0032730992158199793,
  "U_LV0201": 1.004294552297831,
  "I_LV0201_MV0201": 0.20015581851763686,
  "P_LV0202": 0.20170473917490625,
  "Q_LV0202": -0.0032730992158199793,
  "U_LV0202": 1.0045834261648128,
  "I_LV0202_MV0202": 0.20081089212004108,
  "P_LV0203": 0.20364814183429933,
  "Q_LV0203": -0.0032730992158199793,
  "U_LV0203": 1.004765934337467,
  "I_LV0203_MV0203": 0.20270834861937695,
  "P_POIMV_MV0101": -0.7861278019828515,
  "Q_POIMV_MV0101": 0.04195655425694781,
  "U_POIMV": 0.998964438506499,
  "I_POIMV_MV0101": 0.7880627282441733,
  "P_POIMV_MV0201": -0.6024440993241309,
  "Q_POIMV_MV0201": 0.025489958677797873,
  "I_POIMV_MV0201": 0.6036081832745002,
  "P_POI_POIMV": -1.3885719013522249,
  "Q_POI_POIMV": 0.09209810699162801,
  "U_POI": 1.0,
  "I_POI_POIMV": 1.3916227888822363
}