{
  "P_LV0101": 0.2768837367882714,
  "Q_LV0101": -0.007262188885100579,
  "U_LV0101": 1.0050726150382723,
  "I_LV0101_MV0101": 0.2755810413114502,
  "P_LV0102": 0.1866689396522332,
  "Q_LV0102": -0.0048073644732355945,
  "U_LV0102": 1.0036393726742863,
  "I_LV0102_MV0102": 0.18605371364143927,
  "P_LV0103": 0.2809751108080464,
  "Q_LV0103": -0.007364473235594954,
  "U_LV0103": 1.0056440551423849,
  "I_LV0103_MV0103": 0.2794941269200163,
  "P_LV0201": 0.18748721445618818,
  "Q_LV0201": -0.0048073644732355945,
  "U_LV0201": 1.0036707004645755,
  "I_LV0201_MV0201": 0.18686291940393518,
  "P_LV0202": 0.18881691101261508,
  "Q_LV0202": -0.0048073644732355945,
  "U_LV0202": 1.003956036086573,
  "I_LV0202_MV0202": 0.18813383570071454,
  "P_LV0203": 0.19065802932151382,
  "Q_LV0203": -0.0048073644732355945,
  "U_LV0203": 1.004127361914872,
  "I_LV0203_MV0203": 0.1899346983212777,
  "P_POIMV_MV0101": -0.7388898094770463,
  "Q_POIMV_MV0101": 0.04463621830739612,
  "U_POIMV": 0.9989170363115439,
  "I_POIMV_MV0101": 0.7410393338608201,
  "P_POIMV_MV0201": -0.5635485331863004,
  "Q_POIMV_MV0201": 0.0279533146572067,
  "I_POIMV_MV0201": 0.5648530973010739,
  "P_POI_POIMV": -1.3024383426904025,
  "Q_POI_POIMV": 0.09422829806864194,
  "U_POI": 1.0,
  "I_POI_POIMV": 1.3058424899914365
}