{
  "P_LV0101": 0.29376065461984313,
  "Q_LV0101": -0.005318786225707466,
  "U_LV0101": 1.0057661900278931,
  "I_LV0101_MV0101": 0.2921243567063322,
  "P_LV0102": 0.19699965905216502,
  "Q_LV0102": -0.0035799522673031024,
  "U_LV0102": 1.0041261888562307,
  "I_LV0102_MV0102": 0.19622253326319844,
  "P_LV0103": 0.29488578247528124,
  "Q_LV0103": -0.005318786225707466,
  "U_LV0103": 1.0063127984606088,
  "I_LV0103_MV0103": 0.29308356794877377,
  "P_LV0201": 0.19822707125809752,
  "Q_LV0201": -0.0035799522673031024,
  "U_LV0201": 1.0041698444321752,
  "I_LV0201_MV0201": 0.19743611744129308,
  "P_LV0202": 0.19976133651551312,
  "Q_LV0202": -0.0035799522673031024,
  "U_LV0202": 1.00447514157573,
  "I_LV0202_MV0202": 0.19890329197807508,
  "P_LV0203": 0.2013978861234231,
  "Q_LV0203": -0.0035799522673031024,
  "U_LV0203": 1.0046488420290856,
  "I_LV0203_MV0203": 0.20049761961156615,
  "P_POIMV_MV0101": -0.7793804853126673,
  "Q_POIMV_MV0101": 0.04237341461070365,
  "U_POIMV": 0.9989552440765666,
  "I_POIMV_MV0101": 0.7813478335741431,
  "P_POIMV_MV0201": -0.5955762548890853,
  "Q_POIMV_MV0201": 0.026022891665884652,
  "I_POIMV_MV0201": 0.5967679780526152,
  "P_POI_POIMV": -1.3749567402436915,
  "Q_POI_POIMV": 0.09255909871669296,
  "U_POI": 1.0,
  "I_POI_POIMV": 1.3780686573232863
}