{
  "P_LV0101": 0.29938629389703375,
  "Q_LV0101": -0.004500511421752472,
  "U_LV0101": 1.0060412264330303,
  "I_LV0101_MV0101": 0.2976221162764777,
  "P_LV0102": 0.19894306171155812,
  "Q_LV0102": -0.0029662461643368563,
  "U_LV0102": 1.0042989010304,
  "I_LV0102_MV0102": 0.19811350354518384,
  "P_LV0103": 0.2956017729287419,
  "Q_LV0103": -0.004500511421752472,
  "U_LV0103": 1.0064839794019615,
  "I_LV0103_MV0103": 0.2937314820303735,
  "P_LV0201": 0.20088646437095126,
  "Q_LV0201": -0.0029662461643368563,
  "U_LV0201": 1.004362833183656,
  "I_LV0201_MV0201": 0.2000356405260983,
  "P_LV0202": 0.2022161609273781,
  "Q_LV0202": -0.0029662461643368563,
  "U_LV0202": 1.0046671151446658,
  "I_LV0202_MV0202": 0.201298432272487,
  "P_LV0203": 0.20405727923627684,
  "Q_LV0203": -0.0029662461643368563,
  "U_LV0203": 1.0048475887685517,
  "I_LV0203_MV0203": 0.2030943195427072,
  "P_POIMV_MV0101": -0.7875377751329767,
  "Q_POIMV_MV0101": 0.04073408026847426,
  "U_POIMV": 0.9989913157114891,
  "I_POIMV_MV0101": 0.7893867647680495,
  "P_POIMV_MV0201": -0.6032523570789602,
  "Q_POIMV_MV0201": 0.024612665966177984,
  "I_POIMV_MV0201": 0.6043638583982864,
  "P_POI_POIMV": -1.3907901322578138,
  "Q_POI_POIMV": 0.09007378506257185,
  "U_POI": 1.0,
  "I_POI_POIMV": 1.3937038705339113
}