{
  "P_LV0101": 0.27514490282986703,
  "Q_LV0101": -0.009717013296965565,
  "U_LV0101": 1.0045737202636273,
  "I_LV0101_MV0101": 0.27406294507163004,
  "P_LV0102": 0.18063416297306512,
  "Q_LV0102": -0.006546198431639959,
  "U_LV0102": 1.003114703908235,
  "I_LV0102_MV0102": 0.18019149830159809,
  "P_LV0103": 0.26184793726559835,
  "Q_LV0103": -0.009717013296965565,
  "U_LV0103": 1.0047396321653337,
  "I_LV0103_MV0103": 0.260792112701505,
  "P_LV0201": 0.18329355608591885,
  "Q_LV0201": -0.006546198431639959,
  "U_LV0201": 1.0032002127008803,
  "I_LV0201_MV0201": 0.18282533527590208,
  "P_LV0202": 0.18319127173542446,
  "Q_LV0202": -0.006546198431639959,
  "U_LV0202": 1.0034423030971809,
  "I_LV0202_MV0202": 0.18267935837091076,
  "P_LV0203": 0.18513467439481757,
  "Q_LV0203": -0.006546198431639959,
  "U_LV0203": 1.0036118781007792,
  "I_LV0203_MV0203": 0.18458367839373938,
  "P_POIMV_MV0101": -0.7123883333566815,
  "Q_POIMV_MV0101": 0.04934103625874455,
  "U_POIMV": 0.9988068401969312,
  "I_POIMV_MV0101": 0.7149480517135295,
  "P_POIMV_MV0201": -0.5483835317273115,
  "Q_POIMV_MV0201": 0.03238719065848022,
  "I_POIMV_MV0201": 0.5499953151901786,
  "P_POI_POIMV": -1.260771865104582,
  "Q_POI_POIMV": 0.10199633977603428,
  "U_POI": 1.0,
  "I_POI_POIMV": 1.2648908842927895
}