{
  "P_LV0101": 0.29836345039209,
  "Q_LV0101": -0.004602795772246846,
  "U_LV0101": 1.0060035508583394,
  "I_LV0101_MV0101": 0.29661818913483834,
  "P_LV0102": 0.19832935560859186,
  "Q_LV0102": -0.003068530514831231,
  "U_LV0102": 1.0042672129021095,
  "I_LV0102_MV0102": 0.19751027379061642,
  "P_LV0103": 0.29376065461984313,
  "Q_LV0103": -0.004602795772246846,
  "U_LV0103": 1.0064254392532497,
  "I_LV0103_MV0103": 0.2919209913342107,
  "P_LV0201": 0.20017047391749063,
  "Q_LV0201": -0.003068530514831231,
  "U_LV0201": 1.004327670107556,
  "I_LV0201_MV0201": 0.19933135185801826,
  "P_LV0202": 0.20068189566996247,
  "Q_LV0202": -0.003068530514831231,
  "U_LV0202": 1.0046104717491793,
  "I_LV0202_MV0202": 0.19978425435593686,
  "P_LV0203": 0.20252301397886122,
  "Q_LV0203": -0.003068530514831231,
  "U_LV0203": 1.0047899470206567,
  "I_LV0203_MV0203": 0.2015806982279127,
  "P_POIMV_MV0101": -0.7841170278926992,
  "Q_POIMV_MV0101": 0.04077478147261853,
  "U_POIMV": 0.9989912499704172,
  "I_POIMV_MV0101": 0.7859693211569503,
  "P_POIMV_MV0201": -0.5995163649623831,
  "Q_POIMV_MV0201": 0.024706423978975,
  "I_POIMV_MV0201": 0.6006311188312858,
  "P_POI_POIMV": -1.3836333928989257,
  "Q_POI_POIMV": 0.08994941341637515,
  "U_POI": 1.0,
  "I_POI_POIMV": 1.3865540966435252
}