{
  "P_LV0101": 0.28568019093078756,
  "Q_LV0101": -0.0075690419365837015,
  "U_LV0101": 1.0051907847223553,
  "I_LV0101_MV0101": 0.2843046791223055,
  "P_LV0102": 0.18932833276508693,
  "Q_LV0102": -0.005011933174224344,
  "U_LV0102": 1.003639877202642,
  "I_LV0102_MV0102": 0.18870778637113875,
  "P_LV0103": 0.27698602113876575,
  "Q_LV0103": -0.0075690419365837015,
  "U_LV0103": 1.0054898374052657,
  "I_LV0103_MV0103": 0.2755765488888755,
  "P_LV0201": 0.19229457892942378,
  "Q_LV0201": -0.005011933174224344,
  "U_LV0201": 1.0037321841603177,
  "I_LV0201_MV0201": 0.19164462987743325,
  "P_LV0202": 0.19168087282645754,
  "Q_LV0202": -0.005011933174224344,
  "U_LV0202": 1.0039752164651727,
  "I_LV0202_MV0202": 0.19098717049503208,
  "P_LV0203": 0.19444255028980567,
  "Q_LV0203": -0.005011933174224344,
  "U_LV0203": 1.0041707922097984,
  "I_LV0203_MV0203": 0.19369925379127273,
  "P_POIMV_MV0101": -0.7462521304264241,
  "Q_POIMV_MV0101": 0.04586783303032568,
  "U_POIMV": 0.9988807614899166,
  "I_POIMV_MV0101": 0.7484981657236572,
  "P_POIMV_MV0201": -0.5748658134855044,
  "Q_POIMV_MV0201": 0.029181568400889996,
  "I_POIMV_MV0201": 0.5762509624534007,
  "P_POI_POIMV": -1.3211179439424798,
  "Q_POI_POIMV": 0.09733406606005046,
  "U_POI": 1.0,
  "I_POI_POIMV": 1.3246986609122045
}