{
  "irrad_LV0101": -28.65545615561053,
  "irrad_LV0102": 1.58073940912664,
  "irrad_LV0103": -72.49324970989262,
  "irrad_LV0201": -47.82021933633862,
  "irrad_LV0202": -111.77838219991622,
  "irrad_LV0203": -151.51135618756874
}