{
  "P_LV0101": 0.000301,
  "Q_LV0101": 0.000150,
  "U_LV0101": 0.002487,
  "I_LV0101_MV0101": 0.000083,
  "P_LV0102": 0.000301,
  "Q_LV0102": 0.000096,
  "U_LV0102": 0.002488,
  "I_LV0102_MV0102": 0.000079,
  "P_LV0103": 0.000298,
  "Q_LV0103": 0.000295,
  "U_LV0103": 0.002486,
  "I_LV0103_MV0103": 0.000103,
  "P_LV0201": 0.000299,
  "Q_LV0201": 0.000213,
  "U_LV0201": 0.002487,
  "I_LV0201_MV0201": 0.000091,
  "P_LV0202": 0.000298,
  "Q_LV0202": 0.000415,
  "U_LV0202": 0.002485,
  "I_LV0202_MV0202": 0.000123,
  "P_LV0203": 0.000300,
  "Q_LV0203": 0.000517,
  "U_LV0203": 0.002484,
  "I_LV0203_MV0203": 0.000140,
  "P_POIMV_MV0101": 0.000890,
  "Q_POIMV_MV0101": 0.000492,
  "U_POIMV": 0.002496,
  "I_POIMV_MV0101": 0.000251,
  "P_POIMV_MV0201": 0.000885,
  "Q_POIMV_MV0201": 0.001180,
  "I_POIMV_MV0201": 0.000355,
  "P_POI_POIMV": 0.001770,
  "Q_POI_POIMV": 0.001696,
  "U_POI": 0.002500,
  "I_POI_POIMV": 0.000598
}
