{
  "irrad_LV0101": 1262.1553221391453,
  "irrad_LV0102": 1216.8056606880396,
  "irrad_LV0103": 1127.5345349652735,
  "irrad_LV0201": 1179.8685812905435,
  "irrad_LV0202": 1158.490012532679,
  "irrad_LV0203": 1185.5964325618402
}