{
  "irrad_LV0101": 1216.1133326505612,
  "irrad_LV0102": 1227.2779464015791,
  "irrad_LV0103": 1090.49481094846,
  "irrad_LV0201": 1106.3005018365639,
  "irrad_LV0202": 1185.371727927946,
  "irrad_LV0203": 1161.5231023077272
}