{
  "irrad_LV0101": 1124.3527310977072,
  "irrad_LV0102": 1181.7303200402723,
  "irrad_LV0103": 1089.175813499786,
  "irrad_LV0201": 1141.2181632611996,
  "irrad_LV0202": 1177.5417642460209,
  "irrad_LV0203": 1129.858815264027
}