{
  "irrad_LV0101": 1155.0478758338659,
  "irrad_LV0102": 1126.2999854343282,
  "irrad_LV0103": 1182.2399092700919,
  "irrad_LV0201": 1169.265485097764,
  "irrad_LV0202": 1242.995677570545,
  "irrad_LV0203": 1179.7825414365338
}