{
  "P_LV0101": 0.3487413089709998,
  "Q_LV0101": -0.16873276456690167,
  "U_LV0101": 0.9687258582527773,
  "I_LV0101_MV0101": 0.2308958686004713,
  "P_LV0102": 0.34884882364414566,
  "Q_LV0102": -0.16873276456690176,
  "U_LV0102": 0.9690245101226269,
  "I_LV0102_MV0102": 0.2308823716429087,
  "P_LV0103": 0.3270851915321177,
  "Q_LV0103": -0.1687327645669018,
  "U_LV0103": 0.9687023257063633,
  "I_LV0103_MV0103": 0.2193548803711125,
  "P_LV0201": 0.33182598202422126,
  "Q_LV0201": -0.16873276456690117,
  "U_LV0201": 0.9688219793035666,
  "I_LV0201_MV0201": 0.2218423508667608,
  "P_LV0202": 0.34901906108704,
  "Q_LV0202": -0.16873276456690134,
  "U_LV0202": 0.9694973919084444,
  "I_LV0202_MV0202": 0.23086102461681562,
  "P_LV0203": 0.34838955910011965,
  "Q_LV0203": -0.16873276456690187,
  "U_LV0203": 0.9696391525017733,
  "I_LV0203_MV0203": 0.23048987428907516,
  "P_POIMV_MV0101": -1.0107720322309888,
  "Q_POIMV_MV0101": 0.570119984856774,
  "U_POIMV": 0.9842247260936561,
  "I_POIMV_MV0101": 0.6807380577451904,
  "P_POIMV_MV0201": -1.014246821485358,
  "Q_POIMV_MV0201": 0.5709029130347858,
  "I_POIMV_MV0201": 0.6827393355683193,
  "P_POI_POIMV": -2.025008853715995,
  "Q_POI_POIMV": 1.2130772818545665,
  "U_POI": 0.9996717059280168,
  "I_POI_POIMV": 1.3633143197964983
}