{
  "P_LV0101": 0.033724060372272095,
  "Q_LV0101": -0.016413293983650386,
  "U_LV0101": 0.9852174623692544,
  "I_LV0101_MV0101": 0.02197907052775375,
  "P_LV0102": 0.03544505523446745,
  "Q_LV0102": -0.016413293983650427,
  "U_LV0102": 0.9858791752186735,
  "I_LV0102_MV0102": 0.02287478953857196,
  "P_LV0103": 0.032668956880306056,
  "Q_LV0103": -0.01641329398365033,
  "U_LV0103": 0.9854342360138217,
  "I_LV0103_MV0103": 0.021420110589058936,
  "P_LV0201": 0.034229925512948005,
  "Q_LV0201": -0.016413293983650323,
  "U_LV0201": 0.9857873853518636,
  "I_LV0201_MV0201": 0.02223313819406059,
  "P_LV0202": 0.035319422855436315,
  "Q_LV0202": -0.01641329398365036,
  "U_LV0202": 0.9863229929650099,
  "I_LV0202_MV0202": 0.02279778517585499,
  "P_LV0203": 0.03388921096043181,
  "Q_LV0203": -0.016413293983650375,
  "U_LV0203": 0.9861717369001369,
  "I_LV0203_MV0203": 0.022044779984976774,
  "P_POIMV_MV0101": -0.10052066107860469,
  "Q_POIMV_MV0101": 0.05528255835557161,
  "U_POIMV": 0.9999888383435679,
  "I_POIMV_MV0101": 0.06623407570713603,
  "P_POIMV_MV0201": -0.10199541192963579,
  "Q_POIMV_MV0201": 0.05546484179680533,
  "I_POIMV_MV0201": 0.06703161851053654,
  "P_POI_POI_MV": -0.20251507300823168,
  "Q_POI_POI_MV": 0.11069082515314221,
  "U_POI": 0.9999888690913602,
  "I_POI_POI_MV": 0.1332491392842225
}