{
  "P_LV0101": 0.3486980177421259,
  "Q_LV0101": -0.16904609248885327,
  "U_LV0101": 0.9686056048392386,
  "I_LV0101_MV0101": 0.23098271756923744,
  "P_LV0102": 0.348808072379976,
  "Q_LV0102": -0.16904609248885302,
  "U_LV0102": 0.9689113121666002,
  "I_LV0102_MV0102": 0.23096885058839314,
  "P_LV0103": 0.3381949603294575,
  "Q_LV0103": -0.16904609248885302,
  "U_LV0103": 0.9688349193530607,
  "I_LV0103_MV0103": 0.22531252455860704,
  "P_LV0201": 0.3488674741320274,
  "Q_LV0201": -0.1690460924888524,
  "U_LV0201": 0.9690763170334095,
  "I_LV0201_MV0201": 0.23096137102266628,
  "P_LV0202": 0.3474798080953049,
  "Q_LV0202": -0.169046092488853,
  "U_LV0202": 0.9693566135396169,
  "I_LV0202_MV0202": 0.2301510911343997,
  "P_LV0203": 0.34903608094245686,
  "Q_LV0203": -0.16904609248885313,
  "U_LV0203": 0.9695446692846023,
  "I_LV0203_MV0203": 0.23094016039443208,
  "P_POIMV_MV0101": -1.0215444693521931,
  "Q_POIMV_MV0101": 0.5722148132720122,
  "U_POIMV": 0.9841497192089091,
  "I_POIMV_MV0101": 0.6869011096957633,
  "P_POIMV_MV0201": -1.0300232132967722,
  "Q_POIMV_MV0201": 0.5735396403219397,
  "I_POIMV_MV0201": 0.6916227657150001,
  "P_POI_POI_MV": -2.051557682648635,
  "Q_POI_POI_MV": 1.2194203590956931,
  "U_POI": 0.9996699855630187,
  "I_POI_POI_MV": 1.3783608914404164
}