{
  "P_LV0101": 0.000269,
  "Q_LV0101": 0.000468,
  "U_LV0101": 0.002463,
  "I_LV0101_MV0101": 0.000078,
  "P_LV0102": 0.000271,
  "Q_LV0102": 0.000488,
  "U_LV0102": 0.002465,
  "I_LV0102_MV0102": 0.000081,
  "P_LV0103": 0.000267,
  "Q_LV0103": 0.000455,
  "U_LV0103": 0.002464,
  "I_LV0103_MV0103": 0.000077,
  "P_LV0201": 0.000269,
  "Q_LV0201": 0.000474,
  "U_LV0201": 0.002464,
  "I_LV0201_MV0201": 0.000079,
  "P_LV0202": 0.000271,
  "Q_LV0202": 0.000487,
  "U_LV0202": 0.002466,
  "I_LV0202_MV0202": 0.000081,
  "P_LV0203": 0.000269,
  "Q_LV0203": 0.000470,
  "U_LV0203": 0.002465,
  "I_LV0203_MV0203": 0.000078,
  "P_POIMV_MV0101": 0.000874,
  "Q_POIMV_MV0101": 0.001398,
  "U_POIMV": 0.002500,
  "I_POIMV_MV0101": 0.000235,
  "P_POIMV_MV0201": 0.000878,
  "Q_POIMV_MV0201": 0.001416,
  "I_POIMV_MV0201": 0.000238,
  "P_POI_POI_MV": 0.001752,
  "Q_POI_POI_MV": 0.002814,
  "U_POI": 0.002500,
  "I_POI_POI_MV": 0.000473
}
