{
  "irrad_LV0101": 1106.3983740416813,
  "irrad_LV0102": 1128.0402349577016,
  "irrad_LV0103": 1130.9018439651625,
  "irrad_LV0201": 1134.96554899209,
  "irrad_LV0202": 1174.7207020753997,
  "irrad_LV0203": 1138.1837464287332
}