{
  "irrad_LV0101": 1189.0201690622266,
  "irrad_LV0102": 1097.7205873804755,
  "irrad_LV0103": 1142.976490602049,
  "irrad_LV0201": 1184.8700111078454,
  "irrad_LV0202": 1115.9461016539071,
  "irrad_LV0203": 1233.9830296487614
}