{
  "irrad_LV0101": 1031.555401516718,
  "irrad_LV0102": 1068.9168865542604,
  "irrad_LV0103": 1119.395859674066,
  "irrad_LV0201": 1044.8833609331798,
  "irrad_LV0202": 1013.3479423567337,
  "irrad_LV0203": 1085.2881847004717
}