{
  "P_LV0101": 0.30940678735337246,
  "Q_LV0101": 5.564866594216325e-16,
  "U_LV0101": 1.0065539181639556,
  "I_LV0101_MV0101": 0.17747294878491468,
  "P_LV0102": 0.32061306579389076,
  "Q_LV0102": 1.0304357479678645e-15,
  "U_LV0102": 1.0072317282078913,
  "I_LV0102_MV0102": 0.18377701442265168,
  "P_LV0103": 0.33575382980805035,
  "Q_LV0103": -4.1602070124833947e-16,
  "U_LV0103": 1.0077759048757016,
  "I_LV0103_MV0103": 0.1923518542994285,
  "P_LV0201": 0.31340440211934656,
  "Q_LV0201": -3.4483310935571916e-16,
  "U_LV0201": 1.0072618020399344,
  "I_LV0201_MV0201": 0.1796396086522545,
  "P_LV0202": 0.3039456056889894,
  "Q_LV0202": 6.788105026586242e-17,
  "U_LV0202": 1.0074780295326995,
  "I_LV0202_MV0202": 0.1741805499668678,
  "P_LV0203": 0.325523505656622,
  "Q_LV0203": 5.180467357353992e-16,
  "U_LV0203": 1.008157466735888,
  "I_LV0203_MV0203": 0.18642036568642237,
  "P_POIMV_MV0101": -0.9565575178050949,
  "Q_POIMV_MV0101": 0.04181064658496325,
  "U_POIMV": 0.9986039566908161,
  "I_POIMV_MV0101": 0.553568854995871,
  "P_POIMV_MV0201": -0.9334999418648522,
  "Q_POIMV_MV0201": 0.039864830895680825,
  "I_POIMV_MV0201": 0.5402018090033097,
  "P_POI_POI_MV": -1.8900474596698367,
  "Q_POI_POI_MV": 0.12784125344569475,
  "U_POI": 0.9999652977738194,
  "I_POI_POI_MV": 1.093750712799995
}