{
  "P_LV0101": 0.32906476375763183,
  "Q_LV0101": 1.1470824982797796e-15,
  "U_LV0101": 1.0067873245749355,
  "I_LV0101_MV0101": 0.3268463514839766,
  "P_LV0102": 0.3341123648705548,
  "Q_LV0102": 1.2385824883810817e-16,
  "U_LV0102": 1.00733542823367,
  "I_LV0102_MV0102": 0.331679354767071,
  "P_LV0103": 0.32841703296229374,
  "Q_LV0103": -4.194556292057931e-16,
  "U_LV0103": 1.0074340329356364,
  "I_LV0103_MV0103": 0.3259935859078486,
  "P_LV0201": 0.3580320567484864,
  "Q_LV0201": 5.110607755713203e-16,
  "U_LV0201": 1.008100808414189,
  "I_LV0201_MV0201": 0.3551550140225512,
  "P_LV0202": 0.3624351292860758,
  "Q_LV0202": -7.714273439852532e-17,
  "U_LV0202": 1.0086462959453213,
  "I_LV0202_MV0202": 0.3593282707159452,
  "P_LV0203": 0.32194898610846007,
  "Q_LV0203": 8.371482322700905e-17,
  "U_LV0203": 1.0080147342170416,
  "I_LV0203_MV0203": 0.31938916682455887,
  "P_POIMV_MV0101": -0.9819054260858593,
  "Q_POIMV_MV0101": 0.04408863975049826,
  "U_POIMV": 0.9984080367500636,
  "I_POIMV_MV0101": 0.9844619693171426,
  "P_POIMV_MV0201": -1.0309824253804436,
  "Q_POIMV_MV0201": 0.0490863679543736,
  "I_POIMV_MV0201": 1.0337960610607275,
  "P_POI_POIMV": -2.012877851465684,
  "Q_POI_POIMV": 0.145647523901971,
  "U_POI": 0.9999604647733751,
  "I_POI_POIMV": 2.0182201343096113
}