{
  "P_LV0101": 0.03295640980195422,
  "Q_LV0101": 0.020382121746426698,
  "U_LV0101": 1.0054081825442696,
  "I_LV0101_MV0101": 0.0385414746555132,
  "P_LV0102": 0.06435100083403043,
  "Q_LV0102": 0.02038212174642724,
  "U_LV0102": 1.0063666534653954,
  "I_LV0102_MV0102": 0.06707467870710515,
  "P_LV0103": 0.08433201314674357,
  "Q_LV0103": 0.02038212174642781,
  "U_LV0103": 1.0069563296914577,
  "I_LV0103_MV0103": 0.08616076254969025,
  "P_LV0201": 0.06356375401203876,
  "Q_LV0201": 0.020382121746427038,
  "U_LV0201": 1.0063623766776486,
  "I_LV0201_MV0201": 0.06632962793189404,
  "P_LV0202": 0.060061243470402245,
  "Q_LV0202": 0.020382121746428002,
  "U_LV0202": 1.0063597161669868,
  "I_LV0202_MV0202": 0.06302460104678295,
  "P_LV0203": 0.04208381476466149,
  "Q_LV0203": 0.02038212174642832,
  "U_LV0203": 1.0059201195530387,
  "I_LV0203_MV0203": 0.04648459979479737,
  "P_POIMV_MV0101": -0.18123271130707508,
  "Q_POIMV_MV0101": -0.06053876717987805,
  "U_POIMV": 1.0016126375753596,
  "I_POIMV_MV0101": 0.19076888281478854,
  "P_POIMV_MV0201": -0.165373938433504,
  "Q_POIMV_MV0201": -0.06121698442223078,
  "I_POIMV_MV0201": 0.17605683012594625,
  "P_POI_POIMV": -0.34659664974072957,
  "Q_POI_POIMV": -0.1205701293238235,
  "U_POI": 1.0000325987177023,
  "I_POI_POIMV": 0.3669572375937815
}