{
  "P_LV0101": 0.000049,
  "Q_LV0101": 0.000163,
  "U_LV0101": 0.002501,
  "I_LV0101_MV0101": 0.000045,
  "P_LV0102": 0.000136,
  "Q_LV0102": 0.000421,
  "U_LV0102": 0.002503,
  "I_LV0102_MV0102": 0.000107,
  "P_LV0103": 0.000099,
  "Q_LV0103": 0.000313,
  "U_LV0103": 0.002502,
  "I_LV0103_MV0103": 0.000081,
  "P_LV0201": 0.000053,
  "Q_LV0201": 0.000178,
  "U_LV0201": 0.002501,
  "I_LV0201_MV0201": 0.000049,
  "P_LV0202": 0.000118,
  "Q_LV0202": 0.000370,
  "U_LV0202": 0.002502,
  "I_LV0202_MV0202": 0.000095,
  "P_LV0203": 0.000000,
  "Q_LV0203": 0.000000,
  "U_LV0203": 0.002500,
  "I_LV0203_MV0203": 0.000000,
  "P_POIMV_MV0101": 0.000277,
  "Q_POIMV_MV0101": 0.000873,
  "U_POIMV": 0.002500,
  "I_POIMV_MV0101": 0.000227,
  "P_POIMV_MV0201": 0.000194,
  "Q_POIMV_MV0201": 0.000628,
  "I_POIMV_MV0201": 0.000169,
  "P_POI_POIMV": 0.000448,
  "Q_POI_POIMV": 0.001417,
  "U_POI": 0.002500,
  "I_POI_POIMV": 0.000370
}
