{
  "P_LV0101": 0.02194401848750864,
  "Q_LV0101": -5.14368740754222e-18,
  "U_LV0101": 1.0058374446321865,
  "I_LV0101_MV0101": 0.012595857360925914,
  "P_LV0102": 0.024809667844397205,
  "Q_LV0102": 1.0538693603635104e-17,
  "U_LV0102": 1.0068201136447812,
  "I_LV0102_MV0102": 0.014226839744603642,
  "P_LV0103": 0.02307934209418248,
  "Q_LV0103": 2.529499700013974e-17,
  "U_LV0103": 1.006579373956902,
  "I_LV0103_MV0103": 0.013237768143822742,
  "P_LV0201": 0.02104147695756919,
  "Q_LV0201": -7.617762189898275e-17,
  "U_LV0201": 1.0060468730880348,
  "I_LV0201_MV0201": 0.01207528467168829,
  "P_LV0202": 0.023000578110636435,
  "Q_LV0202": -2.0365304095330588e-17,
  "U_LV0202": 1.0067981418789007,
  "I_LV0202_MV0202": 0.013189724346243605,
  "P_LV0203": 0.020653143143056933,
  "Q_LV0203": 1.097485932548161e-16,
  "U_LV0203": 1.006390356637731,
  "I_LV0203_MV0203": 0.011848382364367284,
  "P_POIMV_MV0101": -0.06934989509394995,
  "Q_POIMV_MV0101": 0.0021316393741130923,
  "U_POIMV": 0.9999996090155346,
  "I_POIMV_MV0101": 0.040058106130661866,
  "P_POIMV_MV0201": -0.06425247569683279,
  "Q_POIMV_MV0201": 0.0018015829974942221,
  "I_POIMV_MV0201": 0.03711077815259906,
  "P_POI_POI_MV": -0.1336013707908113,
  "Q_POI_POI_MV": 0.0038766360376030207,
  "U_POI": 0.9999996100923779,
  "I_POI_POI_MV": 0.07716728260745412
}