{
  "irrad_LV0101": 1145.4773738042131,
  "irrad_LV0102": 1197.8232749462863,
  "irrad_LV0103": 1162.603847256643,
  "irrad_LV0201": 1141.7363390502392,
  "irrad_LV0202": 1058.1563306923433,
  "irrad_LV0203": 1177.4754125219697
}