{
  "irrad_LV0101": 1152.7900825720646,
  "irrad_LV0102": 1145.78053751641,
  "irrad_LV0103": 1164.1966703160995,
  "irrad_LV0201": 1155.1935401587775,
  "irrad_LV0202": 1183.4218075654042,
  "irrad_LV0203": 1176.731917924431
}