{
  "irrad_LV0101": 1166.6604450728375,
  "irrad_LV0102": 1099.0874879364044,
  "irrad_LV0103": 1169.026329673998,
  "irrad_LV0201": 1231.780598377189,
  "irrad_LV0202": 1140.6909106654261,
  "irrad_LV0203": 1177.3023905461118
}