{
  "irrad_LV0101": 1141.5304616517487,
  "irrad_LV0102": 1192.677880411074,
  "irrad_LV0103": 1161.7759015505105,
  "irrad_LV0201": 1181.7387054918265,
  "irrad_LV0202": 1126.8163525451134,
  "irrad_LV0203": 1172.6186881931528
}