{
  "P_LV0101": 0.034792568526056604,
  "Q_LV0101": 0.016825314806794243,
  "U_LV0101": 1.0316016649540007,
  "I_LV0101_MV0101": 0.021629502599419814,
  "P_LV0102": 0.03353992382336665,
  "Q_LV0102": 0.016825314806794243,
  "U_LV0102": 1.031947890524085,
  "I_LV0102_MV0102": 0.02099353934984916,
  "P_LV0103": 0.03657768136060483,
  "Q_LV0103": 0.01682531480679416,
  "U_LV0103": 1.0328850600014958,
  "I_LV0103_MV0103": 0.022505118008469747,
  "P_LV0201": 0.034751002452342555,
  "Q_LV0201": 0.016825314806794257,
  "U_LV0201": 1.0324846508509924,
  "I_LV0201_MV0201": 0.021590082478588436,
  "P_LV0202": 0.03381435893093328,
  "Q_LV0202": 0.01682531480679425,
  "U_LV0202": 1.0328864709660266,
  "I_LV0202_MV0202": 0.021111689484967163,
  "P_LV0203": 0.03473992749603539,
  "Q_LV0203": 0.01682531480679422,
  "U_LV0203": 1.0333787760987747,
  "I_LV0203_MV0203": 0.0215658327757976,
  "P_POIMV_MV0101": -0.1036363922337955,
  "Q_POIMV_MV0101": -0.04464346903520777,
  "U_POIMV": 1.0000090217454232,
  "I_POIMV_MV0101": 0.0651493447608676,
  "P_POIMV_MV0201": -0.10198027797390807,
  "Q_POIMV_MV0201": -0.044774732978673626,
  "I_POIMV_MV0201": 0.06430274744496844,
  "P_POI_POI_MV": -0.20561567020775212,
  "Q_POI_POI_MV": -0.08947478025220335,
  "U_POI": 1.0000089968915395,
  "I_POI_POI_MV": 0.12946381136217155
}