{
  "P_LV0101": 0.3435767712462467,
  "Q_LV0101": 0.17105013337199013,
  "U_LV0101": 1.0432097173372257,
  "I_LV0101_MV0101": 0.21240941351410839,
  "P_LV0102": 0.3592775053800339,
  "Q_LV0102": 0.1710501333719908,
  "U_LV0102": 1.0441372885677869,
  "I_LV0102_MV0102": 0.22002650205476376,
  "P_LV0103": 0.3487137198985613,
  "Q_LV0103": 0.17105013337198935,
  "U_LV0103": 1.0442213508676847,
  "I_LV0103_MV0103": 0.214749915344265,
  "P_LV0201": 0.3424546778105452,
  "Q_LV0201": 0.1710501333719904,
  "U_LV0201": 1.0440530697218957,
  "I_LV0201_MV0201": 0.2116825428520044,
  "P_LV0202": 0.3173855231776852,
  "Q_LV0202": 0.17105013337198952,
  "U_LV0202": 1.044113381492271,
  "I_LV0202_MV0202": 0.19936529210689927,
  "P_LV0203": 0.3531743268857336,
  "Q_LV0203": 0.17105013337199035,
  "U_LV0203": 1.045157970046566,
  "I_LV0203_MV0203": 0.21677243328240436,
  "P_POIMV_MV0101": -1.0390001717194082,
  "Q_POIMV_MV0101": -0.45563975676236623,
  "U_POIMV": 1.0116623912137694,
  "I_POIMV_MV0101": 0.647462762232632,
  "P_POIMV_MV0201": -1.0003541218267173,
  "Q_POIMV_MV0201": -0.4587879457763506,
  "I_POIMV_MV0201": 0.628073915140734,
  "P_POI_POIMV": -2.039344293544899,
  "Q_POI_POIMV": -0.8514439197138017,
  "U_POI": 1.000230039682266,
  "I_POI_POIMV": 1.2756221616469292
}