{
  "P_LV0101": 0.000276,
  "Q_LV0101": 0.000484,
  "U_LV0101": 0.002579,
  "I_LV0101_MV0101": 0.000077,
  "P_LV0102": 0.000275,
  "Q_LV0102": 0.000469,
  "U_LV0102": 0.002580,
  "I_LV0102_MV0102": 0.000075,
  "P_LV0103": 0.000279,
  "Q_LV0103": 0.000505,
  "U_LV0103": 0.002582,
  "I_LV0103_MV0103": 0.000080,
  "P_LV0201": 0.000276,
  "Q_LV0201": 0.000483,
  "U_LV0201": 0.002581,
  "I_LV0201_MV0201": 0.000077,
  "P_LV0202": 0.000275,
  "Q_LV0202": 0.000472,
  "U_LV0202": 0.002582,
  "I_LV0202_MV0202": 0.000076,
  "P_LV0203": 0.000276,
  "Q_LV0203": 0.000483,
  "U_LV0203": 0.002583,
  "I_LV0203_MV0203": 0.000077,
  "P_POIMV_MV0101": 0.000761,
  "Q_POIMV_MV0101": 0.001436,
  "U_POIMV": 0.002500,
  "I_POIMV_MV0101": 0.000232,
  "P_POIMV_MV0201": 0.000760,
  "Q_POIMV_MV0201": 0.001416,
  "I_POIMV_MV0201": 0.000230,
  "P_POI_POI_MV": 0.001521,
  "Q_POI_POI_MV": 0.002853,
  "U_POI": 0.002500,
  "I_POI_POI_MV": 0.000462
}
