{
  "irrad_LV0101": 53.84202913533854,
  "irrad_LV0102": -38.97116848181821,
  "irrad_LV0103": 9.941024571643128,
  "irrad_LV0201": 100.29957721180392,
  "irrad_LV0202": -12.136623074793363,
  "irrad_LV0203": -28.47064659240176
}