{
  "P_LV0101": -0.03030283604996886,
  "Q_LV0101": -0.006555138336225905,
  "U_LV0101": 0.9977206732461783,
  "I_LV0101_MV0101": 0.03107456614340604,
  "P_LV0102": -0.02146043034264928,
  "Q_LV0102": -0.006555138336225523,
  "U_LV0102": 0.9979357141453516,
  "I_LV0102_MV0102": 0.02248566614146089,
  "P_LV0103": -0.021269336109329885,
  "Q_LV0103": -0.006555138336225298,
  "U_LV0103": 0.9979232477629054,
  "I_LV0103_MV0103": 0.022302878318622564,
  "P_LV0201": -0.005992707246447176,
  "Q_LV0201": -0.006555138336225684,
  "U_LV0201": 0.9983725531527227,
  "I_LV0201_MV0201": 0.008896053093836351,
  "P_LV0202": -0.028738996020169258,
  "Q_LV0202": -0.006555138336225989,
  "U_LV0202": 0.9976960667415398,
  "I_LV0202_MV0202": 0.029545175310030695,
  "P_LV0203": -0.013534666848254289,
  "Q_LV0203": -0.006555138336225895,
  "U_LV0203": 0.9981133469383932,
  "I_LV0203_MV0203": 0.015066944817852323,
  "P_POIMV_MV0101": 0.07309100042789396,
  "Q_POIMV_MV0101": 0.01866944741050247,
  "U_POIMV": 0.9995149037140469,
  "I_POIMV_MV0101": 0.07547428597523988,
  "P_POIMV_MV0201": 0.04830342644686425,
  "Q_POIMV_MV0201": 0.018277623041399238,
  "I_POIMV_MV0201": 0.05167090266426229,
  "P_POI_POIMV": 0.12140442687503401,
  "Q_POI_POIMV": 0.03659106628902009,
  "U_POI": 0.9999901045290015,
  "I_POI_POIMV": 0.12680007570716897
}