{
  "P_LV0101": 0.000041,
  "Q_LV0101": 0.000137,
  "U_LV0101": 0.002501,
  "I_LV0101_MV0101": 0.000038,
  "P_LV0102": 0.000075,
  "Q_LV0102": 0.000239,
  "U_LV0102": 0.002501,
  "I_LV0102_MV0102": 0.000062,
  "P_LV0103": 0.000050,
  "Q_LV0103": 0.000167,
  "U_LV0103": 0.002501,
  "I_LV0103_MV0103": 0.000046,
  "P_LV0201": 0.000016,
  "Q_LV0201": 0.000054,
  "U_LV0201": 0.002500,
  "I_LV0201_MV0201": 0.000015,
  "P_LV0202": 0.000083,
  "Q_LV0202": 0.000264,
  "U_LV0202": 0.002499,
  "I_LV0202_MV0202": 0.000069,
  "P_LV0203": 0.000061,
  "Q_LV0203": 0.000200,
  "U_LV0203": 0.002499,
  "I_LV0203_MV0203": 0.000054,
  "P_POIMV_MV0101": 0.000178,
  "Q_POIMV_MV0101": 0.000585,
  "U_POIMV": 0.002500,
  "I_POIMV_MV0101": 0.000160,
  "P_POIMV_MV0201": 0.000171,
  "Q_POIMV_MV0201": 0.000559,
  "I_POIMV_MV0201": 0.000154,
  "P_POI_POIMV": 0.000090,
  "Q_POI_POIMV": 0.000074,
  "U_POI": 0.002500,
  "I_POI_POIMV": 0.000031
}
