{
  "irrad_LV0101": 15.5420792663726,
  "irrad_LV0102": 18.0250598197915,
  "irrad_LV0103": -53.895046533143706,
  "irrad_LV0201": 70.03707274306016,
  "irrad_LV0202": -4.798871939603537,
  "irrad_LV0203": -15.74505317384135
}