{
  "P_LV0101": 0.15610284942830563,
  "Q_LV0101": -4.609107201770139e-16,
  "U_LV0101": 1.003936817571032,
  "I_LV0101_MV0101": 0.15549071086563754,
  "P_LV0102": 0.14868791030354245,
  "Q_LV0102": -3.0896058962007003e-16,
  "U_LV0102": 1.0039512825724475,
  "I_LV0102_MV0102": 0.1481027146282995,
  "P_LV0103": 0.13983916794574552,
  "Q_LV0103": -9.984115573755826e-17,
  "U_LV0103": 1.0038272946530173,
  "I_LV0103_MV0103": 0.13930600282599637,
  "P_LV0201": 0.16985868192018794,
  "Q_LV0201": -1.0382648038151733e-15,
  "U_LV0201": 1.0046203630186823,
  "I_LV0201_MV0201": 0.16907748257241845,
  "P_LV0202": 0.1603759330996395,
  "Q_LV0202": 3.187831187244848e-16,
  "U_LV0202": 1.004606006839578,
  "I_LV0202_MV0202": 0.15964062727852013,
  "P_LV0203": 0.1577486560283713,
  "Q_LV0203": 4.1945613649119045e-16,
  "U_LV0203": 1.0046491614195718,
  "I_LV0203_MV0203": 0.15701865097410925,
  "P_POIMV_MV0101": -0.4426705070952721,
  "Q_POIMV_MV0101": 0.007920844785076042,
  "U_POIMV": 0.9996983988265281,
  "I_POIMV_MV0101": 0.44287493812792694,
  "P_POIMV_MV0201": -0.4854626248185241,
  "Q_POIMV_MV0201": 0.009603014343156246,
  "I_POIMV_MV0201": 0.48570408383718777,
  "P_POI_POIMV": -0.9281231319133376,
  "Q_POI_POIMV": 0.02818511985697114,
  "U_POI": 0.9999923467195534,
  "I_POI_POIMV": 0.9285581007931859
}