{
  "P_LV0101": 0.000552,
  "Q_LV0101": 0.001637,
  "U_LV0101": 0.002510,
  "I_LV0101_MV0101": 0.000389,
  "P_LV0102": 0.000526,
  "Q_LV0102": 0.001559,
  "U_LV0102": 0.002510,
  "I_LV0102_MV0102": 0.000370,
  "P_LV0103": 0.000494,
  "Q_LV0103": 0.001467,
  "U_LV0103": 0.002510,
  "I_LV0103_MV0103": 0.000348,
  "P_LV0201": 0.000601,
  "Q_LV0201": 0.001781,
  "U_LV0201": 0.002512,
  "I_LV0201_MV0201": 0.000423,
  "P_LV0202": 0.000567,
  "Q_LV0202": 0.001682,
  "U_LV0202": 0.002512,
  "I_LV0202_MV0202": 0.000399,
  "P_LV0203": 0.000558,
  "Q_LV0203": 0.001654,
  "U_LV0203": 0.002512,
  "I_LV0203_MV0203": 0.000393,
  "P_POIMV_MV0101": 0.001567,
  "Q_POIMV_MV0101": 0.004643,
  "U_POIMV": 0.002499,
  "I_POIMV_MV0101": 0.001107,
  "P_POIMV_MV0201": 0.001719,
  "Q_POIMV_MV0201": 0.005092,
  "I_POIMV_MV0201": 0.001214,
  "P_POI_POIMV": 0.003295,
  "Q_POI_POIMV": 0.009735,
  "U_POI": 0.002500,
  "I_POI_POIMV": 0.002321
}
