{
  "P_LV0101": 0.000125,
  "Q_LV0101": 0.000284,
  "U_LV0101": 0.002495,
  "I_LV0101_MV0101": 0.000077,
  "P_LV0102": 0.000129,
  "Q_LV0102": 0.000161,
  "U_LV0102": 0.002497,
  "I_LV0102_MV0102": 0.000054,
  "P_LV0103": 0.000114,
  "Q_LV0103": 0.000193,
  "U_LV0103": 0.002498,
  "I_LV0103_MV0103": 0.000057,
  "P_LV0201": 0.000122,
  "Q_LV0201": 0.000271,
  "U_LV0201": 0.002498,
  "I_LV0201_MV0201": 0.000074,
  "P_LV0202": 0.000135,
  "Q_LV0202": 0.000332,
  "U_LV0202": 0.002498,
  "I_LV0202_MV0202": 0.000088,
  "P_LV0203": 0.000111,
  "Q_LV0203": 0.000195,
  "U_LV0203": 0.002496,
  "I_LV0203_MV0203": 0.000057,
  "P_POIMV_MV0101": 0.000421,
  "Q_POIMV_MV0101": 0.000125,
  "U_POIMV": 0.002499,
  "I_POIMV_MV0101": 0.000117,
  "P_POIMV_MV0201": 0.000348,
  "Q_POIMV_MV0201": 0.000552,
  "I_POIMV_MV0201": 0.000169,
  "P_POI_POIMV": 0.000782,
  "Q_POI_POIMV": 0.000716,
  "U_POI": 0.002500,
  "I_POI_POIMV": 0.000280
}
