{
  "irrad_LV0101": -132.63497999811688,
  "irrad_LV0102": 0.87196875624191,
  "irrad_LV0103": -10.855879791286812,
  "irrad_LV0201": 19.56474502371926,
  "irrad_LV0202": -12.364964388025497,
  "irrad_LV0203": 4.293540597615257
}