{
  "P_LV0101": -0.039782800799217234,
  "Q_LV0101": 0.0006237163715267551,
  "U_LV0101": 0.9990426309580358,
  "I_LV0101_MV0101": 0.039825817829204815,
  "P_LV0102": 0.00026154005024319865,
  "Q_LV0102": 0.0006237163715276726,
  "U_LV0102": 1.0001702236820111,
  "I_LV0102_MV0102": 0.0006762171400563733,
  "P_LV0103": -0.0032561342659616858,
  "Q_LV0103": 0.0006237163715270422,
  "U_LV0103": 1.0000705738533746,
  "I_LV0103_MV0103": 0.003315098975718865,
  "P_LV0201": 0.005868288697123119,
  "Q_LV0201": 0.0006237163715258422,
  "U_LV0201": 1.000346937884882,
  "I_LV0201_MV0201": 0.005899295052122087,
  "P_LV0202": -0.003708772113851244,
  "Q_LV0202": 0.0006237163715259836,
  "U_LV0202": 1.000080472940807,
  "I_LV0202_MV0202": 0.003760550034071049,
  "P_LV0203": 0.001287813141908003,
  "Q_LV0203": 0.0006237163715277092,
  "U_LV0203": 1.0002206927701074,
  "I_LV0203_MV0203": 0.0014305877706313357,
  "P_POIMV_MV0101": 0.042822430545129464,
  "Q_POIMV_MV0101": -0.0029223032458958187,
  "U_POIMV": 1.0000916825055288,
  "I_POIMV_MV0101": 0.04291809230463665,
  "P_POIMV_MV0201": -0.003445879815558328,
  "Q_POIMV_MV0201": -0.003420588019423576,
  "I_POIMV_MV0201": 0.004854913794909001,
  "P_POI_POIMV": 0.03938655072945823,
  "Q_POI_POIMV": -0.0068880835092386405,
  "U_POI": 1.0000018625923939,
  "I_POI_POIMV": 0.039984248363405826
}