{
  "P_LV0101": 0.2929,
  "Q_LV0101": -0.0042,
  "U_LV0101": 1.005984112308967,
  "I_LV0101_MV0101": 0.2911876117599596,
  "P_LV0102": 0.1949,
  "Q_LV0102": -0.0028,
  "U_LV0102": 1.0042621732417347,
  "I_LV0102_MV0102": 0.19409285447320154,
  "P_LV0103": 0.2895,
  "Q_LV0103": -0.0043,
  "U_LV0103": 1.0064107104100557,
  "I_LV0103_MV0103": 0.2876876504081003,
  "P_LV0201": 0.1969,
  "Q_LV0201": -0.0028,
  "U_LV0201": 1.0043263075506834,
  "I_LV0201_MV0201": 0.19607164135750585,
  "P_LV0202": 0.1975,
  "Q_LV0202": -0.0028,
  "U_LV0202": 1.0046072622362143,
  "I_LV0202_MV0202": 0.19661399487416825,
  "P_LV0203": 0.1993,
  "Q_LV0203": -0.0028,
  "U_LV0203": 1.0047838713921002,
  "I_LV0203_MV0203": 0.19837068801524949,
  "P_POIMV_MV0101": -0.7711715654434247,
  "Q_POIMV_MV0101": 0.03882106994408918,
  "U_POIMV": 0.9990395946053193,
  "I_POIMV_MV0101": 0.7728903689685307,
  "P_POIMV_MV0201": -0.5899637999350202,
  "Q_POIMV_MV0201": 0.02335771869035748,
  "I_POIMV_MV0201": 0.5909935991826517,
  "P_POI_POIMV": -1.361135365417223,
  "Q_POI_POIMV": 0.08583346019678859,
  "U_POI": 1.0,
  "I_POI_POIMV": 1.363839017581925
}