{
  "P_LV0101": 0.2995908625980225,
  "Q_LV0101": -0.0042959427207637235,
  "P_LV0102": 0.19935219911353563,
  "Q_LV0102": -0.002863961813842482,
  "P_LV0103": 0.2961131946812138,
  "Q_LV0103": -0.004398227071258097,
  "P_LV0201": 0.2013978861234231,
  "Q_LV0201": -0.002863961813842482,
  "P_LV0202": 0.20201159222638937,
  "Q_LV0202": -0.002863961813842482,
  "P_LV0203": 0.2038527105352881,
  "Q_LV0203": -0.002863961813842482,
  "U_POI": 1
}