{
  "irrad_LV0101": 419.35760522525453,
  "irrad_LV0102": 409.62765801015513,
  "irrad_LV0103": 434.9288927863844,
  "irrad_LV0201": 457.6914303635391,
  "irrad_LV0202": 538.4777865364148,
  "irrad_LV0203": 475.78221895974343
}