{
  "P_LV0101": 0.000166,
  "Q_LV0101": 0.000329,
  "U_LV0101": 0.002536,
  "I_LV0101_MV0101": 0.000055,
  "P_LV0102": 0.000169,
  "Q_LV0102": 0.000306,
  "U_LV0102": 0.002536,
  "I_LV0102_MV0102": 0.000052,
  "P_LV0103": 0.000167,
  "Q_LV0103": 0.000319,
  "U_LV0103": 0.002537,
  "I_LV0103_MV0103": 0.000054,
  "P_LV0201": 0.000171,
  "Q_LV0201": 0.000286,
  "U_LV0201": 0.002535,
  "I_LV0201_MV0201": 0.000050,
  "P_LV0202": 0.000170,
  "Q_LV0202": 0.000291,
  "U_LV0202": 0.002536,
  "I_LV0202_MV0202": 0.000050,
  "P_LV0203": 0.000170,
  "Q_LV0203": 0.000300,
  "U_LV0203": 0.002537,
  "I_LV0203_MV0203": 0.000052,
  "P_POIMV_MV0101": 0.000483,
  "Q_POIMV_MV0101": 0.000948,
  "U_POIMV": 0.002500,
  "I_POIMV_MV0101": 0.000161,
  "P_POIMV_MV0201": 0.000494,
  "Q_POIMV_MV0201": 0.000871,
  "I_POIMV_MV0201": 0.000152,
  "P_POI_POI_MV": 0.000978,
  "Q_POI_POI_MV": 0.001823,
  "U_POI": 0.002500,
  "I_POI_POI_MV": 0.000313
}
