{
    "090neg": {
        "08": {
            "2": {
                "Precision": 0.0,
                "Accuracy": 0.9428571428571406,
                "Recall": 0.0,
                "F1": 0.0,
                "norm2": 5.55283213719506e-05,
                "norminf": 0.000287318139759708,
                "z": 0.0003262411883211604
            },
            "3": {
                "Precision": 0.0,
                "Accuracy": 0.9142857142857124,
                "Recall": 0.0,
                "F1": 0.0,
                "norm2": 7.274481049599618e-05,
                "norminf": 0.00041840938491109704,
                "z": 0.0003590947225690206
            },
            "4": {
                "Precision": 0.0,
                "Accuracy": 0.885714285714286,
                "Recall": 0.0,
                "F1": 0.0,
                "norm2": 9.130748801432636e-05,
                "norminf": 0.00047714632265624,
                "z": 0.0003066149009271128
            },
            "5": {
                "Precision": 0.0,
                "Accuracy": 0.8571428571428572,
                "Recall": 0.0,
                "F1": 0.0,
                "norm2": 0.00011405432671787476,
                "norminf": 0.0005815720194181739,
                "z": 0.0003032571459054289
            },
            "6": {
                "Precision": 0.0,
                "Accuracy": 0.8285714285714275,
                "Recall": 0.0,
                "F1": 0.0,
                "norm2": 0.00013906295674290223,
                "norminf": 0.000694518458070763,
                "z": 0.00029286284564629205
            },
            "7": {
                "Precision": 0.0,
                "Accuracy": 0.7999999999999985,
                "Recall": 0.0,
                "F1": 0.0,
                "norm2": 0.00017456123662326333,
                "norminf": 0.000875291619175329,
                "z": 0.0002978682228683724
            },
            "8": {
                "Precision": 0.0,
                "Accuracy": 0.7714285714285721,
                "Recall": 0.0,
                "F1": 0.0,
                "norm2": 0.00016497354001973236,
                "norminf": 0.0008208127756636286,
                "z": 0.00027818539165913613
            },
            "9": {
                "Precision": 0.0,
                "Accuracy": 0.7428571428571427,
                "Recall": 0.0,
                "F1": 0.0,
                "norm2": 0.0002096954965805198,
                "norminf": 0.0009930279269028718,
                "z": 0.0002857189232469295
            },
            "10": {
                "Precision": 0.0,
                "Accuracy": 0.7142857142857142,
                "Recall": 0.0,
                "F1": 0.0,
                "norm2": 0.00022711272175044984,
                "norminf": 0.0010829761372421953,
                "z": 0.0002915764769380796
            }
        },
        "10": {
            "2": {
                "Precision": 0.0,
                "Accuracy": 0.9428571428571406,
                "Recall": 0.0,
                "F1": 0.0,
                "norm2": 6.825888742665703e-05,
                "norminf": 0.000530033099535493,
                "z": 0.0010997051643790367
            },
            "3": {
                "Precision": 0.0,
                "Accuracy": 0.9142857142857124,
                "Recall": 0.0,
                "F1": 0.0,
                "norm2": 9.317932674221255e-05,
                "norminf": 0.0007045086413472224,
                "z": 0.001081707635204866
            },
            "4": {
                "Precision": 0.0,
                "Accuracy": 0.885714285714286,
                "Recall": 0.0,
                "F1": 0.0,
                "norm2": 0.00013215151598740808,
                "norminf": 0.0009488832470513408,
                "z": 0.0011222554799315406
            },
            "5": {
                "Precision": 0.0,
                "Accuracy": 0.8571428571428572,
                "Recall": 0.0,
                "F1": 0.0,
                "norm2": 0.00014164254110663336,
                "norminf": 0.0010135448313450402,
                "z": 0.0009827774605626173
            },
            "6": {
                "Precision": 0.0,
                "Accuracy": 0.8285714285714275,
                "Recall": 0.0,
                "F1": 0.0,
                "norm2": 0.00016357089284493864,
                "norminf": 0.0010957091696548404,
                "z": 0.0009059952398310848
            },
            "7": {
                "Precision": 0.0,
                "Accuracy": 0.7999999999999985,
                "Recall": 0.0,
                "F1": 0.0,
                "norm2": 0.00019627762997085545,
                "norminf": 0.0013386359157856798,
                "z": 0.000967898949470932
            },
            "8": {
                "Precision": 0.0,
                "Accuracy": 0.7714285714285721,
                "Recall": 0.0,
                "F1": 0.0,
                "norm2": 0.0002005722358395923,
                "norminf": 0.0013248154859931483,
                "z": 0.0008773834120146362
            },
            "9": {
                "Precision": 0.0,
                "Accuracy": 0.7428571428571427,
                "Recall": 0.0,
                "F1": 0.0,
                "norm2": 0.0002442433677514696,
                "norminf": 0.0015247434977949015,
                "z": 0.0008478952260909707
            },
            "10": {
                "Precision": 0.0,
                "Accuracy": 0.7142857142857142,
                "Recall": 0.0,
                "F1": 0.0,
                "norm2": 0.0002542881901717861,
                "norminf": 0.0015787175840367507,
                "z": 0.0008920587454071876
            }
        },
        "13": {
            "2": {
                "Precision": 0.16,
                "Accuracy": 0.9474285714285697,
                "Recall": 0.08,
                "F1": 0.10666666666666665,
                "norm2": 7.74448741946069e-05,
                "norminf": 0.0007340502356969347,
                "z": 0.0019023609057808536
            },
            "3": {
                "Precision": 0.28,
                "Accuracy": 0.9228571428571408,
                "Recall": 0.1,
                "F1": 0.146,
                "norm2": 0.00011036576602221067,
                "norminf": 0.0009947392555626532,
                "z": 0.0019574417112591725
            },
            "4": {
                "Precision": 0.29,
                "Accuracy": 0.8939999999999997,
                "Recall": 0.0725,
                "F1": 0.11600000000000005,
                "norm2": 0.00012925108287931844,
                "norminf": 0.0010418270307590949,
                "z": 0.0015868956484317443
            },
            "5": {
                "Precision": 0.31,
                "Accuracy": 0.8671428571428572,
                "Recall": 0.07000000000000002,
                "F1": 0.11285714285714288,
                "norm2": 0.0001681137039145841,
                "norminf": 0.0013134582179048825,
                "z": 0.001662020444646052
            },
            "6": {
                "Precision": 0.44,
                "Accuracy": 0.8414285714285704,
                "Recall": 0.08166666666666672,
                "F1": 0.1359523809523811,
                "norm2": 0.0001739941385761991,
                "norminf": 0.001458997204996887,
                "z": 0.0018531845790820342
            },
            "7": {
                "Precision": 0.4116666666666666,
                "Accuracy": 0.8142857142857132,
                "Recall": 0.07857142857142863,
                "F1": 0.12838888888888886,
                "norm2": 0.00021594992350774345,
                "norminf": 0.001638709141072049,
                "z": 0.0015524808452601993
            },
            "8": {
                "Precision": 0.43,
                "Accuracy": 0.7877142857142856,
                "Recall": 0.0775,
                "F1": 0.1283636363636363,