{
    "090neg": {
        "08": {
            "2": {
                "Precision": 0.16,
                "Accuracy": 0.9494285714285698,
                "Recall": 0.115,
                "F1": 0.12999999999999998,
                "norm2": 0.00024248352619911075,
                "norminf": 0.0012148112463858008,
                "z": 0.00135065927411873
            },
            "3": {
                "Precision": 0.17,
                "Accuracy": 0.9251428571428555,
                "Recall": 0.12666666666666665,
                "F1": 0.14200000000000002,
                "norm2": 0.00034898937448283186,
                "norminf": 0.0016876559058142627,
                "z": 0.001237020444592103
            },
            "4": {
                "Precision": 0.24,
                "Accuracy": 0.9034285714285715,
                "Recall": 0.1625,
                "F1": 0.18942857142857147,
                "norm2": 0.00040999373290183405,
                "norminf": 0.002025817481874055,
                "z": 0.0011841517282026792
            },
            "5": {
                "Precision": 0.2583333333333333,
                "Accuracy": 0.8800000000000001,
                "Recall": 0.166,
                "F1": 0.19785714285714284,
                "norm2": 0.0005452783627447155,
                "norminf": 0.0025363562363621226,
                "z": 0.0011919099621013386
            },
            "6": {
                "Precision": 0.20800000000000002,
                "Accuracy": 0.8482857142857131,
                "Recall": 0.12333333333333331,
                "F1": 0.1507763347763348,
                "norm2": 0.0005940099440874409,
                "norminf": 0.002819123354332326,
                "z": 0.0011586158663726203
            },
            "7": {
                "Precision": 0.26833333333333337,
                "Accuracy": 0.8319999999999986,
                "Recall": 0.1614285714285714,
                "F1": 0.19668764568764566,
                "norm2": 0.0007124656096320005,
                "norminf": 0.0033135343347514123,
                "z": 0.0011699077128482947
            },
            "8": {
                "Precision": 0.3005,
                "Accuracy": 0.8085714285714289,
                "Recall": 0.16875,
                "F1": 0.21190975690975697,
                "norm2": 0.0007772421880328109,
                "norminf": 0.0035095830949634075,
                "z": 0.0010818386327738879
            },
            "9": {
                "Precision": 0.3256666666666667,
                "Accuracy": 0.7828571428571426,
                "Recall": 0.1688888888888889,
                "F1": 0.2171352813852814,
                "norm2": 0.0009286380616673848,
                "norminf": 0.004204259197588839,
                "z": 0.0011892783319368565
            },
            "10": {
                "Precision": 0.3403809523809524,
                "Accuracy": 0.7619999999999998,
                "Recall": 0.176,
                "F1": 0.22879235796882863,
                "norm2": 0.0010383323940902002,
                "norminf": 0.00460403453184731,
                "z": 0.0011231287733135835
            }
        },
        "10": {
            "2": {
                "Precision": 0.39,
                "Accuracy": 0.9582857142857131,
                "Recall": 0.28,
                "F1": 0.31666666666666676,
                "norm2": 0.0002365826043019352,
                "norminf": 0.0016353496375330978,
                "z": 0.003984587366235994
            },
            "3": {
                "Precision": 0.5525,
                "Accuracy": 0.9431428571428557,
                "Recall": 0.37000000000000005,
                "F1": 0.4285714285714285,
                "norm2": 0.00033516677028256345,
                "norminf": 0.002070611596228931,
                "z": 0.003384881750668153
            },
            "4": {
                "Precision": 0.5118333333333334,
                "Accuracy": 0.9131428571428567,
                "Recall": 0.29,
                "F1": 0.3519920634920634,
                "norm2": 0.00044628435942410503,
                "norminf": 0.002579648596579147,
                "z": 0.003076488480385246
            },
            "5": {
                "Precision": 0.6468333333333334,
                "Accuracy": 0.8999999999999986,
                "Recall": 0.3379999999999999,
                "F1": 0.42954256854256856,
                "norm2": 0.0004770215540201852,
                "norminf": 0.0028473168818275428,
                "z": 0.003120663997208346
            },
            "6": {
                "Precision": 0.6402142857142857,
                "Accuracy": 0.8794285714285706,
                "Recall": 0.36833333333333335,
                "F1": 0.4517455877455873,
                "norm2": 0.000557629830471721,
                "norminf": 0.003304774841417506,
                "z": 0.0033250296386893095
            },
            "7": {
                "Precision": 0.7010476190476189,
                "Accuracy": 0.8611428571428561,
                "Recall": 0.374285714285714,
                "F1": 0.4758207348207348,
                "norm2": 0.0006687515631106788,
                "norminf": 0.0035905222451441156,
                "z": 0.0030278609182179733
            },
            "8": {
                "Precision": 0.7165833333333331,
                "Accuracy": 0.8368571428571425,
                "Recall": 0.35,
                "F1": 0.4574990287490288,
                "norm2": 0.0007389053759832172,
                "norminf": 0.00416143382309812,
                "z": 0.0032358775804146502
            },
            "9": {
                "Precision": 0.6999563492063491,
                "Accuracy": 0.8139999999999995,
                "Recall": 0.35333333333333317,
                "F1": 0.45643819089407317,
                "norm2": 0.0008403477687701283,
                "norminf": 0.004641553403107259,
                "z": 0.0031079774829410843
            },
            "10": {
                "Precision": 0.7500714285714287,
                "Accuracy": 0.795999999999999,
                "Recall": 0.34600000000000003,
                "F1": 0.4632204266321911,
                "norm2": 0.0009709701923243421,
                "norminf": 0.0052143664165226426,
                "z": 0.0031568190760651238
            }
        },
        "13": {
            "2": {
                "Precision": 0.75,
                "Accuracy": 0.972285714285714,
                "Recall": 0.555,
                "F1": 0.6173333333333327,
                "norm2": 0.00026493560858095933,
                "norminf": 0.0019605051534756146,
                "z": 0.005856488321117169
            },
            "3": {
                "Precision": 0.7766666666666666,
                "Accuracy": 0.9554285714285701,
                "Recall": 0.5266666666666668,
                "F1": 0.6053809523809519,
                "norm2": 0.0003472625493330462,
                "norminf": 0.0024979546826825816,
                "z": 0.0056302455038638455
            },
            "4": {
                "Precision": 0.8228333333333333,
                "Accuracy": 0.9302857142857133,
                "Recall": 0.45,
                "F1": 0.5579126984126976,
                "norm2": 0.00039156153726324037,
                "norminf": 0.00260374314433811,
                "z": 0.005617794257875674
            },
            "5": {
                "Precision": 0.9003333333333334,
                "Accuracy": 0.9188571428571416,
                "Recall": 0.4919999999999999,
                "F1": 0.6137857142857139,
                "norm2": 0.00045011646196938015,
                "norminf": 0.0030877457741524893,
                "z": 0.005019967767224026
            },
            "6": {
                "Precision": 0.8523333333333334,
                "Accuracy": 0.886857142857142,
                "Recall": 0.4100000000000001,
                "F1": 0.5339199134199129,