{
    "090neg": {
        "08": {
            "2": {
                "Precision": 0.0,
                "Accuracy": 0.9428571428571406,
                "Recall": 0.0,
                "F1": 0.0,
                "norm2": 5.1515293947311896e-05,
                "norminf": 0.00029709889816826316,
                "z": 0.000340311285712245
            },
            "3": {
                "Precision": 0.0,
                "Accuracy": 0.9142857142857124,
                "Recall": 0.0,
                "F1": 0.0,
                "norm2": 7.28389231479489e-05,
                "norminf": 0.0003976443500147342,
                "z": 0.00032865282700241194
            },
            "4": {
                "Precision": 0.0,
                "Accuracy": 0.885714285714286,
                "Recall": 0.0,
                "F1": 0.0,
                "norm2": 9.123714023963739e-05,
                "norminf": 0.00048642263726039194,
                "z": 0.0002856782685307634
            },
            "5": {
                "Precision": 0.0,
                "Accuracy": 0.8571428571428572,
                "Recall": 0.0,
                "F1": 0.0,
                "norm2": 0.00011289675316957294,
                "norminf": 0.0005866699866893821,
                "z": 0.00031043671071931937
            },
            "6": {
                "Precision": 0.0,
                "Accuracy": 0.8285714285714275,
                "Recall": 0.0,
                "F1": 0.0,
                "norm2": 0.00014194866953804632,
                "norminf": 0.0006880424015721854,
                "z": 0.0002797502330581065
            },
            "7": {
                "Precision": 0.0,
                "Accuracy": 0.7999999999999985,
                "Recall": 0.0,
                "F1": 0.0,
                "norm2": 0.00016422003545454536,
                "norminf": 0.0007968795743889356,
                "z": 0.00028528043472280035
            },
            "8": {
                "Precision": 0.0,
                "Accuracy": 0.7714285714285721,
                "Recall": 0.0,
                "F1": 0.0,
                "norm2": 0.0001753141692915735,
                "norminf": 0.0008524846213203463,
                "z": 0.0002674543845160202
            },
            "9": {
                "Precision": 0.0,
                "Accuracy": 0.7428571428571427,
                "Recall": 0.0,
                "F1": 0.0,
                "norm2": 0.00018902771958168336,
                "norminf": 0.0009296505487589224,
                "z": 0.00027936478528328777
            },
            "10": {
                "Precision": 0.0,
                "Accuracy": 0.7142857142857142,
                "Recall": 0.0,
                "F1": 0.0,
                "norm2": 0.00022619504551841697,
                "norminf": 0.001058390167725698,
                "z": 0.0002741711770618253
            }
        },
        "10": {
            "2": {
                "Precision": 0.0,
                "Accuracy": 0.9428571428571406,
                "Recall": 0.0,
                "F1": 0.0,
                "norm2": 7.313414207642381e-05,
                "norminf": 0.0005698901549214563,
                "z": 0.0010622692388880918
            },
            "3": {
                "Precision": 0.0,
                "Accuracy": 0.9142857142857124,
                "Recall": 0.0,
                "F1": 0.0,
                "norm2": 9.670982700185529e-05,
                "norminf": 0.0007227012388964716,
                "z": 0.0009758586796863748
            },
            "4": {
                "Precision": 0.0,
                "Accuracy": 0.885714285714286,
                "Recall": 0.0,
                "F1": 0.0,
                "norm2": 0.00010824659834874798,
                "norminf": 0.0008355819557892908,
                "z": 0.000986030365005463
            },
            "5": {
                "Precision": 0.0,
                "Accuracy": 0.8571428571428572,
                "Recall": 0.0,
                "F1": 0.0,
                "norm2": 0.00013921044906295353,
                "norminf": 0.0010113012726881432,
                "z": 0.0010739469391359223
            },
            "6": {
                "Precision": 0.0,
                "Accuracy": 0.8285714285714275,
                "Recall": 0.0,
                "F1": 0.0,
                "norm2": 0.0001844054796504822,
                "norminf": 0.0011680741345988933,
                "z": 0.0008837491258454544
            },
            "7": {
                "Precision": 0.0,
                "Accuracy": 0.7999999999999985,
                "Recall": 0.0,
                "F1": 0.0,
                "norm2": 0.00018639423294539493,
                "norminf": 0.0012525721889267826,
                "z": 0.0009079186814483588
            },
            "8": {
                "Precision": 0.0,
                "Accuracy": 0.7714285714285721,
                "Recall": 0.0,
                "F1": 0.0,
                "norm2": 0.00020737547175982404,
                "norminf": 0.001326091048545802,
                "z": 0.0008274471746588899
            },
            "9": {
                "Precision": 0.0,
                "Accuracy": 0.7428571428571427,
                "Recall": 0.0,
                "F1": 0.0,
                "norm2": 0.00024875973947437917,
                "norminf": 0.0015523421516982516,
                "z": 0.0008651130923821115
            },
            "10": {
                "Precision": 0.0,
                "Accuracy": 0.7142857142857142,
                "Recall": 0.0,
                "F1": 0.0,
                "norm2": 0.0002681697978874228,
                "norminf": 0.0016391295928882587,
                "z": 0.0008860918824265586
            }
        },
        "13": {
            "2": {
                "Precision": 0.29,
                "Accuracy": 0.95142857142857,
                "Recall": 0.15,
                "F1": 0.19666666666666668,
                "norm2": 7.989855042156255e-05,
                "norminf": 0.0007958654324932091,
                "z": 0.0022879250670621008
            },
            "3": {
                "Precision": 0.28,
                "Accuracy": 0.9231428571428553,
                "Recall": 0.10333333333333333,
                "F1": 0.149,
                "norm2": 0.00010788407111081365,
                "norminf": 0.0009904733881294391,
                "z": 0.001958971512282157
            },
            "4": {
                "Precision": 0.37,
                "Accuracy": 0.897428571428571,
                "Recall": 0.1025,
                "F1": 0.15866666666666673,
                "norm2": 0.0001384525684569058,
                "norminf": 0.0011507728722496113,
                "z": 0.001720861830599487
            },
            "5": {
                "Precision": 0.32,
                "Accuracy": 0.8680000000000002,
                "Recall": 0.07600000000000004,
                "F1": 0.12095238095238098,
                "norm2": 0.00015274718599643335,
                "norminf": 0.0012014791031293014,
                "z": 0.0016434112595801144
            },
            "6": {
                "Precision": 0.395,
                "Accuracy": 0.8411428571428564,
                "Recall": 0.08000000000000002,
                "F1": 0.13107142857142864,
                "norm2": 0.00018146093515337055,
                "norminf": 0.001433757778567697,
                "z": 0.0016119543189008784
            },
            "7": {
                "Precision": 0.4,
                "Accuracy": 0.8159999999999986,
                "Recall": 0.08285714285714288,
                "F1": 0.13422222222222221,
                "norm2": 0.00019994116128302448,
                "norminf": 0.001513803646302253,
                "z": 0.0016193459625573733
            },
            "8": {
                "Precision": 0.405,
                "Accuracy": 0.785142857142857,
                "Recall": 0.06375,
                "F1": 0.1086666666666666,