{
    "090neg": {
        "08": {
            "2": {
                "Precision": 0.20666666666666667,
                "Accuracy": 0.9522857142857126,
                "Recall": 0.17,
                "F1": 0.18133333333333332,
                "norm2": 0.0003444442454487942,
                "norminf": 0.0017856483079324958,
                "z": 0.002024131691687525
            },
            "3": {
                "Precision": 0.355,
                "Accuracy": 0.9348571428571413,
                "Recall": 0.24333333333333335,
                "F1": 0.2840000000000001,
                "norm2": 0.0003913754056907933,
                "norminf": 0.0019123342076554073,
                "z": 0.0016064961542199016
            },
            "4": {
                "Precision": 0.39166666666666666,
                "Accuracy": 0.9111428571428568,
                "Recall": 0.2425,
                "F1": 0.29047619047619055,
                "norm2": 0.0005090180040033999,
                "norminf": 0.0026247735601546253,
                "z": 0.0016413861327152157
            },
            "5": {
                "Precision": 0.5398333333333333,
                "Accuracy": 0.8971428571428569,
                "Recall": 0.308,
                "F1": 0.3796926406926407,
                "norm2": 0.0005623228105531005,
                "norminf": 0.002879363651363921,
                "z": 0.001604934277094319
            },
            "6": {
                "Precision": 0.5036666666666667,
                "Accuracy": 0.8717142857142847,
                "Recall": 0.2749999999999999,
                "F1": 0.34790764790764805,
                "norm2": 0.0006321543836338363,
                "norminf": 0.003213167830845266,
                "z": 0.001587592333834999
            },
            "7": {
                "Precision": 0.5575,
                "Accuracy": 0.8514285714285702,
                "Recall": 0.2828571428571428,
                "F1": 0.36438733488733477,
                "norm2": 0.0006531248662710429,
                "norminf": 0.0033310797567141105,
                "z": 0.0015730514377434637
            },
            "8": {
                "Precision": 0.6246666666666667,
                "Accuracy": 0.8357142857142857,
                "Recall": 0.3075,
                "F1": 0.4021240981240981,
                "norm2": 0.0008848833680136115,
                "norminf": 0.00411967316309713,
                "z": 0.0014866992875763785
            },
            "9": {
                "Precision": 0.640297619047619,
                "Accuracy": 0.8111428571428569,
                "Recall": 0.3233333333333333,
                "F1": 0.4180622563710799,
                "norm2": 0.0009904795576524995,
                "norminf": 0.004497534064607924,
                "z": 0.001488656005767348
            },
            "10": {
                "Precision": 0.6430753968253969,
                "Accuracy": 0.785714285714285,
                "Recall": 0.3220000000000002,
                "F1": 0.4197240461636745,
                "norm2": 0.0010831278046500783,
                "norminf": 0.00509886909608838,
                "z": 0.0015783958221602828
            }
        },
        "10": {
            "2": {
                "Precision": 0.7,
                "Accuracy": 0.9697142857142853,
                "Recall": 0.47,
                "F1": 0.5466666666666662,
                "norm2": 0.00026407000010202466,
                "norminf": 0.0017431319284174096,
                "z": 0.0047284084217117765
            },
            "3": {
                "Precision": 0.7383333333333334,
                "Accuracy": 0.95342857142857,
                "Recall": 0.4766666666666668,
                "F1": 0.5590476190476188,
                "norm2": 0.00030493284454041606,
                "norminf": 0.0019005464543663663,
                "z": 0.004218970781053474
            },
            "4": {
                "Precision": 0.8091666666666667,
                "Accuracy": 0.933142857142856,
                "Recall": 0.4475,
                "F1": 0.5501666666666659,
                "norm2": 0.0004204746986587504,
                "norminf": 0.002475262151741776,
                "z": 0.003793152289055315
            },
            "5": {
                "Precision": 0.9083333333333333,
                "Accuracy": 0.919999999999999,
                "Recall": 0.46599999999999997,
                "F1": 0.5953571428571425,
                "norm2": 0.00043549664437222724,
                "norminf": 0.0026645178445394535,
                "z": 0.004098639224064807
            },
            "6": {
                "Precision": 0.8778333333333334,
                "Accuracy": 0.895142857142856,
                "Recall": 0.43999999999999995,
                "F1": 0.56600505050505,
                "norm2": 0.0005682928350463595,
                "norminf": 0.0034577861309688417,
                "z": 0.004315483415348709
            },
            "7": {
                "Precision": 0.8211785714285714,
                "Accuracy": 0.8742857142857134,
                "Recall": 0.47999999999999987,
                "F1": 0.5894623709623708,
                "norm2": 0.0006646451140367696,
                "norminf": 0.004132324802670844,
                "z": 0.004763230232213908
            },
            "8": {
                "Precision": 0.8487142857142858,
                "Accuracy": 0.8528571428571423,
                "Recall": 0.44625,
                "F1": 0.5714107004107002,
                "norm2": 0.0008464729534426281,
                "norminf": 0.0050515970569468,
                "z": 0.004166622665451247
            },
            "9": {
                "Precision": 0.8099325396825395,
                "Accuracy": 0.823428571428571,
                "Recall": 0.41,
                "F1": 0.5329993356316884,
                "norm2": 0.0009199497991332301,
                "norminf": 0.0053602733281074635,
                "z": 0.004619741335423807
            },
            "10": {
                "Precision": 0.7909682539682538,
                "Accuracy": 0.795428571428571,
                "Recall": 0.412,
                "F1": 0.530829481320193,
                "norm2": 0.0010857696668848296,
                "norminf": 0.006047967638672963,
                "z": 0.0043891975629692
            }
        },
        "13": {
            "2": {
                "Precision": 0.94,
                "Accuracy": 0.9814285714285714,
                "Recall": 0.69,
                "F1": 0.7733333333333331,
                "norm2": 0.00022422968653625165,
                "norminf": 0.001665975641446489,
                "z": 0.006593585760499501
            },
            "3": {
                "Precision": 0.9564999999999999,
                "Accuracy": 0.9617142857142853,
                "Recall": 0.593333333333333,
                "F1": 0.7058571428571423,
                "norm2": 0.00033767897105094305,
                "norminf": 0.0025619210272587577,
                "z": 0.006481878031561575
            },
            "4": {
                "Precision": 0.9433333333333335,
                "Accuracy": 0.9425714285714275,
                "Recall": 0.5475,
                "F1": 0.6661428571428565,
                "norm2": 0.0004227897378406037,
                "norminf": 0.0030393432882039172,
                "z": 0.0062404745570475454
            },
            "5": {
                "Precision": 0.9343333333333333,
                "Accuracy": 0.9248571428571419,
                "Recall": 0.5279999999999998,
                "F1": 0.6507619047619042,
                "norm2": 0.0005153039140949957,
                "norminf": 0.0038320186731050066,
                "z": 0.006729612194641019
            },
            "6": {
                "Precision": 0.8486904761904763,
                "Accuracy": 0.8919999999999991,
                "Recall": 0.48,
                "F1": 0.5924247974247969,