{
    "090neg": {
        "08": {
            "2": {
                "Precision": 0.07,
                "Accuracy": 0.9454285714285695,
                "Recall": 0.045,
                "F1": 0.05333333333333334,
                "norm2": 0.00023676656428883033,
                "norminf": 0.0012981708767430366,
                "z": 0.0015973895184503545
            },
            "3": {
                "Precision": 0.106,
                "Accuracy": 0.9205714285714266,
                "Recall": 0.08,
                "F1": 0.0875,
                "norm2": 0.00033854966525398623,
                "norminf": 0.0017926320845397137,
                "z": 0.0014805320919591878
            },
            "4": {
                "Precision": 0.09,
                "Accuracy": 0.8914285714285716,
                "Recall": 0.05,
                "F1": 0.06304761904761905,
                "norm2": 0.00042331893647541555,
                "norminf": 0.0021612836731979513,
                "z": 0.0013444592324530844
            },
            "5": {
                "Precision": 0.158,
                "Accuracy": 0.8674285714285712,
                "Recall": 0.07800000000000001,
                "F1": 0.10065873015873014,
                "norm2": 0.0005515151787930125,
                "norminf": 0.0027492635800357933,
                "z": 0.0013439598145455615
            },
            "6": {
                "Precision": 0.06916666666666667,
                "Accuracy": 0.8325714285714275,
                "Recall": 0.03166666666666667,
                "F1": 0.042944444444444445,
                "norm2": 0.0006521105430627986,
                "norminf": 0.003223166549285189,
                "z": 0.0013652481040240826
            },
            "7": {
                "Precision": 0.185,
                "Accuracy": 0.8151428571428557,
                "Recall": 0.07714285714285714,
                "F1": 0.10431818181818181,
                "norm2": 0.0007169673906704732,
                "norminf": 0.003445805358791011,
                "z": 0.0012638025678915485
            },
            "8": {
                "Precision": 0.19833333333333336,
                "Accuracy": 0.7908571428571434,
                "Recall": 0.08625,
                "F1": 0.1177349317349317,
                "norm2": 0.0008062576937178102,
                "norminf": 0.003833301656619239,
                "z": 0.0012505896997634914
            },
            "9": {
                "Precision": 0.16149999999999998,
                "Accuracy": 0.7597142857142855,
                "Recall": 0.06999999999999999,
                "F1": 0.0933758006699183,
                "norm2": 0.000915931321537891,
                "norminf": 0.004272066309692548,
                "z": 0.0012584373027745906
            },
            "10": {
                "Precision": 0.17350000000000002,
                "Accuracy": 0.7354285714285712,
                "Recall": 0.077,
                "F1": 0.10522064210299505,
                "norm2": 0.0011560119647040094,
                "norminf": 0.005303892316517542,
                "z": 0.0013183115806224075
            }
        },
        "10": {
            "2": {
                "Precision": 0.54,
                "Accuracy": 0.964857142857142,
                "Recall": 0.385,
                "F1": 0.4366666666666665,
                "norm2": 0.0002061544810932387,
                "norminf": 0.0014649341744585175,
                "z": 0.004131060199362075
            },
            "3": {
                "Precision": 0.6283333333333334,
                "Accuracy": 0.9445714285714274,
                "Recall": 0.3633333333333333,
                "F1": 0.44133333333333313,
                "norm2": 0.00032583683824257114,
                "norminf": 0.0019341934472243804,
                "z": 0.0031661996601919256
            },
            "4": {
                "Precision": 0.8116666666666668,
                "Accuracy": 0.9345714285714276,
                "Recall": 0.4475,
                "F1": 0.5590476190476183,
                "norm2": 0.0003424505646665594,
                "norminf": 0.0021377006805386434,
                "z": 0.0031562395487315436
            },
            "5": {
                "Precision": 0.8123333333333334,
                "Accuracy": 0.907999999999999,
                "Recall": 0.38999999999999985,
                "F1": 0.507611111111111,
                "norm2": 0.00042641220159940637,
                "norminf": 0.0025354478225880026,
                "z": 0.003126881627784185
            },
            "6": {
                "Precision": 0.7935,
                "Accuracy": 0.8814285714285703,
                "Recall": 0.3699999999999999,
                "F1": 0.48632900432900406,
                "norm2": 0.0005023376541099546,
                "norminf": 0.002952987821596529,
                "z": 0.003171115056432231
            },
            "7": {
                "Precision": 0.8355,
                "Accuracy": 0.8702857142857136,
                "Recall": 0.39,
                "F1": 0.5168348873348871,
                "norm2": 0.0006166814947859986,
                "norminf": 0.0035012384865930413,
                "z": 0.0031406388052035443
            },
            "8": {
                "Precision": 0.8449761904761904,
                "Accuracy": 0.8465714285714282,
                "Recall": 0.3825,
                "F1": 0.5090073260073257,
                "norm2": 0.0007191904939910305,
                "norminf": 0.004001166329834677,
                "z": 0.0030751160665506163
            },
            "9": {
                "Precision": 0.8107499999999999,
                "Accuracy": 0.8171428571428571,
                "Recall": 0.36222222222222195,
                "F1": 0.4867386730916143,
                "norm2": 0.0007933365298598937,
                "norminf": 0.004496340797124386,
                "z": 0.0033452965063813763
            },
            "10": {
                "Precision": 0.7958134920634917,
                "Accuracy": 0.7925714285714278,
                "Recall": 0.3550000000000001,
                "F1": 0.47846280052936385,
                "norm2": 0.0009306352639014919,
                "norminf": 0.005212987631071337,
                "z": 0.003320645907484377
            }
        },
        "13": {
            "2": {
                "Precision": 0.935,
                "Accuracy": 0.9762857142857141,
                "Recall": 0.59,
                "F1": 0.7049999999999997,
                "norm2": 0.0002090517256892577,
                "norminf": 0.0016235878452384744,
                "z": 0.006257508915559547
            },
            "3": {
                "Precision": 0.9399999999999998,
                "Accuracy": 0.9522857142857133,
                "Recall": 0.48333333333333334,
                "F1": 0.6149999999999998,
                "norm2": 0.00030899586501260826,
                "norminf": 0.0022196881207734707,
                "z": 0.005295174498950165
            },
            "4": {
                "Precision": 0.98,
                "Accuracy": 0.9405714285714271,
                "Recall": 0.4925,
                "F1": 0.6321904761904751,
                "norm2": 0.00035935025883480367,
                "norminf": 0.002496989566518034,
                "z": 0.004847889751512742
            },
            "5": {
                "Precision": 0.8826666666666667,
                "Accuracy": 0.9065714285714275,
                "Recall": 0.42200000000000004,
                "F1": 0.5505238095238092,
                "norm2": 0.000430385635865329,
                "norminf": 0.0031747069316423572,
                "z": 0.005461758446546972
            },
            "6": {
                "Precision": 0.8723095238095238,
                "Accuracy": 0.8857142857142846,
                "Recall": 0.41166666666666657,
                "F1": 0.5396612831612827,
                "norm2": 0.000562292572970162,