{
    "090neg": {
        "08": {
            "2": {
                "Precision": 0.0,
                "Accuracy": 0.9428571428571406,
                "Recall": 0.0,
                "F1": 0.0,
                "norm2": 0.00016090515685655176,
                "norminf": 0.0008660347636922761,
                "z": 0.0009244441724962969
            },
            "3": {
                "Precision": 0.0,
                "Accuracy": 0.9142857142857124,
                "Recall": 0.0,
                "F1": 0.0,
                "norm2": 0.00021353869497083694,
                "norminf": 0.0011223490805259727,
                "z": 0.0008345105361068247
            },
            "4": {
                "Precision": 0.0,
                "Accuracy": 0.885714285714286,
                "Recall": 0.0,
                "F1": 0.0,
                "norm2": 0.0002813383567766915,
                "norminf": 0.0014206981696906552,
                "z": 0.0008005601831485956
            },
            "5": {
                "Precision": 0.0,
                "Accuracy": 0.8571428571428572,
                "Recall": 0.0,
                "F1": 0.0,
                "norm2": 0.00034887971242635296,
                "norminf": 0.001700890406381641,
                "z": 0.0007848161133926408
            },
            "6": {
                "Precision": 0.0,
                "Accuracy": 0.8285714285714275,
                "Recall": 0.0,
                "F1": 0.0,
                "norm2": 0.0003571015571221541,
                "norminf": 0.0017735017376017226,
                "z": 0.0007232428543758581
            },
            "7": {
                "Precision": 0.01,
                "Accuracy": 0.800571428571427,
                "Recall": 0.002857142857142857,
                "F1": 0.0044444444444444444,
                "norm2": 0.0004983898160589386,
                "norminf": 0.002336036243999048,
                "z": 0.0007785497417360179
            },
            "8": {
                "Precision": 0.0,
                "Accuracy": 0.7714285714285721,
                "Recall": 0.0,
                "F1": 0.0,
                "norm2": 0.000519689851608316,
                "norminf": 0.0024535955614927896,
                "z": 0.0007605417333817123
            },
            "9": {
                "Precision": 0.01,
                "Accuracy": 0.7431428571428569,
                "Recall": 0.0011111111111111111,
                "F1": 0.002,
                "norm2": 0.0005862803905352028,
                "norminf": 0.002709723451245386,
                "z": 0.0007592223928769958
            },
            "10": {
                "Precision": 0.0,
                "Accuracy": 0.7142857142857142,
                "Recall": 0.0,
                "F1": 0.0,
                "norm2": 0.0006446365841033238,
                "norminf": 0.002965451131620814,
                "z": 0.0007465118907985058
            }
        },
        "10": {
            "2": {
                "Precision": 0.06,
                "Accuracy": 0.9457142857142835,
                "Recall": 0.05,
                "F1": 0.05333333333333333,
                "norm2": 0.00019186820653939972,
                "norminf": 0.00143538915708174,
                "z": 0.0032540783972869435
            },
            "3": {
                "Precision": 0.07666666666666666,
                "Accuracy": 0.9179999999999979,
                "Recall": 0.04666666666666666,
                "F1": 0.05566666666666666,
                "norm2": 0.00027744941731967657,
                "norminf": 0.0019412395898009494,
                "z": 0.0028753101911317865
            },
            "4": {
                "Precision": 0.06,
                "Accuracy": 0.8891428571428573,
                "Recall": 0.03,
                "F1": 0.03923809523809523,
                "norm2": 0.0003515431522049612,
                "norminf": 0.0022279344694905567,
                "z": 0.0024571120015418764
            },
            "5": {
                "Precision": 0.09,
                "Accuracy": 0.8639999999999999,
                "Recall": 0.048,
                "F1": 0.06075396825396826,
                "norm2": 0.0004032903611991667,
                "norminf": 0.0025217843674762096,
                "z": 0.0024154989048552895
            },
            "6": {
                "Precision": 0.15433333333333332,
                "Accuracy": 0.8414285714285704,
                "Recall": 0.07999999999999999,
                "F1": 0.10312121212121211,
                "norm2": 0.0004786118516525729,
                "norminf": 0.002903877386456214,
                "z": 0.002336787176335771
            },
            "7": {
                "Precision": 0.06,
                "Accuracy": 0.8048571428571413,
                "Recall": 0.024285714285714285,
                "F1": 0.033277777777777774,
                "norm2": 0.000545269792524481,
                "norminf": 0.0032773791666471964,
                "z": 0.002379515600092806
            },
            "8": {
                "Precision": 0.1305,
                "Accuracy": 0.7825714285714291,
                "Recall": 0.05375,
                "F1": 0.07365423465423467,
                "norm2": 0.0005822743932630743,
                "norminf": 0.0033747568349523915,
                "z": 0.0023685291949167055
            },
            "9": {
                "Precision": 0.17040476190476192,
                "Accuracy": 0.7579999999999998,
                "Recall": 0.06888888888888889,
                "F1": 0.0961097236097236,
                "norm2": 0.0006774726130274358,
                "norminf": 0.003919743381564146,
                "z": 0.002415634877765342
            },
            "10": {
                "Precision": 0.2333333333333333,
                "Accuracy": 0.7342857142857142,
                "Recall": 0.07600000000000001,
                "F1": 0.11241758241758243,
                "norm2": 0.0007502332972851869,
                "norminf": 0.0041421675698309355,
                "z": 0.0022690785179801873
            }
        },
        "13": {
            "2": {
                "Precision": 0.5566666666666668,
                "Accuracy": 0.9597142857142851,
                "Recall": 0.36,
                "F1": 0.4219999999999999,
                "norm2": 0.00019089377713471276,
                "norminf": 0.0015175886152054496,
                "z": 0.004583908439960548
            },
            "3": {
                "Precision": 0.7041666666666668,
                "Accuracy": 0.9414285714285704,
                "Recall": 0.41333333333333344,
                "F1": 0.5002380952380949,
                "norm2": 0.00025668069488931147,
                "norminf": 0.0019062532214183569,
                "z": 0.004174086208951233
            },
            "4": {
                "Precision": 0.6575,
                "Accuracy": 0.9139999999999993,
                "Recall": 0.305,
                "F1": 0.39764285714285685,
                "norm2": 0.0003299201446231722,
                "norminf": 0.002276550322516607,
                "z": 0.0038005637344983457
            },
            "5": {
                "Precision": 0.6241666666666666,
                "Accuracy": 0.8905714285714277,
                "Recall": 0.2859999999999999,
                "F1": 0.37702380952380954,
                "norm2": 0.00039452746855958755,
                "norminf": 0.002661604621862794,
                "z": 0.003981595076452786
            },
            "6": {
                "Precision": 0.6036666666666666,
                "Accuracy": 0.8637142857142851,
                "Recall": 0.2749999999999999,
                "F1": 0.36502308802308797,
                "norm2": 0.00043118580113888716,
                "norminf": 0.0029798871200185082,
                "z": 0.0041370532542521375
            },
            "7": {
                "Precision": 0.6374999999999998,
                "Accuracy": 0.8414285714285705,