{
    "090neg": {
        "08": {
            "2": {
                "Precision": 0.0,
                "Accuracy": 0.9375,
                "Recall": 0.0,
                "F1": 0.0,
                "norm2": 0.00013300206690033167,
                "norminf": 0.0007726985946085718,
                "z": 0.0020664784264860184
            },
            "3": {
                "Precision": 0.0,
                "Accuracy": 0.90625,
                "Recall": 0.0,
                "F1": 0.0,
                "norm2": 0.00022926787046271069,
                "norminf": 0.0011577318485544374,
                "z": 0.0016914528422171254
            },
            "4": {
                "Precision": 0.0,
                "Accuracy": 0.875,
                "Recall": 0.0,
                "F1": 0.0,
                "norm2": 0.0002838544305404128,
                "norminf": 0.0014248898884715111,
                "z": 0.00187906745597674
            },
            "5": {
                "Precision": 0.0,
                "Accuracy": 0.84375,
                "Recall": 0.0,
                "F1": 0.0,
                "norm2": 0.0003644301222884936,
                "norminf": 0.0017871290961234121,
                "z": 0.0015937322200790733
            },
            "6": {
                "Precision": 0.002,
                "Accuracy": 0.8115625,
                "Recall": 0.0016666666666666666,
                "F1": 0.001818181818181818,
                "norm2": 0.0004058361116624697,
                "norminf": 0.001998987144902813,
                "z": 0.0017792358785206587
            },
            "7": {
                "Precision": 0.0,
                "Accuracy": 0.78125,
                "Recall": 0.0,
                "F1": 0.0,
                "norm2": 0.000460155453858928,
                "norminf": 0.002208002618497438,
                "z": 0.0015182757056449625
            },
            "8": {
                "Precision": 0.014642857142857145,
                "Accuracy": 0.7515625,
                "Recall": 0.01,
                "F1": 0.011666666666666665,
                "norm2": 0.0005330282845271124,
                "norminf": 0.0024944311768760287,
                "z": 0.0014733281950701379
            },
            "9": {
                "Precision": 0.0,
                "Accuracy": 0.71875,
                "Recall": 0.0,
                "F1": 0.0,
                "norm2": 0.0006177233296030541,
                "norminf": 0.00290362488133615,
                "z": 0.0014880726094066653
            },
            "10": {
                "Precision": 0.023666666666666666,
                "Accuracy": 0.6884375,
                "Recall": 0.01,
                "F1": 0.013934065934065936,
                "norm2": 0.0006475361094717713,
                "norminf": 0.0029773716272941653,
                "z": 0.00143704048812977
            }
        },
        "10": {
            "2": {
                "Precision": 0.002,
                "Accuracy": 0.93375,
                "Recall": 0.005,
                "F1": 0.0028571428571428576,
                "norm2": 0.00020621380069670098,
                "norminf": 0.001547239544277791,
                "z": 0.006988123559650612
            },
            "3": {
                "Precision": 0.028833333333333332,
                "Accuracy": 0.903125,
                "Recall": 0.039999999999999994,
                "F1": 0.03273015873015873,
                "norm2": 0.00028264649474950813,
                "norminf": 0.002063101092092625,
                "z": 0.005363225025596519
            },
            "4": {
                "Precision": 0.024166666666666666,
                "Accuracy": 0.871875,
                "Recall": 0.0175,
                "F1": 0.019357142857142857,
                "norm2": 0.00034747470270755617,
                "norminf": 0.0023814662379432615,
                "z": 0.005054515766365781
            },
            "5": {
                "Precision": 0.05038095238095238,
                "Accuracy": 0.83875,
                "Recall": 0.036000000000000004,
                "F1": 0.03861327561327561,
                "norm2": 0.00043527198241208716,
                "norminf": 0.002846004649621665,
                "z": 0.004974356010968557
            },
            "6": {
                "Precision": 0.06416666666666666,
                "Accuracy": 0.80875,
                "Recall": 0.04666666666666667,
                "F1": 0.052340548340548354,
                "norm2": 0.0005387211181177607,
                "norminf": 0.0033876030012274117,
                "z": 0.004741766091583808
            },
            "7": {
                "Precision": 0.10683333333333332,
                "Accuracy": 0.7790625,
                "Recall": 0.06285714285714288,
                "F1": 0.07717482517482517,
                "norm2": 0.0005582755561384912,
                "norminf": 0.0036301589041604896,
                "z": 0.00448103550116423
            },
            "8": {
                "Precision": 0.1331904761904762,
                "Accuracy": 0.7528125,
                "Recall": 0.075,
                "F1": 0.09337662337662339,
                "norm2": 0.0006266235516610845,
                "norminf": 0.0037404062501571935,
                "z": 0.004007462671107729
            },
            "9": {
                "Precision": 0.20350000000000004,
                "Accuracy": 0.7296875,
                "Recall": 0.08999999999999998,
                "F1": 0.1205192307692308,
                "norm2": 0.000723149343733182,
                "norminf": 0.004300681952196551,
                "z": 0.0039999257298582915
            },
            "10": {
                "Precision": 0.13045238095238093,
                "Accuracy": 0.6921875,
                "Recall": 0.054000000000000006,
                "F1": 0.07398173884938591,
                "norm2": 0.0007544370931772142,
                "norminf": 0.004320300065616398,
                "z": 0.0039890013717673095
            }
        },
        "13": {
            "2": {
                "Precision": 0.565,
                "Accuracy": 0.94875,
                "Recall": 0.335,
                "F1": 0.4116666666666665,
                "norm2": 0.00020311091556528233,
                "norminf": 0.0015957093581832693,
                "z": 0.004052427943578137
            },
            "3": {
                "Precision": 0.6975,
                "Accuracy": 0.9259375,
                "Recall": 0.3333333333333332,
                "F1": 0.4338571428571427,
                "norm2": 0.00026300785522895205,
                "norminf": 0.002037138027745663,
                "z": 0.004069960174758448
            },
            "4": {
                "Precision": 0.7408333333333335,
                "Accuracy": 0.89625,
                "Recall": 0.3,
                "F1": 0.40992857142857103,
                "norm2": 0.0002973029512517517,
                "norminf": 0.0020706300658914233,
                "z": 0.0037705570644806017
            },
            "5": {
                "Precision": 0.7610000000000001,
                "Accuracy": 0.8703125,
                "Recall": 0.27599999999999963,
                "F1": 0.3911984126984127,
                "norm2": 0.0003730326867298205,
                "norminf": 0.0024743312017114203,
                "z": 0.003552393053786027
            },
            "6": {
                "Precision": 0.7425000000000002,
                "Accuracy": 0.8434375,
                "Recall": 0.27,
                "F1": 0.38376190476190447,
                "norm2": 0.0004388746329025013,
                "norminf": 0.0028657917684570587,
                "z": 0.0033981527442261696
            },
            "7": {
                "Precision": 0.6981666666666666,
                "Accuracy": 0.8109375,
                "Recall": 0.23285714285714273,
                "F1": 0.33596386946386914,
                "norm2": 0.0005222984619478407,