{
    "090neg": {
        "08": {
            "2": {
                "Precision": 0.0,
                "Accuracy": 0.9285714285714296,
                "Recall": 0.0,
                "F1": 0.0,
                "norm2": 0.00014556384122631466,
                "norminf": 0.0008185970635105821,
                "z": 0.0011447282333384308
            },
            "3": {
                "Precision": 0.0,
                "Accuracy": 0.8928571428571427,
                "Recall": 0.0,
                "F1": 0.0,
                "norm2": 0.00023794191241631143,
                "norminf": 0.001288166324493798,
                "z": 0.0011508663439241716
            },
            "4": {
                "Precision": 0.0,
                "Accuracy": 0.8571428571428572,
                "Recall": 0.0,
                "F1": 0.0,
                "norm2": 0.00031427075258633864,
                "norminf": 0.0016325982696617535,
                "z": 0.0011093040578621905
            },
            "5": {
                "Precision": 0.0,
                "Accuracy": 0.8214285714285705,
                "Recall": 0.0,
                "F1": 0.0,
                "norm2": 0.0003920404875055797,
                "norminf": 0.0020033699292721064,
                "z": 0.0010608653943834112
            },
            "6": {
                "Precision": 0.0,
                "Accuracy": 0.7857142857142863,
                "Recall": 0.0,
                "F1": 0.0,
                "norm2": 0.00047271121968373866,
                "norminf": 0.0022971631013001693,
                "z": 0.0010321585917491612
            },
            "7": {
                "Precision": 0.01,
                "Accuracy": 0.7514285714285713,
                "Recall": 0.005714285714285714,
                "F1": 0.007272727272727273,
                "norm2": 0.0005697762807653244,
                "norminf": 0.0027160876548621682,
                "z": 0.0011262736092289953
            },
            "8": {
                "Precision": 0.03,
                "Accuracy": 0.7171428571428572,
                "Recall": 0.01,
                "F1": 0.014343434343434342,
                "norm2": 0.0006056410983428382,
                "norminf": 0.0028647289842928126,
                "z": 0.0010800769526464935
            },
            "9": {
                "Precision": 0.01,
                "Accuracy": 0.679285714285715,
                "Recall": 0.0022222222222222222,
                "F1": 0.003636363636363636,
                "norm2": 0.0006341077942778657,
                "norminf": 0.002970376835153804,
                "z": 0.0010775360785458135
            },
            "10": {
                "Precision": 0.02,
                "Accuracy": 0.6439285714285728,
                "Recall": 0.0030000000000000005,
                "F1": 0.005151515151515152,
                "norm2": 0.0007195207236571341,
                "norminf": 0.003316933030312068,
                "z": 0.0011572249334152588
            }
        },
        "10": {
            "2": {
                "Precision": 0.075,
                "Accuracy": 0.9303571428571437,
                "Recall": 0.04,
                "F1": 0.051666666666666666,
                "norm2": 0.0002355912236861622,
                "norminf": 0.0015693529908313963,
                "z": 0.0036890698806349453
            },
            "3": {
                "Precision": 0.16166666666666665,
                "Accuracy": 0.8992857142857141,
                "Recall": 0.07333333333333333,
                "F1": 0.09766666666666668,
                "norm2": 0.0003128567029267724,
                "norminf": 0.001998588965625998,
                "z": 0.0036252066697819744
            },
            "4": {
                "Precision": 0.15333333333333332,
                "Accuracy": 0.8635714285714289,
                "Recall": 0.0625,
                "F1": 0.08509523809523811,
                "norm2": 0.00035204170409667337,
                "norminf": 0.0022605666239511246,
                "z": 0.004389536793872551
            },
            "5": {
                "Precision": 0.24333333333333332,
                "Accuracy": 0.8285714285714277,
                "Recall": 0.086,
                "F1": 0.12297619047619049,
                "norm2": 0.0004704323676646069,
                "norminf": 0.00299366615914207,
                "z": 0.003963386224153825
            },
            "6": {
                "Precision": 0.2378333333333333,
                "Accuracy": 0.792857142857143,
                "Recall": 0.09333333333333332,
                "F1": 0.12844083694083694,
                "norm2": 0.0004884748581768067,
                "norminf": 0.0032336793807714037,
                "z": 0.0040676628887591024
            },
            "7": {
                "Precision": 0.30033333333333334,
                "Accuracy": 0.7632142857142857,
                "Recall": 0.0942857142857143,
                "F1": 0.13955050505050504,
                "norm2": 0.0006179140767311461,
                "norminf": 0.003676297334783861,
                "z": 0.0036563970334606926
            },
            "8": {
                "Precision": 0.30464285714285716,
                "Accuracy": 0.7278571428571426,
                "Recall": 0.09875,
                "F1": 0.14214685314685313,
                "norm2": 0.0006231616331352908,
                "norminf": 0.0037629372564652007,
                "z": 0.0036842235812132823
            },
            "9": {
                "Precision": 0.2856666666666667,
                "Accuracy": 0.6860714285714293,
                "Recall": 0.08555555555555552,
                "F1": 0.1266230436230436,
                "norm2": 0.0006728845691480094,
                "norminf": 0.004079075438672488,
                "z": 0.004531552701932303
            },
            "10": {
                "Precision": 0.29852380952380947,
                "Accuracy": 0.649642857142858,
                "Recall": 0.07799999999999999,
                "F1": 0.11804449961802904,
                "norm2": 0.000815526344676778,
                "norminf": 0.004556649802274399,
                "z": 0.004023528629402025
            }
        },
        "13": {
            "2": {
                "Precision": 0.49166666666666664,
                "Accuracy": 0.9371428571428569,
                "Recall": 0.285,
                "F1": 0.3530000000000002,
                "norm2": 0.00021593392784573955,
                "norminf": 0.0017149386353226981,
                "z": 0.0060951703729909676
            },
            "3": {
                "Precision": 0.5693333333333332,
                "Accuracy": 0.9042857142857146,
                "Recall": 0.2633333333333333,
                "F1": 0.34483333333333327,
                "norm2": 0.00031093952133395006,
                "norminf": 0.0023623808760684095,
                "z": 0.006174171775335294
            },
            "4": {
                "Precision": 0.5741666666666666,
                "Accuracy": 0.866428571428571,
                "Recall": 0.2425,
                "F1": 0.3271666666666665,
                "norm2": 0.000383915592296537,
                "norminf": 0.0026723587803703574,
                "z": 0.005956180331418791
            },
            "5": {
                "Precision": 0.6231666666666666,
                "Accuracy": 0.8382142857142852,
                "Recall": 0.2379999999999997,
                "F1": 0.32463131313131305,
                "norm2": 0.0004494284766219294,
                "norminf": 0.0034280034792551384,
                "z": 0.0059009187356387485
            },
            "6": {
                "Precision": 0.6511666666666666,
                "Accuracy": 0.8082142857142851,
                "Recall": 0.23666666666666672,
                "F1": 0.3317539682539682,
                "norm2": 0.0005124057825214533,
                "norminf": 0.003819270086816102,