{
    "090neg": {
        "08": {
            "2": {
                "Precision": 0.0,
                "Accuracy": 0.9375,
                "Recall": 0.0,
                "F1": 0.0,
                "norm2": 5.115923787582518e-05,
                "norminf": 0.0003089025362371145,
                "z": 0.0018924580041760032
            },
            "3": {
                "Precision": 0.0,
                "Accuracy": 0.90625,
                "Recall": 0.0,
                "F1": 0.0,
                "norm2": 8.284592299714139e-05,
                "norminf": 0.00040750286712667116,
                "z": 0.0016546702102940261
            },
            "4": {
                "Precision": 0.0,
                "Accuracy": 0.875,
                "Recall": 0.0,
                "F1": 0.0,
                "norm2": 7.917373493046713e-05,
                "norminf": 0.00043554572929760724,
                "z": 0.0016012116127038871
            },
            "5": {
                "Precision": 0.0,
                "Accuracy": 0.84375,
                "Recall": 0.0,
                "F1": 0.0,
                "norm2": 0.00011129402094723607,
                "norminf": 0.0005858331230582392,
                "z": 0.0012884486711675772
            },
            "6": {
                "Precision": 0.0,
                "Accuracy": 0.8125,
                "Recall": 0.0,
                "F1": 0.0,
                "norm2": 0.00014065434991728662,
                "norminf": 0.000697767465269048,
                "z": 0.0013859264958535466
            },
            "7": {
                "Precision": 0.0,
                "Accuracy": 0.78125,
                "Recall": 0.0,
                "F1": 0.0,
                "norm2": 0.00014567601929355814,
                "norminf": 0.0007365547423513663,
                "z": 0.0012630087899793516
            },
            "8": {
                "Precision": 0.0,
                "Accuracy": 0.75,
                "Recall": 0.0,
                "F1": 0.0,
                "norm2": 0.0001900374916464423,
                "norminf": 0.0009219811087272634,
                "z": 0.001298130583371024
            },
            "9": {
                "Precision": 0.0,
                "Accuracy": 0.71875,
                "Recall": 0.0,
                "F1": 0.0,
                "norm2": 0.00019789866004799064,
                "norminf": 0.0009609261714382478,
                "z": 0.0012176652401220507
            },
            "10": {
                "Precision": 0.0,
                "Accuracy": 0.6875,
                "Recall": 0.0,
                "F1": 0.0,
                "norm2": 0.00022083477038475742,
                "norminf": 0.0010394412900912996,
                "z": 0.0011561548719046528
            }
        },
        "10": {
            "2": {
                "Precision": 0.0,
                "Accuracy": 0.9375,
                "Recall": 0.0,
                "F1": 0.0,
                "norm2": 7.828541268981324e-05,
                "norminf": 0.0005726164947242019,
                "z": 0.004359213114337764
            },
            "3": {
                "Precision": 0.0,
                "Accuracy": 0.90625,
                "Recall": 0.0,
                "F1": 0.0,
                "norm2": 0.00010417828012465334,
                "norminf": 0.0007638101716328016,
                "z": 0.004381851481461086
            },
            "4": {
                "Precision": 0.0,
                "Accuracy": 0.875,
                "Recall": 0.0,
                "F1": 0.0,
                "norm2": 0.0001270554829117836,
                "norminf": 0.0009213879146827542,
                "z": 0.004610613242494963
            },
            "5": {
                "Precision": 0.0,
                "Accuracy": 0.84375,
                "Recall": 0.0,
                "F1": 0.0,
                "norm2": 0.0001461717067323313,
                "norminf": 0.0010405626073974395,
                "z": 0.004174827922885367
            },
            "6": {
                "Precision": 0.0,
                "Accuracy": 0.8125,
                "Recall": 0.0,
                "F1": 0.0,
                "norm2": 0.00018015513556148623,
                "norminf": 0.0011762869354652239,
                "z": 0.004186457521011859
            },
            "7": {
                "Precision": 0.0,
                "Accuracy": 0.78125,
                "Recall": 0.0,
                "F1": 0.0,
                "norm2": 0.00019802896334303156,
                "norminf": 0.0013121618658020918,
                "z": 0.003712873655349262
            },
            "8": {
                "Precision": 0.0,
                "Accuracy": 0.75,
                "Recall": 0.0,
                "F1": 0.0,
                "norm2": 0.00021221700173990063,
                "norminf": 0.0013891586036094182,
                "z": 0.0038120580315818614
            },
            "9": {
                "Precision": 0.0,
                "Accuracy": 0.71875,
                "Recall": 0.0,
                "F1": 0.0,
                "norm2": 0.0002466671826731863,
                "norminf": 0.0015386723421587489,
                "z": 0.0035259276372820256
            },
            "10": {
                "Precision": 0.0,
                "Accuracy": 0.6875,
                "Recall": 0.0,
                "F1": 0.0,
                "norm2": 0.0002948911975388752,
                "norminf": 0.001768789703912592,
                "z": 0.003338917607086771
            }
        },
        "13": {
            "2": {
                "Precision": 0.23,
                "Accuracy": 0.9446875,
                "Recall": 0.115,
                "F1": 0.15333333333333327,
                "norm2": 9.308196771627426e-05,
                "norminf": 0.0008142769473492706,
                "z": 0.002130629659322844
            },
            "3": {
                "Precision": 0.39,
                "Accuracy": 0.919375,
                "Recall": 0.14000000000000007,
                "F1": 0.204,
                "norm2": 0.00011002634559030904,
                "norminf": 0.0009620152340996013,
                "z": 0.0018065290033206923
            },
            "4": {
                "Precision": 0.36,
                "Accuracy": 0.8884375,
                "Recall": 0.1075,
                "F1": 0.16190476190476197,
                "norm2": 0.00013833843199780567,
                "norminf": 0.001103362585027876,
                "z": 0.0016979778393740033
            },
            "5": {
                "Precision": 0.45,
                "Accuracy": 0.8603125,
                "Recall": 0.106,
                "F1": 0.168452380952381,
                "norm2": 0.0001558553425652361,
                "norminf": 0.0012426388208726259,
                "z": 0.001571068565014532
            },
            "6": {
                "Precision": 0.49,
                "Accuracy": 0.829375,
                "Recall": 0.09,
                "F1": 0.15071428571428583,
                "norm2": 0.00018689340879783213,
                "norminf": 0.0014271728677507246,
                "z": 0.001489716527532503
            },
            "7": {
                "Precision": 0.54,
                "Accuracy": 0.8028125,
                "Recall": 0.09857142857142863,
                "F1": 0.1637777777777778,
                "norm2": 0.00021731718656821684,
                "norminf": 0.001535681793185456,
                "z": 0.001431534556769877
            },
            "8": {
                "Precision": 0.585,
                "Accuracy": 0.77625,
                "Recall": 0.10625,
                "F1": 0.17581818181818168,
                "norm2": 0.0002248501907156079,
                "norminf": 0.001629321957808616,
                "z": 0.001442197547198593
            },
            "9": {
                "Precision": 0.72,
                "Accuracy": 0.74875,
                "Recall": 0.10666666666666651,