{
    "090neg": {
        "08": {
            "2": {
                "Precision": 0.3,
                "Accuracy": 0.9432142857142864,
                "Recall": 0.26,
                "F1": 0.2733333333333333,
                "norm2": 0.00027986076058656833,
                "norminf": 0.001474337725515721,
                "z": 0.0019953603870226026
            },
            "3": {
                "Precision": 0.3166666666666667,
                "Accuracy": 0.9139285714285711,
                "Recall": 0.25666666666666677,
                "F1": 0.27766666666666673,
                "norm2": 0.00040069496665711036,
                "norminf": 0.0019294945837604028,
                "z": 0.0019067588577945907
            },
            "4": {
                "Precision": 0.4,
                "Accuracy": 0.8910714285714282,
                "Recall": 0.2975,
                "F1": 0.334952380952381,
                "norm2": 0.0005522916478998925,
                "norminf": 0.0025781262307187193,
                "z": 0.0018328999684867082
            },
            "5": {
                "Precision": 0.3983333333333334,
                "Accuracy": 0.8553571428571424,
                "Recall": 0.28600000000000003,
                "F1": 0.32638888888888895,
                "norm2": 0.0006580715382174895,
                "norminf": 0.0030021636864401326,
                "z": 0.0018030220305033115
            },
            "6": {
                "Precision": 0.4805476190476189,
                "Accuracy": 0.8407142857142864,
                "Recall": 0.3250000000000001,
                "F1": 0.3809972804972804,
                "norm2": 0.000775336353961122,
                "norminf": 0.0035097376833176054,
                "z": 0.0018052720728710236
            },
            "7": {
                "Precision": 0.5455714285714284,
                "Accuracy": 0.8085714285714292,
                "Recall": 0.3342857142857143,
                "F1": 0.40753646353646356,
                "norm2": 0.000853526741379394,
                "norminf": 0.003814694399905221,
                "z": 0.0018567487345194117
            },
            "8": {
                "Precision": 0.4977380952380952,
                "Accuracy": 0.7699999999999997,
                "Recall": 0.31,
                "F1": 0.3755224220224222,
                "norm2": 0.0011527542582450436,
                "norminf": 0.004986033692474432,
                "z": 0.002079605685504616
            },
            "9": {
                "Precision": 0.6076904761904763,
                "Accuracy": 0.7714285714285717,
                "Recall": 0.3733333333333334,
                "F1": 0.4560780787839611,
                "norm2": 0.0011915973393004577,
                "norminf": 0.00515100203691306,
                "z": 0.0020024787421984514
            },
            "10": {
                "Precision": 0.5772579365079363,
                "Accuracy": 0.7335714285714287,
                "Recall": 0.335,
                "F1": 0.41779507635467383,
                "norm2": 0.001442477138415128,
                "norminf": 0.006142189824131544,
                "z": 0.002133824385858445
            }
        },
        "10": {
            "2": {
                "Precision": 0.44,
                "Accuracy": 0.9321428571428569,
                "Recall": 0.32,
                "F1": 0.36,
                "norm2": 0.00032666003754077696,
                "norminf": 0.002109669587232472,
                "z": 0.005829736913604719
            },
            "3": {
                "Precision": 0.46483333333333327,
                "Accuracy": 0.904285714285714,
                "Recall": 0.3299999999999999,
                "F1": 0.3706190476190475,
                "norm2": 0.000508155704392565,
                "norminf": 0.0028682041883467645,
                "z": 0.005356739292661898
            },
            "4": {
                "Precision": 0.4996904761904763,
                "Accuracy": 0.8714285714285717,
                "Recall": 0.335,
                "F1": 0.3881998556998557,
                "norm2": 0.0005304205195856063,
                "norminf": 0.003088176244646966,
                "z": 0.005638862173458693
            },
            "5": {
                "Precision": 0.4756666666666667,
                "Accuracy": 0.8260714285714283,
                "Recall": 0.2679999999999998,
                "F1": 0.3297539682539683,
                "norm2": 0.0006955220742376087,
                "norminf": 0.00377383900357525,
                "z": 0.007315416209835721
            },
            "6": {
                "Precision": 0.5944999999999999,
                "Accuracy": 0.8207142857142854,
                "Recall": 0.3533333333333333,
                "F1": 0.4307431457431455,
                "norm2": 0.0008556255482305371,
                "norminf": 0.00456612512710947,
                "z": 0.00697104969200215
            },
            "7": {
                "Precision": 0.6011666666666666,
                "Accuracy": 0.7846428571428575,
                "Recall": 0.3299999999999999,
                "F1": 0.41098174048174024,
                "norm2": 0.0008865547523516213,
                "norminf": 0.004857907498848866,
                "z": 0.007573014903653926
            },
            "8": {
                "Precision": 0.5935595238095238,
                "Accuracy": 0.7432142857142854,
                "Recall": 0.3325,
                "F1": 0.41366336441336427,
                "norm2": 0.0011906958350969155,
                "norminf": 0.006114773553293474,
                "z": 0.007622616178076001
            },
            "9": {
                "Precision": 0.572297619047619,
                "Accuracy": 0.7082142857142857,
                "Recall": 0.28333333333333305,
                "F1": 0.3699954114512937,
                "norm2": 0.0014104788342981203,
                "norminf": 0.006973764226021567,
                "z": 0.0073915640686138505
            },
            "10": {
                "Precision": 0.5704166666666667,
                "Accuracy": 0.6775,
                "Recall": 0.30999999999999994,
                "F1": 0.39103440676970075,
                "norm2": 0.0016454991201665587,
                "norminf": 0.00798247754269507,
                "z": 0.009132528662530599
            }
        },
        "13": {
            "2": {
                "Precision": 0.4033333333333334,
                "Accuracy": 0.9246428571428572,
                "Recall": 0.335,
                "F1": 0.35199999999999987,
                "norm2": 0.0003664978471000301,
                "norminf": 0.002750518305079027,
                "z": 0.011053333820886229
            },
            "3": {
                "Precision": 0.5336666666666666,
                "Accuracy": 0.9064285714285713,
                "Recall": 0.37666666666666687,
                "F1": 0.41923809523809524,
                "norm2": 0.0004969655361326995,
                "norminf": 0.003111115208970249,
                "z": 0.010217714854384387
            },
            "4": {
                "Precision": 0.503,
                "Accuracy": 0.8703571428571426,
                "Recall": 0.345,
                "F1": 0.392253968253968,
                "norm2": 0.0006249160526925014,
                "norminf": 0.00430399016890887,
                "z": 0.011873884547154122
            },
            "5": {
                "Precision": 0.5930238095238095,
                "Accuracy": 0.8446428571428568,
                "Recall": 0.38799999999999985,
                "F1": 0.45295526695526667,
                "norm2": 0.0007780715264852667,
                "norminf": 0.005473779841196306,
                "z": 0.015627695283161377
            },
            "6": {
                "Precision": 0.49649999999999994,
                "Accuracy": 0.7974999999999999,
                "Recall": 0.30833333333333324,
                "F1": 0.36997402597402584,