{
    "090neg": {
        "08": {
            "2": {
                "Precision": 0.08433333333333336,
                "Accuracy": 0.9303125,
                "Recall": 0.11,
                "F1": 0.0929047619047619,
                "norm2": 0.00033376480648373354,
                "norminf": 0.001965063634217652,
                "z": 0.0033232305865629613
            },
            "3": {
                "Precision": 0.15899999999999997,
                "Accuracy": 0.904375,
                "Recall": 0.15666666666666668,
                "F1": 0.1498809523809524,
                "norm2": 0.0003546221666116411,
                "norminf": 0.002269218831227141,
                "z": 0.002827096715155668
            },
            "4": {
                "Precision": 0.21061111111111114,
                "Accuracy": 0.8796875,
                "Recall": 0.15,
                "F1": 0.1653363858363858,
                "norm2": 0.0004676249495428452,
                "norminf": 0.002835897731406426,
                "z": 0.0031003569648634516
            },
            "5": {
                "Precision": 0.24311904761904762,
                "Accuracy": 0.855625,
                "Recall": 0.18999999999999992,
                "F1": 0.2082958152958152,
                "norm2": 0.000629187526343325,
                "norminf": 0.0034991714590973523,
                "z": 0.00250219174330321
            },
            "6": {
                "Precision": 0.3328571428571429,
                "Accuracy": 0.8309375,
                "Recall": 0.23166666666666663,
                "F1": 0.26735975135975126,
                "norm2": 0.0006809231039680289,
                "norminf": 0.003742548229587006,
                "z": 0.002627245167609477
            },
            "7": {
                "Precision": 0.3811904761904762,
                "Accuracy": 0.8103125,
                "Recall": 0.23857142857142846,
                "F1": 0.2883800643800644,
                "norm2": 0.0007427839438527302,
                "norminf": 0.0041943715829624055,
                "z": 0.0023920640445726426
            },
            "8": {
                "Precision": 0.44887409812409806,
                "Accuracy": 0.7840625,
                "Recall": 0.2725,
                "F1": 0.3318831743591806,
                "norm2": 0.0009338724332772166,
                "norminf": 0.0049723937606583135,
                "z": 0.0024578702336297874
            },
            "9": {
                "Precision": 0.45344841269841263,
                "Accuracy": 0.76,
                "Recall": 0.2655555555555555,
                "F1": 0.32838849377316875,
                "norm2": 0.0011108919661378066,
                "norminf": 0.005609700359833574,
                "z": 0.0021998480929160034
            },
            "10": {
                "Precision": 0.47909920634920644,
                "Accuracy": 0.7334375,
                "Recall": 0.282,
                "F1": 0.34996381224554596,
                "norm2": 0.0012281328969614227,
                "norminf": 0.006373211999158544,
                "z": 0.0023221850631910015
            }
        },
        "10": {
            "2": {
                "Precision": 0.24983333333333327,
                "Accuracy": 0.92,
                "Recall": 0.28,
                "F1": 0.24528571428571427,
                "norm2": 0.0003976553165532571,
                "norminf": 0.00313463961135063,
                "z": 0.010956735489131729
            },
            "3": {
                "Precision": 0.32242857142857134,
                "Accuracy": 0.88625,
                "Recall": 0.31333333333333324,
                "F1": 0.3031269841269841,
                "norm2": 0.0004853975212491698,
                "norminf": 0.0039005246889300283,
                "z": 0.009323360213882154
            },
            "4": {
                "Precision": 0.3998571428571428,
                "Accuracy": 0.8546875,
                "Recall": 0.355,
                "F1": 0.3647633477633477,
                "norm2": 0.0005442983652178664,
                "norminf": 0.004406147525954901,
                "z": 0.00829205597485295
            },
            "5": {
                "Precision": 0.43454761904761907,
                "Accuracy": 0.8196875,
                "Recall": 0.33799999999999975,
                "F1": 0.3650923520923519,
                "norm2": 0.0005560286294210279,
                "norminf": 0.004845911964835026,
                "z": 0.007676715432185488
            },
            "6": {
                "Precision": 0.4031031746031747,
                "Accuracy": 0.77625,
                "Recall": 0.29000000000000004,
                "F1": 0.32802794427794424,
                "norm2": 0.0006245959736306068,
                "norminf": 0.005563725207283321,
                "z": 0.007841878875644458
            },
            "7": {
                "Precision": 0.5332500000000003,
                "Accuracy": 0.780625,
                "Recall": 0.3485714285714284,
                "F1": 0.4068378010878011,
                "norm2": 0.0007988395360185433,
                "norminf": 0.006045127959623922,
                "z": 0.006931440314013037
            },
            "8": {
                "Precision": 0.44195634920634924,
                "Accuracy": 0.7196875,
                "Recall": 0.3025,
                "F1": 0.3510854521295698,
                "norm2": 0.0008079681599582878,
                "norminf": 0.0067128122539020915,
                "z": 0.0075785192732623075
            },
            "9": {
                "Precision": 0.4793026695526693,
                "Accuracy": 0.70375,
                "Recall": 0.3111111111111108,
                "F1": 0.3695599697859759,
                "norm2": 0.0010800514700347048,
                "norminf": 0.007696661537986953,
                "z": 0.006680662205255139
            },
            "10": {
                "Precision": 0.4829920634920636,
                "Accuracy": 0.676875,
                "Recall": 0.29100000000000004,
                "F1": 0.3549107572853702,
                "norm2": 0.0011167982983659817,
                "norminf": 0.008024047296102527,
                "z": 0.006709864310254752
            }
        },
        "13": {
            "2": {
                "Precision": 0.8216666666666668,
                "Accuracy": 0.9684375,
                "Recall": 0.665,
                "F1": 0.708333333333333,
                "norm2": 0.0002638152138272222,
                "norminf": 0.0022014363242171676,
                "z": 0.008174021341439441
            },
            "3": {
                "Precision": 0.7995,
                "Accuracy": 0.93875,
                "Recall": 0.5766666666666667,
                "F1": 0.6416428571428565,
                "norm2": 0.00035200592778385784,
                "norminf": 0.002647184632082853,
                "z": 0.008016148989270744
            },
            "4": {
                "Precision": 0.7476666666666665,
                "Accuracy": 0.9046875,
                "Recall": 0.47,
                "F1": 0.5491111111111106,
                "norm2": 0.00046864642087949215,
                "norminf": 0.003353264771957517,
                "z": 0.007251554678814602
            },
            "5": {
                "Precision": 0.7117142857142855,
                "Accuracy": 0.8721875,
                "Recall": 0.43800000000000006,
                "F1": 0.5206786546786545,
                "norm2": 0.0005663688794346048,
                "norminf": 0.004250957543906898,
                "z": 0.007938039998943686
            },
            "6": {
                "Precision": 0.688059523809524,
                "Accuracy": 0.8459375,
                "Recall": 0.4266666666666666,
                "F1": 0.5092176712176709,
                "norm2": 0.0006798014974974909,
                "norminf": 0.005423634480414044,
                "z": 0.00831670645451726
            },