{
    "090neg": {
        "08": {
            "2": {
                "Precision": 0.03,
                "Accuracy": 0.9289285714285724,
                "Recall": 0.035,
                "F1": 0.032,
                "norm2": 0.00027084297972116436,
                "norminf": 0.001500547661701086,
                "z": 0.0020462995670127936
            },
            "3": {
                "Precision": 0.10833333333333332,
                "Accuracy": 0.8985714285714284,
                "Recall": 0.08333333333333334,
                "F1": 0.09233333333333336,
                "norm2": 0.00037821604648846104,
                "norminf": 0.002038228213198573,
                "z": 0.0018945044959718226
            },
            "4": {
                "Precision": 0.08833333333333332,
                "Accuracy": 0.8635714285714287,
                "Recall": 0.0625,
                "F1": 0.0719047619047619,
                "norm2": 0.0005405423798705906,
                "norminf": 0.0027382248625076057,
                "z": 0.0017357215754109558
            },
            "5": {
                "Precision": 0.20149999999999998,
                "Accuracy": 0.8335714285714277,
                "Recall": 0.10200000000000004,
                "F1": 0.13015079365079366,
                "norm2": 0.0006001936425147728,
                "norminf": 0.0030506962084106393,
                "z": 0.0018692026372140458
            },
            "6": {
                "Precision": 0.18716666666666668,
                "Accuracy": 0.7996428571428577,
                "Recall": 0.09666666666666664,
                "F1": 0.12358946608946608,
                "norm2": 0.0007390910251534415,
                "norminf": 0.003642940374984931,
                "z": 0.0017148699200821287
            },
            "7": {
                "Precision": 0.2076666666666667,
                "Accuracy": 0.7642857142857143,
                "Recall": 0.08285714285714288,
                "F1": 0.1139417249417249,
                "norm2": 0.0008044172478250715,
                "norminf": 0.0039087877411256985,
                "z": 0.0017038932554826595
            },
            "8": {
                "Precision": 0.15369047619047618,
                "Accuracy": 0.7257142857142856,
                "Recall": 0.07125,
                "F1": 0.09218836718836718,
                "norm2": 0.0010117166043799948,
                "norminf": 0.004790055399731288,
                "z": 0.0017669786077100084
            },
            "9": {
                "Precision": 0.25000000000000006,
                "Accuracy": 0.6985714285714288,
                "Recall": 0.10666666666666667,
                "F1": 0.14524750249750248,
                "norm2": 0.0009982138296711145,
                "norminf": 0.004760017692880261,
                "z": 0.001726136225436578
            },
            "10": {
                "Precision": 0.2173333333333333,
                "Accuracy": 0.6642857142857153,
                "Recall": 0.087,
                "F1": 0.12032817182817183,
                "norm2": 0.0011477964447115243,
                "norminf": 0.005344379359656163,
                "z": 0.0018064390367248534
            }
        },
        "10": {
            "2": {
                "Precision": 0.33833333333333326,
                "Accuracy": 0.9357142857142859,
                "Recall": 0.245,
                "F1": 0.27300000000000013,
                "norm2": 0.00029180563200002183,
                "norminf": 0.001981289421787209,
                "z": 0.005328915756586034
            },
            "3": {
                "Precision": 0.3775,
                "Accuracy": 0.8949999999999999,
                "Recall": 0.18999999999999997,
                "F1": 0.24385714285714274,
                "norm2": 0.00039591752409268334,
                "norminf": 0.0026745104894653825,
                "z": 0.004931053049226321
            },
            "4": {
                "Precision": 0.397,
                "Accuracy": 0.86,
                "Recall": 0.18,
                "F1": 0.23688888888888882,
                "norm2": 0.0005295430029290823,
                "norminf": 0.003549249378073811,
                "z": 0.005130873416682697
            },
            "5": {
                "Precision": 0.40933333333333344,
                "Accuracy": 0.8249999999999994,
                "Recall": 0.20199999999999985,
                "F1": 0.25931168831168827,
                "norm2": 0.0005750126170619384,
                "norminf": 0.0038470120321617983,
                "z": 0.006184721377641007
            },
            "6": {
                "Precision": 0.37876190476190474,
                "Accuracy": 0.7800000000000002,
                "Recall": 0.1966666666666667,
                "F1": 0.24770801420801403,
                "norm2": 0.0006830080416931613,
                "norminf": 0.004656915176849586,
                "z": 0.006418071141053542
            },
            "7": {
                "Precision": 0.41911904761904745,
                "Accuracy": 0.7339285714285714,
                "Recall": 0.19999999999999996,
                "F1": 0.25972938172938165,
                "norm2": 0.0007442497526117165,
                "norminf": 0.005370499305141456,
                "z": 0.006747654145203768
            },
            "8": {
                "Precision": 0.4230714285714285,
                "Accuracy": 0.7107142857142859,
                "Recall": 0.215,
                "F1": 0.27936940836940843,
                "norm2": 0.0009144103281220776,
                "norminf": 0.005988953685493927,
                "z": 0.007027137390504489
            },
            "9": {
                "Precision": 0.3859404761904762,
                "Accuracy": 0.6585714285714286,
                "Recall": 0.18333333333333315,
                "F1": 0.24135450823686105,
                "norm2": 0.0009861648088612621,
                "norminf": 0.006580016753888192,
                "z": 0.007860532277874808
            },
            "10": {
                "Precision": 0.47966666666666663,
                "Accuracy": 0.6503571428571432,
                "Recall": 0.20300000000000007,
                "F1": 0.27890251741722305,
                "norm2": 0.0012097134597096753,
                "norminf": 0.007291273362840752,
                "z": 0.007415963015469167
            }
        },
        "13": {
            "2": {
                "Precision": 0.62,
                "Accuracy": 0.9399999999999993,
                "Recall": 0.445,
                "F1": 0.5019999999999998,
                "norm2": 0.00027022393372362207,
                "norminf": 0.002126876186291369,
                "z": 0.008834413865716376
            },
            "3": {
                "Precision": 0.5900000000000001,
                "Accuracy": 0.9046428571428577,
                "Recall": 0.3733333333333334,
                "F1": 0.4387142857142856,
                "norm2": 0.000373040905926311,
                "norminf": 0.002699128003687248,
                "z": 0.010194141397264855
            },
            "4": {
                "Precision": 0.6778333333333332,
                "Accuracy": 0.8742857142857146,
                "Recall": 0.345,
                "F1": 0.4325476190476188,
                "norm2": 0.0005011203256171701,
                "norminf": 0.003776325209851037,
                "z": 0.010235649999006507
            },
            "5": {
                "Precision": 0.5269999999999999,
                "Accuracy": 0.8167857142857144,
                "Recall": 0.25999999999999973,
                "F1": 0.33559668109668095,
                "norm2": 0.000647148820601632,
                "norminf": 0.005418333659555241,
                "z": 0.012590300765193276
            },
            "6": {
                "Precision": 0.5138333333333334,
                "Accuracy": 0.7789285714285712,
                "Recall": 0.2550000000000001,