{
    "090neg": {
        "08": {
            "2": {
                "Precision": 0.0,
                "Accuracy": 0.9375,
                "Recall": 0.0,
                "F1": 0.0,
                "norm2": 4.5425003369625576e-05,
                "norminf": 0.0002622881983412095,
                "z": 0.0017676834870914474
            },
            "3": {
                "Precision": 0.0,
                "Accuracy": 0.90625,
                "Recall": 0.0,
                "F1": 0.0,
                "norm2": 8.368192544339584e-05,
                "norminf": 0.00043521991641717216,
                "z": 0.0014786200256303409
            },
            "4": {
                "Precision": 0.0,
                "Accuracy": 0.875,
                "Recall": 0.0,
                "F1": 0.0,
                "norm2": 8.346672034749192e-05,
                "norminf": 0.000461290390553033,
                "z": 0.0013552992658724602
            },
            "5": {
                "Precision": 0.0,
                "Accuracy": 0.84375,
                "Recall": 0.0,
                "F1": 0.0,
                "norm2": 0.00010569404573067155,
                "norminf": 0.0005800742241721113,
                "z": 0.0013286502314880707
            },
            "6": {
                "Precision": 0.0,
                "Accuracy": 0.8125,
                "Recall": 0.0,
                "F1": 0.0,
                "norm2": 0.00013027663105940276,
                "norminf": 0.0006498038423344965,
                "z": 0.001204416673137824
            },
            "7": {
                "Precision": 0.0,
                "Accuracy": 0.78125,
                "Recall": 0.0,
                "F1": 0.0,
                "norm2": 0.00016561420585607084,
                "norminf": 0.0008174214974835869,
                "z": 0.001231697547316941
            },
            "8": {
                "Precision": 0.0,
                "Accuracy": 0.75,
                "Recall": 0.0,
                "F1": 0.0,
                "norm2": 0.00016262247411487013,
                "norminf": 0.000822082753549086,
                "z": 0.0012652194059474
            },
            "9": {
                "Precision": 0.0,
                "Accuracy": 0.71875,
                "Recall": 0.0,
                "F1": 0.0,
                "norm2": 0.00019454395140236437,
                "norminf": 0.0009527120934438648,
                "z": 0.0011630487919542453
            },
            "10": {
                "Precision": 0.0,
                "Accuracy": 0.6875,
                "Recall": 0.0,
                "F1": 0.0,
                "norm2": 0.00019988408081061365,
                "norminf": 0.000990480177931967,
                "z": 0.0011077137912875294
            }
        },
        "10": {
            "2": {
                "Precision": 0.0,
                "Accuracy": 0.9375,
                "Recall": 0.0,
                "F1": 0.0,
                "norm2": 7.32309165243143e-05,
                "norminf": 0.0005502274980283872,
                "z": 0.00613889585030744
            },
            "3": {
                "Precision": 0.0,
                "Accuracy": 0.90625,
                "Recall": 0.0,
                "F1": 0.0,
                "norm2": 9.866795696673694e-05,
                "norminf": 0.0007476382765166878,
                "z": 0.0050271339967291225
            },
            "4": {
                "Precision": 0.0,
                "Accuracy": 0.875,
                "Recall": 0.0,
                "F1": 0.0,
                "norm2": 0.00011506110555770827,
                "norminf": 0.0008286223275991311,
                "z": 0.004314273741789701
            },
            "5": {
                "Precision": 0.0,
                "Accuracy": 0.84375,
                "Recall": 0.0,
                "F1": 0.0,
                "norm2": 0.00014677686722063563,
                "norminf": 0.001058696986665706,
                "z": 0.003938300120696086
            },
            "6": {
                "Precision": 0.0,
                "Accuracy": 0.8125,
                "Recall": 0.0,
                "F1": 0.0,
                "norm2": 0.0001635290305533452,
                "norminf": 0.0011185306440873388,
                "z": 0.0037821747871359113
            },
            "7": {
                "Precision": 0.0,
                "Accuracy": 0.78125,
                "Recall": 0.0,
                "F1": 0.0,
                "norm2": 0.00017765745632622665,
                "norminf": 0.0013058020167508587,
                "z": 0.0040002603222956895
            },
            "8": {
                "Precision": 0.0,
                "Accuracy": 0.75,
                "Recall": 0.0,
                "F1": 0.0,
                "norm2": 0.0002022262409677333,
                "norminf": 0.0013447339533364667,
                "z": 0.0031536384555256227
            },
            "9": {
                "Precision": 0.0,
                "Accuracy": 0.71875,
                "Recall": 0.0,
                "F1": 0.0,
                "norm2": 0.00023889697411297715,
                "norminf": 0.0015243265891005109,
                "z": 0.003464509253039106
            },
            "10": {
                "Precision": 0.0,
                "Accuracy": 0.6875,
                "Recall": 0.0,
                "F1": 0.0,
                "norm2": 0.00026715473833251695,
                "norminf": 0.0016092570496649883,
                "z": 0.0032331144758464005
            }
        },
        "13": {
            "2": {
                "Precision": 0.17,
                "Accuracy": 0.943125,
                "Recall": 0.09,
                "F1": 0.11666666666666664,
                "norm2": 7.643065388080256e-05,
                "norminf": 0.0007059570467808396,
                "z": 0.002133096330287814
            },
            "3": {
                "Precision": 0.26,
                "Accuracy": 0.914375,
                "Recall": 0.08666666666666664,
                "F1": 0.13,
                "norm2": 0.0001075826360143639,
                "norminf": 0.0009934209396212058,
                "z": 0.0019457167290057855
            },
            "4": {
                "Precision": 0.25,
                "Accuracy": 0.8834375,
                "Recall": 0.0675,
                "F1": 0.10533333333333336,
                "norm2": 0.0001420635494800954,
                "norminf": 0.001074074650419985,
                "z": 0.0017930761250957914
            },
            "5": {
                "Precision": 0.32,
                "Accuracy": 0.8559375,
                "Recall": 0.07800000000000004,
                "F1": 0.12333333333333335,
                "norm2": 0.0001580623097841642,
                "norminf": 0.001296262676722888,
                "z": 0.0016259779599694234
            },
            "6": {
                "Precision": 0.43,
                "Accuracy": 0.8275,
                "Recall": 0.08000000000000006,
                "F1": 0.13357142857142867,
                "norm2": 0.00018809378429719098,
                "norminf": 0.00147575737494112,
                "z": 0.001591326748289459
            },
            "7": {
                "Precision": 0.48,
                "Accuracy": 0.79875,
                "Recall": 0.08142857142857146,
                "F1": 0.13711111111111113,
                "norm2": 0.00019271950083651326,
                "norminf": 0.0015289295164389184,
                "z": 0.0015760333717145616
            },
            "8": {
                "Precision": 0.53,
                "Accuracy": 0.77,
                "Recall": 0.08125,
                "F1": 0.13878787878787868,
                "norm2": 0.00021422967586517662,
                "norminf": 0.001684389366308394,
                "z": 0.0015119461982065902
            },
            "9": {
                "Precision": 0.51,
                "Accuracy": 0.7396875,
                "Recall": 0.0755555555555555,