{
    "090neg": {
        "08": {
            "2": {
                "Precision": 0.0,
                "Accuracy": 0.9285714285714296,
                "Recall": 0.0,
                "F1": 0.0,
                "norm2": 4.4820229332256765e-05,
                "norminf": 0.0002620018284456338,
                "z": 0.00033671035556510166
            },
            "3": {
                "Precision": 0.0,
                "Accuracy": 0.8928571428571427,
                "Recall": 0.0,
                "F1": 0.0,
                "norm2": 8.527190323363538e-05,
                "norminf": 0.00047185255319170174,
                "z": 0.00044232441756885115
            },
            "4": {
                "Precision": 0.0,
                "Accuracy": 0.8571428571428572,
                "Recall": 0.0,
                "F1": 0.0,
                "norm2": 0.00010261500564053564,
                "norminf": 0.0005214603149789188,
                "z": 0.0003753472341750073
            },
            "5": {
                "Precision": 0.0,
                "Accuracy": 0.8214285714285705,
                "Recall": 0.0,
                "F1": 0.0,
                "norm2": 0.00012917049728023138,
                "norminf": 0.000661922177534855,
                "z": 0.0003679727065185104
            },
            "6": {
                "Precision": 0.0,
                "Accuracy": 0.7857142857142863,
                "Recall": 0.0,
                "F1": 0.0,
                "norm2": 0.0001642199680732368,
                "norminf": 0.0008063449421736535,
                "z": 0.0003677829091370833
            },
            "7": {
                "Precision": 0.0,
                "Accuracy": 0.75,
                "Recall": 0.0,
                "F1": 0.0,
                "norm2": 0.00018602466448765616,
                "norminf": 0.0009243592327173911,
                "z": 0.00037663236958020466
            },
            "8": {
                "Precision": 0.0,
                "Accuracy": 0.7142857142857142,
                "Recall": 0.0,
                "F1": 0.0,
                "norm2": 0.00018724827169121488,
                "norminf": 0.0009056348483760979,
                "z": 0.00038612878123705
            },
            "9": {
                "Precision": 0.0,
                "Accuracy": 0.6785714285714293,
                "Recall": 0.0,
                "F1": 0.0,
                "norm2": 0.00021767408389894517,
                "norminf": 0.001064475580260561,
                "z": 0.0003696938014986519
            },
            "10": {
                "Precision": 0.0,
                "Accuracy": 0.6428571428571442,
                "Recall": 0.0,
                "F1": 0.0,
                "norm2": 0.0002696630193197813,
                "norminf": 0.0012531414403335072,
                "z": 0.00037816014443076335
            }
        },
        "10": {
            "2": {
                "Precision": 0.0,
                "Accuracy": 0.9285714285714296,
                "Recall": 0.0,
                "F1": 0.0,
                "norm2": 8.57170553947368e-05,
                "norminf": 0.0006665547460186361,
                "z": 0.001645406885231954
            },
            "3": {
                "Precision": 0.0,
                "Accuracy": 0.8928571428571427,
                "Recall": 0.0,
                "F1": 0.0,
                "norm2": 0.00011105819506643831,
                "norminf": 0.0008274829539520056,
                "z": 0.0015051914272177671
            },
            "4": {
                "Precision": 0.0,
                "Accuracy": 0.8571428571428572,
                "Recall": 0.0,
                "F1": 0.0,
                "norm2": 0.0001200954735160652,
                "norminf": 0.0009194656061201922,
                "z": 0.0015235354134397075
            },
            "5": {
                "Precision": 0.0,
                "Accuracy": 0.8214285714285705,
                "Recall": 0.0,
                "F1": 0.0,
                "norm2": 0.00016575787293400947,
                "norminf": 0.001106452008727793,
                "z": 0.0013002134628904572
            },
            "6": {
                "Precision": 0.0,
                "Accuracy": 0.7857142857142863,
                "Recall": 0.0,
                "F1": 0.0,
                "norm2": 0.00018517018078914862,
                "norminf": 0.0012823032268427226,
                "z": 0.001293600378481489
            },
            "7": {
                "Precision": 0.0,
                "Accuracy": 0.75,
                "Recall": 0.0,
                "F1": 0.0,
                "norm2": 0.00022981569275649818,
                "norminf": 0.0014450620998150499,
                "z": 0.0016023507572717633
            },
            "8": {
                "Precision": 0.0,
                "Accuracy": 0.7142857142857142,
                "Recall": 0.0,
                "F1": 0.0,
                "norm2": 0.00023654475040797671,
                "norminf": 0.0015300141169681692,
                "z": 0.0014334399822570935
            },
            "9": {
                "Precision": 0.0,
                "Accuracy": 0.6785714285714293,
                "Recall": 0.0,
                "F1": 0.0,
                "norm2": 0.00028026524726955626,
                "norminf": 0.0017079710305195272,
                "z": 0.0014685543079229865
            },
            "10": {
                "Precision": 0.0,
                "Accuracy": 0.6428571428571442,
                "Recall": 0.0,
                "F1": 0.0,
                "norm2": 0.0003225807081113117,
                "norminf": 0.001907380191512208,
                "z": 0.0013658995209388165
            }
        },
        "13": {
            "2": {
                "Precision": 0.06,
                "Accuracy": 0.9307142857142868,
                "Recall": 0.03,
                "F1": 0.039999999999999994,
                "norm2": 9.12135314076075e-05,
                "norminf": 0.0008417764085216029,
                "z": 0.0024818426082308122
            },
            "3": {
                "Precision": 0.09,
                "Accuracy": 0.8960714285714285,
                "Recall": 0.03,
                "F1": 0.045,
                "norm2": 0.000118367280622905,
                "norminf": 0.0010389161217931131,
                "z": 0.002525180325968488
            },
            "4": {
                "Precision": 0.205,
                "Accuracy": 0.8650000000000001,
                "Recall": 0.0575,
                "F1": 0.08866666666666671,
                "norm2": 0.0001419997525625171,
                "norminf": 0.0012374545596353882,
                "z": 0.002787863690446723
            },
            "5": {
                "Precision": 0.275,
                "Accuracy": 0.831428571428571,
                "Recall": 0.060000000000000026,
                "F1": 0.09761904761904763,
                "norm2": 0.00019526288640997315,
                "norminf": 0.0015919765137209262,
                "z": 0.0024636166717591328
            },
            "6": {
                "Precision": 0.305,
                "Accuracy": 0.7982142857142859,
                "Recall": 0.06,
                "F1": 0.09892857142857144,
                "norm2": 0.0002077898444600758,
                "norminf": 0.0016202165408808922,
                "z": 0.003858161556475133
            },
            "7": {
                "Precision": 0.29,
                "Accuracy": 0.7610714285714286,
                "Recall": 0.047142857142857146,
                "F1": 0.08027777777777778,
                "norm2": 0.0002303264357609892,
                "norminf": 0.0017834978636694265,
                "z": 0.0029325501242995406
            },
            "8": {
                "Precision": 0.37166666666666665,
                "Accuracy": 0.7299999999999999,
                "Recall": 0.06,
                "F1": 0.10086868686868682,
                "norm2": 0.00027317969800619806,