{
    "090neg": {
        "08": {
            "2": {
                "Precision": 0.14,
                "Accuracy": 0.9303571428571437,
                "Recall": 0.15,
                "F1": 0.14133333333333334,
                "norm2": 0.0003049413143938677,
                "norminf": 0.0017411630950885026,
                "z": 0.002753551424231748
            },
            "3": {
                "Precision": 0.19583333333333336,
                "Accuracy": 0.8978571428571428,
                "Recall": 0.17666666666666664,
                "F1": 0.1836190476190476,
                "norm2": 0.0004886405671597594,
                "norminf": 0.0026826660188646444,
                "z": 0.0026570675126814745
            },
            "4": {
                "Precision": 0.27083333333333337,
                "Accuracy": 0.8574999999999998,
                "Recall": 0.1825,
                "F1": 0.21240476190476199,
                "norm2": 0.0005867926516401379,
                "norminf": 0.0033585141400710463,
                "z": 0.00253986154933649
            },
            "5": {
                "Precision": 0.26616666666666666,
                "Accuracy": 0.8249999999999996,
                "Recall": 0.17,
                "F1": 0.20051370851370848,
                "norm2": 0.0006572297169546249,
                "norminf": 0.0036054589364923253,
                "z": 0.0023484964317589106
            },
            "6": {
                "Precision": 0.30000000000000004,
                "Accuracy": 0.7875,
                "Recall": 0.16833333333333336,
                "F1": 0.20924098124098114,
                "norm2": 0.0007704421543208509,
                "norminf": 0.004105416598279794,
                "z": 0.002469517048510099
            },
            "7": {
                "Precision": 0.34712301587301586,
                "Accuracy": 0.7575,
                "Recall": 0.20571428571428574,
                "F1": 0.25037029637029623,
                "norm2": 0.0008365593940669057,
                "norminf": 0.004284500617465253,
                "z": 0.0024208387202471343
            },
            "8": {
                "Precision": 0.40921428571428564,
                "Accuracy": 0.7232142857142858,
                "Recall": 0.22375,
                "F1": 0.28129963827022647,
                "norm2": 0.0010116812309540356,
                "norminf": 0.005207435638830213,
                "z": 0.0024859231634718347
            },
            "9": {
                "Precision": 0.38116666666666654,
                "Accuracy": 0.6828571428571432,
                "Recall": 0.20555555555555544,
                "F1": 0.26136414565826316,
                "norm2": 0.0010934010872446728,
                "norminf": 0.005817973787700191,
                "z": 0.002532280061707334
            },
            "10": {
                "Precision": 0.4488730158730159,
                "Accuracy": 0.652857142857143,
                "Recall": 0.21799999999999997,
                "F1": 0.28589177643821606,
                "norm2": 0.0013575359269494417,
                "norminf": 0.006805870717440151,
                "z": 0.002541855292073583
            }
        },
        "10": {
            "2": {
                "Precision": 0.4116666666666666,
                "Accuracy": 0.9271428571428575,
                "Recall": 0.305,
                "F1": 0.3356666666666667,
                "norm2": 0.0003402802154973108,
                "norminf": 0.002188371097156775,
                "z": 0.0065521188850896596
            },
            "3": {
                "Precision": 0.36583333333333334,
                "Accuracy": 0.8764285714285713,
                "Recall": 0.24333333333333326,
                "F1": 0.27390476190476176,
                "norm2": 0.0004965691486688436,
                "norminf": 0.003490961557401867,
                "z": 0.006906512057579246
            },
            "4": {
                "Precision": 0.42000000000000015,
                "Accuracy": 0.8360714285714285,
                "Recall": 0.2325,
                "F1": 0.28355555555555556,
                "norm2": 0.00048512126720663825,
                "norminf": 0.0037224261397129986,
                "z": 0.007902388423026345
            },
            "5": {
                "Precision": 0.4034285714285714,
                "Accuracy": 0.7853571428571428,
                "Recall": 0.21599999999999978,
                "F1": 0.26237878787878766,
                "norm2": 0.0006282554131833571,
                "norminf": 0.0047606543226591325,
                "z": 0.008232170021945874
            },
            "6": {
                "Precision": 0.365,
                "Accuracy": 0.75,
                "Recall": 0.21833333333333343,
                "F1": 0.26090126540126535,
                "norm2": 0.0007914788472722754,
                "norminf": 0.006645047243775052,
                "z": 0.01007012900897313
            },
            "7": {
                "Precision": 0.354845238095238,
                "Accuracy": 0.6907142857142857,
                "Recall": 0.20857142857142855,
                "F1": 0.2505684315684315,
                "norm2": 0.0009460278749962582,
                "norminf": 0.0072848942527821234,
                "z": 0.009971514136700964
            },
            "8": {
                "Precision": 0.4105198412698411,
                "Accuracy": 0.6739285714285715,
                "Recall": 0.2275,
                "F1": 0.28124612805495147,
                "norm2": 0.001240786038733896,
                "norminf": 0.008939898315050427,
                "z": 0.009772676117377919
            },
            "9": {
                "Precision": 0.3846547619047621,
                "Accuracy": 0.6278571428571427,
                "Recall": 0.21222222222222203,
                "F1": 0.26359069026948273,
                "norm2": 0.001193348644591757,
                "norminf": 0.009012442070269104,
                "z": 0.010982902654485998
            },
            "10": {
                "Precision": 0.40775000000000006,
                "Accuracy": 0.5989285714285715,
                "Recall": 0.20800000000000016,
                "F1": 0.2643236143801157,
                "norm2": 0.0016016820020106535,
                "norminf": 0.010718797065537498,
                "z": 0.010618815488861915
            }
        },
        "13": {
            "2": {
                "Precision": 0.6016666666666668,
                "Accuracy": 0.929999999999999,
                "Recall": 0.46,
                "F1": 0.5009999999999996,
                "norm2": 0.0002812578320751034,
                "norminf": 0.0021922672434741717,
                "z": 0.013121877850796916
            },
            "3": {
                "Precision": 0.5885000000000001,
                "Accuracy": 0.8889285714285718,
                "Recall": 0.3733333333333334,
                "F1": 0.43492857142857133,
                "norm2": 0.00039954429495827617,
                "norminf": 0.002953381556649922,
                "z": 0.01506478909430121
            },
            "4": {
                "Precision": 0.5721666666666666,
                "Accuracy": 0.8539285714285714,
                "Recall": 0.35,
                "F1": 0.40956349206349174,
                "norm2": 0.0005302612379400484,
                "norminf": 0.0039067464784480165,
                "z": 0.011546844606994565
            },
            "5": {
                "Precision": 0.5274761904761904,
                "Accuracy": 0.8100000000000002,
                "Recall": 0.3259999999999998,
                "F1": 0.38306421356421344,
                "norm2": 0.0007382913155505201,
                "norminf": 0.0059346627843072245,
                "z": 0.015037047689714972
            },
            "6": {
                "Precision": 0.45502380952380955,
                "Accuracy": 0.755357142857143,
                "Recall": 0.2716666666666668,