{
    "090neg": {
        "08": {
            "2": {
                "Precision": 0.05285714285714285,
                "Accuracy": 0.9221875,
                "Recall": 0.105,
                "F1": 0.06573015873015874,
                "norm2": 0.00021765679001445218,
                "norminf": 0.0012003949485818021,
                "z": 0.002277244905047926
            },
            "3": {
                "Precision": 0.0822857142857143,
                "Accuracy": 0.9021875,
                "Recall": 0.11999999999999998,
                "F1": 0.09583333333333334,
                "norm2": 0.0003738379407757075,
                "norminf": 0.0018906984792020154,
                "z": 0.0024587874887403703
            },
            "4": {
                "Precision": 0.14391666666666666,
                "Accuracy": 0.874375,
                "Recall": 0.1475,
                "F1": 0.13967460317460317,
                "norm2": 0.00032428504464031597,
                "norminf": 0.0017743774028420234,
                "z": 0.002133861628862496
            },
            "5": {
                "Precision": 0.19028571428571428,
                "Accuracy": 0.8534375,
                "Recall": 0.174,
                "F1": 0.17767388167388165,
                "norm2": 0.0005008747327877804,
                "norminf": 0.002440086118505771,
                "z": 0.00212426577627728
            },
            "6": {
                "Precision": 0.18154761904761904,
                "Accuracy": 0.826875,
                "Recall": 0.1583333333333333,
                "F1": 0.16701554001554,
                "norm2": 0.0006213961963926707,
                "norminf": 0.0030005251136287926,
                "z": 0.0019445215485455322
            },
            "7": {
                "Precision": 0.2078650793650794,
                "Accuracy": 0.8021875,
                "Recall": 0.1657142857142857,
                "F1": 0.17965528915528917,
                "norm2": 0.0007318847348118725,
                "norminf": 0.0034756372539308266,
                "z": 0.001886070728515212
            },
            "8": {
                "Precision": 0.19779365079365085,
                "Accuracy": 0.7659375,
                "Recall": 0.13625,
                "F1": 0.1582896123484359,
                "norm2": 0.0008561877614298775,
                "norminf": 0.003989820632413461,
                "z": 0.0018399315496839882
            },
            "9": {
                "Precision": 0.28547619047619055,
                "Accuracy": 0.758125,
                "Recall": 0.18222222222222229,
                "F1": 0.21907390648567124,
                "norm2": 0.0009301891522436466,
                "norminf": 0.004268381199127691,
                "z": 0.0018800703526329204
            },
            "10": {
                "Precision": 0.2395396825396826,
                "Accuracy": 0.7184375,
                "Recall": 0.14600000000000002,
                "F1": 0.17939907177445874,
                "norm2": 0.001111465719292413,
                "norminf": 0.0050107951977386425,
                "z": 0.001810909535730528
            }
        },
        "10": {
            "2": {
                "Precision": 0.1136904761904762,
                "Accuracy": 0.9215625,
                "Recall": 0.165,
                "F1": 0.1258968253968254,
                "norm2": 0.0003351122646208838,
                "norminf": 0.0025560040343486014,
                "z": 0.008475204630374888
            },
            "3": {
                "Precision": 0.25088095238095237,
                "Accuracy": 0.893125,
                "Recall": 0.2766666666666666,
                "F1": 0.24215079365079364,
                "norm2": 0.0004033136195938134,
                "norminf": 0.00296485045099138,
                "z": 0.006888746562132622
            },
            "4": {
                "Precision": 0.24590476190476185,
                "Accuracy": 0.8575,
                "Recall": 0.2475,
                "F1": 0.23577417027417025,
                "norm2": 0.00045162924416160385,
                "norminf": 0.003341740349460367,
                "z": 0.006530307279450749
            },
            "5": {
                "Precision": 0.36166666666666664,
                "Accuracy": 0.8415625,
                "Recall": 0.306,
                "F1": 0.31837218337218326,
                "norm2": 0.0005607664736831198,
                "norminf": 0.0038610887467067844,
                "z": 0.006110512808154039
            },
            "6": {
                "Precision": 0.3838333333333333,
                "Accuracy": 0.814375,
                "Recall": 0.3166666666666667,
                "F1": 0.3403786213786214,
                "norm2": 0.0006337136852948537,
                "norminf": 0.004335252078853487,
                "z": 0.005601850271529197
            },
            "7": {
                "Precision": 0.4178214285714287,
                "Accuracy": 0.7928125,
                "Recall": 0.29285714285714276,
                "F1": 0.3340772560772562,
                "norm2": 0.00073709670664999,
                "norminf": 0.004742884402292606,
                "z": 0.0054492305501198865
            },
            "8": {
                "Precision": 0.430515873015873,
                "Accuracy": 0.7628125,
                "Recall": 0.28625,
                "F1": 0.3376508295625942,
                "norm2": 0.0008329433045204282,
                "norminf": 0.0051133658868213645,
                "z": 0.005172328407898333
            },
            "9": {
                "Precision": 0.41811327561327566,
                "Accuracy": 0.72375,
                "Recall": 0.2644444444444442,
                "F1": 0.31637009232597463,
                "norm2": 0.0009609716402591325,
                "norminf": 0.0056478699504401205,
                "z": 0.004802186270278106
            },
            "10": {
                "Precision": 0.46929761904761896,
                "Accuracy": 0.711875,
                "Recall": 0.251,
                "F1": 0.32190646771529124,
                "norm2": 0.0010561990072979325,
                "norminf": 0.006331033735022853,
                "z": 0.004597397762474623
            }
        },
        "13": {
            "2": {
                "Precision": 0.555,
                "Accuracy": 0.9471875,
                "Recall": 0.395,
                "F1": 0.4483333333333333,
                "norm2": 0.0002553051781862655,
                "norminf": 0.00233330129305495,
                "z": 0.006532529384087585
            },
            "3": {
                "Precision": 0.6323333333333333,
                "Accuracy": 0.920625,
                "Recall": 0.38666666666666666,
                "F1": 0.46304761904761876,
                "norm2": 0.00038170708511595585,
                "norminf": 0.0028011434373033973,
                "z": 0.005998370694440052
            },
            "4": {
                "Precision": 0.6064999999999998,
                "Accuracy": 0.8903125,
                "Recall": 0.3175,
                "F1": 0.4017063492063491,
                "norm2": 0.00047756506533136423,
                "norminf": 0.003230843561827493,
                "z": 0.005650039170210296
            },
            "5": {
                "Precision": 0.6008333333333334,
                "Accuracy": 0.855625,
                "Recall": 0.3059999999999999,
                "F1": 0.38733405483405475,
                "norm2": 0.0005310164211911978,
                "norminf": 0.0036396355433768214,
                "z": 0.005499849530127592
            },
            "6": {
                "Precision": 0.5926666666666667,
                "Accuracy": 0.8278125,
                "Recall": 0.31166666666666665,
                "F1": 0.39274531024531006,
                "norm2": 0.0006677975922871957,
                "norminf": 0.004367783595216086,
                "z": 0.005518506830995255
            },