{
    "090neg": {
        "08": {
            "2": {
                "Precision": 0.0,
                "Accuracy": 0.9285714285714296,
                "Recall": 0.0,
                "F1": 0.0,
                "norm2": 0.00015739315634625197,
                "norminf": 0.0008612079950325235,
                "z": 0.0010638235299056146
            },
            "3": {
                "Precision": 0.04,
                "Accuracy": 0.8957142857142856,
                "Recall": 0.026666666666666665,
                "F1": 0.030999999999999996,
                "norm2": 0.00021016558355485164,
                "norminf": 0.0011017278890419824,
                "z": 0.00092601755875786
            },
            "4": {
                "Precision": 0.04,
                "Accuracy": 0.86,
                "Recall": 0.02,
                "F1": 0.025904761904761903,
                "norm2": 0.00037802818419617945,
                "norminf": 0.0017783543959619863,
                "z": 0.0010405528807058862
            },
            "5": {
                "Precision": 0.06666666666666667,
                "Accuracy": 0.8267857142857133,
                "Recall": 0.032,
                "F1": 0.042261904761904764,
                "norm2": 0.00040117972660228647,
                "norminf": 0.0019418586651789949,
                "z": 0.0009868927591120832
            },
            "6": {
                "Precision": 0.03,
                "Accuracy": 0.7871428571428578,
                "Recall": 0.006666666666666666,
                "F1": 0.010714285714285714,
                "norm2": 0.0004950312898445498,
                "norminf": 0.002321026204003286,
                "z": 0.0010287241109108735
            },
            "7": {
                "Precision": 0.05,
                "Accuracy": 0.7546428571428571,
                "Recall": 0.01857142857142857,
                "F1": 0.026217171717171715,
                "norm2": 0.0005304130572549647,
                "norminf": 0.002486286623187893,
                "z": 0.0009921706517437461
            },
            "8": {
                "Precision": 0.075,
                "Accuracy": 0.7203571428571428,
                "Recall": 0.0225,
                "F1": 0.03347474747474748,
                "norm2": 0.000626630584759116,
                "norminf": 0.002869340725928914,
                "z": 0.0010008915830598407
            },
            "9": {
                "Precision": 0.04,
                "Accuracy": 0.6825000000000007,
                "Recall": 0.012222222222222221,
                "F1": 0.018153846153846152,
                "norm2": 0.0006384767286952584,
                "norminf": 0.002907626009394999,
                "z": 0.001017005568416357
            },
            "10": {
                "Precision": 0.048,
                "Accuracy": 0.648214285714287,
                "Recall": 0.016,
                "F1": 0.023611721611721613,
                "norm2": 0.0007918193988264849,
                "norminf": 0.003522181390699083,
                "z": 0.001067869647754586
            }
        },
        "10": {
            "2": {
                "Precision": 0.07,
                "Accuracy": 0.9325000000000009,
                "Recall": 0.055,
                "F1": 0.06,
                "norm2": 0.00021209873716028862,
                "norminf": 0.001544098431288139,
                "z": 0.003622791010720871
            },
            "3": {
                "Precision": 0.075,
                "Accuracy": 0.8989285714285711,
                "Recall": 0.06000000000000001,
                "F1": 0.06599999999999999,
                "norm2": 0.0003206778662802102,
                "norminf": 0.0021228559207472054,
                "z": 0.003218455641201468
            },
            "4": {
                "Precision": 0.18666666666666668,
                "Accuracy": 0.8682142857142863,
                "Recall": 0.085,
                "F1": 0.11000000000000001,
                "norm2": 0.00039183844377062765,
                "norminf": 0.002455205984631672,
                "z": 0.0034031520119987514
            },
            "5": {
                "Precision": 0.11833333333333332,
                "Accuracy": 0.8285714285714278,
                "Recall": 0.046,
                "F1": 0.06404761904761903,
                "norm2": 0.00043491413579276343,
                "norminf": 0.0026940798177779923,
                "z": 0.0036050570503808805
            },
            "6": {
                "Precision": 0.165,
                "Accuracy": 0.7971428571428576,
                "Recall": 0.05833333333333334,
                "F1": 0.08326190476190476,
                "norm2": 0.000611286155050074,
                "norminf": 0.0035116552686954906,
                "z": 0.0036047433022036728
            },
            "7": {
                "Precision": 0.14216666666666666,
                "Accuracy": 0.7617857142857143,
                "Recall": 0.05571428571428572,
                "F1": 0.07656060606060607,
                "norm2": 0.0006206111111121712,
                "norminf": 0.0036248864981468353,
                "z": 0.0039199282138362304
            },
            "8": {
                "Precision": 0.14833333333333332,
                "Accuracy": 0.7289285714285711,
                "Recall": 0.06375,
                "F1": 0.08766233766233768,
                "norm2": 0.000706284587406763,
                "norminf": 0.003921669256056483,
                "z": 0.003776501168393967
            },
            "9": {
                "Precision": 0.16966666666666666,
                "Accuracy": 0.6946428571428578,
                "Recall": 0.06111111111111109,
                "F1": 0.08707858807858808,
                "norm2": 0.0008347184120101867,
                "norminf": 0.0045818473780177725,
                "z": 0.0035784681010282236
            },
            "10": {
                "Precision": 0.25300000000000006,
                "Accuracy": 0.6710714285714293,
                "Recall": 0.08900000000000002,
                "F1": 0.12831451881451883,
                "norm2": 0.0008651450034827286,
                "norminf": 0.004643401346304973,
                "z": 0.004048279093803696
            }
        },
        "13": {
            "2": {
                "Precision": 0.3383333333333334,
                "Accuracy": 0.9353571428571428,
                "Recall": 0.22,
                "F1": 0.2590000000000001,
                "norm2": 0.00023156908605068992,
                "norminf": 0.0017347065613650648,
                "z": 0.0065488758364715734
            },
            "3": {
                "Precision": 0.365,
                "Accuracy": 0.9017857142857139,
                "Recall": 0.19666666666666657,
                "F1": 0.24600000000000002,
                "norm2": 0.0002972612756721421,
                "norminf": 0.0021932409384913545,
                "z": 0.005804022797539452
            },
            "4": {
                "Precision": 0.4091666666666666,
                "Accuracy": 0.8675000000000002,
                "Recall": 0.185,
                "F1": 0.24507142857142855,
                "norm2": 0.0004074599778607107,
                "norminf": 0.002970759156949729,
                "z": 0.0059473906779162556
            },
            "5": {
                "Precision": 0.45166666666666666,
                "Accuracy": 0.8299999999999994,
                "Recall": 0.19599999999999987,
                "F1": 0.2646428571428571,
                "norm2": 0.00042973870842034895,
                "norminf": 0.002933966349515581,
                "z": 0.006621413728335965
            },
            "6": {
                "Precision": 0.4589999999999999,
                "Accuracy": 0.7996428571428573,
                "Recall": 0.19499999999999995,
                "F1": 0.2612142857142856,
                "norm2": 0.0005523172327787334,
                "norminf": 0.0034702527856754596,