{
  "irrad_LV0101": 1125.1673942729694,
  "irrad_LV0102": 982.078155270161,
  "irrad_LV0103": 1178.1818390188814,
  "irrad_LV0201": 1162.369177981475,
  "irrad_LV0202": 1080.665830487121,
  "irrad_LV0203": 1161.4150050550047
}