{
  "irrad_LV0101": 1133.741787261716,
  "irrad_LV0102": 1035.2209107832932,
  "irrad_LV0103": 1090.0479578472691,
  "irrad_LV0201": 1137.607798437183,
  "irrad_LV0202": 1109.8717956119542,
  "irrad_LV0203": 1092.8894740540743
}