{
  "irrad_LV0101": 1116.7688146220976,
  "irrad_LV0102": 1074.8227583040432,
  "irrad_LV0103": 1115.246273469441,
  "irrad_LV0201": 1053.7817025962775,
  "irrad_LV0202": 1089.428253775415,
  "irrad_LV0203": 1073.6667749956746
}