{
  "irrad_LV0101": 1037.7495968075427,
  "irrad_LV0102": 1142.347097989736,
  "irrad_LV0103": 1154.827625718236,
  "irrad_LV0201": 1041.596580762551,
  "irrad_LV0202": 1085.4275905106622,
  "irrad_LV0203": 1115.808287592635
}