{
  "P_LV0101": 0.33748495542255436,
  "Q_LV0101": -0.16871706143688384,
  "U_LV0101": 0.9685653352648985,
  "I_LV0101_MV0101": 0.3895537774251939,
  "P_LV0102": 0.29456648329822377,
  "Q_LV0102": -0.16871706143688414,
  "U_LV0102": 0.9679059848232288,
  "I_LV0102_MV0102": 0.3507185717357292,
  "P_LV0103": 0.34892561525659177,
  "Q_LV0103": -0.16871706143688364,
  "U_LV0103": 0.9692378201571996,
  "I_LV0103_MV0103": 0.3998762604688224,
  "P_LV0201": 0.3486433327274861,
  "Q_LV0201": -0.16871706143688386,
  "U_LV0201": 0.9692633723006356,
  "I_LV0201_MV0201": 0.39960354708432505,
  "P_LV0202": 0.32413706750210375,
  "Q_LV0202": -0.1687170614368836,
  "U_LV0202": 0.9690349860910598,
  "I_LV0202_MV0202": 0.37709470251431765,
  "P_LV0203": 0.3483571361942463,
  "Q_LV0203": -0.16871706143688367,
  "U_LV0203": 0.9697063231251335,
  "I_LV0203_MV0203": 0.3991553684138718,
  "P_POIMV_MV0101": -0.9679475954362715,
  "Q_POIMV_MV0101": 0.5659324620544339,
  "U_POIMV": 0.9843129487924479,
  "I_POIMV_MV0101": 1.1391196678556272,
  "P_POIMV_MV0201": -1.0063518381397216,
  "Q_POIMV_MV0201": 0.5700341960553601,
  "I_POIMV_MV0201": 1.1750149889562174,
  "P_POI_POIMV": -1.9742894335753514,
  "Q_POI_POIMV": 1.205127247188102,
  "U_POI": 0.9996738645817541,
  "I_POI_POIMV": 2.3137938336181425
}