{
  "P_LV0101": 0.34005677598037676,
  "Q_LV0101": -0.15876245763586722,
  "U_LV0101": 0.9710197765988423,
  "I_LV0101_MV0101": 0.22314166608019426,
  "P_LV0102": 0.310506227523544,
  "Q_LV0102": -0.15876245763586683,
  "U_LV0102": 0.9706639044680586,
  "I_LV0102_MV0102": 0.20743036948505,
  "P_LV0103": 0.32695116152049136,
  "Q_LV0103": -0.15876245763586683,
  "U_LV0103": 0.971166358908821,
  "I_LV0103_MV0103": 0.21607344305144255,
  "P_LV0201": 0.34121635509354376,
  "Q_LV0201": -0.1587624576358674,
  "U_LV0201": 0.971502900337097,
  "I_LV0201_MV0201": 0.22365531009974368,
  "P_LV0202": 0.3328971630117998,
  "Q_LV0202": -0.15876245763586616,
  "U_LV0202": 0.9716218114528382,
  "I_LV0202_MV0202": 0.21915588799715222,
  "P_LV0203": 0.3278034515666367,
  "Q_LV0203": -0.15876245763586694,
  "U_LV0203": 0.9716589833534526,
  "I_LV0203_MV0203": 0.21641956265368006,
  "P_POIMV_MV0101": -0.9649795973241453,
  "Q_POIMV_MV0101": 0.5337937837775826,
  "U_POIMV": 0.9852227073894257,
  "I_POIMV_MV0101": 0.6462393960310564,
  "P_POIMV_MV0201": -0.9879870906354427,
  "Q_POIMV_MV0201": 0.5364008023221913,
  "I_POIMV_MV0201": 0.6587972063398463,
  "P_POI_POI_MV": -1.9529566879590754,
  "Q_POI_POI_MV": 1.1361561046801398,
  "U_POI": 0.9996925304217557,
  "I_POI_POI_MV": 1.3048666808938851
}