{
  "P_LV0101": 0.3349658686684286,
  "Q_LV0101": -0.15597000422007423,
  "U_LV0101": 0.9716150404448829,
  "I_LV0101_MV0101": 0.38029259449465763,
  "P_LV0102": 0.3223844847617276,
  "Q_LV0102": -0.15597000422007393,
  "U_LV0102": 0.9716412859735604,
  "I_LV0102_MV0102": 0.3685843963277995,
  "P_LV0103": 0.33450919463428147,
  "Q_LV0103": -0.15597000422007415,
  "U_LV0103": 0.9720537228412778,
  "I_LV0103_MV0103": 0.3796951254350228,
  "P_LV0201": 0.31607338848954397,
  "Q_LV0201": -0.15597000422007398,
  "U_LV0201": 0.9716295951184679,
  "I_LV0201_MV0201": 0.36275283141795395,
  "P_LV0202": 0.32676528624350637,
  "Q_LV0202": -0.1559700042200737,
  "U_LV0202": 0.9721516324803303,
  "I_LV0202_MV0202": 0.3724525661826596,
  "P_LV0203": 0.32203775681948577,
  "Q_LV0203": -0.1559700042200736,
  "U_LV0203": 0.9721936252063429,
  "I_LV0203_MV0203": 0.36805397661755207,
  "P_POIMV_MV0101": -0.9791299990356492,
  "Q_POIMV_MV0101": 0.5262829942653298,
  "U_POIMV": 0.985504195948455,
  "I_POIMV_MV0101": 1.1279572983077244,
  "P_POIMV_MV0201": -0.9518575808228888,
  "Q_POIMV_MV0201": 0.5239365798619815,
  "I_POIMV_MV0201": 1.1025094382421288,
  "P_POI_POIMV": -1.9309775798580548,
  "Q_POI_POIMV": 1.114430761767835,
  "U_POI": 0.9996984120217441,
  "I_POI_POIMV": 2.230163639345319
}