{
  "P_LV0101": 0.3239582158541467,
  "Q_LV0101": -0.16042797788362206,
  "U_LV0101": 0.9702808754664118,
  "I_LV0101_MV0101": 0.2151079871805722,
  "P_LV0102": 0.32215931050017715,
  "Q_LV0102": -0.1604279778836217,
  "U_LV0102": 0.9705231457520985,
  "I_LV0102_MV0102": 0.2140958222212173,
  "P_LV0103": 0.3182499848480702,
  "Q_LV0103": -0.16042797788362223,
  "U_LV0103": 0.9705777558870311,
  "I_LV0103_MV0103": 0.21200466439053742,
  "P_LV0201": 0.33968889571956495,
  "Q_LV0201": -0.16042797788362217,
  "U_LV0201": 0.9710889814528066,
  "I_LV0201_MV0201": 0.2233486712189941,
  "P_LV0202": 0.3421180494512136,
  "Q_LV0202": -0.1604279778836223,
  "U_LV0202": 0.9714431592957903,
  "I_LV0202_MV0202": 0.22457352211097711,
  "P_LV0203": 0.3312423205158732,
  "Q_LV0203": -0.16042797788362234,
  "U_LV0203": 0.9713593455335697,
  "I_LV0203_MV0203": 0.21875740287303325,
  "P_POIMV_MV0101": -0.9520436072489247,
  "Q_POIMV_MV0101": 0.5377644577852152,
  "U_POIMV": 0.9850813984497366,
  "I_POIMV_MV0101": 0.6408496432088143,
  "P_POIMV_MV0201": -0.9987983519862382,
  "Q_POIMV_MV0201": 0.542798262866313,
  "I_POIMV_MV0201": 0.6662494217405457,
  "P_POI_POIMV": -1.950831959234884,
  "Q_POI_POIMV": 1.146731251699748,
  "U_POI": 0.9996896692610864,
  "I_POI_POIMV": 1.3068942346418913
}