{
  "P_LV0101": 0.000262,
  "Q_LV0101": 0.000436,
  "U_LV0101": 0.002462,
  "I_LV0101_MV0101": 0.000074,
  "P_LV0102": 0.000267,
  "Q_LV0102": 0.000474,
  "U_LV0102": 0.002465,
  "I_LV0102_MV0102": 0.000079,
  "P_LV0103": 0.000268,
  "Q_LV0103": 0.000479,
  "U_LV0103": 0.002465,
  "I_LV0103_MV0103": 0.000079,
  "P_LV0201": 0.000263,
  "Q_LV0201": 0.000438,
  "U_LV0201": 0.002463,
  "I_LV0201_MV0201": 0.000074,
  "P_LV0202": 0.000265,
  "Q_LV0202": 0.000454,
  "U_LV0202": 0.002465,
  "I_LV0202_MV0202": 0.000076,
  "P_LV0203": 0.000266,
  "Q_LV0203": 0.000465,
  "U_LV0203": 0.002466,
  "I_LV0203_MV0203": 0.000078,
  "P_POIMV_MV0101": 0.000863,
  "Q_POIMV_MV0101": 0.001377,
  "U_POIMV": 0.002500,
  "I_POIMV_MV0101": 0.000232,
  "P_POIMV_MV0201": 0.000856,
  "Q_POIMV_MV0201": 0.001343,
  "I_POIMV_MV0201": 0.000228,
  "P_POI_POI_MV": 0.001719,
  "Q_POI_POI_MV": 0.002720,
  "U_POI": 0.002500,
  "I_POI_POI_MV": 0.000460
}
