{
  "irrad_LV0101": 644.7776090308886,
  "irrad_LV0102": 571.0317857543803,
  "irrad_LV0103": 545.8394215655543,
  "irrad_LV0201": 517.3890769456169,
  "irrad_LV0202": 517.4811657017617,
  "irrad_LV0203": 596.0715290809882
}