{
  "irrad_LV0101": 689.8290469237227,
  "irrad_LV0102": 545.1159861428087,
  "irrad_LV0103": 504.0705256566076,
  "irrad_LV0201": 576.5042875325332,
  "irrad_LV0202": 542.2722784988935,
  "irrad_LV0203": 591.3594564138223
}