{
  "irrad_LV0101": 607.4986548879428,
  "irrad_LV0102": 647.7291496619004,
  "irrad_LV0103": 549.2813006750516,
  "irrad_LV0201": 561.4760140940722,
  "irrad_LV0202": 655.7566103849737,
  "irrad_LV0203": 593.2556620220003
}