{
  "P_LV0101": 0.20690870206087394,
  "Q_LV0101": 0.08590592450140448,
  "U_LV0101": 1.0235411087382367,
  "I_LV0101_MV0101": 0.21888086803804765,
  "P_LV0102": 0.1635031775893216,
  "Q_LV0102": 0.08590592450140302,
  "U_LV0102": 1.0228016045510815,
  "I_LV0102_MV0102": 0.18057985538229743,
  "P_LV0103": 0.15119192019509675,
  "Q_LV0103": 0.08590592450140386,
  "U_LV0103": 1.0226438880727056,
  "I_LV0103_MV0103": 0.17004271315174108,
  "P_LV0201": 0.17291784739687116,
  "Q_LV0201": 0.08590592450140433,
  "U_LV0201": 1.0231962995885608,
  "I_LV0201_MV0201": 0.18870411816655183,
  "P_LV0202": 0.16265023023915273,
  "Q_LV0202": 0.08590592450140332,
  "U_LV0202": 1.0232553461093867,
  "I_LV0202_MV0202": 0.17976228853607357,
  "P_LV0203": 0.17737353641986825,
  "Q_LV0203": 0.08590592450140379,
  "U_LV0203": 1.023765911234284,
  "I_LV0203_MV0203": 0.19250661207851602,
  "P_POIMV_MV0101": -0.518345036643268,
  "Q_POIMV_MV0101": -0.24366130262774277,
  "U_POIMV": 1.0063614780638428,
  "I_POIMV_MV0101": 0.569138035231582,
  "P_POIMV_MV0201": -0.5095729957415642,
  "Q_POIMV_MV0201": -0.2444094820974101,
  "I_POIMV_MV0201": 0.5615829086431001,
  "P_POI_POIMV": -1.0279080323846983,
  "Q_POI_POIMV": -0.4719897094996668,
  "U_POI": 1.0001275789806312,
  "I_POI_POIMV": 1.130947757473991
}