{
  "P_LV0101": 0.170010551324197,
  "Q_LV0101": 0.08312318224913948,
  "U_LV0101": 1.022089872169939,
  "I_LV0101_MV0101": 0.1851533506044365,
  "P_LV0102": 0.14581756811331853,
  "Q_LV0102": 0.0831231822491382,
  "U_LV0102": 1.021804149498166,
  "I_LV0102_MV0102": 0.16426420057811306,
  "P_LV0103": 0.1895331892896946,
  "Q_LV0103": 0.08312318224913869,
  "U_LV0103": 1.0230193810852943,
  "I_LV0103_MV0103": 0.20230275737764156,
  "P_LV0201": 0.15953825822737586,
  "Q_LV0201": 0.08312318224913805,
  "U_LV0201": 1.02229687678849,
  "I_LV0201_MV0201": 0.17597059441976381,
  "P_LV0202": 0.1815009127046131,
  "Q_LV0202": 0.08312318224913948,
  "U_LV0202": 1.0231354339137377,
  "I_LV0202_MV0202": 0.19511568317869932,
  "P_LV0203": 0.1716278927160838,
  "Q_LV0203": 0.08312318224913991,
  "U_LV0203": 1.0230525062911697,
  "I_LV0203_MV0203": 0.18640065627203758,
  "P_POIMV_MV0101": -0.502294430973734,
  "Q_POIMV_MV0101": -0.2363120702686956,
  "U_POIMV": 1.0061604695751578,
  "I_POIMV_MV0101": 0.5517075992607385,
  "P_POIMV_MV0201": -0.5093327461979698,
  "Q_POIMV_MV0201": -0.2362281207383603,
  "I_POIMV_MV0201": 0.5580101414021105,
  "P_POI_POIMV": -1.0116171771721687,
  "Q_POI_POIMV": -0.4570716917937716,
  "U_POI": 1.000123547127022,
  "I_POI_POIMV": 1.1099456791891704
}