{
  "P_LV0101": 0.19339588380256545,
  "Q_LV0101": 0.08659044041537196,
  "U_LV0101": 1.0233853935065134,
  "I_LV0101_MV0101": 0.11954260381038405,
  "P_LV0102": 0.1712764142838514,
  "Q_LV0102": 0.08659044041537252,
  "U_LV0102": 1.0231630872930602,
  "I_LV0102_MV0102": 0.10829691578520241,
  "P_LV0103": 0.16372016625486516,
  "Q_LV0103": 0.08659044041537305,
  "U_LV0103": 1.023130526953132,
  "I_LV0103_MV0103": 0.10451275583428901,
  "P_LV0201": 0.15518671306853285,
  "Q_LV0201": 0.08659044041537117,
  "U_LV0201": 1.0229051126078152,
  "I_LV0201_MV0201": 0.10030341659897639,
  "P_LV0202": 0.15521433435397058,
  "Q_LV0202": 0.08659044041537305,
  "U_LV0202": 1.0232081511219877,
  "I_LV0202_MV0202": 0.10028732064258807,
  "P_LV0203": 0.17878688490660952,
  "Q_LV0203": 0.08659044041537223,
  "U_LV0203": 1.0239333881574293,
  "I_LV0203_MV0203": 0.1120110365275433,
  "P_POIMV_MV0101": -0.5250805949758615,
  "Q_POIMV_MV0101": -0.24551191671253036,
  "U_POIMV": 1.0064286480300015,
  "I_POIMV_MV0101": 0.3325192558779816,
  "P_POIMV_MV0201": -0.4860381185128517,
  "Q_POIMV_MV0201": -0.24745045510780983,
  "I_POIMV_MV0201": 0.3128773745264909,
  "P_POI_POI_MV": -1.0111087134879708,
  "Q_POI_POI_MV": -0.47726217130866644,
  "U_POI": 1.0001290056284347,
  "I_POI_POI_MV": 0.6454449442110534
}