{
  "P_LV0101": 0.1822143598434032,
  "Q_LV0101": 0.08618138352053156,
  "U_LV0101": 1.02298696857456,
  "I_LV0101_MV0101": 0.11375983709624649,
  "P_LV0102": 0.19428117479424808,
  "Q_LV0102": 0.08618138352053199,
  "U_LV0102": 1.0235905805872236,
  "I_LV0102_MV0102": 0.11988081922783492,
  "P_LV0103": 0.16475253034908868,
  "Q_LV0103": 0.08618138352053184,
  "U_LV0103": 1.0230372349021646,
  "I_LV0103_MV0103": 0.10493045614544547,
  "P_LV0201": 0.16841023704727137,
  "Q_LV0201": 0.08618138352053185,
  "U_LV0201": 1.0231383563438943,
  "I_LV0201_MV0201": 0.10675328236323278,
  "P_LV0202": 0.1966889473959713,
  "Q_LV0202": 0.08618138352053116,
  "U_LV0202": 1.0241381221548211,
  "I_LV0202_MV0202": 0.1210587452883132,
  "P_LV0203": 0.17794228811708698,
  "Q_LV0203": 0.08618138352053051,
  "U_LV0203": 1.0238528684853854,
  "I_LV0203_MV0203": 0.11149065902256142,
  "P_POIMV_MV0101": -0.5378056469592138,
  "Q_POIMV_MV0101": -0.24369848559649654,
  "U_POIMV": 1.0063443272834252,
  "I_POIMV_MV0101": 0.3387437780587795,
  "P_POIMV_MV0201": -0.5393336823036634,
  "Q_POIMV_MV0201": -0.24374995708240021,
  "I_POIMV_MV0201": 0.33955462769375494,
  "P_POI_POIMV": -1.0771293292624335,
  "Q_POI_POIMV": -0.4700424290672345,
  "U_POI": 1.0001270487506722,
  "I_POI_POIMV": 0.6784287233078662
}