{
  "P_LV0101": 0.016206616152210255,
  "Q_LV0101": -0.020828981718227804,
  "U_LV0101": 0.9959028405590239,
  "I_LV0101_MV0101": 0.02649987745966509,
  "P_LV0102": -0.005557261775069932,
  "Q_LV0102": -0.020828981718228716,
  "U_LV0102": 0.9952744461362835,
  "I_LV0102_MV0102": 0.021659944101772893,
  "P_LV0103": -0.0002775931609019712,
  "Q_LV0103": -0.020828981718229132,
  "U_LV0103": 0.9954121292125616,
  "I_LV0103_MV0103": 0.02092684105634324,
  "P_LV0201": 0.015931290621708758,
  "Q_LV0201": -0.020828981718229018,
  "U_LV0201": 0.9959425011546309,
  "I_LV0201_MV0201": 0.02632996290354462,
  "P_LV0202": 0.017361376185274998,
  "Q_LV0202": -0.020828981718229292,
  "U_LV0202": 0.9960045564018766,
  "I_LV0202_MV0202": 0.027224523391296086,
  "P_LV0203": 0.04300646513997578,
  "Q_LV0203": -0.020828981718228407,
  "U_LV0203": 0.996724003180732,
  "I_LV0203_MV0203": 0.047942019168946345,
  "P_POIMV_MV0101": -0.010324206663426594,
  "Q_POIMV_MV0101": 0.06144332529379426,
  "U_POIMV": 0.9983705818905909,
  "I_POIMV_MV0101": 0.06240635253061875,
  "P_POIMV_MV0201": -0.07618006420887014,
  "Q_POIMV_MV0201": 0.061464476171295246,
  "I_POIMV_MV0201": 0.09804378782160465,
  "P_POI_POIMV": -0.08649427087160827,
  "Q_POI_POIMV": 0.12263700160519875,
  "U_POI": 0.9999668355373911,
  "I_POI_POIMV": 0.15007527088276973
}