{
  "irrad_LV0101": 490.9767753322825,
  "irrad_LV0102": 564.0519330959166,
  "irrad_LV0103": 378.96637233522824,
  "irrad_LV0201": 399.2258147623352,
  "irrad_LV0202": 487.0661006059142,
  "irrad_LV0203": 451.34241601463236
}