{
  "P_LV0101": -0.007925059548136727,
  "Q_LV0101": 0.0040728817205148695,
  "U_LV0101": 1.0006957766258076,
  "I_LV0101_MV0101": 0.008904188187104062,
  "P_LV0102": -0.0037201686505820924,
  "Q_LV0102": 0.004072881720513514,
  "U_LV0102": 1.0007882715910807,
  "I_LV0102_MV0102": 0.005511815115906098,
  "P_LV0103": -0.03766102427787946,
  "Q_LV0103": 0.004072881720514105,
  "U_LV0103": 0.999807345820239,
  "I_LV0103_MV0103": 0.037887915880828224,
  "P_LV0201": -0.021236244176620064,
  "Q_LV0201": 0.004072881720513682,
  "U_LV0201": 1.000325676995708,
  "I_LV0201_MV0201": 0.021616244578785304,
  "P_LV0202": 0.010158654113255955,
  "Q_LV0202": 0.004072881720513502,
  "U_LV0202": 1.0012060190858239,
  "I_LV0202_MV0202": 0.010931523720326233,
  "P_LV0203": -0.008409448339918264,
  "Q_LV0203": 0.004072881720514214,
  "U_LV0203": 1.0006872395526905,
  "I_LV0203_MV0203": 0.009337414448269275,
  "P_POIMV_MV0101": 0.049352334947116105,
  "Q_POIMV_MV0101": -0.013276025403456515,
  "U_POIMV": 1.0003652795180529,
  "I_POIMV_MV0101": 0.051088146461334215,
  "P_POIMV_MV0201": 0.01950647295757335,
  "Q_POIMV_MV0201": -0.013681908824764832,
  "I_POIMV_MV0201": 0.02381769525388581,
  "P_POI_POIMV": 0.06886880790539718,
  "Q_POI_POIMV": -0.027452684369109193,
  "U_POI": 1.0000074234348788,
  "I_POI_POIMV": 0.07413825581668593
}