{
  "irrad_LV0101": 857.9872785882228,
  "irrad_LV0102": 867.7458522233958,
  "irrad_LV0103": 939.5504579263537,
  "irrad_LV0201": 783.7139041272261,
  "irrad_LV0202": 819.3578975973663,
  "irrad_LV0203": 858.0951664053467
}