{
  "P_LV0101": 0.000086,
  "Q_LV0101": 0.000206,
  "U_LV0101": 0.002501,
  "I_LV0101_MV0101": 0.000057,
  "P_LV0102": 0.000092,
  "Q_LV0102": 0.000243,
  "U_LV0102": 0.002501,
  "I_LV0102_MV0102": 0.000065,
  "P_LV0103": 0.000092,
  "Q_LV0103": 0.000079,
  "U_LV0103": 0.002502,
  "I_LV0103_MV0103": 0.000032,
  "P_LV0201": 0.000084,
  "Q_LV0201": 0.000212,
  "U_LV0201": 0.002503,
  "I_LV0201_MV0201": 0.000057,
  "P_LV0202": 0.000087,
  "Q_LV0202": 0.000199,
  "U_LV0202": 0.002503,
  "I_LV0202_MV0202": 0.000056,
  "P_LV0203": 0.000089,
  "Q_LV0203": 0.000159,
  "U_LV0203": 0.002503,
  "I_LV0203_MV0203": 0.000048,
  "P_POIMV_MV0101": 0.000276,
  "Q_POIMV_MV0101": 0.000586,
  "U_POIMV": 0.002501,
  "I_POIMV_MV0101": 0.000168,
  "P_POIMV_MV0201": 0.000278,
  "Q_POIMV_MV0201": 0.000589,
  "I_POIMV_MV0201": 0.000168,
  "P_POI_POIMV": 0.000631,
  "Q_POI_POIMV": 0.000187,
  "U_POI": 0.002500,
  "I_POI_POIMV": 0.000176
}
