{
  "P_LV0101": 0.361918617598526,
  "Q_LV0101": 0.1783474491319824,
  "U_LV0101": 1.0450008750261528,
  "I_LV0101_MV0101": 0.3861011308436857,
  "P_LV0102": 0.35181594839929414,
  "Q_LV0102": 0.17834744913198303,
  "U_LV0102": 1.0453883622992088,
  "I_LV0102_MV0102": 0.37731354552746277,
  "P_LV0103": 0.3262099758941879,
  "Q_LV0103": 0.1783474491319818,
  "U_LV0103": 1.0451476938148776,
  "I_LV0103_MV0103": 0.35572056483475983,
  "P_LV0201": 0.3401089528606936,
  "Q_LV0201": 0.1783474491319824,
  "U_LV0201": 1.0454859345418765,
  "I_LV0201_MV0201": 0.36732559087616506,
  "P_LV0202": 0.362121132786466,
  "Q_LV0202": 0.1783474491319821,
  "U_LV0202": 1.0465611310475273,
  "I_LV0202_MV0202": 0.3856990996225205,
  "P_LV0203": 0.3682413983390078,
  "Q_LV0203": 0.178347449131982,
  "U_LV0203": 1.0469990108947786,
  "I_LV0203_MV0203": 0.39079034937759227,
  "P_POIMV_MV0101": -1.0274340931696315,
  "Q_POIMV_MV0101": -0.4776875301022301,
  "U_POIMV": 1.0121403092534869,
  "I_POIMV_MV0101": 1.119461112380303,
  "P_POIMV_MV0201": -1.0564524146253689,
  "Q_POIMV_MV0201": -0.4747459929781144,
  "I_POIMV_MV0201": 1.1443283178877912,
  "P_POI_POIMV": -2.0838765077944825,
  "Q_POI_POIMV": -0.8862740837826095,
  "U_POI": 1.0002394472119756,
  "I_POI_POIMV": 2.263971764718112
}