{
  "P_LV0101": 0.002266,
  "Q_LV0101": 0.003848,
  "U_LV0101": 0.002613,
  "I_LV0101_MV0101": 0.000965,
  "P_LV0102": 0.002246,
  "Q_LV0102": 0.003743,
  "U_LV0102": 0.002613,
  "I_LV0102_MV0102": 0.000943,
  "P_LV0103": 0.002198,
  "Q_LV0103": 0.003479,
  "U_LV0103": 0.002613,
  "I_LV0103_MV0103": 0.000889,
  "P_LV0201": 0.002224,
  "Q_LV0201": 0.003622,
  "U_LV0201": 0.002614,
  "I_LV0201_MV0201": 0.000918,
  "P_LV0202": 0.002267,
  "Q_LV0202": 0.003850,
  "U_LV0202": 0.002616,
  "I_LV0202_MV0202": 0.000964,
  "P_LV0203": 0.002279,
  "Q_LV0203": 0.003913,
  "U_LV0203": 0.002617,
  "I_LV0203_MV0203": 0.000977,
  "P_POIMV_MV0101": 0.006188,
  "Q_POIMV_MV0101": 0.010907,
  "U_POIMV": 0.002530,
  "I_POIMV_MV0101": 0.002799,
  "P_POIMV_MV0201": 0.006224,
  "Q_POIMV_MV0201": 0.011207,
  "I_POIMV_MV0201": 0.002861,
  "P_POI_POIMV": 0.011861,
  "Q_POI_POIMV": 0.022079,
  "U_POI": 0.002501,
  "I_POI_POIMV": 0.005660
}
