{
  "P_LV0101": 0.000082,
  "Q_LV0101": 0.000258,
  "U_LV0101": 0.002501,
  "I_LV0101_MV0101": 0.000067,
  "P_LV0102": 0.000151,
  "Q_LV0102": 0.000465,
  "U_LV0102": 0.002503,
  "I_LV0102_MV0102": 0.000117,
  "P_LV0103": 0.000174,
  "Q_LV0103": 0.000530,
  "U_LV0103": 0.002503,
  "I_LV0103_MV0103": 0.000132,
  "P_LV0201": 0.000105,
  "Q_LV0201": 0.000331,
  "U_LV0201": 0.002502,
  "I_LV0201_MV0201": 0.000085,
  "P_LV0202": 0.000126,
  "Q_LV0202": 0.000394,
  "U_LV0202": 0.002502,
  "I_LV0202_MV0202": 0.000101,
  "P_LV0203": 0.000099,
  "Q_LV0203": 0.000313,
  "U_LV0203": 0.002502,
  "I_LV0203_MV0203": 0.000081,
  "P_POIMV_MV0101": 0.000413,
  "Q_POIMV_MV0101": 0.001284,
  "U_POIMV": 0.002500,
  "I_POIMV_MV0101": 0.000327,
  "P_POIMV_MV0201": 0.000332,
  "Q_POIMV_MV0201": 0.001040,
  "I_POIMV_MV0201": 0.000268,
  "P_POI_POIMV": 0.000747,
  "Q_POI_POIMV": 0.002331,
  "U_POI": 0.002500,
  "I_POI_POIMV": 0.000598
}
