{
    "090neg": {
        "08": {
            "P": {
                "Precision": 0.0,
                "Accuracy": 0.9714285714285713,
                "Recall": 0.0,
                "F1": 0.0,
                "norm2": 0.00012333947515265174,
                "norminf": 0.0016371900289638974,
                "z": 0.0061154111557454914
            },
            "Q": {
                "Precision": 0.0,
                "Accuracy": 0.9714285714285713,
                "Recall": 0.0,
                "F1": 0.0,
                "norm2": 3.5804567003450645e-05,
                "norminf": 0.00029926885826684344,
                "z": 0.0027475493887492734
            },
            "U": {
                "Precision": 0.0,
                "Accuracy": 0.9714285714285713,
                "Recall": 0.0,
                "F1": 0.0,
                "norm2": 7.249702895148965e-06,
                "norminf": 7.798917514210136e-05,
                "z": 5.6760668175453306e-05
            },
            "I": {
                "Precision": 0.0,
                "Accuracy": 0.9714285714285713,
                "Recall": 0.0,
                "F1": 0.0,
                "norm2": 6.9204347259229884e-06,
                "norminf": 7.4447050273041e-05,
                "z": 5.4165267207905224e-05
            }
        },
        "10": {
            "P": {
                "Precision": 1.0,
                "Accuracy": 1.0,
                "Recall": 1.0,
                "F1": 1.0,
                "norm2": 8.496343245608703e-05,
                "norminf": 0.0011132410744017717,
                "z": 0.004149850587674059
            },
            "Q": {
                "Precision": 0.0,
                "Accuracy": 0.9714285714285713,
                "Recall": 0.0,
                "F1": 0.0,
                "norm2": 0.0001292738508838174,
                "norminf": 0.0011143397412574974,
                "z": 0.009865831000254352
            },
            "U": {
                "Precision": 0.0,
                "Accuracy": 0.9714285714285713,
                "Recall": 0.0,
                "F1": 0.0,
                "norm2": 2.010779839701216e-05,
                "norminf": 0.00024080865537835506,
                "z": 0.0006928791755533396
            },
            "I": {
                "Precision": 0.0,
                "Accuracy": 0.9714285714285713,
                "Recall": 0.0,
                "F1": 0.0,
                "norm2": 1.862889461457849e-05,
                "norminf": 0.00022314668904066526,
                "z": 0.0006417500468054518
            }
        },
        "13": {
            "P": {
                "Precision": 1.0,
                "Accuracy": 1.0,
                "Recall": 1.0,
                "F1": 1.0,
                "norm2": 0.00011259651352451396,
                "norminf": 0.0016193810366094464,
                "z": 0.006678427323126801
            },
            "Q": {
                "Precision": 0.9,
                "Accuracy": 0.9971428571428571,
                "Recall": 0.9,
                "F1": 0.9,
                "norm2": 0.00017469228552639073,
                "norminf": 0.0017414670544324885,
                "z": 0.014295960271972542
            },
            "U": {
                "Precision": 0.0,
                "Accuracy": 0.9714285714285713,
                "Recall": 0.0,
                "F1": 0.0,
                "norm2": 2.6914250572445975e-05,
                "norminf": 0.0003683639930243454,
                "z": 0.00206474012086362
            },
            "I": {
                "Precision": 0.0,
                "Accuracy": 0.9714285714285713,
                "Recall": 0.0,
                "F1": 0.0,
                "norm2": 3.0107732931342823e-05,
                "norminf": 0.0004120093706990735,
                "z": 0.0023108821758987264
            }
        }
    },
    "090pos": {
        "08": {
            "P": {
                "Precision": 0.0,
                "Accuracy": 0.9714285714285713,
                "Recall": 0.0,
                "F1": 0.0,
                "norm2": 5.770483907715751e-05,
                "norminf": 0.0002554914824197674,
                "z": 0.004763961759804645
            },
            "Q": {
                "Precision": 0.0,
                "Accuracy": 0.9714285714285713,
                "Recall": 0.0,
                "F1": 0.0,
                "norm2": 4.51169362066415e-05,
                "norminf": 0.000606972031453945,
                "z": 0.004284664254905842
            },
            "U": {
                "Precision": 0.0,
                "Accuracy": 0.9714285714285713,
                "Recall": 0.0,
                "F1": 0.0,
                "norm2": 6.737041676801981e-06,
                "norminf": 4.00956887189885e-05,
                "z": 6.436314640854302e-05
            },
            "I": {
                "Precision": 0.0,
                "Accuracy": 0.9714285714285713,
                "Recall": 0.0,
                "F1": 0.0,
                "norm2": 7.330671285518694e-06,
                "norminf": 4.36462748489852e-05,
                "z": 6.999196368289318e-05
            }
        },
        "10": {
            "P": {
                "Precision": 1.0,
                "Accuracy": 1.0,
                "Recall": 1.0,
                "F1": 1.0,
                "norm2": 8.13329767068247e-05,
                "norminf": 0.00036467629985290626,
                "z": 0.0034988562080366216
            },
            "Q": {
                "Precision": 0.0,
                "Accuracy": 0.9714285714285713,
                "Recall": 0.0,
                "F1": 0.0,
                "norm2": 0.00010530421583925239,
                "norminf": 0.0015239662801238563,
                "z": 0.010952063260966888
            },
            "U": {
                "Precision": 0.0,
                "Accuracy": 0.9714285714285713,
                "Recall": 0.0,
                "F1": 0.0,
                "norm2": 2.613508265632379e-05,
                "norminf": 0.00011981257727031736,
                "z": 0.0006796567059535908
            },
            "I": {
                "Precision": 0.0,
                "Accuracy": 0.9714285714285713,
                "Recall": 0.0,
                "F1": 0.0,
                "norm2": 2.718556807002737e-05,
                "norminf": 0.00012460581783324542,
                "z": 0.000706904200751278
            }
        },
        "13": {
            "P": {
                "Precision": 1.0,
                "Accuracy": 1.0,
                "Recall": 1.0,
                "F1": 1.0,
                "norm2": 9.430395583310111e-05,
                "norminf": 0.0005805108144087745,
                "z": 0.005458160221114017
            },
            "Q": {
                "Precision": 0.3,
                "Accuracy": 0.9800000000000001,
                "Recall": 0.3,
                "F1": 0.3,
                "norm2": 0.00016843222943403876,
                "norminf": 0.0024957622781039746,
                "z": 0.019242998964064312
            },
            "U": {
                "Precision": 0.0,
                "Accuracy": 0.9714285714285713,
                "Recall": 0.0,
                "F1": 0.0,
                "norm2": 3.206553251075472e-05,
                "norminf": 0.00021987408667822894,
                "z": 0.0017586006088257666
            },
            "I": {
                "Precision": 0.0,
                "Accuracy": 0.9714285714285713,
                "Recall": 0.0,
                "F1": 0.0,
                "norm2": 3.4596894863329655e-05,
                "norminf": 0.00023719599678861947,
                "z": 0.0018973170403449036
            }
        }
    }
}