{
  "irrad_LV0101": 17.40494285898471,
  "irrad_LV0102": -82.97918126527829,
  "irrad_LV0103": 11.70896958079384,
  "irrad_LV0201": -35.21618719928941,
  "irrad_LV0202": 42.84480230351189,
  "irrad_LV0203": 21.76946396844038
}