{
  "P_LV0101": 0.005220473322275753,
  "Q_LV0101": 3.5029454109516454e-16,
  "U_LV0101": 1.0001826771166853,
  "I_LV0101_MV0101": 0.005219519835441733,
  "P_LV0102": -0.0248889413547284,
  "Q_LV0102": -1.302749132795531e-16,
  "U_LV0102": 0.9993255887665052,
  "I_LV0102_MV0102": 0.024905738064257416,
  "P_LV0103": 0.003512011721217351,
  "Q_LV0103": -9.338872760746476e-16,
  "U_LV0103": 1.0001234032462483,
  "I_LV0103_MV0103": 0.0035115783810456746,
  "P_LV0201": -0.010562813522323937,
  "Q_LV0201": 5.725385034728287e-16,
  "U_LV0201": 0.9997590347995265,
  "I_LV0201_MV0201": 0.010565359406271343,
  "P_LV0202": 0.012850955572554517,
  "Q_LV0202": -6.421773063080787e-16,
  "U_LV0202": 1.0004227155625178,
  "I_LV0202_MV0202": 0.012845525568987786,
  "P_LV0203": 0.006529576500667445,
  "Q_LV0203": -1.0517988416673877e-15,
  "U_LV0203": 1.0002530887633068,
  "I_LV0203_MV0203": 0.006527924356365132,
  "P_POIMV_MV0101": 0.01617520586705723,
  "Q_POIMV_MV0101": -0.001181427665414958,
  "U_POIMV": 1.00004331243638,
  "I_POIMV_MV0101": 0.01621759145019712,
  "P_POIMV_MV0201": -0.00880847513462868,
  "Q_POIMV_MV0201": -0.0015118387252073262,
  "I_POIMV_MV0201": 0.00893688826301871,
  "P_POI_POIMV": 0.0073767307325256345,
  "Q_POI_POIMV": -0.003258374028973776,
  "U_POI": 1.000000881115878,
  "I_POI_POIMV": 0.008064306728388678
}