{
  "irrad_LV0101": 963.4376973932115,
  "irrad_LV0102": 998.3174227064101,
  "irrad_LV0103": 987.3142041783595,
  "irrad_LV0201": 950.3304335965119,
  "irrad_LV0202": 972.4145749155476,
  "irrad_LV0203": 1093.8704251685967
}