{
  "irrad_LV0101": 953.6814014754358,
  "irrad_LV0102": 899.9589945998109,
  "irrad_LV0103": 956.782184618548,
  "irrad_LV0201": 977.8175665605074,
  "irrad_LV0202": 958.0152753165855,
  "irrad_LV0203": 916.4852054411355
}