{
  "irrad_LV0101": 1011.8880781517275,
  "irrad_LV0102": 1018.6715435881749,
  "irrad_LV0103": 1016.87539062298,
  "irrad_LV0201": 986.3007745896086,
  "irrad_LV0202": 939.8033665477523,
  "irrad_LV0203": 1030.6702916247978
}