{
  "P_LV0101": 0.28897542713388913,
  "Q_LV0101": 0.15890495897150902,
  "U_LV0101": 1.0398951205751386,
  "I_LV0101_MV0101": 0.18309631630682718,
  "P_LV0102": 0.29943732160611736,
  "Q_LV0102": 0.158904958971509,
  "U_LV0102": 1.0406474009218847,
  "I_LV0102_MV0102": 0.1880707630419246,
  "P_LV0103": 0.2961369942651858,
  "Q_LV0103": 0.1589049589715093,
  "U_LV0103": 1.0408392015381371,
  "I_LV0103_MV0103": 0.18642099532603937,
  "P_LV0201": 0.28504400825287973,
  "Q_LV0201": 0.1589049589715083,
  "U_LV0201": 1.0406139770225036,
  "I_LV0201_MV0201": 0.1810615779496053,
  "P_LV0202": 0.29166796970655845,
  "Q_LV0202": 0.1589049589715083,
  "U_LV0202": 1.0412990841460108,
  "I_LV0202_MV0202": 0.18415900614079644,
  "P_LV0203": 0.3280976800030822,
  "Q_LV0203": 0.15890495897150886,
  "U_LV0203": 1.0423539592391913,
  "I_LV0203_MV0203": 0.20192254079361036,
  "P_POIMV_MV0101": -0.8752205521168435,
  "Q_POIMV_MV0101": -0.43436384985238874,
  "U_POIMV": 1.011132894477222,
  "I_POIMV_MV0101": 0.5579056003287487,
  "P_POIMV_MV0201": -0.8944468831463155,
  "Q_POIMV_MV0201": -0.43257906031141147,
  "I_POIMV_MV0201": 0.5673158006472404,
  "P_POI_POIMV": -1.7696574352625698,
  "Q_POI_POIMV": -0.8180525080192638,
  "U_POI": 1.0002210516912315,
  "I_POI_POIMV": 1.1253469852301499
}