{
  "P_LV0101": 0.30455917125865023,
  "Q_LV0101": 0.15442753447638138,
  "U_LV0101": 1.0392851516091886,
  "I_LV0101_MV0101": 0.18969752207679616,
  "P_LV0102": 0.3018929543056439,
  "Q_LV0102": 0.15442753447638194,
  "U_LV0102": 1.0397565116504424,
  "I_LV0102_MV0102": 0.1882922779452715,
  "P_LV0103": 0.30071885605361487,
  "Q_LV0103": 0.15442753447638213,
  "U_LV0103": 1.0399950957266508,
  "I_LV0103_MV0103": 0.18766903262101678,
  "P_LV0201": 0.2819395493687263,
  "Q_LV0201": 0.15442753447638077,
  "U_LV0201": 1.0395935860080163,
  "I_LV0201_MV0201": 0.17852758494644513,
  "P_LV0202": 0.3079333497923509,
  "Q_LV0202": 0.15442753447638247,
  "U_LV0202": 1.040695203001956,
  "I_LV0202_MV0202": 0.191111920017203,
  "P_LV0203": 0.3188529553654858,
  "Q_LV0203": 0.15442753447638213,
  "U_LV0203": 1.0412009937932367,
  "I_LV0203_MV0203": 0.19645031790698067,
  "P_POIMV_MV0101": -0.8975781106260001,
  "Q_POIMV_MV0101": -0.41966735900723506,
  "U_POIMV": 1.010761551738413,
  "I_POIMV_MV0101": 0.5659719515278396,
  "P_POIMV_MV0201": -0.8984087446042395,
  "Q_POIMV_MV0201": -0.4193501380872249,
  "I_POIMV_MV0201": 0.5663251255485325,
  "P_POI_POI_MV": -1.7959768552302504,
  "Q_POI_POI_MV": -0.7895018409117256,
  "U_POI": 1.0002133310373367,
  "I_POI_POI_MV": 1.1324316594585628
}