{
  "P_LV0101": 0.2508395547559848,
  "Q_LV0101": 2.9045023497455305e-16,
  "U_LV0101": 1.0057926783535107,
  "I_LV0101_MV0101": 0.2493948903730447,
  "P_LV0102": 0.24183627013128553,
  "Q_LV0102": 6.316296745679889e-16,
  "U_LV0102": 1.0059119685678053,
  "I_LV0102_MV0102": 0.2404149445359583,
  "P_LV0103": 0.23925204980756742,
  "Q_LV0103": -6.377867539171763e-16,
  "U_LV0103": 1.0060141206053212,
  "I_LV0103_MV0103": 0.23782176105401867,
  "P_LV0201": 0.2662106624035132,
  "Q_LV0201": 2.331468351711189e-16,
  "U_LV0201": 1.006611245202929,
  "I_LV0201_MV0201": 0.2644622377031424,
  "P_LV0202": 0.20628091492578313,
  "Q_LV0202": 7.106599109078239e-16,
  "U_LV0202": 1.0055342495692476,
  "I_LV0202_MV0202": 0.20514558804352023,
  "P_LV0203": 0.2380970095556872,
  "Q_LV0203": 1.862244859456315e-16,
  "U_LV0203": 1.0064347342884536,
  "I_LV0203_MV0203": 0.23657471413088804,
  "P_POIMV_MV0101": -0.7266401461915848,
  "Q_POIMV_MV0101": 0.023508702644221557,
  "U_POIMV": 0.9992174943549368,
  "I_POIMV_MV0101": 0.727589673662424,
  "P_POIMV_MV0201": -0.7052256840552218,
  "Q_POIMV_MV0201": 0.02224715103767494,
  "I_POIMV_MV0201": 0.7061290526826834,
  "P_POI_POIMV": -1.4318558302463391,
  "Q_POI_POIMV": 0.07195475159733178,
  "U_POI": 0.9999804668918907,
  "I_POI_POIMV": 1.4336906582300917
}