{
  "P_LV0101": 0.000887,
  "Q_LV0101": 0.002631,
  "U_LV0101": 0.002514,
  "I_LV0101_MV0101": 0.000623,
  "P_LV0102": 0.000855,
  "Q_LV0102": 0.002536,
  "U_LV0102": 0.002515,
  "I_LV0102_MV0102": 0.000601,
  "P_LV0103": 0.000846,
  "Q_LV0103": 0.002509,
  "U_LV0103": 0.002515,
  "I_LV0103_MV0103": 0.000595,
  "P_LV0201": 0.000941,
  "Q_LV0201": 0.002792,
  "U_LV0201": 0.002517,
  "I_LV0201_MV0201": 0.000661,
  "P_LV0202": 0.000729,
  "Q_LV0202": 0.002163,
  "U_LV0202": 0.002514,
  "I_LV0202_MV0202": 0.000513,
  "P_LV0203": 0.000842,
  "Q_LV0203": 0.002497,
  "U_LV0203": 0.002516,
  "I_LV0203_MV0203": 0.000591,
  "P_POIMV_MV0101": 0.002581,
  "Q_POIMV_MV0101": 0.007622,
  "U_POIMV": 0.002498,
  "I_POIMV_MV0101": 0.001819,
  "P_POIMV_MV0201": 0.002504,
  "Q_POIMV_MV0201": 0.007397,
  "I_POIMV_MV0201": 0.001765,
  "P_POI_POIMV": 0.005118,
  "Q_POI_POIMV": 0.015020,
  "U_POI": 0.002500,
  "I_POI_POIMV": 0.003584
}
