{
  "irrad_LV0101": 36.372526138563614,
  "irrad_LV0102": 80.29068784715821,
  "irrad_LV0103": 52.77334329539582,
  "irrad_LV0201": 4.766672465268719,
  "irrad_LV0202": -5.0976067253127155,
  "irrad_LV0203": 88.25516920249548
}