{
  "irrad_LV0101": 315.2417224323167,
  "irrad_LV0102": 217.75479603808827,
  "irrad_LV0103": 356.06163403376445,
  "irrad_LV0201": 247.06040744795374,
  "irrad_LV0202": 311.2653256128371,
  "irrad_LV0203": 318.3929017096441
}