{
  "P_LV0101": 0.000334,
  "Q_LV0101": 0.000992,
  "U_LV0101": 0.002506,
  "I_LV0101_MV0101": 0.000236,
  "P_LV0102": 0.000231,
  "Q_LV0102": 0.000685,
  "U_LV0102": 0.002505,
  "I_LV0102_MV0102": 0.000163,
  "P_LV0103": 0.000378,
  "Q_LV0103": 0.001120,
  "U_LV0103": 0.002508,
  "I_LV0103_MV0103": 0.000266,
  "P_LV0201": 0.000262,
  "Q_LV0201": 0.000777,
  "U_LV0201": 0.002506,
  "I_LV0201_MV0201": 0.000185,
  "P_LV0202": 0.000330,
  "Q_LV0202": 0.000979,
  "U_LV0202": 0.002507,
  "I_LV0202_MV0202": 0.000233,
  "P_LV0203": 0.000338,
  "Q_LV0203": 0.001002,
  "U_LV0203": 0.002507,
  "I_LV0203_MV0203": 0.000238,
  "P_POIMV_MV0101": 0.000940,
  "Q_POIMV_MV0101": 0.002789,
  "U_POIMV": 0.002500,
  "I_POIMV_MV0101": 0.000665,
  "P_POIMV_MV0201": 0.000927,
  "Q_POIMV_MV0201": 0.002750,
  "I_POIMV_MV0201": 0.000656,
  "P_POI_POIMV": 0.001869,
  "Q_POI_POIMV": 0.005539,
  "U_POI": 0.002500,
  "I_POI_POIMV": 0.001320
}
