{
  "P_LV0101": 0.0326849595040984,
  "Q_LV0101": 9.844145230234714e-17,
  "U_LV0101": 1.0083125837635498,
  "I_LV0101_MV0101": 0.01871509933725911,
  "P_LV0102": 0.03258391545722886,
  "Q_LV0102": -2.6930923240846437e-17,
  "U_LV0102": 1.0087152768308152,
  "I_LV0102_MV0102": 0.018649794240836456,
  "P_LV0103": 0.031040393260765842,
  "Q_LV0103": -6.077969595377726e-17,
  "U_LV0103": 1.0085926201952016,
  "I_LV0103_MV0103": 0.017768501420708953,
  "P_LV0201": 0.032742079487304135,
  "Q_LV0201": 1.3826963959318474e-16,
  "U_LV0201": 1.0089933457518026,
  "I_LV0201_MV0201": 0.018735156664227582,
  "P_LV0202": 0.03383751621947882,
  "Q_LV0202": 6.866363285753596e-17,
  "U_LV0202": 1.0096659389982363,
  "I_LV0202_MV0202": 0.019349072146979254,
  "P_LV0203": 0.032597766129392164,
  "Q_LV0203": -3.190934918701761e-17,
  "U_LV0203": 1.0096214440916877,
  "I_LV0203_MV0203": 0.01864097594194511,
  "P_POIMV_MV0101": -0.09539832248444213,
  "Q_POIMV_MV0101": 0.004141392875766314,
  "U_POIMV": 0.9999991434520112,
  "I_POIMV_MV0101": 0.05513016925970437,
  "P_POIMV_MV0201": -0.09814491603177089,
  "Q_POIMV_MV0201": 0.004407992214794376,
  "I_POIMV_MV0201": 0.05672116440043688,
  "P_POI_POI_MV": -0.1935422385161798,
  "Q_POI_POI_MV": 0.008492805063724518,
  "U_POI": 0.9999991458111246,
  "I_POI_POI_MV": 0.11184928839654933
}