{
    "090neg": {
        "10": {
            "2.5": {
                "PQ": {
                    "0": 70,
                    "1": 1,
                    "2": 29,
                    "3": 0,
                    "4": 0,
                    "5": 0,
                    "Precision": 0.855,
                    "Accuracy": 0.9914285714285715,
                    "Recall": 0.9966666666666667
                },
                "PU": {
                    "0": 17,
                    "1": 0,
                    "2": 83,
                    "3": 0,
                    "4": 0,
                    "5": 0,
                    "Precision": 0.585,
                    "Accuracy": 0.9762857142857144,
                    "Recall": 1.0
                },
                "QU": {
                    "0": 22,
                    "1": 0,
                    "2": 78,
                    "3": 0,
                    "4": 0,
                    "5": 0,
                    "Precision": 0.61,
                    "Accuracy": 0.9777142857142858,
                    "Recall": 1.0
                }
            }
        }
    },
    "090pos": {
        "10": {
            "2.5": {
                "PQ": {
                    "0": 45,
                    "1": 17,
                    "2": 29,
                    "3": 9,
                    "4": 0,
                    "5": 0,
                    "Precision": 0.81,
                    "Accuracy": 0.9817142857142855,
                    "Recall": 0.8983333333333334
                },
                "PU": {
                    "0": 0,
                    "1": 0,
                    "2": 100,
                    "3": 0,
                    "4": 0,
                    "5": 0,
                    "Precision": 0.5,
                    "Accuracy": 0.9714285714285715,
                    "Recall": 1.0
                },
                "QU": {
                    "0": 100,
                    "1": 0,
                    "2": 0,
                    "3": 0,
                    "4": 0,
                    "5": 0,
                    "Precision": 1.0,
                    "Accuracy": 1.0,
                    "Recall": 1.0
                }
            }
        }
    },
    "100pos": {
        "10": {
            "2.5": {
                "PQ": {
                    "0": 0,
                    "1": 0,
                    "2": 100,
                    "3": 0,
                    "4": 0,
                    "5": 0,
                    "Precision": 0.5,
                    "Accuracy": 0.9714285714285715,
                    "Recall": 1.0
                },
                "PU": {
                    "0": 81,
                    "1": 0,
                    "2": 19,
                    "3": 0,
                    "4": 0,
                    "5": 0,
                    "Precision": 0.905,
                    "Accuracy": 0.9945714285714286,
                    "Recall": 1.0
                },
                "QU": {
                    "0": 0,
                    "1": 0,
                    "2": 100,
                    "3": 0,
                    "4": 0,
                    "5": 0,
                    "Precision": 0.5,
                    "Accuracy": 0.9714285714285715,
                    "Recall": 1.0
                }
            }
        }
    }
}