{
    "090neg": {
        "10": {
            "2.5": {
                "PQ": {
                    "0": 60,
                    "1": 5,
                    "2": 17,
                    "3": 18,
                    "4": 0,
                    "5": 0,
                    "Precision": 0.825,
                    "Accuracy": 0.9808571428571423,
                    "Recall": 0.8783333333333333
                },
                "PU": {
                    "0": 81,
                    "1": 0,
                    "2": 19,
                    "3": 0,
                    "4": 0,
                    "5": 0,
                    "Precision": 0.905,
                    "Accuracy": 0.9945714285714286,
                    "Recall": 1.0
                },
                "QU": {
                    "0": 92,
                    "1": 0,
                    "2": 8,
                    "3": 0,
                    "4": 0,
                    "5": 0,
                    "Precision": 0.96,
                    "Accuracy": 0.997714285714286,
                    "Recall": 1.0
                }
            }
        }
    },
    "090pos": {
        "10": {
            "2.5": {
                "PQ": {
                    "0": 6,
                    "1": 3,
                    "2": 7,
                    "3": 0,
                    "4": 84,
                    "5": 0,
                    "Precision": 0.125,
                    "Accuracy": 0.949142857142855,
                    "Recall": 0.15
                },
                "PU": {
                    "0": 1,
                    "1": 0,
                    "2": 29,
                    "3": 38,
                    "4": 32,
                    "5": 0,
                    "Precision": 0.345,
                    "Accuracy": 0.9517142857142842,
                    "Recall": 0.49
                },
                "QU": {
                    "0": 88,
                    "1": 0,
                    "2": 12,
                    "3": 0,
                    "4": 0,
                    "5": 0,
                    "Precision": 0.94,
                    "Accuracy": 0.9965714285714288,
                    "Recall": 1.0
                }
            }
        }
    },
    "100pos": {
        "10": {
            "2.5": {
                "PQ": {
                    "0": 0,
                    "1": 0,
                    "2": 100,
                    "3": 0,
                    "4": 0,
                    "5": 0,
                    "Precision": 0.5,
                    "Accuracy": 0.9714285714285715,
                    "Recall": 1.0
                },
                "PU": {
                    "0": 69,
                    "1": 0,
                    "2": 31,
                    "3": 0,
                    "4": 0,
                    "5": 0,
                    "Precision": 0.845,
                    "Accuracy": 0.9911428571428573,
                    "Recall": 1.0
                },
                "QU": {
                    "0": 0,
                    "1": 0,
                    "2": 100,
                    "3": 0,
                    "4": 0,
                    "5": 0,
                    "Precision": 0.5,
                    "Accuracy": 0.9714285714285715,
                    "Recall": 1.0
                }
            }
        }
    }
}