{
    "090neg": {
        "10": {
            "2.5": {
                "PQ": {
                    "0": 27,
                    "1": 1,
                    "2": 71,
                    "3": 1,
                    "4": 0,
                    "5": 0,
                    "Precision": 0.64,
                    "Accuracy": 0.9788571428571429,
                    "Recall": 0.9916666666666666
                },
                "PU": {
                    "0": 10,
                    "1": 0,
                    "2": 90,
                    "3": 0,
                    "4": 0,
                    "5": 0,
                    "Precision": 0.55,
                    "Accuracy": 0.9742857142857143,
                    "Recall": 1.0
                },
                "QU": {
                    "0": 6,
                    "1": 0,
                    "2": 94,
                    "3": 0,
                    "4": 0,
                    "5": 0,
                    "Precision": 0.53,
                    "Accuracy": 0.973142857142857,
                    "Recall": 1.0
                }
            }
        }
    },
    "090pos": {
        "10": {
            "2.5": {
                "PQ": {
                    "0": 0,
                    "1": 3,
                    "2": 42,
                    "3": 23,
                    "4": 32,
                    "5": 0,
                    "Precision": 0.355,
                    "Accuracy": 0.9557142857142847,
                    "Recall": 0.5549999999999999
                },
                "PU": {
                    "0": 0,
                    "1": 0,
                    "2": 67,
                    "3": 0,
                    "4": 33,
                    "5": 0,
                    "Precision": 0.335,
                    "Accuracy": 0.9619999999999992,
                    "Recall": 0.67
                },
                "QU": {
                    "0": 0,
                    "1": 0,
                    "2": 100,
                    "3": 0,
                    "4": 0,
                    "5": 0,
                    "Precision": 0.5,
                    "Accuracy": 0.9714285714285715,
                    "Recall": 1.0
                }
            }
        }
    },
    "100pos": {
        "10": {
            "2.5": {
                "PQ": {
                    "0": 0,
                    "1": 0,
                    "2": 100,
                    "3": 0,
                    "4": 0,
                    "5": 0,
                    "Precision": 0.5,
                    "Accuracy": 0.9714285714285715,
                    "Recall": 1.0
                },
                "PU": {
                    "0": 0,
                    "1": 0,
                    "2": 100,
                    "3": 0,
                    "4": 0,
                    "5": 0,
                    "Precision": 0.5,
                    "Accuracy": 0.9714285714285715,
                    "Recall": 1.0
                },
                "QU": {
                    "0": 0,
                    "1": 0,
                    "2": 9,
                    "3": 0,
                    "4": 91,
                    "5": 0,
                    "Precision": 0.045,
                    "Accuracy": 0.9454285714285695,
                    "Recall": 0.09
                }
            }
        }
    }
}