{
    "090neg": {
        "10": {
            "2.5": {
                "PQ": {
                    "0": 23,
                    "1": 0,
                    "2": 75,
                    "3": 0,
                    "4": 2,
                    "5": 0,
                    "Precision": 0.605,
                    "Accuracy": 0.9774285714285716,
                    "Recall": 0.98
                },
                "PU": {
                    "0": 0,
                    "1": 0,
                    "2": 94,
                    "3": 0,
                    "4": 6,
                    "5": 0,
                    "Precision": 0.47,
                    "Accuracy": 0.9697142857142856,
                    "Recall": 0.94
                },
                "QU": {
                    "0": 0,
                    "1": 0,
                    "2": 30,
                    "3": 6,
                    "4": 36,
                    "5": 28,
                    "Precision": 0.18,
                    "Accuracy": 0.9354285714285705,
                    "Recall": 0.33
                }
            }
        }
    },
    "090pos": {
        "10": {
            "2.5": {
                "PQ": {
                    "0": 30,
                    "1": 0,
                    "2": 67,
                    "3": 0,
                    "4": 2,
                    "5": 1,
                    "Precision": 0.635,
                    "Accuracy": 0.9785714285714286,
                    "Recall": 0.97
                },
                "PU": {
                    "0": 0,
                    "1": 0,
                    "2": 88,
                    "3": 0,
                    "4": 12,
                    "5": 0,
                    "Precision": 0.44,
                    "Accuracy": 0.9679999999999994,
                    "Recall": 0.88
                },
                "QU": {
                    "0": 0,
                    "1": 1,
                    "2": 40,
                    "3": 7,
                    "4": 34,
                    "5": 18,
                    "Precision": 0.245,
                    "Accuracy": 0.9442857142857135,
                    "Recall": 0.4416666666666667
                }
            }
        }
    },
    "100pos": {
        "10": {
            "2.5": {
                "PQ": {
                    "0": 0,
                    "1": 0,
                    "2": 33,
                    "3": 0,
                    "4": 67,
                    "5": 0,
                    "Precision": 0.165,
                    "Accuracy": 0.9522857142857132,
                    "Recall": 0.33
                },
                "PU": {
                    "0": 0,
                    "1": 0,
                    "2": 34,
                    "3": 0,
                    "4": 66,
                    "5": 0,
                    "Precision": 0.17,
                    "Accuracy": 0.9525714285714273,
                    "Recall": 0.34
                },
                "QU": {
                    "0": 0,
                    "1": 0,
                    "2": 3,
                    "3": 0,
                    "4": 97,
                    "5": 0,
                    "Precision": 0.015,
                    "Accuracy": 0.9437142857142835,
                    "Recall": 0.03
                }
            }
        }
    }
}