{
    "090neg": {
        "10": {
            "2.5": {
                "PQ": {
                    "0": 65,
                    "1": 0,
                    "2": 26,
                    "3": 9,
                    "4": 0,
                    "5": 0,
                    "Precision": 0.825,
                    "Accuracy": 0.9874285714285712,
                    "Recall": 0.955
                },
                "PU": {
                    "0": 5,
                    "1": 0,
                    "2": 95,
                    "3": 0,
                    "4": 0,
                    "5": 0,
                    "Precision": 0.525,
                    "Accuracy": 0.9728571428571429,
                    "Recall": 1.0
                },
                "QU": {
                    "0": 24,
                    "1": 0,
                    "2": 76,
                    "3": 0,
                    "4": 0,
                    "5": 0,
                    "Precision": 0.62,
                    "Accuracy": 0.9782857142857145,
                    "Recall": 1.0
                }
            }
        }
    },
    "090pos": {
        "10": {
            "2.5": {
                "PQ": {
                    "0": 49,
                    "1": 10,
                    "2": 16,
                    "3": 25,
                    "4": 0,
                    "5": 0,
                    "Precision": 0.795,
                    "Accuracy": 0.9771428571428564,
                    "Recall": 0.8349999999999999
                },
                "PU": {
                    "0": 8,
                    "1": 16,
                    "2": 56,
                    "3": 20,
                    "4": 0,
                    "5": 0,
                    "Precision": 0.62,
                    "Accuracy": 0.9679999999999995,
                    "Recall": 0.8466666666666669
                },
                "QU": {
                    "0": 8,
                    "1": 12,
                    "2": 70,
                    "3": 10,
                    "4": 0,
                    "5": 0,
                    "Precision": 0.6,
                    "Accuracy": 0.9708571428571428,
                    "Recall": 0.91
                }
            }
        }
    },
    "100pos": {
        "10": {
            "2.5": {
                "PQ": {
                    "0": 0,
                    "1": 0,
                    "2": 100,
                    "3": 0,
                    "4": 0,
                    "5": 0,
                    "Precision": 0.5,
                    "Accuracy": 0.9714285714285715,
                    "Recall": 1.0
                },
                "PU": {
                    "0": 69,
                    "1": 0,
                    "2": 31,
                    "3": 0,
                    "4": 0,
                    "5": 0,
                    "Precision": 0.845,
                    "Accuracy": 0.9911428571428573,
                    "Recall": 1.0
                },
                "QU": {
                    "0": 0,
                    "1": 0,
                    "2": 65,
                    "3": 0,
                    "4": 35,
                    "5": 0,
                    "Precision": 0.325,
                    "Accuracy": 0.9614285714285709,
                    "Recall": 0.65
                }
            }
        }
    }
}