{
    "090neg": {
        "10": {
            "2.5": {
                "PQ": {
                    "0": 45,
                    "1": 8,
                    "2": 27,
                    "3": 19,
                    "4": 0,
                    "5": 1,
                    "Precision": 0.76,
                    "Accuracy": 0.975428571428571,
                    "Recall": 0.8593333333333333
                },
                "PU": {
                    "0": 2,
                    "1": 7,
                    "2": 85,
                    "3": 6,
                    "4": 0,
                    "5": 0,
                    "Precision": 0.545,
                    "Accuracy": 0.9702857142857142,
                    "Recall": 0.9466666666666668
                },
                "QU": {
                    "0": 6,
                    "1": 14,
                    "2": 56,
                    "3": 24,
                    "4": 0,
                    "5": 0,
                    "Precision": 0.6,
                    "Accuracy": 0.9662857142857141,
                    "Recall": 0.8333333333333333
                }
            }
        }
    },
    "090pos": {
        "10": {
            "2.5": {
                "PQ": {
                    "0": 0,
                    "1": 0,
                    "2": 85,
                    "3": 5,
                    "4": 0,
                    "5": 10,
                    "Precision": 0.45,
                    "Accuracy": 0.9605714285714287,
                    "Recall": 0.8699999999999999
                },
                "PU": {
                    "0": 11,
                    "1": 0,
                    "2": 89,
                    "3": 0,
                    "4": 0,
                    "5": 0,
                    "Precision": 0.555,
                    "Accuracy": 0.9745714285714285,
                    "Recall": 1.0
                },
                "QU": {
                    "0": 12,
                    "1": 2,
                    "2": 67,
                    "3": 13,
                    "4": 0,
                    "5": 6,
                    "Precision": 0.54,
                    "Accuracy": 0.9659999999999996,
                    "Recall": 0.8683333333333333
                }
            }
        }
    },
    "100pos": {
        "10": {
            "2.5": {
                "PQ": {
                    "0": 0,
                    "1": 0,
                    "2": 24,
                    "3": 0,
                    "4": 76,
                    "5": 0,
                    "Precision": 0.12,
                    "Accuracy": 0.9497142857142846,
                    "Recall": 0.24
                },
                "PU": {
                    "0": 1,
                    "1": 0,
                    "2": 26,
                    "3": 0,
                    "4": 73,
                    "5": 0,
                    "Precision": 0.14,
                    "Accuracy": 0.9508571428571415,
                    "Recall": 0.27
                },
                "QU": {
                    "0": 0,
                    "1": 0,
                    "2": 100,
                    "3": 0,
                    "4": 0,
                    "5": 0,
                    "Precision": 0.5,
                    "Accuracy": 0.9714285714285715,
                    "Recall": 1.0
                }
            }
        }
    }
}