{
    "090neg": {
        "10": {
            "2.5": {
                "PQ": {
                    "0": 41,
                    "1": 0,
                    "2": 36,
                    "3": 15,
                    "4": 0,
                    "5": 8,
                    "Precision": 0.665,
                    "Accuracy": 0.972,
                    "Recall": 0.845
                },
                "PU": {
                    "0": 55,
                    "1": 0,
                    "2": 45,
                    "3": 0,
                    "4": 0,
                    "5": 0,
                    "Precision": 0.775,
                    "Accuracy": 0.9871428571428573,
                    "Recall": 1.0
                },
                "QU": {
                    "0": 55,
                    "1": 0,
                    "2": 45,
                    "3": 0,
                    "4": 0,
                    "5": 0,
                    "Precision": 0.775,
                    "Accuracy": 0.9871428571428573,
                    "Recall": 1.0
                }
            }
        }
    },
    "090pos": {
        "10": {
            "2.5": {
                "PQ": {
                    "0": 36,
                    "1": 9,
                    "2": 29,
                    "3": 13,
                    "4": 7,
                    "5": 6,
                    "Precision": 0.66,
                    "Accuracy": 0.9705714285714282,
                    "Recall": 0.7733333333333334
                },
                "PU": {
                    "0": 67,
                    "1": 2,
                    "2": 31,
                    "3": 0,
                    "4": 0,
                    "5": 0,
                    "Precision": 0.845,
                    "Accuracy": 0.9905714285714283,
                    "Recall": 0.9933333333333333
                },
                "QU": {
                    "0": 42,
                    "1": 11,
                    "2": 38,
                    "3": 9,
                    "4": 0,
                    "5": 0,
                    "Precision": 0.765,
                    "Accuracy": 0.9802857142857142,
                    "Recall": 0.9150000000000001
                }
            }
        }
    },
    "100pos": {
        "10": {
            "2.5": {
                "PQ": {
                    "0": 0,
                    "1": 0,
                    "2": 28,
                    "3": 0,
                    "4": 72,
                    "5": 0,
                    "Precision": 0.14,
                    "Accuracy": 0.9508571428571415,
                    "Recall": 0.28
                },
                "PU": {
                    "0": 34,
                    "1": 0,
                    "2": 6,
                    "3": 0,
                    "4": 60,
                    "5": 0,
                    "Precision": 0.37,
                    "Accuracy": 0.9639999999999983,
                    "Recall": 0.4
                },
                "QU": {
                    "0": 0,
                    "1": 0,
                    "2": 100,
                    "3": 0,
                    "4": 0,
                    "5": 0,
                    "Precision": 0.5,
                    "Accuracy": 0.9714285714285715,
                    "Recall": 1.0
                }
            }
        }
    }
}