{
    "090neg": {
        "10": {
            "2.5": {
                "PQ": {
                    "0": 43,
                    "1": 0,
                    "2": 57,
                    "3": 0,
                    "4": 0,
                    "5": 0,
                    "Precision": 0.715,
                    "Accuracy": 0.9837142857142861,
                    "Recall": 1.0
                },
                "PU": {
                    "0": 40,
                    "1": 0,
                    "2": 60,
                    "3": 0,
                    "4": 0,
                    "5": 0,
                    "Precision": 0.7,
                    "Accuracy": 0.9828571428571431,
                    "Recall": 1.0
                },
                "QU": {
                    "0": 10,
                    "1": 0,
                    "2": 90,
                    "3": 0,
                    "4": 0,
                    "5": 0,
                    "Precision": 0.55,
                    "Accuracy": 0.9742857142857146,
                    "Recall": 1.0
                }
            }
        }
    },
    "090pos": {
        "10": {
            "2.5": {
                "PQ": {
                    "0": 73,
                    "1": 0,
                    "2": 13,
                    "3": 1,
                    "4": 13,
                    "5": 0,
                    "Precision": 0.8,
                    "Accuracy": 0.9879999999999999,
                    "Recall": 0.8633333333333333
                },
                "PU": {
                    "0": 24,
                    "1": 16,
                    "2": 26,
                    "3": 3,
                    "4": 31,
                    "5": 0,
                    "Precision": 0.545,
                    "Accuracy": 0.9685714285714279,
                    "Recall": 0.6216666666666665
                },
                "QU": {
                    "0": 0,
                    "1": 0,
                    "2": 100,
                    "3": 0,
                    "4": 0,
                    "5": 0,
                    "Precision": 0.5,
                    "Accuracy": 0.9714285714285715,
                    "Recall": 1.0
                }
            }
        }
    },
    "100pos": {
        "10": {
            "2.5": {
                "PQ": {
                    "0": 0,
                    "1": 0,
                    "2": 100,
                    "3": 0,
                    "4": 0,
                    "5": 0,
                    "Precision": 0.5,
                    "Accuracy": 0.9714285714285715,
                    "Recall": 1.0
                },
                "PU": {
                    "0": 0,
                    "1": 0,
                    "2": 100,
                    "3": 0,
                    "4": 0,
                    "5": 0,
                    "Precision": 0.5,
                    "Accuracy": 0.9714285714285715,
                    "Recall": 1.0
                },
                "QU": {
                    "0": 0,
                    "1": 0,
                    "2": 89,
                    "3": 0,
                    "4": 11,
                    "5": 0,
                    "Precision": 0.445,
                    "Accuracy": 0.9682857142857144,
                    "Recall": 0.89
                }
            }
        }
    }
}