{
    "090neg": {
        "10": {
            "2.5": {
                "PQ": {
                    "0": 72,
                    "1": 0,
                    "2": 24,
                    "3": 4,
                    "4": 0,
                    "5": 0,
                    "Precision": 0.86,
                    "Accuracy": 0.9897142857142857,
                    "Recall": 0.9741666666666667
                },
                "PU": {
                    "0": 5,
                    "1": 0,
                    "2": 88,
                    "3": 0,
                    "4": 7,
                    "5": 0,
                    "Precision": 0.49,
                    "Accuracy": 0.9708571428571429,
                    "Recall": 0.93
                },
                "QU": {
                    "0": 5,
                    "1": 0,
                    "2": 84,
                    "3": 0,
                    "4": 11,
                    "5": 0,
                    "Precision": 0.47,
                    "Accuracy": 0.9697142857142854,
                    "Recall": 0.89
                }
            }
        }
    },
    "090pos": {
        "10": {
            "2.5": {
                "PQ": {
                    "0": 69,
                    "1": 0,
                    "2": 23,
                    "3": 5,
                    "4": 0,
                    "5": 3,
                    "Precision": 0.83,
                    "Accuracy": 0.9865714285714285,
                    "Recall": 0.9416666666666665
                },
                "PU": {
                    "0": 2,
                    "1": 0,
                    "2": 96,
                    "3": 0,
                    "4": 2,
                    "5": 0,
                    "Precision": 0.5,
                    "Accuracy": 0.9714285714285715,
                    "Recall": 0.98
                },
                "QU": {
                    "0": 3,
                    "1": 3,
                    "2": 71,
                    "3": 9,
                    "4": 8,
                    "5": 6,
                    "Precision": 0.46,
                    "Accuracy": 0.9622857142857139,
                    "Recall": 0.805
                }
            }
        }
    },
    "100pos": {
        "10": {
            "2.5": {
                "PQ": {
                    "0": 0,
                    "1": 0,
                    "2": 91,
                    "3": 0,
                    "4": 9,
                    "5": 0,
                    "Precision": 0.455,
                    "Accuracy": 0.9688571428571429,
                    "Recall": 0.91
                },
                "PU": {
                    "0": 0,
                    "1": 0,
                    "2": 89,
                    "3": 0,
                    "4": 11,
                    "5": 0,
                    "Precision": 0.445,
                    "Accuracy": 0.9682857142857141,
                    "Recall": 0.89
                },
                "QU": {
                    "0": 0,
                    "1": 0,
                    "2": 38,
                    "3": 0,
                    "4": 62,
                    "5": 0,
                    "Precision": 0.19,
                    "Accuracy": 0.9537142857142843,
                    "Recall": 0.38
                }
            }
        }
    }
}