{
    "090neg": {
        "10": {
            "2.5": {
                "PQ": {
                    "0": 19,
                    "1": 0,
                    "2": 55,
                    "3": 0,
                    "4": 26,
                    "5": 0,
                    "Precision": 0.465,
                    "Accuracy": 0.9694285714285708,
                    "Recall": 0.74
                },
                "PU": {
                    "0": 1,
                    "1": 0,
                    "2": 74,
                    "3": 0,
                    "4": 25,
                    "5": 0,
                    "Precision": 0.38,
                    "Accuracy": 0.9645714285714277,
                    "Recall": 0.75
                },
                "QU": {
                    "0": 2,
                    "1": 0,
                    "2": 98,
                    "3": 0,
                    "4": 0,
                    "5": 0,
                    "Precision": 0.51,
                    "Accuracy": 0.9720000000000002,
                    "Recall": 1.0
                }
            }
        }
    },
    "090pos": {
        "10": {
            "2.5": {
                "PQ": {
                    "0": 18,
                    "1": 0,
                    "2": 82,
                    "3": 0,
                    "4": 0,
                    "5": 0,
                    "Precision": 0.59,
                    "Accuracy": 0.9765714285714285,
                    "Recall": 1.0
                },
                "PU": {
                    "0": 2,
                    "1": 0,
                    "2": 98,
                    "3": 0,
                    "4": 0,
                    "5": 0,
                    "Precision": 0.51,
                    "Accuracy": 0.972,
                    "Recall": 1.0
                },
                "QU": {
                    "0": 0,
                    "1": 0,
                    "2": 100,
                    "3": 0,
                    "4": 0,
                    "5": 0,
                    "Precision": 0.5,
                    "Accuracy": 0.9714285714285715,
                    "Recall": 1.0
                }
            }
        }
    },
    "100pos": {
        "10": {
            "2.5": {
                "PQ": {
                    "0": 0,
                    "1": 0,
                    "2": 100,
                    "3": 0,
                    "4": 0,
                    "5": 0,
                    "Precision": 0.5,
                    "Accuracy": 0.9714285714285715,
                    "Recall": 1.0
                },
                "PU": {
                    "0": 0,
                    "1": 0,
                    "2": 100,
                    "3": 0,
                    "4": 0,
                    "5": 0,
                    "Precision": 0.5,
                    "Accuracy": 0.9714285714285715,
                    "Recall": 1.0
                },
                "QU": {
                    "0": 0,
                    "1": 0,
                    "2": 8,
                    "3": 0,
                    "4": 92,
                    "5": 0,
                    "Precision": 0.04,
                    "Accuracy": 0.9451428571428551,
                    "Recall": 0.08
                }
            }
        }
    }
}