{
    "090neg": {
        "10": {
            "2.5": {
                "PQ": {
                    "0": 83,
                    "1": 0,
                    "2": 17,
                    "3": 0,
                    "4": 0,
                    "5": 0,
                    "Precision": 0.915,
                    "Accuracy": 0.9951428571428571,
                    "Recall": 1.0
                },
                "PU": {
                    "0": 25,
                    "1": 0,
                    "2": 75,
                    "3": 0,
                    "4": 0,
                    "5": 0,
                    "Precision": 0.625,
                    "Accuracy": 0.9785714285714289,
                    "Recall": 1.0
                },
                "QU": {
                    "0": 82,
                    "1": 0,
                    "2": 18,
                    "3": 0,
                    "4": 0,
                    "5": 0,
                    "Precision": 0.91,
                    "Accuracy": 0.994857142857143,
                    "Recall": 1.0
                }
            }
        }
    },
    "090pos": {
        "10": {
            "2.5": {
                "PQ": {
                    "0": 81,
                    "1": 2,
                    "2": 17,
                    "3": 0,
                    "4": 0,
                    "5": 0,
                    "Precision": 0.915,
                    "Accuracy": 0.9940000000000001,
                    "Recall": 0.99
                },
                "PU": {
                    "0": 93,
                    "1": 0,
                    "2": 7,
                    "3": 0,
                    "4": 0,
                    "5": 0,
                    "Precision": 0.965,
                    "Accuracy": 0.998,
                    "Recall": 1.0
                },
                "QU": {
                    "0": 100,
                    "1": 0,
                    "2": 0,
                    "3": 0,
                    "4": 0,
                    "5": 0,
                    "Precision": 1.0,
                    "Accuracy": 1.0,
                    "Recall": 1.0
                }
            }
        }
    },
    "100pos": {
        "10": {
            "2.5": {
                "PQ": {
                    "0": 0,
                    "1": 0,
                    "2": 100,
                    "3": 0,
                    "4": 0,
                    "5": 0,
                    "Precision": 0.5,
                    "Accuracy": 0.9714285714285715,
                    "Recall": 1.0
                },
                "PU": {
                    "0": 95,
                    "1": 0,
                    "2": 5,
                    "3": 0,
                    "4": 0,
                    "5": 0,
                    "Precision": 0.975,
                    "Accuracy": 0.9985714285714284,
                    "Recall": 1.0
                },
                "QU": {
                    "0": 0,
                    "1": 0,
                    "2": 100,
                    "3": 0,
                    "4": 0,
                    "5": 0,
                    "Precision": 0.5,
                    "Accuracy": 0.9714285714285715,
                    "Recall": 1.0
                }
            }
        }
    }
}