{
    "090neg": {
        "10": {
            "2.5": {
                "PQ": {
                    "0": 59,
                    "1": 0,
                    "2": 37,
                    "3": 4,
                    "4": 0,
                    "5": 0,
                    "Precision": 0.795,
                    "Accuracy": 0.9860000000000001,
                    "Recall": 0.9741666666666666
                },
                "PU": {
                    "0": 9,
                    "1": 0,
                    "2": 91,
                    "3": 0,
                    "4": 0,
                    "5": 0,
                    "Precision": 0.545,
                    "Accuracy": 0.9740000000000001,
                    "Recall": 1.0
                },
                "QU": {
                    "0": 4,
                    "1": 0,
                    "2": 96,
                    "3": 0,
                    "4": 0,
                    "5": 0,
                    "Precision": 0.52,
                    "Accuracy": 0.9725714285714286,
                    "Recall": 1.0
                }
            }
        }
    },
    "090pos": {
        "10": {
            "2.5": {
                "PQ": {
                    "0": 59,
                    "1": 0,
                    "2": 31,
                    "3": 9,
                    "4": 1,
                    "5": 0,
                    "Precision": 0.79,
                    "Accuracy": 0.9839999999999997,
                    "Recall": 0.9375
                },
                "PU": {
                    "0": 37,
                    "1": 0,
                    "2": 49,
                    "3": 0,
                    "4": 14,
                    "5": 0,
                    "Precision": 0.615,
                    "Accuracy": 0.9779999999999999,
                    "Recall": 0.86
                },
                "QU": {
                    "0": 0,
                    "1": 0,
                    "2": 100,
                    "3": 0,
                    "4": 0,
                    "5": 0,
                    "Precision": 0.5,
                    "Accuracy": 0.9714285714285715,
                    "Recall": 1.0
                }
            }
        }
    },
    "100pos": {
        "10": {
            "2.5": {
                "PQ": {
                    "0": 0,
                    "1": 0,
                    "2": 100,
                    "3": 0,
                    "4": 0,
                    "5": 0,
                    "Precision": 0.5,
                    "Accuracy": 0.9714285714285715,
                    "Recall": 1.0
                },
                "PU": {
                    "0": 0,
                    "1": 0,
                    "2": 100,
                    "3": 0,
                    "4": 0,
                    "5": 0,
                    "Precision": 0.5,
                    "Accuracy": 0.9714285714285715,
                    "Recall": 1.0
                },
                "QU": {
                    "0": 0,
                    "1": 0,
                    "2": 96,
                    "3": 0,
                    "4": 4,
                    "5": 0,
                    "Precision": 0.48,
                    "Accuracy": 0.9702857142857144,
                    "Recall": 0.96
                }
            }
        }
    }
}