{
    "090neg": {
        "10": {
            "2.5": {
                "PQ": {
                    "0": 81,
                    "1": 0,
                    "2": 16,
                    "3": 3,
                    "4": 0,
                    "5": 0,
                    "Precision": 0.905,
                    "Accuracy": 0.9937142857142857,
                    "Recall": 0.985
                },
                "PU": {
                    "0": 27,
                    "1": 0,
                    "2": 73,
                    "3": 0,
                    "4": 0,
                    "5": 0,
                    "Precision": 0.635,
                    "Accuracy": 0.9791428571428574,
                    "Recall": 1.0
                },
                "QU": {
                    "0": 40,
                    "1": 0,
                    "2": 60,
                    "3": 0,
                    "4": 0,
                    "5": 0,
                    "Precision": 0.7,
                    "Accuracy": 0.9828571428571429,
                    "Recall": 1.0
                }
            }
        }
    },
    "090pos": {
        "10": {
            "2.5": {
                "PQ": {
                    "0": 81,
                    "1": 2,
                    "2": 16,
                    "3": 1,
                    "4": 0,
                    "5": 0,
                    "Precision": 0.915,
                    "Accuracy": 0.9942857142857144,
                    "Recall": 0.9883333333333334
                },
                "PU": {
                    "0": 59,
                    "1": 0,
                    "2": 41,
                    "3": 0,
                    "4": 0,
                    "5": 0,
                    "Precision": 0.795,
                    "Accuracy": 0.9882857142857141,
                    "Recall": 1.0
                },
                "QU": {
                    "0": 97,
                    "1": 0,
                    "2": 3,
                    "3": 0,
                    "4": 0,
                    "5": 0,
                    "Precision": 0.985,
                    "Accuracy": 0.9991428571428571,
                    "Recall": 1.0
                }
            }
        }
    },
    "100pos": {
        "10": {
            "2.5": {
                "PQ": {
                    "0": 0,
                    "1": 0,
                    "2": 100,
                    "3": 0,
                    "4": 0,
                    "5": 0,
                    "Precision": 0.5,
                    "Accuracy": 0.9714285714285715,
                    "Recall": 1.0
                },
                "PU": {
                    "0": 100,
                    "1": 0,
                    "2": 0,
                    "3": 0,
                    "4": 0,
                    "5": 0,
                    "Precision": 1.0,
                    "Accuracy": 1.0,
                    "Recall": 1.0
                },
                "QU": {
                    "0": 0,
                    "1": 0,
                    "2": 100,
                    "3": 0,
                    "4": 0,
                    "5": 0,
                    "Precision": 0.5,
                    "Accuracy": 0.9714285714285715,
                    "Recall": 1.0
                }
            }
        }
    }
}