{
    "090neg": {
        "10": {
            "2.5": {
                "PQ": {
                    "0": 25,
                    "1": 0,
                    "2": 51,
                    "3": 1,
                    "4": 23,
                    "5": 0,
                    "Precision": 0.51,
                    "Accuracy": 0.9717142857142853,
                    "Recall": 0.765
                },
                "PU": {
                    "0": 9,
                    "1": 0,
                    "2": 82,
                    "3": 0,
                    "4": 9,
                    "5": 0,
                    "Precision": 0.5,
                    "Accuracy": 0.9714285714285711,
                    "Recall": 0.91
                },
                "QU": {
                    "0": 10,
                    "1": 0,
                    "2": 90,
                    "3": 0,
                    "4": 0,
                    "5": 0,
                    "Precision": 0.55,
                    "Accuracy": 0.9742857142857144,
                    "Recall": 1.0
                }
            }
        }
    },
    "090pos": {
        "10": {
            "2.5": {
                "PQ": {
                    "0": 17,
                    "1": 4,
                    "2": 65,
                    "3": 14,
                    "4": 0,
                    "5": 0,
                    "Precision": 0.605,
                    "Accuracy": 0.9722857142857135,
                    "Recall": 0.9166666666666667
                },
                "PU": {
                    "0": 1,
                    "1": 0,
                    "2": 99,
                    "3": 0,
                    "4": 0,
                    "5": 0,
                    "Precision": 0.505,
                    "Accuracy": 0.9717142857142858,
                    "Recall": 1.0
                },
                "QU": {
                    "0": 3,
                    "1": 0,
                    "2": 97,
                    "3": 0,
                    "4": 0,
                    "5": 0,
                    "Precision": 0.515,
                    "Accuracy": 0.9722857142857144,
                    "Recall": 1.0
                }
            }
        }
    },
    "100pos": {
        "10": {
            "2.5": {
                "PQ": {
                    "0": 0,
                    "1": 0,
                    "2": 33,
                    "3": 0,
                    "4": 67,
                    "5": 0,
                    "Precision": 0.165,
                    "Accuracy": 0.9522857142857128,
                    "Recall": 0.33
                },
                "PU": {
                    "0": 1,
                    "1": 0,
                    "2": 32,
                    "3": 0,
                    "4": 67,
                    "5": 0,
                    "Precision": 0.17,
                    "Accuracy": 0.9525714285714266,
                    "Recall": 0.33
                },
                "QU": {
                    "0": 0,
                    "1": 0,
                    "2": 4,
                    "3": 0,
                    "4": 84,
                    "5": 12,
                    "Precision": 0.02,
                    "Accuracy": 0.9371428571428556,
                    "Recall": 0.04
                }
            }
        }
    }
}