{
    "090neg": {
        "10": {
            "2.5": {
                "PQ": {
                    "0": 2,
                    "1": 13,
                    "2": 19,
                    "3": 66,
                    "4": 0,
                    "5": 0,
                    "Precision": 0.575,
                    "Accuracy": 0.9457142857142845,
                    "Recall": 0.5833333333333333
                },
                "PU": {
                    "0": 0,
                    "1": 0,
                    "2": 4,
                    "3": 96,
                    "4": 0,
                    "5": 0,
                    "Precision": 0.5,
                    "Accuracy": 0.9302857142857123,
                    "Recall": 0.44000000000000006
                },
                "QU": {
                    "0": 1,
                    "1": 10,
                    "2": 30,
                    "3": 59,
                    "4": 0,
                    "5": 0,
                    "Precision": 0.555,
                    "Accuracy": 0.9448571428571418,
                    "Recall": 0.6133333333333335
                }
            }
        }
    },
    "090pos": {
        "10": {
            "2.5": {
                "PQ": {
                    "0": 70,
                    "1": 0,
                    "2": 26,
                    "3": 1,
                    "4": 3,
                    "5": 0,
                    "Precision": 0.835,
                    "Accuracy": 0.9902857142857142,
                    "Recall": 0.965
                },
                "PU": {
                    "0": 11,
                    "1": 0,
                    "2": 89,
                    "3": 0,
                    "4": 0,
                    "5": 0,
                    "Precision": 0.555,
                    "Accuracy": 0.9745714285714286,
                    "Recall": 1.0
                },
                "QU": {
                    "0": 0,
                    "1": 0,
                    "2": 100,
                    "3": 0,
                    "4": 0,
                    "5": 0,
                    "Precision": 0.5,
                    "Accuracy": 0.9714285714285715,
                    "Recall": 1.0
                }
            }
        }
    },
    "100pos": {
        "10": {
            "2.5": {
                "PQ": {
                    "0": 0,
                    "1": 0,
                    "2": 100,
                    "3": 0,
                    "4": 0,
                    "5": 0,
                    "Precision": 0.5,
                    "Accuracy": 0.9714285714285715,
                    "Recall": 1.0
                },
                "PU": {
                    "0": 0,
                    "1": 0,
                    "2": 100,
                    "3": 0,
                    "4": 0,
                    "5": 0,
                    "Precision": 0.5,
                    "Accuracy": 0.9714285714285715,
                    "Recall": 1.0
                },
                "QU": {
                    "0": 0,
                    "1": 0,
                    "2": 99,
                    "3": 0,
                    "4": 1,
                    "5": 0,
                    "Precision": 0.495,
                    "Accuracy": 0.9711428571428573,
                    "Recall": 0.99
                }
            }
        }
    }
}