{
    "090neg": {
        "10": {
            "2.5": {
                "PQ": {
                    "0": 51,
                    "1": 0,
                    "2": 45,
                    "3": 4,
                    "4": 0,
                    "5": 0,
                    "Precision": 0.755,
                    "Accuracy": 0.984857142857143,
                    "Recall": 0.98
                },
                "PU": {
                    "0": 27,
                    "1": 0,
                    "2": 73,
                    "3": 0,
                    "4": 0,
                    "5": 0,
                    "Precision": 0.635,
                    "Accuracy": 0.9791428571428572,
                    "Recall": 1.0
                },
                "QU": {
                    "0": 27,
                    "1": 0,
                    "2": 73,
                    "3": 0,
                    "4": 0,
                    "5": 0,
                    "Precision": 0.635,
                    "Accuracy": 0.9791428571428572,
                    "Recall": 1.0
                }
            }
        }
    },
    "090pos": {
        "10": {
            "2.5": {
                "PQ": {
                    "0": 52,
                    "1": 1,
                    "2": 22,
                    "3": 3,
                    "4": 22,
                    "5": 0,
                    "Precision": 0.655,
                    "Accuracy": 0.9791428571428569,
                    "Recall": 0.7616666666666666
                },
                "PU": {
                    "0": 4,
                    "1": 0,
                    "2": 64,
                    "3": 0,
                    "4": 32,
                    "5": 0,
                    "Precision": 0.36,
                    "Accuracy": 0.9634285714285704,
                    "Recall": 0.68
                },
                "QU": {
                    "0": 0,
                    "1": 0,
                    "2": 100,
                    "3": 0,
                    "4": 0,
                    "5": 0,
                    "Precision": 0.5,
                    "Accuracy": 0.9714285714285715,
                    "Recall": 1.0
                }
            }
        }
    },
    "100pos": {
        "10": {
            "2.5": {
                "PQ": {
                    "0": 0,
                    "1": 0,
                    "2": 47,
                    "3": 53,
                    "4": 0,
                    "5": 0,
                    "Precision": 0.5,
                    "Accuracy": 0.9431428571428563,
                    "Recall": 0.6583333333333334
                },
                "PU": {
                    "0": 0,
                    "1": 0,
                    "2": 47,
                    "3": 53,
                    "4": 0,
                    "5": 0,
                    "Precision": 0.5,
                    "Accuracy": 0.9454285714285704,
                    "Recall": 0.6716666666666669
                },
                "QU": {
                    "0": 0,
                    "1": 0,
                    "2": 53,
                    "3": 3,
                    "4": 0,
                    "5": 44,
                    "Precision": 0.28,
                    "Accuracy": 0.9320000000000002,
                    "Recall": 0.54
                }
            }
        }
    }
}