{
    "090neg": {
        "10": {
            "2.5": {
                "PQ": {
                    "0": 78,
                    "1": 0,
                    "2": 8,
                    "3": 13,
                    "4": 1,
                    "5": 0,
                    "Precision": 0.885,
                    "Accuracy": 0.9817142857142859,
                    "Recall": 0.8925000000000002
                },
                "PU": {
                    "0": 2,
                    "1": 0,
                    "2": 82,
                    "3": 0,
                    "4": 16,
                    "5": 0,
                    "Precision": 0.43,
                    "Accuracy": 0.9674285714285713,
                    "Recall": 0.84
                },
                "QU": {
                    "0": 49,
                    "1": 0,
                    "2": 51,
                    "3": 0,
                    "4": 0,
                    "5": 0,
                    "Precision": 0.745,
                    "Accuracy": 0.9854285714285715,
                    "Recall": 1.0
                }
            }
        }
    },
    "090pos": {
        "10": {
            "2.5": {
                "PQ": {
                    "0": 26,
                    "1": 0,
                    "2": 58,
                    "3": 15,
                    "4": 0,
                    "5": 1,
                    "Precision": 0.625,
                    "Accuracy": 0.9645714285714284,
                    "Recall": 0.8775
                },
                "PU": {
                    "0": 42,
                    "1": 0,
                    "2": 58,
                    "3": 0,
                    "4": 0,
                    "5": 0,
                    "Precision": 0.71,
                    "Accuracy": 0.9834285714285717,
                    "Recall": 1.0
                },
                "QU": {
                    "0": 0,
                    "1": 0,
                    "2": 100,
                    "3": 0,
                    "4": 0,
                    "5": 0,
                    "Precision": 0.5,
                    "Accuracy": 0.9714285714285715,
                    "Recall": 1.0
                }
            }
        }
    },
    "100pos": {
        "10": {
            "2.5": {
                "PQ": {
                    "0": 0,
                    "1": 0,
                    "2": 18,
                    "3": 82,
                    "4": 0,
                    "5": 0,
                    "Precision": 0.5,
                    "Accuracy": 0.9479999999999982,
                    "Recall": 0.59
                },
                "PU": {
                    "0": 0,
                    "1": 0,
                    "2": 35,
                    "3": 65,
                    "4": 0,
                    "5": 0,
                    "Precision": 0.5,
                    "Accuracy": 0.9528571428571415,
                    "Recall": 0.675
                },
                "QU": {
                    "0": 0,
                    "1": 0,
                    "2": 100,
                    "3": 0,
                    "4": 0,
                    "5": 0,
                    "Precision": 0.5,
                    "Accuracy": 0.9714285714285715,
                    "Recall": 1.0
                }
            }
        }
    }
}