{
    "090neg": {
        "10": {
            "2.5": {
                "PQ": {
                    "0": 56,
                    "1": 0,
                    "2": 14,
                    "3": 1,
                    "4": 29,
                    "5": 0,
                    "Precision": 0.635,
                    "Accuracy": 0.9788571428571419,
                    "Recall": 0.705
                },
                "PU": {
                    "0": 15,
                    "1": 0,
                    "2": 58,
                    "3": 0,
                    "4": 27,
                    "5": 0,
                    "Precision": 0.44,
                    "Accuracy": 0.9679999999999994,
                    "Recall": 0.73
                },
                "QU": {
                    "0": 57,
                    "1": 0,
                    "2": 43,
                    "3": 0,
                    "4": 0,
                    "5": 0,
                    "Precision": 0.785,
                    "Accuracy": 0.9877142857142859,
                    "Recall": 1.0
                }
            }
        }
    },
    "090pos": {
        "10": {
            "2.5": {
                "PQ": {
                    "0": 82,
                    "1": 0,
                    "2": 16,
                    "3": 2,
                    "4": 0,
                    "5": 0,
                    "Precision": 0.91,
                    "Accuracy": 0.9942857142857143,
                    "Recall": 0.99
                },
                "PU": {
                    "0": 38,
                    "1": 0,
                    "2": 62,
                    "3": 0,
                    "4": 0,
                    "5": 0,
                    "Precision": 0.69,
                    "Accuracy": 0.9822857142857144,
                    "Recall": 1.0
                },
                "QU": {
                    "0": 53,
                    "1": 0,
                    "2": 47,
                    "3": 0,
                    "4": 0,
                    "5": 0,
                    "Precision": 0.765,
                    "Accuracy": 0.9865714285714284,
                    "Recall": 1.0
                }
            }
        }
    },
    "100pos": {
        "10": {
            "2.5": {
                "PQ": {
                    "0": 0,
                    "1": 0,
                    "2": 100,
                    "3": 0,
                    "4": 0,
                    "5": 0,
                    "Precision": 0.5,
                    "Accuracy": 0.9714285714285715,
                    "Recall": 1.0
                },
                "PU": {
                    "0": 19,
                    "1": 0,
                    "2": 81,
                    "3": 0,
                    "4": 0,
                    "5": 0,
                    "Precision": 0.595,
                    "Accuracy": 0.976857142857143,
                    "Recall": 1.0
                },
                "QU": {
                    "0": 0,
                    "1": 0,
                    "2": 96,
                    "3": 0,
                    "4": 4,
                    "5": 0,
                    "Precision": 0.48,
                    "Accuracy": 0.9702857142857141,
                    "Recall": 0.96
                }
            }
        }
    }
}