{
    "090neg": {
        "10": {
            "2.5": {
                "PQ": {
                    "0": 62,
                    "1": 0,
                    "2": 27,
                    "3": 9,
                    "4": 0,
                    "5": 2,
                    "Precision": 0.8,
                    "Accuracy": 0.9822857142857141,
                    "Recall": 0.9239999999999999
                },
                "PU": {
                    "0": 9,
                    "1": 0,
                    "2": 91,
                    "3": 0,
                    "4": 0,
                    "5": 0,
                    "Precision": 0.545,
                    "Accuracy": 0.9740000000000002,
                    "Recall": 1.0
                },
                "QU": {
                    "0": 12,
                    "1": 0,
                    "2": 88,
                    "3": 0,
                    "4": 0,
                    "5": 0,
                    "Precision": 0.56,
                    "Accuracy": 0.9748571428571428,
                    "Recall": 1.0
                }
            }
        }
    },
    "090pos": {
        "10": {
            "2.5": {
                "PQ": {
                    "0": 28,
                    "1": 0,
                    "2": 61,
                    "3": 4,
                    "4": 0,
                    "5": 7,
                    "Precision": 0.605,
                    "Accuracy": 0.9708571428571432,
                    "Recall": 0.9033333333333334
                },
                "PU": {
                    "0": 7,
                    "1": 0,
                    "2": 93,
                    "3": 0,
                    "4": 0,
                    "5": 0,
                    "Precision": 0.535,
                    "Accuracy": 0.9734285714285715,
                    "Recall": 1.0
                },
                "QU": {
                    "0": 2,
                    "1": 0,
                    "2": 70,
                    "3": 15,
                    "4": 0,
                    "5": 13,
                    "Precision": 0.445,
                    "Accuracy": 0.9565714285714282,
                    "Recall": 0.795
                }
            }
        }
    },
    "100pos": {
        "10": {
            "2.5": {
                "PQ": {
                    "0": 0,
                    "1": 0,
                    "2": 34,
                    "3": 0,
                    "4": 66,
                    "5": 0,
                    "Precision": 0.17,
                    "Accuracy": 0.952571428571427,
                    "Recall": 0.34
                },
                "PU": {
                    "0": 1,
                    "1": 0,
                    "2": 26,
                    "3": 0,
                    "4": 73,
                    "5": 0,
                    "Precision": 0.14,
                    "Accuracy": 0.9508571428571412,
                    "Recall": 0.27
                },
                "QU": {
                    "0": 0,
                    "1": 0,
                    "2": 100,
                    "3": 0,
                    "4": 0,
                    "5": 0,
                    "Precision": 0.5,
                    "Accuracy": 0.9714285714285715,
                    "Recall": 1.0
                }
            }
        }
    }
}