{
    "090neg": {
        "10": {
            "2.5": {
                "PQ": {
                    "0": 14,
                    "1": 0,
                    "2": 77,
                    "3": 9,
                    "4": 0,
                    "5": 0,
                    "Precision": 0.57,
                    "Accuracy": 0.9728571428571426,
                    "Recall": 0.955
                },
                "PU": {
                    "0": 2,
                    "1": 0,
                    "2": 98,
                    "3": 0,
                    "4": 0,
                    "5": 0,
                    "Precision": 0.51,
                    "Accuracy": 0.9720000000000002,
                    "Recall": 1.0
                },
                "QU": {
                    "0": 0,
                    "1": 0,
                    "2": 100,
                    "3": 0,
                    "4": 0,
                    "5": 0,
                    "Precision": 0.5,
                    "Accuracy": 0.9714285714285715,
                    "Recall": 1.0
                }
            }
        }
    },
    "090pos": {
        "10": {
            "2.5": {
                "PQ": {
                    "0": 24,
                    "1": 0,
                    "2": 66,
                    "3": 0,
                    "4": 10,
                    "5": 0,
                    "Precision": 0.57,
                    "Accuracy": 0.9754285714285718,
                    "Recall": 0.9
                },
                "PU": {
                    "0": 3,
                    "1": 0,
                    "2": 88,
                    "3": 0,
                    "4": 9,
                    "5": 0,
                    "Precision": 0.47,
                    "Accuracy": 0.9697142857142861,
                    "Recall": 0.91
                },
                "QU": {
                    "0": 0,
                    "1": 0,
                    "2": 100,
                    "3": 0,
                    "4": 0,
                    "5": 0,
                    "Precision": 0.5,
                    "Accuracy": 0.9714285714285715,
                    "Recall": 1.0
                }
            }
        }
    },
    "100pos": {
        "10": {
            "2.5": {
                "PQ": {
                    "0": 0,
                    "1": 0,
                    "2": 100,
                    "3": 0,
                    "4": 0,
                    "5": 0,
                    "Precision": 0.5,
                    "Accuracy": 0.9714285714285715,
                    "Recall": 1.0
                },
                "PU": {
                    "0": 0,
                    "1": 0,
                    "2": 100,
                    "3": 0,
                    "4": 0,
                    "5": 0,
                    "Precision": 0.5,
                    "Accuracy": 0.9714285714285715,
                    "Recall": 1.0
                },
                "QU": {
                    "0": 0,
                    "1": 0,
                    "2": 0,
                    "3": 0,
                    "4": 100,
                    "5": 0,
                    "Precision": 0.0,
                    "Accuracy": 0.9428571428571406,
                    "Recall": 0.0
                }
            }
        }
    }
}