{
    "090neg": {
        "10": {
            "2.5": {
                "PQ": {
                    "0": 54,
                    "1": 0,
                    "2": 13,
                    "3": 3,
                    "4": 30,
                    "5": 0,
                    "Precision": 0.62,
                    "Accuracy": 0.9774285714285706,
                    "Recall": 0.685
                },
                "PU": {
                    "0": 51,
                    "1": 0,
                    "2": 25,
                    "3": 0,
                    "4": 24,
                    "5": 0,
                    "Precision": 0.635,
                    "Accuracy": 0.9791428571428569,
                    "Recall": 0.76
                },
                "QU": {
                    "0": 54,
                    "1": 0,
                    "2": 46,
                    "3": 0,
                    "4": 0,
                    "5": 0,
                    "Precision": 0.77,
                    "Accuracy": 0.986857142857143,
                    "Recall": 1.0
                }
            }
        }
    },
    "090pos": {
        "10": {
            "2.5": {
                "PQ": {
                    "0": 70,
                    "1": 0,
                    "2": 22,
                    "3": 8,
                    "4": 0,
                    "5": 0,
                    "Precision": 0.85,
                    "Accuracy": 0.989142857142857,
                    "Recall": 0.96
                },
                "PU": {
                    "0": 22,
                    "1": 0,
                    "2": 78,
                    "3": 0,
                    "4": 0,
                    "5": 0,
                    "Precision": 0.61,
                    "Accuracy": 0.9777142857142855,
                    "Recall": 1.0
                },
                "QU": {
                    "0": 65,
                    "1": 0,
                    "2": 35,
                    "3": 0,
                    "4": 0,
                    "5": 0,
                    "Precision": 0.825,
                    "Accuracy": 0.9900000000000004,
                    "Recall": 1.0
                }
            }
        }
    },
    "100pos": {
        "10": {
            "2.5": {
                "PQ": {
                    "0": 0,
                    "1": 0,
                    "2": 100,
                    "3": 0,
                    "4": 0,
                    "5": 0,
                    "Precision": 0.5,
                    "Accuracy": 0.9714285714285715,
                    "Recall": 1.0
                },
                "PU": {
                    "0": 21,
                    "1": 0,
                    "2": 79,
                    "3": 0,
                    "4": 0,
                    "5": 0,
                    "Precision": 0.605,
                    "Accuracy": 0.9774285714285716,
                    "Recall": 1.0
                },
                "QU": {
                    "0": 0,
                    "1": 0,
                    "2": 92,
                    "3": 0,
                    "4": 8,
                    "5": 0,
                    "Precision": 0.46,
                    "Accuracy": 0.9691428571428571,
                    "Recall": 0.92
                }
            }
        }
    }
}