{
    "090neg": {
        "10": {
            "2.5": {
                "PQ": {
                    "0": 17,
                    "1": 1,
                    "2": 36,
                    "3": 46,
                    "4": 0,
                    "5": 0,
                    "Precision": 0.59,
                    "Accuracy": 0.9631428571428559,
                    "Recall": 0.7666666666666666
                },
                "PU": {
                    "0": 0,
                    "1": 0,
                    "2": 45,
                    "3": 55,
                    "4": 0,
                    "5": 0,
                    "Precision": 0.5,
                    "Accuracy": 0.955714285714284,
                    "Recall": 0.725
                },
                "QU": {
                    "0": 0,
                    "1": 3,
                    "2": 45,
                    "3": 52,
                    "4": 0,
                    "5": 0,
                    "Precision": 0.515,
                    "Accuracy": 0.9565714285714271,
                    "Recall": 0.7300000000000001
                }
            }
        }
    },
    "090pos": {
        "10": {
            "2.5": {
                "PQ": {
                    "0": 13,
                    "1": 8,
                    "2": 65,
                    "3": 14,
                    "4": 0,
                    "5": 0,
                    "Precision": 0.605,
                    "Accuracy": 0.9711428571428569,
                    "Recall": 0.9033333333333333
                },
                "PU": {
                    "0": 0,
                    "1": 0,
                    "2": 73,
                    "3": 27,
                    "4": 0,
                    "5": 0,
                    "Precision": 0.5,
                    "Accuracy": 0.9637142857142852,
                    "Recall": 0.865
                },
                "QU": {
                    "0": 18,
                    "1": 0,
                    "2": 5,
                    "3": 77,
                    "4": 0,
                    "5": 0,
                    "Precision": 0.59,
                    "Accuracy": 0.9545714285714273,
                    "Recall": 0.615
                }
            }
        }
    },
    "100pos": {
        "10": {
            "2.5": {
                "PQ": {
                    "0": 0,
                    "1": 0,
                    "2": 100,
                    "3": 0,
                    "4": 0,
                    "5": 0,
                    "Precision": 0.5,
                    "Accuracy": 0.9714285714285715,
                    "Recall": 1.0
                },
                "PU": {
                    "0": 0,
                    "1": 0,
                    "2": 100,
                    "3": 0,
                    "4": 0,
                    "5": 0,
                    "Precision": 0.5,
                    "Accuracy": 0.9714285714285715,
                    "Recall": 1.0
                },
                "QU": {
                    "0": 0,
                    "1": 0,
                    "2": 5,
                    "3": 0,
                    "4": 95,
                    "5": 0,
                    "Precision": 0.025,
                    "Accuracy": 0.9442857142857122,
                    "Recall": 0.05
                }
            }
        }
    }
}