{
    "090neg": {
        "10": {
            "2.5": {
                "PQ": {
                    "0": 61,
                    "1": 0,
                    "2": 14,
                    "3": 4,
                    "4": 21,
                    "5": 0,
                    "Precision": 0.7,
                    "Accuracy": 0.9817142857142851,
                    "Recall": 0.77
                },
                "PU": {
                    "0": 8,
                    "1": 0,
                    "2": 85,
                    "3": 0,
                    "4": 7,
                    "5": 0,
                    "Precision": 0.505,
                    "Accuracy": 0.9717142857142855,
                    "Recall": 0.93
                },
                "QU": {
                    "0": 31,
                    "1": 0,
                    "2": 69,
                    "3": 0,
                    "4": 0,
                    "5": 0,
                    "Precision": 0.655,
                    "Accuracy": 0.9802857142857141,
                    "Recall": 1.0
                }
            }
        }
    },
    "090pos": {
        "10": {
            "2.5": {
                "PQ": {
                    "0": 65,
                    "1": 0,
                    "2": 20,
                    "3": 15,
                    "4": 0,
                    "5": 0,
                    "Precision": 0.825,
                    "Accuracy": 0.9857142857142857,
                    "Recall": 0.925
                },
                "PU": {
                    "0": 24,
                    "1": 0,
                    "2": 76,
                    "3": 0,
                    "4": 0,
                    "5": 0,
                    "Precision": 0.62,
                    "Accuracy": 0.9782857142857143,
                    "Recall": 1.0
                },
                "QU": {
                    "0": 36,
                    "1": 0,
                    "2": 64,
                    "3": 0,
                    "4": 0,
                    "5": 0,
                    "Precision": 0.68,
                    "Accuracy": 0.9817142857142858,
                    "Recall": 1.0
                }
            }
        }
    },
    "100pos": {
        "10": {
            "2.5": {
                "PQ": {
                    "0": 0,
                    "1": 0,
                    "2": 48,
                    "3": 0,
                    "4": 52,
                    "5": 0,
                    "Precision": 0.24,
                    "Accuracy": 0.9565714285714273,
                    "Recall": 0.48
                },
                "PU": {
                    "0": 24,
                    "1": 0,
                    "2": 8,
                    "3": 0,
                    "4": 68,
                    "5": 0,
                    "Precision": 0.28,
                    "Accuracy": 0.9588571428571413,
                    "Recall": 0.32
                },
                "QU": {
                    "0": 0,
                    "1": 0,
                    "2": 76,
                    "3": 0,
                    "4": 24,
                    "5": 0,
                    "Precision": 0.38,
                    "Accuracy": 0.9645714285714285,
                    "Recall": 0.76
                }
            }
        }
    }
}