{
    "090neg": {
        "10": {
            "2.5": {
                "PQ": {
                    "0": 17,
                    "1": 2,
                    "2": 60,
                    "3": 13,
                    "4": 2,
                    "5": 6,
                    "Precision": 0.555,
                    "Accuracy": 0.9662857142857139,
                    "Recall": 0.8449999999999999
                },
                "PU": {
                    "0": 6,
                    "1": 0,
                    "2": 86,
                    "3": 1,
                    "4": 7,
                    "5": 0,
                    "Precision": 0.495,
                    "Accuracy": 0.9708571428571428,
                    "Recall": 0.925
                },
                "QU": {
                    "0": 5,
                    "1": 0,
                    "2": 46,
                    "3": 11,
                    "4": 18,
                    "5": 20,
                    "Precision": 0.335,
                    "Accuracy": 0.9474285714285711,
                    "Recall": 0.565
                }
            }
        }
    },
    "090pos": {
        "10": {
            "2.5": {
                "PQ": {
                    "0": 15,
                    "1": 6,
                    "2": 52,
                    "3": 19,
                    "4": 5,
                    "5": 3,
                    "Precision": 0.565,
                    "Accuracy": 0.9662857142857143,
                    "Recall": 0.805
                },
                "PU": {
                    "0": 10,
                    "1": 0,
                    "2": 79,
                    "3": 0,
                    "4": 11,
                    "5": 0,
                    "Precision": 0.495,
                    "Accuracy": 0.9711428571428568,
                    "Recall": 0.89
                },
                "QU": {
                    "0": 6,
                    "1": 3,
                    "2": 40,
                    "3": 4,
                    "4": 47,
                    "5": 0,
                    "Precision": 0.31,
                    "Accuracy": 0.9585714285714279,
                    "Recall": 0.5
                }
            }
        }
    },
    "100pos": {
        "10": {
            "2.5": {
                "PQ": {
                    "0": 0,
                    "1": 0,
                    "2": 32,
                    "3": 0,
                    "4": 68,
                    "5": 0,
                    "Precision": 0.16,
                    "Accuracy": 0.9519999999999983,
                    "Recall": 0.32
                },
                "PU": {
                    "0": 0,
                    "1": 0,
                    "2": 14,
                    "3": 0,
                    "4": 86,
                    "5": 0,
                    "Precision": 0.07,
                    "Accuracy": 0.9468571428571412,
                    "Recall": 0.14
                },
                "QU": {
                    "0": 0,
                    "1": 0,
                    "2": 1,
                    "3": 0,
                    "4": 99,
                    "5": 0,
                    "Precision": 0.005,
                    "Accuracy": 0.9431428571428551,
                    "Recall": 0.01
                }
            }
        }
    }
}