{
    "090neg": {
        "10": {
            "2.5": {
                "PQ": {
                    "0": 23,
                    "1": 1,
                    "2": 38,
                    "3": 16,
                    "4": 22,
                    "5": 0,
                    "Precision": 0.51,
                    "Accuracy": 0.9668571428571419,
                    "Recall": 0.695
                },
                "PU": {
                    "0": 1,
                    "1": 0,
                    "2": 70,
                    "3": 9,
                    "4": 20,
                    "5": 0,
                    "Precision": 0.405,
                    "Accuracy": 0.9634285714285705,
                    "Recall": 0.755
                },
                "QU": {
                    "0": 10,
                    "1": 0,
                    "2": 90,
                    "3": 0,
                    "4": 0,
                    "5": 0,
                    "Precision": 0.55,
                    "Accuracy": 0.9742857142857143,
                    "Recall": 1.0
                }
            }
        }
    },
    "090pos": {
        "10": {
            "2.5": {
                "PQ": {
                    "0": 25,
                    "1": 1,
                    "2": 56,
                    "3": 18,
                    "4": 0,
                    "5": 0,
                    "Precision": 0.63,
                    "Accuracy": 0.9734285714285708,
                    "Recall": 0.9066666666666666
                },
                "PU": {
                    "0": 0,
                    "1": 0,
                    "2": 100,
                    "3": 0,
                    "4": 0,
                    "5": 0,
                    "Precision": 0.5,
                    "Accuracy": 0.9714285714285715,
                    "Recall": 1.0
                },
                "QU": {
                    "0": 0,
                    "1": 0,
                    "2": 100,
                    "3": 0,
                    "4": 0,
                    "5": 0,
                    "Precision": 0.5,
                    "Accuracy": 0.9714285714285715,
                    "Recall": 1.0
                }
            }
        }
    },
    "100pos": {
        "10": {
            "2.5": {
                "PQ": {
                    "0": 0,
                    "1": 0,
                    "2": 100,
                    "3": 0,
                    "4": 0,
                    "5": 0,
                    "Precision": 0.5,
                    "Accuracy": 0.9714285714285715,
                    "Recall": 1.0
                },
                "PU": {
                    "0": 1,
                    "1": 0,
                    "2": 99,
                    "3": 0,
                    "4": 0,
                    "5": 0,
                    "Precision": 0.505,
                    "Accuracy": 0.9717142857142858,
                    "Recall": 1.0
                },
                "QU": {
                    "0": 0,
                    "1": 0,
                    "2": 7,
                    "3": 0,
                    "4": 93,
                    "5": 0,
                    "Precision": 0.035,
                    "Accuracy": 0.9448571428571408,
                    "Recall": 0.07
                }
            }
        }
    }
}