{
    "090neg": {
        "10": {
            "2.5": {
                "PQ": {
                    "0": 76,
                    "1": 2,
                    "2": 11,
                    "3": 11,
                    "4": 0,
                    "5": 0,
                    "Precision": 0.89,
                    "Accuracy": 0.9851428571428571,
                    "Recall": 0.915
                },
                "PU": {
                    "0": 0,
                    "1": 0,
                    "2": 100,
                    "3": 0,
                    "4": 0,
                    "5": 0,
                    "Precision": 0.5,
                    "Accuracy": 0.9714285714285715,
                    "Recall": 1.0
                },
                "QU": {
                    "0": 17,
                    "1": 0,
                    "2": 83,
                    "3": 0,
                    "4": 0,
                    "5": 0,
                    "Precision": 0.585,
                    "Accuracy": 0.9762857142857144,
                    "Recall": 1.0
                }
            }
        }
    },
    "090pos": {
        "10": {
            "2.5": {
                "PQ": {
                    "0": 28,
                    "1": 14,
                    "2": 33,
                    "3": 19,
                    "4": 0,
                    "5": 6,
                    "Precision": 0.68,
                    "Accuracy": 0.9588571428571429,
                    "Recall": 0.7546666666666668
                },
                "PU": {
                    "0": 22,
                    "1": 0,
                    "2": 78,
                    "3": 0,
                    "4": 0,
                    "5": 0,
                    "Precision": 0.61,
                    "Accuracy": 0.9777142857142855,
                    "Recall": 1.0
                },
                "QU": {
                    "0": 0,
                    "1": 0,
                    "2": 100,
                    "3": 0,
                    "4": 0,
                    "5": 0,
                    "Precision": 0.5,
                    "Accuracy": 0.9714285714285715,
                    "Recall": 1.0
                }
            }
        }
    },
    "100pos": {
        "10": {
            "2.5": {
                "PQ": {
                    "0": 0,
                    "1": 0,
                    "2": 100,
                    "3": 0,
                    "4": 0,
                    "5": 0,
                    "Precision": 0.5,
                    "Accuracy": 0.9714285714285715,
                    "Recall": 1.0
                },
                "PU": {
                    "0": 0,
                    "1": 0,
                    "2": 100,
                    "3": 0,
                    "4": 0,
                    "5": 0,
                    "Precision": 0.5,
                    "Accuracy": 0.9714285714285715,
                    "Recall": 1.0
                },
                "QU": {
                    "0": 0,
                    "1": 0,
                    "2": 21,
                    "3": 79,
                    "4": 0,
                    "5": 0,
                    "Precision": 0.5,
                    "Accuracy": 0.9488571428571407,
                    "Recall": 0.605
                }
            }
        }
    }
}