{
    "090neg": {
        "10": {
            "2.5": {
                "PQ": {
                    "0": 39,
                    "1": 9,
                    "2": 41,
                    "3": 11,
                    "4": 0,
                    "5": 0,
                    "Precision": 0.74,
                    "Accuracy": 0.9774285714285712,
                    "Recall": 0.9041666666666665
                },
                "PU": {
                    "0": 14,
                    "1": 8,
                    "2": 72,
                    "3": 6,
                    "4": 0,
                    "5": 0,
                    "Precision": 0.61,
                    "Accuracy": 0.9737142857142858,
                    "Recall": 0.9433333333333332
                },
                "QU": {
                    "0": 59,
                    "1": 0,
                    "2": 41,
                    "3": 0,
                    "4": 0,
                    "5": 0,
                    "Precision": 0.795,
                    "Accuracy": 0.9882857142857143,
                    "Recall": 1.0
                }
            }
        }
    },
    "090pos": {
        "10": {
            "2.5": {
                "PQ": {
                    "0": 51,
                    "1": 0,
                    "2": 36,
                    "3": 13,
                    "4": 0,
                    "5": 0,
                    "Precision": 0.755,
                    "Accuracy": 0.9814285714285712,
                    "Recall": 0.9299999999999998
                },
                "PU": {
                    "0": 30,
                    "1": 0,
                    "2": 70,
                    "3": 0,
                    "4": 0,
                    "5": 0,
                    "Precision": 0.65,
                    "Accuracy": 0.9800000000000001,
                    "Recall": 1.0
                },
                "QU": {
                    "0": 0,
                    "1": 0,
                    "2": 100,
                    "3": 0,
                    "4": 0,
                    "5": 0,
                    "Precision": 0.5,
                    "Accuracy": 0.9714285714285715,
                    "Recall": 1.0
                }
            }
        }
    },
    "100pos": {
        "10": {
            "2.5": {
                "PQ": {
                    "0": 0,
                    "1": 0,
                    "2": 100,
                    "3": 0,
                    "4": 0,
                    "5": 0,
                    "Precision": 0.5,
                    "Accuracy": 0.9714285714285715,
                    "Recall": 1.0
                },
                "PU": {
                    "0": 0,
                    "1": 0,
                    "2": 100,
                    "3": 0,
                    "4": 0,
                    "5": 0,
                    "Precision": 0.5,
                    "Accuracy": 0.9714285714285715,
                    "Recall": 1.0
                },
                "QU": {
                    "0": 0,
                    "1": 0,
                    "2": 0,
                    "3": 83,
                    "4": 0,
                    "5": 17,
                    "Precision": 0.415,
                    "Accuracy": 0.9179999999999983,
                    "Recall": 0.3266666666666664
                }
            }
        }
    }
}