{
    "090neg": {
        "10": {
            "2.5": {
                "PQ": {
                    "0": 30,
                    "1": 1,
                    "2": 58,
                    "3": 8,
                    "4": 3,
                    "5": 0,
                    "Precision": 0.64,
                    "Accuracy": 0.9768571428571425,
                    "Recall": 0.9266666666666667
                },
                "PU": {
                    "0": 0,
                    "1": 0,
                    "2": 94,
                    "3": 0,
                    "4": 6,
                    "5": 0,
                    "Precision": 0.47,
                    "Accuracy": 0.9697142857142858,
                    "Recall": 0.94
                },
                "QU": {
                    "0": 0,
                    "1": 0,
                    "2": 57,
                    "3": 2,
                    "4": 41,
                    "5": 0,
                    "Precision": 0.295,
                    "Accuracy": 0.9591428571428563,
                    "Recall": 0.58
                }
            }
        }
    },
    "090pos": {
        "10": {
            "2.5": {
                "PQ": {
                    "0": 19,
                    "1": 1,
                    "2": 65,
                    "3": 7,
                    "4": 7,
                    "5": 1,
                    "Precision": 0.56,
                    "Accuracy": 0.972,
                    "Recall": 0.8816666666666666
                },
                "PU": {
                    "0": 15,
                    "1": 0,
                    "2": 75,
                    "3": 0,
                    "4": 10,
                    "5": 0,
                    "Precision": 0.525,
                    "Accuracy": 0.9728571428571431,
                    "Recall": 0.9
                },
                "QU": {
                    "0": 5,
                    "1": 0,
                    "2": 51,
                    "3": 1,
                    "4": 43,
                    "5": 0,
                    "Precision": 0.31,
                    "Accuracy": 0.9602857142857133,
                    "Recall": 0.565
                }
            }
        }
    },
    "100pos": {
        "10": {
            "2.5": {
                "PQ": {
                    "0": 0,
                    "1": 0,
                    "2": 47,
                    "3": 46,
                    "4": 5,
                    "5": 2,
                    "Precision": 0.465,
                    "Accuracy": 0.9551428571428556,
                    "Recall": 0.7
                },
                "PU": {
                    "0": 17,
                    "1": 3,
                    "2": 34,
                    "3": 44,
                    "4": 0,
                    "5": 2,
                    "Precision": 0.59,
                    "Accuracy": 0.9619999999999986,
                    "Recall": 0.7500000000000001
                },
                "QU": {
                    "0": 0,
                    "1": 0,
                    "2": 19,
                    "3": 10,
                    "4": 0,
                    "5": 71,
                    "Precision": 0.145,
                    "Accuracy": 0.9077142857142856,
                    "Recall": 0.24
                }
            }
        }
    }
}