{
    "090neg": {
        "10": {
            "2.5": {
                "PQ": {
                    "0": 75,
                    "1": 0,
                    "2": 6,
                    "3": 13,
                    "4": 0,
                    "5": 6,
                    "Precision": 0.845,
                    "Accuracy": 0.9788571428571425,
                    "Recall": 0.853
                },
                "PU": {
                    "0": 37,
                    "1": 0,
                    "2": 63,
                    "3": 0,
                    "4": 0,
                    "5": 0,
                    "Precision": 0.685,
                    "Accuracy": 0.982,
                    "Recall": 1.0
                },
                "QU": {
                    "0": 6,
                    "1": 0,
                    "2": 94,
                    "3": 0,
                    "4": 0,
                    "5": 0,
                    "Precision": 0.53,
                    "Accuracy": 0.9731428571428573,
                    "Recall": 1.0
                }
            }
        }
    },
    "090pos": {
        "10": {
            "2.5": {
                "PQ": {
                    "0": 30,
                    "1": 0,
                    "2": 57,
                    "3": 8,
                    "4": 3,
                    "5": 2,
                    "Precision": 0.625,
                    "Accuracy": 0.9728571428571426,
                    "Recall": 0.8974999999999999
                },
                "PU": {
                    "0": 52,
                    "1": 0,
                    "2": 24,
                    "3": 0,
                    "4": 24,
                    "5": 0,
                    "Precision": 0.64,
                    "Accuracy": 0.9794285714285712,
                    "Recall": 0.76
                },
                "QU": {
                    "0": 0,
                    "1": 0,
                    "2": 100,
                    "3": 0,
                    "4": 0,
                    "5": 0,
                    "Precision": 0.5,
                    "Accuracy": 0.9714285714285715,
                    "Recall": 1.0
                }
            }
        }
    },
    "100pos": {
        "10": {
            "2.5": {
                "PQ": {
                    "0": 0,
                    "1": 0,
                    "2": 100,
                    "3": 0,
                    "4": 0,
                    "5": 0,
                    "Precision": 0.5,
                    "Accuracy": 0.9714285714285715,
                    "Recall": 1.0
                },
                "PU": {
                    "0": 0,
                    "1": 0,
                    "2": 100,
                    "3": 0,
                    "4": 0,
                    "5": 0,
                    "Precision": 0.5,
                    "Accuracy": 0.9714285714285715,
                    "Recall": 1.0
                },
                "QU": {
                    "0": 0,
                    "1": 0,
                    "2": 100,
                    "3": 0,
                    "4": 0,
                    "5": 0,
                    "Precision": 0.5,
                    "Accuracy": 0.9714285714285715,
                    "Recall": 1.0
                }
            }
        }
    }
}