{
    "090neg": {
        "10": {
            "2.5": {
                "PQ": {
                    "0": 6,
                    "1": 0,
                    "2": 93,
                    "3": 1,
                    "4": 0,
                    "5": 0,
                    "Precision": 0.53,
                    "Accuracy": 0.9728571428571431,
                    "Recall": 0.995
                },
                "PU": {
                    "0": 0,
                    "1": 0,
                    "2": 100,
                    "3": 0,
                    "4": 0,
                    "5": 0,
                    "Precision": 0.5,
                    "Accuracy": 0.9714285714285715,
                    "Recall": 1.0
                },
                "QU": {
                    "0": 1,
                    "1": 0,
                    "2": 99,
                    "3": 0,
                    "4": 0,
                    "5": 0,
                    "Precision": 0.505,
                    "Accuracy": 0.9717142857142858,
                    "Recall": 1.0
                }
            }
        }
    },
    "090pos": {
        "10": {
            "2.5": {
                "PQ": {
                    "0": 20,
                    "1": 0,
                    "2": 78,
                    "3": 2,
                    "4": 0,
                    "5": 0,
                    "Precision": 0.6,
                    "Accuracy": 0.976,
                    "Recall": 0.9866666666666666
                },
                "PU": {
                    "0": 3,
                    "1": 0,
                    "2": 97,
                    "3": 0,
                    "4": 0,
                    "5": 0,
                    "Precision": 0.515,
                    "Accuracy": 0.9722857142857144,
                    "Recall": 1.0
                },
                "QU": {
                    "0": 0,
                    "1": 0,
                    "2": 100,
                    "3": 0,
                    "4": 0,
                    "5": 0,
                    "Precision": 0.5,
                    "Accuracy": 0.9714285714285715,
                    "Recall": 1.0
                }
            }
        }
    },
    "100pos": {
        "10": {
            "2.5": {
                "PQ": {
                    "0": 0,
                    "1": 0,
                    "2": 100,
                    "3": 0,
                    "4": 0,
                    "5": 0,
                    "Precision": 0.5,
                    "Accuracy": 0.9714285714285715,
                    "Recall": 1.0
                },
                "PU": {
                    "0": 0,
                    "1": 0,
                    "2": 100,
                    "3": 0,
                    "4": 0,
                    "5": 0,
                    "Precision": 0.5,
                    "Accuracy": 0.9714285714285715,
                    "Recall": 1.0
                },
                "QU": {
                    "0": 0,
                    "1": 0,
                    "2": 17,
                    "3": 0,
                    "4": 83,
                    "5": 0,
                    "Precision": 0.085,
                    "Accuracy": 0.9477142857142841,
                    "Recall": 0.17
                }
            }
        }
    }
}