{
    "090neg": {
        "10": {
            "2.5": {
                "PQ": {
                    "0": 34,
                    "1": 37,
                    "2": 0,
                    "3": 27,
                    "4": 2,
                    "5": 0,
                    "Precision": 0.845,
                    "Accuracy": 0.9668571428571424,
                    "Recall": 0.6941666666666664
                },
                "PU": {
                    "0": 0,
                    "1": 1,
                    "2": 39,
                    "3": 49,
                    "4": 11,
                    "5": 0,
                    "Precision": 0.45,
                    "Accuracy": 0.9542857142857138,
                    "Recall": 0.6416666666666666
                },
                "QU": {
                    "0": 0,
                    "1": 6,
                    "2": 52,
                    "3": 42,
                    "4": 0,
                    "5": 0,
                    "Precision": 0.53,
                    "Accuracy": 0.9594285714285705,
                    "Recall": 0.7700000000000001
                }
            }
        }
    },
    "090pos": {
        "10": {
            "2.5": {
                "PQ": {
                    "0": 70,
                    "1": 0,
                    "2": 18,
                    "3": 12,
                    "4": 0,
                    "5": 0,
                    "Precision": 0.85,
                    "Accuracy": 0.9842857142857143,
                    "Recall": 0.9191666666666666
                },
                "PU": {
                    "0": 9,
                    "1": 0,
                    "2": 91,
                    "3": 0,
                    "4": 0,
                    "5": 0,
                    "Precision": 0.545,
                    "Accuracy": 0.9740000000000001,
                    "Recall": 1.0
                },
                "QU": {
                    "0": 0,
                    "1": 0,
                    "2": 100,
                    "3": 0,
                    "4": 0,
                    "5": 0,
                    "Precision": 0.5,
                    "Accuracy": 0.9714285714285715,
                    "Recall": 1.0
                }
            }
        }
    },
    "100pos": {
        "10": {
            "2.5": {
                "PQ": {
                    "0": 0,
                    "1": 0,
                    "2": 37,
                    "3": 0,
                    "4": 63,
                    "5": 0,
                    "Precision": 0.185,
                    "Accuracy": 0.9534285714285703,
                    "Recall": 0.37
                },
                "PU": {
                    "0": 0,
                    "1": 0,
                    "2": 43,
                    "3": 0,
                    "4": 57,
                    "5": 0,
                    "Precision": 0.215,
                    "Accuracy": 0.9551428571428557,
                    "Recall": 0.43
                },
                "QU": {
                    "0": 0,
                    "1": 0,
                    "2": 100,
                    "3": 0,
                    "4": 0,
                    "5": 0,
                    "Precision": 0.5,
                    "Accuracy": 0.9714285714285715,
                    "Recall": 1.0
                }
            }
        }
    }
}