{
    "090neg": {
        "10": {
            "2.5": {
                "PQ": {
                    "0": 10,
                    "1": 0,
                    "2": 81,
                    "3": 9,
                    "4": 0,
                    "5": 0,
                    "Precision": 0.55,
                    "Accuracy": 0.9717142857142856,
                    "Recall": 0.955
                },
                "PU": {
                    "0": 1,
                    "1": 0,
                    "2": 99,
                    "3": 0,
                    "4": 0,
                    "5": 0,
                    "Precision": 0.505,
                    "Accuracy": 0.9717142857142858,
                    "Recall": 1.0
                },
                "QU": {
                    "0": 0,
                    "1": 0,
                    "2": 100,
                    "3": 0,
                    "4": 0,
                    "5": 0,
                    "Precision": 0.5,
                    "Accuracy": 0.9714285714285715,
                    "Recall": 1.0
                }
            }
        }
    },
    "090pos": {
        "10": {
            "2.5": {
                "PQ": {
                    "0": 7,
                    "1": 0,
                    "2": 93,
                    "3": 0,
                    "4": 0,
                    "5": 0,
                    "Precision": 0.535,
                    "Accuracy": 0.9734285714285715,
                    "Recall": 1.0
                },
                "PU": {
                    "0": 2,
                    "1": 0,
                    "2": 98,
                    "3": 0,
                    "4": 0,
                    "5": 0,
                    "Precision": 0.51,
                    "Accuracy": 0.972,
                    "Recall": 1.0
                },
                "QU": {
                    "0": 0,
                    "1": 0,
                    "2": 100,
                    "3": 0,
                    "4": 0,
                    "5": 0,
                    "Precision": 0.5,
                    "Accuracy": 0.9714285714285715,
                    "Recall": 1.0
                }
            }
        }
    },
    "100pos": {
        "10": {
            "2.5": {
                "PQ": {
                    "0": 0,
                    "1": 0,
                    "2": 65,
                    "3": 35,
                    "4": 0,
                    "5": 0,
                    "Precision": 0.5,
                    "Accuracy": 0.9614285714285705,
                    "Recall": 0.825
                },
                "PU": {
                    "0": 0,
                    "1": 0,
                    "2": 74,
                    "3": 26,
                    "4": 0,
                    "5": 0,
                    "Precision": 0.5,
                    "Accuracy": 0.9639999999999997,
                    "Recall": 0.87
                },
                "QU": {
                    "0": 0,
                    "1": 0,
                    "2": 0,
                    "3": 0,
                    "4": 0,
                    "5": 100,
                    "Precision": 0.0,
                    "Accuracy": 0.885714285714286,
                    "Recall": 0.0
                }
            }
        }
    }
}