{
    "090neg": {
        "10": {
            "2.5": {
                "PQ": {
                    "0": 15,
                    "1": 1,
                    "2": 82,
                    "3": 0,
                    "4": 2,
                    "5": 0,
                    "Precision": 0.57,
                    "Accuracy": 0.9751428571428572,
                    "Recall": 0.9766666666666667
                },
                "PU": {
                    "0": 0,
                    "1": 0,
                    "2": 96,
                    "3": 0,
                    "4": 4,
                    "5": 0,
                    "Precision": 0.48,
                    "Accuracy": 0.9702857142857144,
                    "Recall": 0.96
                },
                "QU": {
                    "0": 0,
                    "1": 0,
                    "2": 98,
                    "3": 1,
                    "4": 0,
                    "5": 1,
                    "Precision": 0.495,
                    "Accuracy": 0.9702857142857144,
                    "Recall": 0.985
                }
            }
        }
    },
    "090pos": {
        "10": {
            "2.5": {
                "PQ": {
                    "0": 11,
                    "1": 0,
                    "2": 87,
                    "3": 2,
                    "4": 0,
                    "5": 0,
                    "Precision": 0.555,
                    "Accuracy": 0.9740000000000002,
                    "Recall": 0.99
                },
                "PU": {
                    "0": 3,
                    "1": 0,
                    "2": 97,
                    "3": 0,
                    "4": 0,
                    "5": 0,
                    "Precision": 0.515,
                    "Accuracy": 0.9722857142857144,
                    "Recall": 1.0
                },
                "QU": {
                    "0": 0,
                    "1": 0,
                    "2": 100,
                    "3": 0,
                    "4": 0,
                    "5": 0,
                    "Precision": 0.5,
                    "Accuracy": 0.9714285714285715,
                    "Recall": 1.0
                }
            }
        }
    },
    "100pos": {
        "10": {
            "2.5": {
                "PQ": {
                    "0": 0,
                    "1": 0,
                    "2": 40,
                    "3": 0,
                    "4": 60,
                    "5": 0,
                    "Precision": 0.2,
                    "Accuracy": 0.9542857142857133,
                    "Recall": 0.4
                },
                "PU": {
                    "0": 0,
                    "1": 0,
                    "2": 28,
                    "3": 0,
                    "4": 72,
                    "5": 0,
                    "Precision": 0.14,
                    "Accuracy": 0.9508571428571411,
                    "Recall": 0.28
                },
                "QU": {
                    "0": 0,
                    "1": 0,
                    "2": 0,
                    "3": 0,
                    "4": 100,
                    "5": 0,
                    "Precision": 0.0,
                    "Accuracy": 0.9428571428571406,
                    "Recall": 0.0
                }
            }
        }
    }
}