{
    "090neg": {
        "10": {
            "2.5": {
                "PQ": {
                    "0": 43,
                    "1": 0,
                    "2": 57,
                    "3": 0,
                    "4": 0,
                    "5": 0,
                    "Precision": 0.715,
                    "Accuracy": 0.9837142857142857,
                    "Recall": 1.0
                },
                "PU": {
                    "0": 18,
                    "1": 0,
                    "2": 82,
                    "3": 0,
                    "4": 0,
                    "5": 0,
                    "Precision": 0.59,
                    "Accuracy": 0.9765714285714285,
                    "Recall": 1.0
                },
                "QU": {
                    "0": 24,
                    "1": 0,
                    "2": 76,
                    "3": 0,
                    "4": 0,
                    "5": 0,
                    "Precision": 0.62,
                    "Accuracy": 0.9782857142857145,
                    "Recall": 1.0
                }
            }
        }
    },
    "090pos": {
        "10": {
            "2.5": {
                "PQ": {
                    "0": 43,
                    "1": 0,
                    "2": 56,
                    "3": 1,
                    "4": 0,
                    "5": 0,
                    "Precision": 0.715,
                    "Accuracy": 0.9834285714285714,
                    "Recall": 0.995
                },
                "PU": {
                    "0": 36,
                    "1": 0,
                    "2": 64,
                    "3": 0,
                    "4": 0,
                    "5": 0,
                    "Precision": 0.68,
                    "Accuracy": 0.9817142857142859,
                    "Recall": 1.0
                },
                "QU": {
                    "0": 60,
                    "1": 0,
                    "2": 40,
                    "3": 0,
                    "4": 0,
                    "5": 0,
                    "Precision": 0.8,
                    "Accuracy": 0.9885714285714283,
                    "Recall": 1.0
                }
            }
        }
    },
    "100pos": {
        "10": {
            "2.5": {
                "PQ": {
                    "0": 0,
                    "1": 0,
                    "2": 0,
                    "3": 100,
                    "4": 0,
                    "5": 0,
                    "Precision": 0.5,
                    "Accuracy": 0.9428571428571406,
                    "Recall": 0.5
                },
                "PU": {
                    "0": 0,
                    "1": 6,
                    "2": 0,
                    "3": 94,
                    "4": 0,
                    "5": 0,
                    "Precision": 0.53,
                    "Accuracy": 0.9445714285714268,
                    "Recall": 0.5099999999999999
                },
                "QU": {
                    "0": 0,
                    "1": 0,
                    "2": 0,
                    "3": 48,
                    "4": 0,
                    "5": 52,
                    "Precision": 0.24,
                    "Accuracy": 0.913142857142856,
                    "Recall": 0.24
                }
            }
        }
    }
}