{
    "090neg": {
        "10": {
            "2.5": {
                "PQ": {
                    "0": 15,
                    "1": 0,
                    "2": 69,
                    "3": 13,
                    "4": 1,
                    "5": 2,
                    "Precision": 0.56,
                    "Accuracy": 0.9699999999999995,
                    "Recall": 0.905
                },
                "PU": {
                    "0": 0,
                    "1": 0,
                    "2": 91,
                    "3": 1,
                    "4": 8,
                    "5": 0,
                    "Precision": 0.46,
                    "Accuracy": 0.9688571428571425,
                    "Recall": 0.915
                },
                "QU": {
                    "0": 1,
                    "1": 0,
                    "2": 60,
                    "3": 10,
                    "4": 11,
                    "5": 18,
                    "Precision": 0.36,
                    "Accuracy": 0.9502857142857138,
                    "Recall": 0.66
                }
            }
        }
    },
    "090pos": {
        "10": {
            "2.5": {
                "PQ": {
                    "0": 25,
                    "1": 0,
                    "2": 67,
                    "3": 3,
                    "4": 3,
                    "5": 2,
                    "Precision": 0.6,
                    "Accuracy": 0.9751428571428573,
                    "Recall": 0.935
                },
                "PU": {
                    "0": 0,
                    "1": 0,
                    "2": 89,
                    "3": 0,
                    "4": 11,
                    "5": 0,
                    "Precision": 0.445,
                    "Accuracy": 0.9682857142857142,
                    "Recall": 0.89
                },
                "QU": {
                    "0": 0,
                    "1": 0,
                    "2": 24,
                    "3": 4,
                    "4": 54,
                    "5": 18,
                    "Precision": 0.14,
                    "Accuracy": 0.9394285714285704,
                    "Recall": 0.26
                }
            }
        }
    },
    "100pos": {
        "10": {
            "2.5": {
                "PQ": {
                    "0": 0,
                    "1": 0,
                    "2": 87,
                    "3": 0,
                    "4": 13,
                    "5": 0,
                    "Precision": 0.435,
                    "Accuracy": 0.9677142857142853,
                    "Recall": 0.87
                },
                "PU": {
                    "0": 0,
                    "1": 0,
                    "2": 88,
                    "3": 0,
                    "4": 12,
                    "5": 0,
                    "Precision": 0.44,
                    "Accuracy": 0.968,
                    "Recall": 0.88
                },
                "QU": {
                    "0": 0,
                    "1": 0,
                    "2": 23,
                    "3": 0,
                    "4": 77,
                    "5": 0,
                    "Precision": 0.115,
                    "Accuracy": 0.9494285714285698,
                    "Recall": 0.23
                }
            }
        }
    }
}