{
    "090neg": {
        "10": {
            "2.5": {
                "PQ": {
                    "0": 69,
                    "1": 0,
                    "2": 20,
                    "3": 9,
                    "4": 0,
                    "5": 2,
                    "Precision": 0.835,
                    "Accuracy": 0.9868571428571427,
                    "Recall": 0.935
                },
                "PU": {
                    "0": 20,
                    "1": 0,
                    "2": 80,
                    "3": 0,
                    "4": 0,
                    "5": 0,
                    "Precision": 0.6,
                    "Accuracy": 0.9771428571428573,
                    "Recall": 1.0
                },
                "QU": {
                    "0": 87,
                    "1": 0,
                    "2": 13,
                    "3": 0,
                    "4": 0,
                    "5": 0,
                    "Precision": 0.935,
                    "Accuracy": 0.9962857142857143,
                    "Recall": 1.0
                }
            }
        }
    },
    "090pos": {
        "10": {
            "2.5": {
                "PQ": {
                    "0": 11,
                    "1": 0,
                    "2": 14,
                    "3": 0,
                    "4": 75,
                    "5": 0,
                    "Precision": 0.18,
                    "Accuracy": 0.9531428571428557,
                    "Recall": 0.25
                },
                "PU": {
                    "0": 67,
                    "1": 0,
                    "2": 7,
                    "3": 0,
                    "4": 26,
                    "5": 0,
                    "Precision": 0.705,
                    "Accuracy": 0.9831428571428567,
                    "Recall": 0.74
                },
                "QU": {
                    "0": 99,
                    "1": 0,
                    "2": 1,
                    "3": 0,
                    "4": 0,
                    "5": 0,
                    "Precision": 0.995,
                    "Accuracy": 0.9997142857142858,
                    "Recall": 1.0
                }
            }
        }
    },
    "100pos": {
        "10": {
            "2.5": {
                "PQ": {
                    "0": 0,
                    "1": 0,
                    "2": 100,
                    "3": 0,
                    "4": 0,
                    "5": 0,
                    "Precision": 0.5,
                    "Accuracy": 0.9714285714285715,
                    "Recall": 1.0
                },
                "PU": {
                    "0": 64,
                    "1": 0,
                    "2": 36,
                    "3": 0,
                    "4": 0,
                    "5": 0,
                    "Precision": 0.82,
                    "Accuracy": 0.9897142857142858,
                    "Recall": 1.0
                },
                "QU": {
                    "0": 0,
                    "1": 0,
                    "2": 100,
                    "3": 0,
                    "4": 0,
                    "5": 0,
                    "Precision": 0.5,
                    "Accuracy": 0.9714285714285715,
                    "Recall": 1.0
                }
            }
        }
    }
}