{
    "090neg": {
        "10": {
            "2.5": {
                "PQ": {
                    "0": 71,
                    "1": 0,
                    "2": 24,
                    "3": 4,
                    "4": 0,
                    "5": 1,
                    "Precision": 0.85,
                    "Accuracy": 0.9877142857142859,
                    "Recall": 0.9608333333333333
                },
                "PU": {
                    "0": 2,
                    "1": 0,
                    "2": 98,
                    "3": 0,
                    "4": 0,
                    "5": 0,
                    "Precision": 0.51,
                    "Accuracy": 0.9720000000000002,
                    "Recall": 1.0
                },
                "QU": {
                    "0": 12,
                    "1": 0,
                    "2": 88,
                    "3": 0,
                    "4": 0,
                    "5": 0,
                    "Precision": 0.56,
                    "Accuracy": 0.9748571428571431,
                    "Recall": 1.0
                }
            }
        }
    },
    "090pos": {
        "10": {
            "2.5": {
                "PQ": {
                    "0": 33,
                    "1": 0,
                    "2": 55,
                    "3": 7,
                    "4": 0,
                    "5": 5,
                    "Precision": 0.64,
                    "Accuracy": 0.9702857142857146,
                    "Recall": 0.8973333333333333
                },
                "PU": {
                    "0": 2,
                    "1": 0,
                    "2": 98,
                    "3": 0,
                    "4": 0,
                    "5": 0,
                    "Precision": 0.51,
                    "Accuracy": 0.9720000000000002,
                    "Recall": 1.0
                },
                "QU": {
                    "0": 7,
                    "1": 3,
                    "2": 83,
                    "3": 7,
                    "4": 0,
                    "5": 0,
                    "Precision": 0.55,
                    "Accuracy": 0.9714285714285715,
                    "Recall": 0.9550000000000002
                }
            }
        }
    },
    "100pos": {
        "10": {
            "2.5": {
                "PQ": {
                    "0": 0,
                    "1": 0,
                    "2": 89,
                    "3": 0,
                    "4": 11,
                    "5": 0,
                    "Precision": 0.445,
                    "Accuracy": 0.9682857142857138,
                    "Recall": 0.89
                },
                "PU": {
                    "0": 0,
                    "1": 0,
                    "2": 84,
                    "3": 0,
                    "4": 16,
                    "5": 0,
                    "Precision": 0.42,
                    "Accuracy": 0.9668571428571421,
                    "Recall": 0.84
                },
                "QU": {
                    "0": 0,
                    "1": 0,
                    "2": 98,
                    "3": 0,
                    "4": 2,
                    "5": 0,
                    "Precision": 0.49,
                    "Accuracy": 0.9708571428571429,
                    "Recall": 0.98
                }
            }
        }
    }
}