{
    "090neg": {
        "10": {
            "2.5": {
                "PQ": {
                    "0": 41,
                    "1": 0,
                    "2": 53,
                    "3": 2,
                    "4": 0,
                    "5": 4,
                    "Precision": 0.685,
                    "Accuracy": 0.9774285714285713,
                    "Recall": 0.9441666666666666
                },
                "PU": {
                    "0": 5,
                    "1": 0,
                    "2": 95,
                    "3": 0,
                    "4": 0,
                    "5": 0,
                    "Precision": 0.525,
                    "Accuracy": 0.9728571428571429,
                    "Recall": 1.0
                },
                "QU": {
                    "0": 16,
                    "1": 0,
                    "2": 81,
                    "3": 3,
                    "4": 0,
                    "5": 0,
                    "Precision": 0.58,
                    "Accuracy": 0.9751428571428573,
                    "Recall": 0.985
                }
            }
        }
    },
    "090pos": {
        "10": {
            "2.5": {
                "PQ": {
                    "0": 1,
                    "1": 0,
                    "2": 88,
                    "3": 4,
                    "4": 0,
                    "5": 7,
                    "Precision": 0.47,
                    "Accuracy": 0.9608571428571429,
                    "Recall": 0.8984285714285716
                },
                "PU": {
                    "0": 3,
                    "1": 0,
                    "2": 97,
                    "3": 0,
                    "4": 0,
                    "5": 0,
                    "Precision": 0.515,
                    "Accuracy": 0.9722857142857144,
                    "Recall": 1.0
                },
                "QU": {
                    "0": 27,
                    "1": 3,
                    "2": 63,
                    "3": 7,
                    "4": 0,
                    "5": 0,
                    "Precision": 0.65,
                    "Accuracy": 0.9771428571428572,
                    "Recall": 0.955
                }
            }
        }
    },
    "100pos": {
        "10": {
            "2.5": {
                "PQ": {
                    "0": 0,
                    "1": 0,
                    "2": 90,
                    "3": 0,
                    "4": 8,
                    "5": 2,
                    "Precision": 0.45,
                    "Accuracy": 0.9674285714285713,
                    "Recall": 0.9
                },
                "PU": {
                    "0": 1,
                    "1": 0,
                    "2": 89,
                    "3": 0,
                    "4": 10,
                    "5": 0,
                    "Precision": 0.455,
                    "Accuracy": 0.9688571428571424,
                    "Recall": 0.9
                },
                "QU": {
                    "0": 0,
                    "1": 0,
                    "2": 100,
                    "3": 0,
                    "4": 0,
                    "5": 0,
                    "Precision": 0.5,
                    "Accuracy": 0.9714285714285715,
                    "Recall": 1.0
                }
            }
        }
    }
}