{
    "090neg": {
        "10": {
            "2.5": {
                "PQ": {
                    "0": 62,
                    "1": 1,
                    "2": 29,
                    "3": 8,
                    "4": 0,
                    "5": 0,
                    "Precision": 0.815,
                    "Accuracy": 0.9868571428571427,
                    "Recall": 0.9566666666666666
                },
                "PU": {
                    "0": 44,
                    "1": 3,
                    "2": 49,
                    "3": 4,
                    "4": 0,
                    "5": 0,
                    "Precision": 0.735,
                    "Accuracy": 0.9828571428571428,
                    "Recall": 0.97
                },
                "QU": {
                    "0": 67,
                    "1": 16,
                    "2": 15,
                    "3": 2,
                    "4": 0,
                    "5": 0,
                    "Precision": 0.915,
                    "Accuracy": 0.99,
                    "Recall": 0.9366666666666669
                }
            }
        }
    },
    "090pos": {
        "10": {
            "2.5": {
                "PQ": {
                    "0": 35,
                    "1": 4,
                    "2": 25,
                    "3": 7,
                    "4": 29,
                    "5": 0,
                    "Precision": 0.55,
                    "Accuracy": 0.9708571428571422,
                    "Recall": 0.66
                },
                "PU": {
                    "0": 10,
                    "1": 0,
                    "2": 52,
                    "3": 4,
                    "4": 34,
                    "5": 0,
                    "Precision": 0.38,
                    "Accuracy": 0.9634285714285707,
                    "Recall": 0.64
                },
                "QU": {
                    "0": 98,
                    "1": 0,
                    "2": 2,
                    "3": 0,
                    "4": 0,
                    "5": 0,
                    "Precision": 0.99,
                    "Accuracy": 0.9994285714285713,
                    "Recall": 1.0
                }
            }
        }
    },
    "100pos": {
        "10": {
            "2.5": {
                "PQ": {
                    "0": 0,
                    "1": 0,
                    "2": 100,
                    "3": 0,
                    "4": 0,
                    "5": 0,
                    "Precision": 0.5,
                    "Accuracy": 0.9714285714285715,
                    "Recall": 1.0
                },
                "PU": {
                    "0": 59,
                    "1": 0,
                    "2": 41,
                    "3": 0,
                    "4": 0,
                    "5": 0,
                    "Precision": 0.795,
                    "Accuracy": 0.9882857142857143,
                    "Recall": 1.0
                },
                "QU": {
                    "0": 0,
                    "1": 0,
                    "2": 100,
                    "3": 0,
                    "4": 0,
                    "5": 0,
                    "Precision": 0.5,
                    "Accuracy": 0.9714285714285715,
                    "Recall": 1.0
                }
            }
        }
    }
}