{
    "090neg": {
        "10": {
            "2.5": {
                "PQ": {
                    "0": 50,
                    "1": 0,
                    "2": 25,
                    "3": 22,
                    "4": 0,
                    "5": 3,
                    "Precision": 0.735,
                    "Accuracy": 0.9768571428571423,
                    "Recall": 0.86
                },
                "PU": {
                    "0": 68,
                    "1": 0,
                    "2": 32,
                    "3": 0,
                    "4": 0,
                    "5": 0,
                    "Precision": 0.84,
                    "Accuracy": 0.990857142857143,
                    "Recall": 1.0
                },
                "QU": {
                    "0": 51,
                    "1": 4,
                    "2": 32,
                    "3": 9,
                    "4": 4,
                    "5": 0,
                    "Precision": 0.755,
                    "Accuracy": 0.9822857142857144,
                    "Recall": 0.9016666666666667
                }
            }
        }
    },
    "090pos": {
        "10": {
            "2.5": {
                "PQ": {
                    "0": 42,
                    "1": 1,
                    "2": 38,
                    "3": 15,
                    "4": 2,
                    "5": 2,
                    "Precision": 0.695,
                    "Accuracy": 0.9765714285714282,
                    "Recall": 0.88
                },
                "PU": {
                    "0": 81,
                    "1": 0,
                    "2": 19,
                    "3": 0,
                    "4": 0,
                    "5": 0,
                    "Precision": 0.905,
                    "Accuracy": 0.9945714285714287,
                    "Recall": 1.0
                },
                "QU": {
                    "0": 58,
                    "1": 1,
                    "2": 41,
                    "3": 0,
                    "4": 0,
                    "5": 0,
                    "Precision": 0.795,
                    "Accuracy": 0.988,
                    "Recall": 0.9966666666666667
                }
            }
        }
    },
    "100pos": {
        "10": {
            "2.5": {
                "PQ": {
                    "0": 0,
                    "1": 0,
                    "2": 30,
                    "3": 0,
                    "4": 70,
                    "5": 0,
                    "Precision": 0.15,
                    "Accuracy": 0.9514285714285697,
                    "Recall": 0.3
                },
                "PU": {
                    "0": 37,
                    "1": 0,
                    "2": 3,
                    "3": 0,
                    "4": 60,
                    "5": 0,
                    "Precision": 0.385,
                    "Accuracy": 0.9648571428571414,
                    "Recall": 0.4
                },
                "QU": {
                    "0": 0,
                    "1": 0,
                    "2": 100,
                    "3": 0,
                    "4": 0,
                    "5": 0,
                    "Precision": 0.5,
                    "Accuracy": 0.9714285714285715,
                    "Recall": 1.0
                }
            }
        }
    }
}