{
    "090neg": {
        "10": {
            "2.5": {
                "PQ": {
                    "0": 49,
                    "1": 7,
                    "2": 15,
                    "3": 0,
                    "4": 29,
                    "5": 0,
                    "Precision": 0.635,
                    "Accuracy": 0.9771428571428566,
                    "Recall": 0.6866666666666665
                },
                "PU": {
                    "0": 18,
                    "1": 0,
                    "2": 56,
                    "3": 0,
                    "4": 26,
                    "5": 0,
                    "Precision": 0.46,
                    "Accuracy": 0.9691428571428559,
                    "Recall": 0.74
                },
                "QU": {
                    "0": 84,
                    "1": 0,
                    "2": 16,
                    "3": 0,
                    "4": 0,
                    "5": 0,
                    "Precision": 0.92,
                    "Accuracy": 0.9954285714285714,
                    "Recall": 1.0
                }
            }
        }
    },
    "090pos": {
        "10": {
            "2.5": {
                "PQ": {
                    "0": 77,
                    "1": 0,
                    "2": 23,
                    "3": 0,
                    "4": 0,
                    "5": 0,
                    "Precision": 0.885,
                    "Accuracy": 0.9934285714285717,
                    "Recall": 1.0
                },
                "PU": {
                    "0": 15,
                    "1": 0,
                    "2": 85,
                    "3": 0,
                    "4": 0,
                    "5": 0,
                    "Precision": 0.575,
                    "Accuracy": 0.9757142857142859,
                    "Recall": 1.0
                },
                "QU": {
                    "0": 86,
                    "1": 0,
                    "2": 14,
                    "3": 0,
                    "4": 0,
                    "5": 0,
                    "Precision": 0.93,
                    "Accuracy": 0.996,
                    "Recall": 1.0
                }
            }
        }
    },
    "100pos": {
        "10": {
            "2.5": {
                "PQ": {
                    "0": 0,
                    "1": 0,
                    "2": 100,
                    "3": 0,
                    "4": 0,
                    "5": 0,
                    "Precision": 0.5,
                    "Accuracy": 0.9714285714285715,
                    "Recall": 1.0
                },
                "PU": {
                    "0": 53,
                    "1": 0,
                    "2": 47,
                    "3": 0,
                    "4": 0,
                    "5": 0,
                    "Precision": 0.765,
                    "Accuracy": 0.9865714285714289,
                    "Recall": 1.0
                },
                "QU": {
                    "0": 0,
                    "1": 0,
                    "2": 100,
                    "3": 0,
                    "4": 0,
                    "5": 0,
                    "Precision": 0.5,
                    "Accuracy": 0.9714285714285715,
                    "Recall": 1.0
                }
            }
        }
    }
}