{
    "090neg": {
        "10": {
            "2.5": {
                "PQ": {
                    "0": 5,
                    "1": 0,
                    "2": 79,
                    "3": 16,
                    "4": 0,
                    "5": 0,
                    "Precision": 0.525,
                    "Accuracy": 0.9682857142857138,
                    "Recall": 0.92
                },
                "PU": {
                    "0": 3,
                    "1": 0,
                    "2": 97,
                    "3": 0,
                    "4": 0,
                    "5": 0,
                    "Precision": 0.515,
                    "Accuracy": 0.9722857142857144,
                    "Recall": 1.0
                },
                "QU": {
                    "0": 0,
                    "1": 0,
                    "2": 93,
                    "3": 7,
                    "4": 0,
                    "5": 0,
                    "Precision": 0.5,
                    "Accuracy": 0.9694285714285712,
                    "Recall": 0.965
                }
            }
        }
    },
    "090pos": {
        "10": {
            "2.5": {
                "PQ": {
                    "0": 7,
                    "1": 0,
                    "2": 50,
                    "3": 16,
                    "4": 27,
                    "5": 0,
                    "Precision": 0.4,
                    "Accuracy": 0.9611428571428563,
                    "Recall": 0.65
                },
                "PU": {
                    "0": 13,
                    "1": 0,
                    "2": 64,
                    "3": 0,
                    "4": 23,
                    "5": 0,
                    "Precision": 0.45,
                    "Accuracy": 0.9685714285714283,
                    "Recall": 0.77
                },
                "QU": {
                    "0": 0,
                    "1": 0,
                    "2": 100,
                    "3": 0,
                    "4": 0,
                    "5": 0,
                    "Precision": 0.5,
                    "Accuracy": 0.9714285714285715,
                    "Recall": 1.0
                }
            }
        }
    },
    "100pos": {
        "10": {
            "2.5": {
                "PQ": {
                    "0": 0,
                    "1": 0,
                    "2": 100,
                    "3": 0,
                    "4": 0,
                    "5": 0,
                    "Precision": 0.5,
                    "Accuracy": 0.9714285714285715,
                    "Recall": 1.0
                },
                "PU": {
                    "0": 0,
                    "1": 0,
                    "2": 100,
                    "3": 0,
                    "4": 0,
                    "5": 0,
                    "Precision": 0.5,
                    "Accuracy": 0.9714285714285715,
                    "Recall": 1.0
                },
                "QU": {
                    "0": 0,
                    "1": 0,
                    "2": 0,
                    "3": 33,
                    "4": 0,
                    "5": 67,
                    "Precision": 0.165,
                    "Accuracy": 0.9045714285714281,
                    "Recall": 0.165
                }
            }
        }
    }
}