{
    "090neg": {
        "10": {
            "2.5": {
                "PQ": {
                    "0": 71,
                    "1": 0,
                    "2": 6,
                    "3": 0,
                    "4": 23,
                    "5": 0,
                    "Precision": 0.74,
                    "Accuracy": 0.9851428571428568,
                    "Recall": 0.77
                },
                "PU": {
                    "0": 12,
                    "1": 0,
                    "2": 85,
                    "3": 0,
                    "4": 3,
                    "5": 0,
                    "Precision": 0.545,
                    "Accuracy": 0.9740000000000002,
                    "Recall": 0.97
                },
                "QU": {
                    "0": 76,
                    "1": 0,
                    "2": 24,
                    "3": 0,
                    "4": 0,
                    "5": 0,
                    "Precision": 0.88,
                    "Accuracy": 0.9931428571428572,
                    "Recall": 1.0
                }
            }
        }
    },
    "090pos": {
        "10": {
            "2.5": {
                "PQ": {
                    "0": 77,
                    "1": 2,
                    "2": 16,
                    "3": 5,
                    "4": 0,
                    "5": 0,
                    "Precision": 0.895,
                    "Accuracy": 0.9919999999999995,
                    "Recall": 0.9683333333333333
                },
                "PU": {
                    "0": 18,
                    "1": 0,
                    "2": 82,
                    "3": 0,
                    "4": 0,
                    "5": 0,
                    "Precision": 0.59,
                    "Accuracy": 0.9765714285714288,
                    "Recall": 1.0
                },
                "QU": {
                    "0": 100,
                    "1": 0,
                    "2": 0,
                    "3": 0,
                    "4": 0,
                    "5": 0,
                    "Precision": 1.0,
                    "Accuracy": 1.0,
                    "Recall": 1.0
                }
            }
        }
    },
    "100pos": {
        "10": {
            "2.5": {
                "PQ": {
                    "0": 0,
                    "1": 0,
                    "2": 33,
                    "3": 0,
                    "4": 67,
                    "5": 0,
                    "Precision": 0.165,
                    "Accuracy": 0.9522857142857127,
                    "Recall": 0.33
                },
                "PU": {
                    "0": 33,
                    "1": 0,
                    "2": 20,
                    "3": 0,
                    "4": 47,
                    "5": 0,
                    "Precision": 0.43,
                    "Accuracy": 0.9674285714285702,
                    "Recall": 0.53
                },
                "QU": {
                    "0": 0,
                    "1": 0,
                    "2": 100,
                    "3": 0,
                    "4": 0,
                    "5": 0,
                    "Precision": 0.5,
                    "Accuracy": 0.9714285714285715,
                    "Recall": 1.0
                }
            }
        }
    }
}