{
    "090neg": {
        "10": {
            "2.5": {
                "PQ": {
                    "0": 15,
                    "1": 1,
                    "2": 66,
                    "3": 18,
                    "4": 0,
                    "5": 0,
                    "Precision": 0.58,
                    "Accuracy": 0.9705714285714283,
                    "Recall": 0.9066666666666667
                },
                "PU": {
                    "0": 47,
                    "1": 0,
                    "2": 53,
                    "3": 0,
                    "4": 0,
                    "5": 0,
                    "Precision": 0.735,
                    "Accuracy": 0.9848571428571431,
                    "Recall": 1.0
                },
                "QU": {
                    "0": 53,
                    "1": 0,
                    "2": 47,
                    "3": 0,
                    "4": 0,
                    "5": 0,
                    "Precision": 0.765,
                    "Accuracy": 0.9865714285714285,
                    "Recall": 1.0
                }
            }
        }
    },
    "090pos": {
        "10": {
            "2.5": {
                "PQ": {
                    "0": 53,
                    "1": 2,
                    "2": 40,
                    "3": 4,
                    "4": 1,
                    "5": 0,
                    "Precision": 0.77,
                    "Accuracy": 0.9851428571428574,
                    "Recall": 0.9633333333333333
                },
                "PU": {
                    "0": 6,
                    "1": 4,
                    "2": 46,
                    "3": 44,
                    "4": 0,
                    "5": 0,
                    "Precision": 0.55,
                    "Accuracy": 0.9605714285714275,
                    "Recall": 0.7666666666666668
                },
                "QU": {
                    "0": 0,
                    "1": 0,
                    "2": 14,
                    "3": 86,
                    "4": 0,
                    "5": 0,
                    "Precision": 0.5,
                    "Accuracy": 0.9468571428571405,
                    "Recall": 0.57
                }
            }
        }
    },
    "100pos": {
        "10": {
            "2.5": {
                "PQ": {
                    "0": 0,
                    "1": 0,
                    "2": 100,
                    "3": 0,
                    "4": 0,
                    "5": 0,
                    "Precision": 0.5,
                    "Accuracy": 0.9714285714285715,
                    "Recall": 1.0
                },
                "PU": {
                    "0": 0,
                    "1": 0,
                    "2": 100,
                    "3": 0,
                    "4": 0,
                    "5": 0,
                    "Precision": 0.5,
                    "Accuracy": 0.9714285714285715,
                    "Recall": 1.0
                },
                "QU": {
                    "0": 0,
                    "1": 0,
                    "2": 97,
                    "3": 0,
                    "4": 3,
                    "5": 0,
                    "Precision": 0.485,
                    "Accuracy": 0.9705714285714286,
                    "Recall": 0.97
                }
            }
        }
    }
}