{
    "090neg": {
        "10": {
            "2.5": {
                "PQ": {
                    "0": 17,
                    "1": 0,
                    "2": 38,
                    "3": 45,
                    "4": 0,
                    "5": 0,
                    "Precision": 0.585,
                    "Accuracy": 0.9622857142857134,
                    "Recall": 0.7683333333333333
                },
                "PU": {
                    "0": 6,
                    "1": 0,
                    "2": 89,
                    "3": 5,
                    "4": 0,
                    "5": 0,
                    "Precision": 0.53,
                    "Accuracy": 0.9717142857142858,
                    "Recall": 0.975
                },
                "QU": {
                    "0": 7,
                    "1": 0,
                    "2": 79,
                    "3": 14,
                    "4": 0,
                    "5": 0,
                    "Precision": 0.535,
                    "Accuracy": 0.9694285714285712,
                    "Recall": 0.93
                }
            }
        }
    },
    "090pos": {
        "10": {
            "2.5": {
                "PQ": {
                    "0": 18,
                    "1": 0,
                    "2": 68,
                    "3": 14,
                    "4": 0,
                    "5": 0,
                    "Precision": 0.59,
                    "Accuracy": 0.9725714285714281,
                    "Recall": 0.93
                },
                "PU": {
                    "0": 1,
                    "1": 0,
                    "2": 99,
                    "3": 0,
                    "4": 0,
                    "5": 0,
                    "Precision": 0.505,
                    "Accuracy": 0.9717142857142858,
                    "Recall": 1.0
                },
                "QU": {
                    "0": 2,
                    "1": 0,
                    "2": 98,
                    "3": 0,
                    "4": 0,
                    "5": 0,
                    "Precision": 0.51,
                    "Accuracy": 0.9720000000000002,
                    "Recall": 1.0
                }
            }
        }
    },
    "100pos": {
        "10": {
            "2.5": {
                "PQ": {
                    "0": 0,
                    "1": 0,
                    "2": 100,
                    "3": 0,
                    "4": 0,
                    "5": 0,
                    "Precision": 0.5,
                    "Accuracy": 0.9714285714285715,
                    "Recall": 1.0
                },
                "PU": {
                    "0": 7,
                    "1": 0,
                    "2": 93,
                    "3": 0,
                    "4": 0,
                    "5": 0,
                    "Precision": 0.535,
                    "Accuracy": 0.9734285714285715,
                    "Recall": 1.0
                },
                "QU": {
                    "0": 0,
                    "1": 0,
                    "2": 10,
                    "3": 0,
                    "4": 90,
                    "5": 0,
                    "Precision": 0.05,
                    "Accuracy": 0.945714285714284,
                    "Recall": 0.1
                }
            }
        }
    }
}