{
    "090neg": {
        "10": {
            "2.5": {
                "PQ": {
                    "0": 65,
                    "1": 0,
                    "2": 15,
                    "3": 6,
                    "4": 14,
                    "5": 0,
                    "Precision": 0.755,
                    "Accuracy": 0.9831428571428564,
                    "Recall": 0.8233333333333335
                },
                "PU": {
                    "0": 1,
                    "1": 0,
                    "2": 74,
                    "3": 0,
                    "4": 25,
                    "5": 0,
                    "Precision": 0.38,
                    "Accuracy": 0.9645714285714279,
                    "Recall": 0.75
                },
                "QU": {
                    "0": 32,
                    "1": 0,
                    "2": 68,
                    "3": 0,
                    "4": 0,
                    "5": 0,
                    "Precision": 0.66,
                    "Accuracy": 0.9805714285714285,
                    "Recall": 1.0
                }
            }
        }
    },
    "090pos": {
        "10": {
            "2.5": {
                "PQ": {
                    "0": 72,
                    "1": 0,
                    "2": 5,
                    "3": 23,
                    "4": 0,
                    "5": 0,
                    "Precision": 0.86,
                    "Accuracy": 0.9777142857142853,
                    "Recall": 0.8453333333333333
                },
                "PU": {
                    "0": 16,
                    "1": 0,
                    "2": 84,
                    "3": 0,
                    "4": 0,
                    "5": 0,
                    "Precision": 0.58,
                    "Accuracy": 0.9760000000000001,
                    "Recall": 1.0
                },
                "QU": {
                    "0": 0,
                    "1": 0,
                    "2": 100,
                    "3": 0,
                    "4": 0,
                    "5": 0,
                    "Precision": 0.5,
                    "Accuracy": 0.9714285714285715,
                    "Recall": 1.0
                }
            }
        }
    },
    "100pos": {
        "10": {
            "2.5": {
                "PQ": {
                    "0": 0,
                    "1": 0,
                    "2": 100,
                    "3": 0,
                    "4": 0,
                    "5": 0,
                    "Precision": 0.5,
                    "Accuracy": 0.9714285714285715,
                    "Recall": 1.0
                },
                "PU": {
                    "0": 0,
                    "1": 0,
                    "2": 100,
                    "3": 0,
                    "4": 0,
                    "5": 0,
                    "Precision": 0.5,
                    "Accuracy": 0.9714285714285715,
                    "Recall": 1.0
                },
                "QU": {
                    "0": 0,
                    "1": 0,
                    "2": 94,
                    "3": 0,
                    "4": 6,
                    "5": 0,
                    "Precision": 0.47,
                    "Accuracy": 0.9697142857142858,
                    "Recall": 0.94
                }
            }
        }
    }
}