{
  "irrad_LV0101": -45.88550961427042,
  "irrad_LV0102": 21.38503631001302,
  "irrad_LV0103": 116.79188302478212,
  "irrad_LV0201": 96.50112879890497,
  "irrad_LV0202": 63.19630587409857,
  "irrad_LV0203": -6.75699229893379
}