{
  "P_LV0101": 0.000067,
  "Q_LV0101": 0.000214,
  "U_LV0101": 0.002499,
  "I_LV0101_MV0101": 0.000057,
  "P_LV0102": 0.000044,
  "Q_LV0102": 0.000149,
  "U_LV0102": 0.002501,
  "I_LV0102_MV0102": 0.000041,
  "P_LV0103": 0.000142,
  "Q_LV0103": 0.000441,
  "U_LV0103": 0.002503,
  "I_LV0103_MV0103": 0.000112,
  "P_LV0201": 0.000121,
  "Q_LV0201": 0.000379,
  "U_LV0201": 0.002502,
  "I_LV0201_MV0201": 0.000097,
  "P_LV0202": 0.000084,
  "Q_LV0202": 0.000265,
  "U_LV0202": 0.002502,
  "I_LV0202_MV0202": 0.000069,
  "P_LV0203": 0.000016,
  "Q_LV0203": 0.000054,
  "U_LV0203": 0.002500,
  "I_LV0203_MV0203": 0.000015,
  "P_POIMV_MV0101": 0.000170,
  "Q_POIMV_MV0101": 0.000560,
  "U_POIMV": 0.002500,
  "I_POIMV_MV0101": 0.000154,
  "P_POIMV_MV0201": 0.000207,
  "Q_POIMV_MV0201": 0.000655,
  "I_POIMV_MV0201": 0.000172,
  "P_POI_POIMV": 0.000388,
  "Q_POI_POIMV": 0.001257,
  "U_POI": 0.002500,
  "I_POI_POIMV": 0.000339
}
