{
  "irrad_LV0101": 270.59062849227695,
  "irrad_LV0102": 324.58710027979197,
  "irrad_LV0103": 353.7912002441685,
  "irrad_LV0201": 337.7360246758577,
  "irrad_LV0202": 371.5970639564576,
  "irrad_LV0203": 230.17606011601174
}