{
  "P_LV0101": 0.08116149353357674,
  "Q_LV0101": 0.03343734006093144,
  "U_LV0101": 1.0094673857227106,
  "I_LV0101_MV0101": 0.08695626924523511,
  "P_LV0102": 0.09735730312327749,
  "Q_LV0102": 0.03343734006093149,
  "U_LV0102": 1.0100550762251916,
  "I_LV0102_MV0102": 0.1019145448698165,
  "P_LV0103": 0.10611683919302103,
  "Q_LV0103": 0.033437340060932304,
  "U_LV0103": 1.0103666278837609,
  "I_LV0103_MV0103": 0.11011867290158182,
  "P_LV0201": 0.10130121776766529,
  "Q_LV0201": 0.033437340060932116,
  "U_LV0201": 1.0102243292073352,
  "I_LV0201_MV0201": 0.10559738492426404,
  "P_LV0202": 0.11145756551675608,
  "Q_LV0202": 0.03343734006093153,
  "U_LV0202": 1.0106371811036021,
  "I_LV0202_MV0202": 0.11514036597894557,
  "P_LV0203": 0.06903946717882382,
  "Q_LV0203": 0.03343734006093174,
  "U_LV0203": 1.009607947623334,
  "I_LV0203_MV0203": 0.07598050240012698,
  "P_POIMV_MV0101": -0.28372915980548896,
  "Q_POIMV_MV0101": -0.09736741591041209,
  "U_POIMV": 1.0025643131210207,
  "I_POIMV_MV0101": 0.29920382930918754,
  "P_POIMV_MV0201": -0.280838506072314,
  "Q_POIMV_MV0201": -0.09760367999564323,
  "I_POIMV_MV0201": 0.29655543974951165,
  "P_POI_POIMV": -0.5645576658774635,
  "Q_POI_POIMV": -0.19091572100887788,
  "U_POI": 1.0000516124762198,
  "I_POI_POIMV": 0.5959341495758342
}