{
  "P_LV0101": 0.000453,
  "Q_LV0101": 0.000859,
  "U_LV0101": 0.002524,
  "I_LV0101_MV0101": 0.000217,
  "P_LV0102": 0.000491,
  "Q_LV0102": 0.001028,
  "U_LV0102": 0.002525,
  "I_LV0102_MV0102": 0.000255,
  "P_LV0103": 0.000514,
  "Q_LV0103": 0.001119,
  "U_LV0103": 0.002526,
  "I_LV0103_MV0103": 0.000275,
  "P_LV0201": 0.000501,
  "Q_LV0201": 0.001069,
  "U_LV0201": 0.002526,
  "I_LV0201_MV0201": 0.000264,
  "P_LV0202": 0.000528,
  "Q_LV0202": 0.001175,
  "U_LV0202": 0.002527,
  "I_LV0202_MV0202": 0.000288,
  "P_LV0203": 0.000427,
  "Q_LV0203": 0.000734,
  "U_LV0203": 0.002524,
  "I_LV0203_MV0203": 0.000190,
  "P_POIMV_MV0101": 0.001431,
  "Q_POIMV_MV0101": 0.002996,
  "U_POIMV": 0.002506,
  "I_POIMV_MV0101": 0.000748,
  "P_POIMV_MV0201": 0.001426,
  "Q_POIMV_MV0201": 0.002966,
  "I_POIMV_MV0201": 0.000741,
  "P_POI_POIMV": 0.002827,
  "Q_POI_POIMV": 0.005959,
  "U_POI": 0.002500,
  "I_POI_POIMV": 0.001490
}
