{
  "irrad_LV0101": 109.8759430476787,
  "irrad_LV0102": 214.54481678043058,
  "irrad_LV0103": 281.1610709203597,
  "irrad_LV0201": 211.92015324767848,
  "irrad_LV0202": 200.2428603899495,
  "irrad_LV0203": 140.30650978362388
}