{
  "P_LV0101": 0.000282,
  "Q_LV0101": 0.000413,
  "U_LV0101": 0.002514,
  "I_LV0101_MV0101": 0.000119,
  "P_LV0102": 0.000312,
  "Q_LV0102": 0.000679,
  "U_LV0102": 0.002516,
  "I_LV0102_MV0102": 0.000168,
  "P_LV0103": 0.000367,
  "Q_LV0103": 0.000887,
  "U_LV0103": 0.002517,
  "I_LV0103_MV0103": 0.000215,
  "P_LV0201": 0.000310,
  "Q_LV0201": 0.000671,
  "U_LV0201": 0.002516,
  "I_LV0201_MV0201": 0.000166,
  "P_LV0202": 0.000301,
  "Q_LV0202": 0.000634,
  "U_LV0202": 0.002516,
  "I_LV0202_MV0202": 0.000158,
  "P_LV0203": 0.000286,
  "Q_LV0203": 0.000494,
  "U_LV0203": 0.002515,
  "I_LV0203_MV0203": 0.000134,
  "P_POIMV_MV0101": 0.000902,
  "Q_POIMV_MV0101": 0.001913,
  "U_POIMV": 0.002504,
  "I_POIMV_MV0101": 0.000477,
  "P_POIMV_MV0201": 0.000876,
  "Q_POIMV_MV0201": 0.001766,
  "I_POIMV_MV0201": 0.000447,
  "P_POI_POIMV": 0.001761,
  "Q_POI_POIMV": 0.003660,
  "U_POI": 0.002500,
  "I_POI_POIMV": 0.000917
}
