{
  "P_LV0101": 0.3017605299552177,
  "Q_LV0101": 0.1540026997509292,
  "U_LV0101": 1.039131476849123,
  "I_LV0101_MV0101": 0.3260284604803204,
  "P_LV0102": 0.29957335492265963,
  "Q_LV0102": 0.1540026997509296,
  "U_LV0102": 1.0396314574940537,
  "I_LV0102_MV0102": 0.323999203199789,
  "P_LV0103": 0.33320467520891106,
  "Q_LV0103": 0.1540026997509294,
  "U_LV0103": 1.0406251752635454,
  "I_LV0103_MV0103": 0.3527422395482818,
  "P_LV0201": 0.28607452109363635,
  "Q_LV0201": 0.15400269975092992,
  "U_LV0201": 1.039564694890051,
  "I_LV0201_MV0201": 0.3125279304059296,
  "P_LV0202": 0.2879896026012319,
  "Q_LV0202": 0.1540026997509288,
  "U_LV0202": 1.0401358613670513,
  "I_LV0202_MV0202": 0.3139787237204385,
  "P_LV0203": 0.31797578143266464,
  "Q_LV0203": 0.15400269975092823,
  "U_LV0203": 1.041049944540615,
  "I_LV0203_MV0203": 0.3393750949864132,
  "P_POIMV_MV0101": -0.9244566875081546,
  "Q_POIMV_MV0101": -0.41617394485820114,
  "U_POIMV": 1.0107138992101334,
  "I_POIMV_MV0101": 1.0030682599339242,
  "P_POIMV_MV0201": -0.8820344038538224,
  "Q_POIMV_MV0201": -0.4194312381182499,
  "I_POIMV_MV0201": 0.9663286089804991,
  "P_POI_POIMV": -1.8064810913622245,
  "Q_POI_POIMV": -0.785675304824963,
  "U_POI": 1.0002122953356287,
  "I_POI_POIMV": 1.9695208683170549
}