{
  "P_LV0101": 0.0029563831962605954,
  "Q_LV0101": -0.0037920761771636402,
  "U_LV0101": 0.9993000192132607,
  "I_LV0101_MV0101": 0.00481169871512507,
  "P_LV0102": 0.007368480245751753,
  "Q_LV0102": -0.0037920761771648727,
  "U_LV0102": 0.9994322134864425,
  "I_LV0102_MV0102": 0.008291706342195407,
  "P_LV0103": 0.011576463116126048,
  "Q_LV0103": -0.0037920761771645913,
  "U_LV0103": 0.9995547653279981,
  "I_LV0103_MV0103": 0.012187147694429636,
  "P_LV0201": -0.020790497745463567,
  "Q_LV0201": -0.0037920761771653177,
  "U_LV0201": 0.9986215994516091,
  "I_LV0201_MV0201": 0.021162666277228983,
  "P_LV0202": 0.027221007744287914,
  "Q_LV0202": -0.0037920761771648584,
  "U_LV0202": 0.9999633853517382,
  "I_LV0202_MV0202": 0.027484876243034032,
  "P_LV0203": -0.00782965745169569,
  "Q_LV0203": -0.0037920761771642157,
  "U_LV0203": 0.9989889408696168,
  "I_LV0203_MV0203": 0.008708424122493104,
  "P_POIMV_MV0101": -0.021894060688509853,
  "Q_POIMV_MV0101": 0.010137360814951535,
  "U_POIMV": 0.9997397786291696,
  "I_POIMV_MV0101": 0.024133359775533846,
  "P_POIMV_MV0201": 0.0014351309615676655,
  "Q_POIMV_MV0201": 0.009998772863923477,
  "I_POIMV_MV0201": 0.010103869743941384,
  "P_POI_POIMV": -0.02044892972583115,
  "Q_POI_POIMV": 0.019580960016810423,
  "U_POI": 0.9999947049387354,
  "I_POI_POIMV": 0.028312209573480403
}