{
  "P_LV0101": 0.000097,
  "Q_LV0101": 0.000079,
  "U_LV0101": 0.002498,
  "I_LV0101_MV0101": 0.000033,
  "P_LV0102": 0.000093,
  "Q_LV0102": 0.000158,
  "U_LV0102": 0.002499,
  "I_LV0102_MV0102": 0.000048,
  "P_LV0103": 0.000089,
  "Q_LV0103": 0.000200,
  "U_LV0103": 0.002499,
  "I_LV0103_MV0103": 0.000056,
  "P_LV0201": 0.000105,
  "Q_LV0201": 0.000287,
  "U_LV0201": 0.002497,
  "I_LV0201_MV0201": 0.000076,
  "P_LV0202": 0.000125,
  "Q_LV0202": 0.000360,
  "U_LV0202": 0.002500,
  "I_LV0202_MV0202": 0.000094,
  "P_LV0203": 0.000093,
  "Q_LV0203": 0.000164,
  "U_LV0203": 0.002497,
  "I_LV0203_MV0203": 0.000050,
  "P_POIMV_MV0101": 0.000259,
  "Q_POIMV_MV0101": 0.000475,
  "U_POIMV": 0.002499,
  "I_POIMV_MV0101": 0.000143,
  "P_POIMV_MV0201": 0.000264,
  "Q_POIMV_MV0201": 0.000087,
  "I_POIMV_MV0201": 0.000075,
  "P_POI_POIMV": 0.000512,
  "Q_POI_POIMV": 0.000531,
  "U_POI": 0.002500,
  "I_POI_POIMV": 0.000197
}
