{
  "irrad_LV0101": -30.987182858890932,
  "irrad_LV0102": 6.526214825586493,
  "irrad_LV0103": 2.56630325003654,
  "irrad_LV0201": -24.85968830169101,
  "irrad_LV0202": -84.18531907211965,
  "irrad_LV0203": 6.206278354761608
}