{
  "irrad_LV0101": 678.2936129470643,
  "irrad_LV0102": 643.0788456240039,
  "irrad_LV0103": 754.2883555464913,
  "irrad_LV0201": 743.1411868572626,
  "irrad_LV0202": 755.2489376066231,
  "irrad_LV0203": 721.8640865969178
}