{
  "P_LV0101": 0.001314,
  "Q_LV0101": 0.002166,
  "U_LV0101": 0.002568,
  "I_LV0101_MV0101": 0.000557,
  "P_LV0102": 0.001294,
  "Q_LV0102": 0.002057,
  "U_LV0102": 0.002568,
  "I_LV0102_MV0102": 0.000534,
  "P_LV0103": 0.001360,
  "Q_LV0103": 0.002402,
  "U_LV0103": 0.002571,
  "I_LV0103_MV0103": 0.000606,
  "P_LV0201": 0.001353,
  "Q_LV0201": 0.002367,
  "U_LV0201": 0.002571,
  "I_LV0201_MV0201": 0.000599,
  "P_LV0202": 0.001361,
  "Q_LV0202": 0.002405,
  "U_LV0202": 0.002572,
  "I_LV0202_MV0202": 0.000607,
  "P_LV0203": 0.001340,
  "Q_LV0203": 0.002301,
  "U_LV0203": 0.002572,
  "I_LV0203_MV0203": 0.000585,
  "P_POIMV_MV0101": 0.003781,
  "Q_POIMV_MV0101": 0.006564,
  "U_POIMV": 0.002519,
  "I_POIMV_MV0101": 0.001698,
  "P_POIMV_MV0201": 0.003851,
  "Q_POIMV_MV0201": 0.007004,
  "I_POIMV_MV0201": 0.001792,
  "P_POI_POIMV": 0.007423,
  "Q_POI_POIMV": 0.013554,
  "U_POI": 0.002500,
  "I_POI_POIMV": 0.003490
}
