{
  "P_LV0101": 0.000049,
  "Q_LV0101": 0.000100,
  "U_LV0101": 0.002501,
  "I_LV0101_MV0101": 0.000030,
  "P_LV0102": 0.000091,
  "Q_LV0102": 0.000279,
  "U_LV0102": 0.002500,
  "I_LV0102_MV0102": 0.000073,
  "P_LV0103": 0.000042,
  "Q_LV0103": 0.000017,
  "U_LV0103": 0.002501,
  "I_LV0103_MV0103": 0.000012,
  "P_LV0201": 0.000115,
  "Q_LV0201": 0.000354,
  "U_LV0201": 0.002503,
  "I_LV0201_MV0201": 0.000091,
  "P_LV0202": 0.000063,
  "Q_LV0202": 0.000180,
  "U_LV0202": 0.002500,
  "I_LV0202_MV0202": 0.000050,
  "P_LV0203": 0.000047,
  "Q_LV0203": 0.000084,
  "U_LV0203": 0.002501,
  "I_LV0203_MV0203": 0.000026,
  "P_POIMV_MV0101": 0.000180,
  "Q_POIMV_MV0101": 0.000383,
  "U_POIMV": 0.002500,
  "I_POIMV_MV0101": 0.000113,
  "P_POIMV_MV0201": 0.000195,
  "Q_POIMV_MV0201": 0.000471,
  "I_POIMV_MV0201": 0.000135,
  "P_POI_POIMV": 0.000337,
  "Q_POI_POIMV": 0.000171,
  "U_POI": 0.002500,
  "I_POI_POIMV": 0.000101
}
