{
  "P_LV0101": 0.27566389698354604,
  "Q_LV0101": -0.13152085440064307,
  "U_LV0101": 0.9763667915740956,
  "I_LV0101_MV0101": 0.3128244103359797,
  "P_LV0102": 0.26081562991312685,
  "Q_LV0102": -0.1315208544006425,
  "U_LV0102": 0.9762911851971279,
  "I_LV0102_MV0102": 0.29919373064882454,
  "P_LV0103": 0.30794411778656455,
  "Q_LV0103": -0.1315208544006428,
  "U_LV0103": 0.9774915844663149,
  "I_LV0103_MV0103": 0.3425647594378197,
  "P_LV0201": 0.309677190631877,
  "Q_LV0201": -0.13152085440064248,
  "U_LV0201": 0.9775382843802369,
  "I_LV0201_MV0201": 0.3441795175776729,
  "P_LV0202": 0.2940164391091773,
  "Q_LV0202": -0.13152085440064265,
  "U_LV0202": 0.977453406393384,
  "I_LV0202_MV0202": 0.3295218198727213,
  "P_LV0203": 0.2715565799844606,
  "Q_LV0203": -0.13152085440064307,
  "U_LV0203": 0.9770727247380966,
  "I_LV0203_MV0203": 0.30880969827189253,
  "P_POIMV_MV0101": -0.8352736436431769,
  "Q_POIMV_MV0101": 0.4361058685840362,
  "U_POIMV": 0.9879765213200318,
  "I_POIMV_MV0101": 0.9537359693992455,
  "P_POIMV_MV0201": -0.8649366452676759,
  "Q_POIMV_MV0201": 0.438739261125761,
  "I_POIMV_MV0201": 0.9816521086897412,
  "P_POI_POIMV": -1.7002002889100911,
  "Q_POI_POIMV": 0.9230502129830711,
  "U_POI": 0.9997502237328686,
  "I_POI_POIMV": 1.935089945056949
}