{
  "P_LV0101": 0.001689,
  "Q_LV0101": 0.002928,
  "U_LV0101": 0.002441,
  "I_LV0101_MV0101": 0.000782,
  "P_LV0102": 0.001659,
  "Q_LV0102": 0.002775,
  "U_LV0102": 0.002441,
  "I_LV0102_MV0102": 0.000748,
  "P_LV0103": 0.001757,
  "Q_LV0103": 0.003263,
  "U_LV0103": 0.002444,
  "I_LV0103_MV0103": 0.000856,
  "P_LV0201": 0.001761,
  "Q_LV0201": 0.003281,
  "U_LV0201": 0.002444,
  "I_LV0201_MV0201": 0.000860,
  "P_LV0202": 0.001727,
  "Q_LV0202": 0.003119,
  "U_LV0202": 0.002444,
  "I_LV0202_MV0202": 0.000824,
  "P_LV0203": 0.001681,
  "Q_LV0203": 0.002886,
  "U_LV0203": 0.002443,
  "I_LV0203_MV0203": 0.000772,
  "P_POIMV_MV0101": 0.005444,
  "Q_POIMV_MV0101": 0.008895,
  "U_POIMV": 0.002470,
  "I_POIMV_MV0101": 0.002384,
  "P_POIMV_MV0201": 0.005525,
  "Q_POIMV_MV0201": 0.009203,
  "I_POIMV_MV0201": 0.002454,
  "P_POI_POIMV": 0.011395,
  "Q_POI_POIMV": 0.018128,
  "U_POI": 0.002499,
  "I_POI_POIMV": 0.004838
}
