{
  "P_LV0101": 0.001502,
  "Q_LV0101": 0.002543,
  "U_LV0101": 0.002447,
  "I_LV0101_MV0101": 0.000682,
  "P_LV0102": 0.001480,
  "Q_LV0102": 0.002425,
  "U_LV0102": 0.002447,
  "I_LV0102_MV0102": 0.000656,
  "P_LV0103": 0.001471,
  "Q_LV0103": 0.002378,
  "U_LV0103": 0.002447,
  "I_LV0103_MV0103": 0.000645,
  "P_LV0201": 0.001464,
  "Q_LV0201": 0.002342,
  "U_LV0201": 0.002447,
  "I_LV0201_MV0201": 0.000637,
  "P_LV0202": 0.001488,
  "Q_LV0202": 0.002469,
  "U_LV0202": 0.002448,
  "I_LV0202_MV0202": 0.000665,
  "P_LV0203": 0.001512,
  "Q_LV0203": 0.002597,
  "U_LV0203": 0.002449,
  "I_LV0203_MV0203": 0.000693,
  "P_POIMV_MV0101": 0.004691,
  "Q_POIMV_MV0101": 0.007299,
  "U_POIMV": 0.002474,
  "I_POIMV_MV0101": 0.001981,
  "P_POIMV_MV0201": 0.004705,
  "Q_POIMV_MV0201": 0.007355,
  "I_POIMV_MV0201": 0.001993,
  "P_POI_POIMV": 0.009687,
  "Q_POI_POIMV": 0.014676,
  "U_POI": 0.002499,
  "I_POI_POIMV": 0.003973
}
