{
  "P_LV0101": -0.014292628582217606,
  "Q_LV0101": 3.975457715682175e-16,
  "U_LV0101": 0.999639700204705,
  "I_LV0101_MV0101": 0.014297780069449801,
  "P_LV0102": 0.0049360782536836696,
  "Q_LV0102": -5.708885973437407e-16,
  "U_LV0102": 1.0001756518445672,
  "I_LV0102_MV0102": 0.004935211374702373,
  "P_LV0103": -0.005554041230384776,
  "Q_LV0103": 4.0450999635229435e-16,
  "U_LV0103": 0.9998804616588163,
  "I_LV0103_MV0103": 0.005554705230633811,
  "P_LV0201": 0.006715731128714493,
  "Q_LV0201": -5.168240887190883e-16,
  "U_LV0201": 1.0002673097567927,
  "I_LV0201_MV0201": 0.0067139364280008025,
  "P_LV0202": 0.017634027065016784,
  "Q_LV0202": 5.418951028011452e-16,
  "U_LV0202": 1.0005877899254587,
  "I_LV0202_MV0202": 0.01762366805048708,
  "P_LV0203": 0.01052338805814488,
  "Q_LV0203": 2.7089415015414874e-16,
  "U_LV0203": 1.0003998310942435,
  "I_LV0203_MV0203": 0.010519182162030488,
  "P_POIMV_MV0101": 0.014917904138883387,
  "Q_POIMV_MV0101": -0.0012372551047974412,
  "U_POIMV": 1.0000437402010307,
  "I_POIMV_MV0101": 0.014968468967652717,
  "P_POIMV_MV0201": -0.03485829015778563,
  "Q_POIMV_MV0201": -0.0014904755808515802,
  "I_POIMV_MV0201": 0.0348886145519982,
  "P_POI_POIMV": -0.019930386018805157,
  "Q_POI_POIMV": -0.0032883726639738597,
  "U_POI": 1.0000008892154606,
  "I_POI_POIMV": 0.020199825642242715
}