{
  "P_LV0101": 0.000067,
  "Q_LV0101": 0.000215,
  "U_LV0101": 0.002499,
  "I_LV0101_MV0101": 0.000057,
  "P_LV0102": 0.000036,
  "Q_LV0102": 0.000122,
  "U_LV0102": 0.002500,
  "I_LV0102_MV0102": 0.000034,
  "P_LV0103": 0.000040,
  "Q_LV0103": 0.000134,
  "U_LV0103": 0.002500,
  "I_LV0103_MV0103": 0.000037,
  "P_LV0201": 0.000046,
  "Q_LV0201": 0.000154,
  "U_LV0201": 0.002501,
  "I_LV0201_MV0201": 0.000043,
  "P_LV0202": 0.000078,
  "Q_LV0202": 0.000249,
  "U_LV0202": 0.002501,
  "I_LV0202_MV0202": 0.000065,
  "P_LV0203": 0.000060,
  "Q_LV0203": 0.000199,
  "U_LV0203": 0.002501,
  "I_LV0203_MV0203": 0.000054,
  "P_POIMV_MV0101": 0.000113,
  "Q_POIMV_MV0101": 0.000369,
  "U_POIMV": 0.002500,
  "I_POIMV_MV0101": 0.000103,
  "P_POIMV_MV0201": 0.000191,
  "Q_POIMV_MV0201": 0.000619,
  "I_POIMV_MV0201": 0.000168,
  "P_POI_POIMV": 0.000178,
  "Q_POI_POIMV": 0.000527,
  "U_POI": 0.002500,
  "I_POI_POIMV": 0.000149
}
