{
  "irrad_LV0101": -3.7474758984295344,
  "irrad_LV0102": -10.804272533684733,
  "irrad_LV0103": 9.016518934765033,
  "irrad_LV0201": -79.33225948358039,
  "irrad_LV0202": 89.1825139463157,
  "irrad_LV0203": 46.624507993486546
}