{
  "P_LV0101": -0.01376299139624408,
  "Q_LV0101": -5.836572227683034e-17,
  "U_LV0101": 0.9996653406879595,
  "I_LV0101_MV0101": 0.013767598851404139,
  "P_LV0102": 0.006414270501019824,
  "Q_LV0102": -5.257065941420601e-16,
  "U_LV0102": 1.0002565173193205,
  "I_LV0102_MV0102": 0.006412625551503546,
  "P_LV0103": 0.03503079065120193,
  "Q_LV0103": -8.425507293881325e-17,
  "U_LV0103": 1.0010634681506232,
  "I_LV0103_MV0103": 0.03499357609754578,
  "P_LV0201": 0.028944741303997993,
  "Q_LV0201": 3.0229010558255737e-16,
  "U_LV0201": 1.0008838754650005,
  "I_LV0201_MV0201": 0.028919180350018687,
  "P_LV0202": 0.018955226199539224,
  "Q_LV0202": 2.260396869477774e-16,
  "U_LV0202": 1.0006235460712414,
  "I_LV0202_MV0202": 0.01894341410809622,
  "P_LV0203": -0.0020267057652072215,
  "Q_LV0203": -5.09672260450536e-16,
  "U_LV0203": 1.000043186813177,
  "I_LV0203_MV0203": 0.0020266182420238224,
  "P_POIMV_MV0101": -0.027639331121235955,
  "Q_POIMV_MV0101": -0.001069795220701053,
  "U_POIMV": 1.0000397156154,
  "I_POIMV_MV0101": 0.02765892838215273,
  "P_POIMV_MV0201": -0.04583754656346173,
  "Q_POIMV_MV0201": -0.0013883430164014499,
  "I_POIMV_MV0201": 0.045856745814680015,
  "P_POI_POIMV": -0.07346687768373743,
  "Q_POI_POIMV": -0.0029536966908381146,
  "U_POI": 1.0000007985308337,
  "I_POI_POIMV": 0.07352617089760408
}