{
  "irrad_LV0101": -27.950757215234383,
  "irrad_LV0102": 32.465377280008504,
  "irrad_LV0103": -39.03858434054451,
  "irrad_LV0201": -6.6408428434551805,
  "irrad_LV0202": 36.2687012021093,
  "irrad_LV0203": -30.123853786127924
}