{
  "P_LV0101": 0.000101,
  "Q_LV0101": 0.000170,
  "U_LV0101": 0.002497,
  "I_LV0101_MV0101": 0.000052,
  "P_LV0102": 0.000099,
  "Q_LV0102": 0.000184,
  "U_LV0102": 0.002498,
  "I_LV0102_MV0102": 0.000054,
  "P_LV0103": 0.000095,
  "Q_LV0103": 0.000198,
  "U_LV0103": 0.002497,
  "I_LV0103_MV0103": 0.000057,
  "P_LV0201": 0.000110,
  "Q_LV0201": 0.000059,
  "U_LV0201": 0.002498,
  "I_LV0201_MV0201": 0.000033,
  "P_LV0202": 0.000097,
  "Q_LV0202": 0.000193,
  "U_LV0202": 0.002498,
  "I_LV0202_MV0202": 0.000056,
  "P_LV0203": 0.000100,
  "Q_LV0203": 0.000177,
  "U_LV0203": 0.002497,
  "I_LV0203_MV0203": 0.000053,
  "P_POIMV_MV0101": 0.000300,
  "Q_POIMV_MV0101": 0.000267,
  "U_POIMV": 0.002499,
  "I_POIMV_MV0101": 0.000107,
  "P_POIMV_MV0201": 0.000301,
  "Q_POIMV_MV0201": 0.000089,
  "I_POIMV_MV0201": 0.000084,
  "P_POI_POIMV": 0.000592,
  "Q_POI_POIMV": 0.000320,
  "U_POI": 0.002500,
  "I_POI_POIMV": 0.000180
}
