{
  "irrad_LV0101": 753.2840012610075,
  "irrad_LV0102": 767.6912331134669,
  "irrad_LV0103": 687.1556059421011,
  "irrad_LV0201": 811.0178616126459,
  "irrad_LV0202": 815.1939292069128,
  "irrad_LV0203": 801.7103681641634
}