{
  "P_LV0101": 0.001459,
  "Q_LV0101": 0.002405,
  "U_LV0101": 0.002575,
  "I_LV0101_MV0101": 0.000617,
  "P_LV0102": 0.001468,
  "Q_LV0102": 0.002450,
  "U_LV0102": 0.002577,
  "I_LV0102_MV0102": 0.000626,
  "P_LV0103": 0.001422,
  "Q_LV0103": 0.002201,
  "U_LV0103": 0.002576,
  "I_LV0103_MV0103": 0.000574,
  "P_LV0201": 0.001494,
  "Q_LV0201": 0.002584,
  "U_LV0201": 0.002578,
  "I_LV0201_MV0201": 0.000654,
  "P_LV0202": 0.001496,
  "Q_LV0202": 0.002597,
  "U_LV0202": 0.002579,
  "I_LV0202_MV0202": 0.000656,
  "P_LV0203": 0.001488,
  "Q_LV0203": 0.002555,
  "U_LV0203": 0.002579,
  "I_LV0203_MV0203": 0.000647,
  "P_POIMV_MV0101": 0.004133,
  "Q_POIMV_MV0101": 0.006987,
  "U_POIMV": 0.002521,
  "I_POIMV_MV0101": 0.001818,
  "P_POIMV_MV0201": 0.004233,
  "Q_POIMV_MV0201": 0.007654,
  "I_POIMV_MV0201": 0.001959,
  "P_POI_POIMV": 0.008116,
  "Q_POI_POIMV": 0.014625,
  "U_POI": 0.002500,
  "I_POI_POIMV": 0.003777
}
