{
  "P_LV0101": 0.030653880203922783,
  "Q_LV0101": 8.735415046683268e-17,
  "U_LV0101": 1.0078882038572001,
  "I_LV0101_MV0101": 0.017559512969504757,
  "P_LV0102": 0.03634353338056846,
  "Q_LV0102": -1.4974936963173324e-17,
  "U_LV0102": 1.0095425939046796,
  "I_LV0102_MV0102": 0.020784609690826527,
  "P_LV0103": 0.032530440075675716,
  "Q_LV0103": 7.096576334778583e-18,
  "U_LV0103": 1.008964092270099,
  "I_LV0103_MV0103": 0.018614595383956024,
  "P_LV0201": 0.031979563947959144,
  "Q_LV0201": -9.509999550318312e-17,
  "U_LV0201": 1.0088280805029082,
  "I_LV0201_MV0201": 0.01830183973935075,
  "P_LV0202": 0.03324834851947925,
  "Q_LV0202": 8.857607717396855e-17,
  "U_LV0202": 1.0095416514649727,
  "I_LV0202_MV0202": 0.019014513110950995,
  "P_LV0203": 0.03361941521994532,
  "Q_LV0203": -7.014749352476214e-17,
  "U_LV0203": 1.0098431078115855,
  "I_LV0203_MV0203": 0.01922098420743467,
  "P_POIMV_MV0101": -0.09854852393740998,
  "Q_POIMV_MV0101": 0.004450843625562584,
  "U_POIMV": 0.9999991151398443,
  "I_POIMV_MV0101": 0.05695506650419759,
  "P_POIMV_MV0201": -0.09782046836690483,
  "Q_POIMV_MV0201": 0.004379268810616566,
  "I_POIMV_MV0201": 0.05653329106221725,
  "P_POI_POI_MV": -0.1963679923043572,
  "Q_POI_POI_MV": 0.008773531764745712,
  "U_POI": 0.9999991175769372,
  "I_POI_POI_MV": 0.11348631554856033
}