{
  "P_LV0101": 0.009112334709342024,
  "Q_LV0101": -3.5415657257729535e-17,
  "U_LV0101": 1.0025383193872748,
  "I_LV0101_MV0101": 0.0052476885877040386,
  "P_LV0102": 0.010915256122764472,
  "Q_LV0102": 1.81187986173802e-17,
  "U_LV0102": 1.0031250681665045,
  "I_LV0102_MV0102": 0.006282293465430323,
  "P_LV0103": 0.0069465167314097945,
  "Q_LV0103": 1.3444310717650528e-17,
  "U_LV0103": 1.0021439478265586,
  "I_LV0103_MV0103": 0.004001993240100668,
  "P_LV0201": 0.010365165226975533,
  "Q_LV0201": -7.142023429276754e-17,
  "U_LV0201": 1.0030724501745643,
  "I_LV0201_MV0201": 0.005966000694115188,
  "P_LV0202": 0.010360241525779211,
  "Q_LV0202": -2.6599959383847748e-17,
  "U_LV0202": 1.003202580089596,
  "I_LV0202_MV0202": 0.005962393192054949,
  "P_LV0203": 0.008708756470071804,
  "Q_LV0203": -4.345132177613754e-17,
  "U_LV0203": 1.0028364762347124,
  "I_LV0203_MV0203": 0.005013781420457681,
  "P_POIMV_MV0101": -0.026899853834663645,
  "Q_POIMV_MV0101": 0.0002219783079908666,
  "U_POIMV": 0.9999999577376067,
  "I_POIMV_MV0101": 0.015531167286695614,
  "P_POIMV_MV0201": -0.029341879833040707,
  "Q_POIMV_MV0201": 0.00025358475050296647,
  "I_POIMV_MV0201": 0.01694117558041155,
  "P_POI_POI_MV": -0.05624073366769705,
  "Q_POI_POI_MV": 0.00041897292248904705,
  "U_POI": 0.9999999578539881,
  "I_POI_POI_MV": 0.03247150508996461
}