{
  "P_LV0101": 0.000066,
  "Q_LV0101": 0.000223,
  "U_LV0101": 0.002506,
  "I_LV0101_MV0101": 0.000036,
  "P_LV0102": 0.000076,
  "Q_LV0102": 0.000255,
  "U_LV0102": 0.002508,
  "I_LV0102_MV0102": 0.000041,
  "P_LV0103": 0.000053,
  "Q_LV0103": 0.000179,
  "U_LV0103": 0.002505,
  "I_LV0103_MV0103": 0.000029,
  "P_LV0201": 0.000073,
  "Q_LV0201": 0.000245,
  "U_LV0201": 0.002508,
  "I_LV0201_MV0201": 0.000039,
  "P_LV0202": 0.000073,
  "Q_LV0202": 0.000245,
  "U_LV0202": 0.002508,
  "I_LV0202_MV0202": 0.000039,
  "P_LV0203": 0.000064,
  "Q_LV0203": 0.000215,
  "U_LV0203": 0.002507,
  "I_LV0203_MV0203": 0.000034,
  "P_POIMV_MV0101": 0.000195,
  "Q_POIMV_MV0101": 0.000659,
  "U_POIMV": 0.002500,
  "I_POIMV_MV0101": 0.000106,
  "P_POIMV_MV0201": 0.000209,
  "Q_POIMV_MV0201": 0.000704,
  "I_POIMV_MV0201": 0.000113,
  "P_POI_POI_MV": 0.000405,
  "Q_POI_POI_MV": 0.001364,
  "U_POI": 0.002500,
  "I_POI_POI_MV": 0.000219
}
