{
  "irrad_LV0101": 1215.9042030767343,
  "irrad_LV0102": 1139.7161105579119,
  "irrad_LV0103": 1187.5142319289141,
  "irrad_LV0201": 1123.6370160192198,
  "irrad_LV0202": 1271.2162577388801,
  "irrad_LV0203": 1149.3108722049208
}