{
  "irrad_LV0101": 1135.5353334329784,
  "irrad_LV0102": 1113.7387105291398,
  "irrad_LV0103": 1192.943743034688,
  "irrad_LV0201": 1107.8764972626989,
  "irrad_LV0202": 1191.7182733264224,
  "irrad_LV0203": 1175.4784101940538
}