{
  "irrad_LV0101": 1192.1597177417677,
  "irrad_LV0102": 1192.338689747914,
  "irrad_LV0103": 1148.550115628669,
  "irrad_LV0201": 1216.34008887644,
  "irrad_LV0202": 1214.7712845041453,
  "irrad_LV0203": 1238.4809872729008
}