{
  "P_LV0101": 0.3410871980842185,
  "Q_LV0101": -2.6618930589463016e-16,
  "U_LV0101": 1.0069664795358302,
  "I_LV0101_MV0101": 0.33872746016475697,
  "P_LV0102": 0.33482669099110673,
  "Q_LV0102": 2.436372624229714e-16,
  "U_LV0102": 1.0072860750935853,
  "I_LV0102_MV0102": 0.33240476491248877,
  "P_LV0103": 0.3425752293086585,
  "Q_LV0103": 4.777699964765044e-16,
  "U_LV0103": 1.007676502741288,
  "I_LV0103_MV0103": 0.33996548334382637,
  "P_LV0201": 0.34100104205317233,
  "Q_LV0201": -1.1850209868465902e-16,
  "U_LV0201": 1.0076884868932312,
  "I_LV0201_MV0201": 0.33839926374915785,
  "P_LV0202": 0.36310607283426116,
  "Q_LV0202": -3.467550493712608e-17,
  "U_LV0202": 1.00862798009517,
  "I_LV0202_MV0202": 0.35999999999999993,
  "P_LV0203": 0.3631934038153658,
  "Q_LV0203": 6.191282098383596e-16,
  "U_LV0203": 1.0088705661537942,
  "I_LV0203_MV0203": 0.3599999999999999,
  "P_POIMV_MV0101": -1.0082702784764024,
  "Q_POIMV_MV0101": 0.046572467433861675,
  "U_POIMV": 0.9983250446133318,
  "I_POIMV_MV0101": 1.0110387520112905,
  "P_POIMV_MV0201": -1.0552966065777127,
  "Q_POIMV_MV0201": 0.0514481942723819,
  "I_POIMV_MV0201": 1.0583226157411116,
  "P_POI_POIMV": -2.063556885054012,
  "Q_POI_POIMV": 0.15321312763398964,
  "U_POI": 0.9999584111873612,
  "I_POI_POIMV": 2.0693229442558416
}