{
  "P_LV0101": 0.34059473580105565,
  "Q_LV0101": 1.0092625303945745e-15,
  "U_LV0101": 1.0069787824566747,
  "I_LV0101_MV0101": 0.1952796482161922,
  "P_LV0102": 0.33405701319506287,
  "Q_LV0102": -9.241790189542427e-16,
  "U_LV0102": 1.0073016558246704,
  "I_LV0102_MV0102": 0.19146985947814452,
  "P_LV0103": 0.35781392883306795,
  "Q_LV0103": 5.578870698708903e-16,
  "U_LV0103": 1.0080341387089182,
  "I_LV0103_MV0103": 0.20493747205442905,
  "P_LV0201": 0.3322986892399144,
  "Q_LV0201": 1.1355380803078944e-15,
  "U_LV0201": 1.0075000557331721,
  "I_LV0201_MV0201": 0.19042454299857126,
  "P_LV0202": 0.35744635900126276,
  "Q_LV0202": -3.950138626503543e-17,
  "U_LV0202": 1.0084958070524939,
  "I_LV0202_MV0202": 0.2046332271756175,
  "P_LV0203": 0.35257534201908547,
  "Q_LV0203": 6.559860945370252e-16,
  "U_LV0203": 1.008629304448128,
  "I_LV0203_MV0203": 0.20181792034658466,
  "P_POIMV_MV0101": -1.0219503266564516,
  "Q_POIMV_MV0101": 0.04792315277927628,
  "U_POIMV": 0.9983433420567613,
  "I_POIMV_MV0101": 0.5916518441808729,
  "P_POIMV_MV0201": -1.0308666862744076,
  "Q_POIMV_MV0201": 0.049020652676802,
  "I_POIMV_MV0201": 0.596832448550964,
  "P_POI_POIMV": -2.0528070129305087,
  "Q_POI_POIMV": 0.15155338926342665,
  "U_POI": 0.9999588616635912,
  "I_POI_POIMV": 1.1884631096056126
}