{
  "P_LV0101": 0.03522419220117627,
  "Q_LV0101": 1.6353954163330768e-17,
  "U_LV0101": 1.0088757624394769,
  "I_LV0101_MV0101": 0.020157781172343556,
  "P_LV0102": 0.03622415894983029,
  "Q_LV0102": -4.413052836996576e-17,
  "U_LV0102": 1.0095523628510814,
  "I_LV0102_MV0102": 0.02071613983626259,
  "P_LV0103": 0.03471888899672295,
  "Q_LV0103": -1.280787325714742e-16,
  "U_LV0103": 1.0094719982756846,
  "I_LV0103_MV0103": 0.01985687561662161,
  "P_LV0201": 0.034478360909424646,
  "Q_LV0201": -2.870914913745025e-17,
  "U_LV0201": 1.0093789959808537,
  "I_LV0201_MV0201": 0.01972112658529203,
  "P_LV0202": 0.03429356475890995,
  "Q_LV0202": 8.022178941597048e-18,
  "U_LV0202": 1.0097851110698766,
  "I_LV0202_MV0202": 0.019607536918474545,
  "P_LV0203": 0.032603360897482656,
  "Q_LV0203": 1.0274654839795366e-17,
  "U_LV0203": 1.0096464375218428,
  "I_LV0203_MV0203": 0.01864371377058506,
  "P_POIMV_MV0101": -0.10506118017269728,
  "Q_POIMV_MV0101": 0.005051610674740914,
  "U_POIMV": 0.9999990311098763,
  "I_POIMV_MV0101": 0.06072723658046915,
  "P_POIMV_MV0201": -0.10029786212118097,
  "Q_POIMV_MV0201": 0.00461167184990785,
  "I_POIMV_MV0201": 0.05796823324886224,
  "P_POI_POI_MV": -0.20535804229385138,
  "Q_POI_POI_MV": 0.009606703650206327,
  "U_POI": 0.9999990337784062,
  "I_POI_POI_MV": 0.11869329658563636
}