{
  "P_LV0101": 0.3575787667208543,
  "Q_LV0101": -6.823483554619794e-16,
  "U_LV0101": 1.0072188808282387,
  "I_LV0101_MV0101": 0.35501594889366683,
  "P_LV0102": 0.35763244794182053,
  "Q_LV0102": -4.74839232228949e-16,
  "U_LV0102": 1.007686693819522,
  "I_LV0102_MV0102": 0.35490440643436044,
  "P_LV0103": 0.344498415565954,
  "Q_LV0103": 4.936171290212955e-16,
  "U_LV0103": 1.0076435203287422,
  "I_LV0103_MV0103": 0.34188520902070796,
  "P_LV0201": 0.36290151014091976,
  "Q_LV0201": -4.0449899904130074e-16,
  "U_LV0201": 1.008059750391444,
  "I_LV0201_MV0201": 0.35999999999999993,
  "P_LV0202": 0.3630761951727669,
  "Q_LV0202": -2.151971810264401e-16,
  "U_LV0202": 1.0085449865910194,
  "I_LV0202_MV0202": 0.35999999999999993,
  "P_LV0203": 0.36316352589490514,
  "Q_LV0203": 9.932666369633256e-16,
  "U_LV0203": 1.008787571930292,
  "I_LV0203_MV0203": 0.36000000000000004,
  "P_POIMV_MV0101": -1.0486574923309036,
  "Q_POIMV_MV0101": 0.05050793864870684,
  "U_POIMV": 0.9982211499640326,
  "I_POIMV_MV0101": 1.0517440244157377,
  "P_POIMV_MV0201": -1.0766699659864116,
  "Q_POIMV_MV0201": 0.05357642087926706,
  "I_POIMV_MV0201": 1.079923177471568,
  "P_POI_POIMV": -2.1253174583167262,
  "Q_POI_POIMV": 0.16268507548147682,
  "U_POI": 0.9999558401345062,
  "I_POI_POIMV": 2.1316289626610674
}