{
  "irrad_LV0101": 157.5403401879612,
  "irrad_LV0102": -30.812459935956113,
  "irrad_LV0103": 140.2041186470715,
  "irrad_LV0201": 140.79349007542632,
  "irrad_LV0202": -38.83074472012669,
  "irrad_LV0203": 98.18838048307586
}