{
  "irrad_LV0101": 9.321498793007287,
  "irrad_LV0102": 56.239828332415236,
  "irrad_LV0103": 87.99890968952775,
  "irrad_LV0201": 82.21302879309616,
  "irrad_LV0202": 24.269472636829292,
  "irrad_LV0203": 36.66720062988717
}