{
  "P_LV0101": 0.000127,
  "Q_LV0101": 0.000076,
  "U_LV0101": 0.002503,
  "I_LV0101_MV0101": 0.000039,
  "P_LV0102": 0.000106,
  "Q_LV0102": 0.000239,
  "U_LV0102": 0.002504,
  "I_LV0102_MV0102": 0.000065,
  "P_LV0103": 0.000132,
  "Q_LV0103": 0.000351,
  "U_LV0103": 0.002505,
  "I_LV0103_MV0103": 0.000092,
  "P_LV0201": 0.000127,
  "Q_LV0201": 0.000332,
  "U_LV0201": 0.002505,
  "I_LV0201_MV0201": 0.000087,
  "P_LV0202": 0.000118,
  "Q_LV0202": 0.000153,
  "U_LV0202": 0.002504,
  "I_LV0202_MV0202": 0.000051,
  "P_LV0203": 0.000108,
  "Q_LV0203": 0.000191,
  "U_LV0203": 0.002504,
  "I_LV0203_MV0203": 0.000056,
  "P_POIMV_MV0101": 0.000319,
  "Q_POIMV_MV0101": 0.000658,
  "U_POIMV": 0.002501,
  "I_POIMV_MV0101": 0.000182,
  "P_POIMV_MV0201": 0.000315,
  "Q_POIMV_MV0201": 0.000618,
  "I_POIMV_MV0201": 0.000173,
  "P_POI_POIMV": 0.000638,
  "Q_POI_POIMV": 0.001276,
  "U_POI": 0.002500,
  "I_POI_POIMV": 0.000356
}
