{
  "P_LV0101": 0.000291,
  "Q_LV0101": 0.000494,
  "U_LV0101": 0.002583,
  "I_LV0101_MV0101": 0.000079,
  "P_LV0102": 0.000289,
  "Q_LV0102": 0.000470,
  "U_LV0102": 0.002584,
  "I_LV0102_MV0102": 0.000076,
  "P_LV0103": 0.000286,
  "Q_LV0103": 0.000447,
  "U_LV0103": 0.002584,
  "I_LV0103_MV0103": 0.000073,
  "P_LV0201": 0.000289,
  "Q_LV0201": 0.000472,
  "U_LV0201": 0.002585,
  "I_LV0201_MV0201": 0.000076,
  "P_LV0202": 0.000290,
  "Q_LV0202": 0.000485,
  "U_LV0202": 0.002587,
  "I_LV0202_MV0202": 0.000078,
  "P_LV0203": 0.000294,
  "Q_LV0203": 0.000513,
  "U_LV0203": 0.002589,
  "I_LV0203_MV0203": 0.000081,
  "P_POIMV_MV0101": 0.000797,
  "Q_POIMV_MV0101": 0.001390,
  "U_POIMV": 0.002500,
  "I_POIMV_MV0101": 0.000229,
  "P_POIMV_MV0201": 0.000799,
  "Q_POIMV_MV0201": 0.001447,
  "I_POIMV_MV0201": 0.000236,
  "P_POI_POI_MV": 0.001597,
  "Q_POI_POI_MV": 0.002838,
  "U_POI": 0.002500,
  "I_POI_POI_MV": 0.000465
}
