{
  "P_LV0101": 0.000098,
  "Q_LV0101": 0.000122,
  "U_LV0101": 0.002502,
  "I_LV0101_MV0101": 0.000042,
  "P_LV0102": 0.000089,
  "Q_LV0102": 0.000206,
  "U_LV0102": 0.002501,
  "I_LV0102_MV0102": 0.000057,
  "P_LV0103": 0.000095,
  "Q_LV0103": 0.000166,
  "U_LV0103": 0.002502,
  "I_LV0103_MV0103": 0.000050,
  "P_LV0201": 0.000116,
  "Q_LV0201": 0.000325,
  "U_LV0201": 0.002504,
  "I_LV0201_MV0201": 0.000085,
  "P_LV0202": 0.000088,
  "Q_LV0202": 0.000207,
  "U_LV0202": 0.002501,
  "I_LV0202_MV0202": 0.000057,
  "P_LV0203": 0.000095,
  "Q_LV0203": 0.000168,
  "U_LV0203": 0.002502,
  "I_LV0203_MV0203": 0.000051,
  "P_POIMV_MV0101": 0.000301,
  "Q_POIMV_MV0101": 0.000521,
  "U_POIMV": 0.002501,
  "I_POIMV_MV0101": 0.000158,
  "P_POIMV_MV0201": 0.000336,
  "Q_POIMV_MV0201": 0.000117,
  "I_POIMV_MV0201": 0.000095,
  "P_POI_POIMV": 0.000659,
  "Q_POI_POIMV": 0.000592,
  "U_POI": 0.002500,
  "I_POI_POIMV": 0.000236
}
