{
  "irrad_LV0101": -56.55682830205615,
  "irrad_LV0102": -89.00761255667447,
  "irrad_LV0103": -9.439194129485633,
  "irrad_LV0201": -42.45162471452098,
  "irrad_LV0202": -22.51079056843011,
  "irrad_LV0203": 49.066174011060156
}