{
  "irrad_LV0101": 55.58177760093611,
  "irrad_LV0102": 13.782935733174206,
  "irrad_LV0103": 21.998222348117984,
  "irrad_LV0201": 33.128111740688354,
  "irrad_LV0202": 95.60554685113674,
  "irrad_LV0203": -34.68806166541113
}