{
  "P_LV0101": 0.01667130938155101,
  "Q_LV0101": 6.399576879547424e-16,
  "U_LV0101": 1.0005123402759473,
  "I_LV0101_MV0101": 0.016662772372155812,
  "P_LV0102": 0.004134081271087518,
  "Q_LV0102": -2.3354934522781587e-16,
  "U_LV0102": 1.0001746910896634,
  "I_LV0102_MV0102": 0.004133359210063142,
  "P_LV0103": 0.006598190745944181,
  "Q_LV0103": 1.1204530535547537e-16,
  "U_LV0103": 1.000247587856233,
  "I_LV0103_MV0103": 0.006596557518409681,
  "P_LV0201": 0.009936511998966833,
  "Q_LV0201": -1.1027031040318803e-15,
  "U_LV0201": 1.0003477584396943,
  "I_LV0201_MV0201": 0.009933057694321663,
  "P_LV0202": 0.028676118665928133,
  "Q_LV0202": 1.0751729174660694e-16,
  "U_LV0202": 1.0008737970432553,
  "I_LV0202_MV0202": 0.028651083433937498,
  "P_LV0203": -0.010404406494920172,
  "Q_LV0203": 5.230353581910323e-17,
  "U_LV0203": 0.9997886050798972,
  "I_LV0203_MV0203": 0.010406606398648356,
  "P_POIMV_MV0101": -0.027393812417358276,
  "Q_POIMV_MV0101": -0.0012262045850093273,
  "U_POIMV": 1.0000423255031317,
  "I_POIMV_MV0101": 0.02742008186191172,
  "P_POIMV_MV0201": -0.02817853253168323,
  "Q_POIMV_MV0201": -0.0014129559279467685,
  "I_POIMV_MV0201": 0.028212741092590712,
  "P_POI_POIMV": -0.0555623449481491,
  "Q_POI_POIMV": -0.0031647858922951855,
  "U_POI": 1.0000008556972444,
  "I_POI_POIMV": 0.055652356152942964
}