{
  "P_LV0101": 0.000074,
  "Q_LV0101": 0.000236,
  "U_LV0101": 0.002501,
  "I_LV0101_MV0101": 0.000062,
  "P_LV0102": 0.000031,
  "Q_LV0102": 0.000106,
  "U_LV0102": 0.002500,
  "I_LV0102_MV0102": 0.000030,
  "P_LV0103": 0.000045,
  "Q_LV0103": 0.000152,
  "U_LV0103": 0.002501,
  "I_LV0103_MV0103": 0.000042,
  "P_LV0201": 0.000059,
  "Q_LV0201": 0.000194,
  "U_LV0201": 0.002501,
  "I_LV0201_MV0201": 0.000053,
  "P_LV0202": 0.000120,
  "Q_LV0202": 0.000376,
  "U_LV0202": 0.002502,
  "I_LV0202_MV0202": 0.000097,
  "P_LV0203": 0.000060,
  "Q_LV0203": 0.000198,
  "U_LV0203": 0.002499,
  "I_LV0203_MV0203": 0.000054,
  "P_POIMV_MV0101": 0.000169,
  "Q_POIMV_MV0101": 0.000557,
  "U_POIMV": 0.002500,
  "I_POIMV_MV0101": 0.000153,
  "P_POIMV_MV0201": 0.000173,
  "Q_POIMV_MV0201": 0.000565,
  "I_POIMV_MV0201": 0.000155,
  "P_POI_POIMV": 0.000344,
  "Q_POI_POIMV": 0.001122,
  "U_POI": 0.002500,
  "I_POI_POIMV": 0.000308
}
