{
  "P_LV0101": 0.001074,
  "Q_LV0101": 0.003185,
  "U_LV0101": 0.002516,
  "I_LV0101_MV0101": 0.000754,
  "P_LV0102": 0.001098,
  "Q_LV0102": 0.003256,
  "U_LV0102": 0.002517,
  "I_LV0102_MV0102": 0.000771,
  "P_LV0103": 0.001187,
  "Q_LV0103": 0.003522,
  "U_LV0103": 0.002519,
  "I_LV0103_MV0103": 0.000833,
  "P_LV0201": 0.001159,
  "Q_LV0201": 0.003438,
  "U_LV0201": 0.002519,
  "I_LV0201_MV0201": 0.000813,
  "P_LV0202": 0.001150,
  "Q_LV0202": 0.003411,
  "U_LV0202": 0.002520,
  "I_LV0202_MV0202": 0.000807,
  "P_LV0203": 0.001100,
  "Q_LV0203": 0.003263,
  "U_LV0203": 0.002520,
  "I_LV0203_MV0203": 0.000772,
  "P_POIMV_MV0101": 0.003354,
  "Q_POIMV_MV0101": 0.009870,
  "U_POIMV": 0.002496,
  "I_POIMV_MV0101": 0.002358,
  "P_POIMV_MV0201": 0.003403,
  "Q_POIMV_MV0201": 0.010011,
  "I_POIMV_MV0201": 0.002392,
  "P_POI_POIMV": 0.006836,
  "Q_POI_POIMV": 0.019884,
  "U_POI": 0.002500,
  "I_POI_POIMV": 0.004750
}
