{
  "P_LV0101": 0.027728186459414553,
  "Q_LV0101": -2.4671226595936532e-17,
  "U_LV0101": 1.0071867034953985,
  "I_LV0101_MV0101": 0.01589464580988312,
  "P_LV0102": 0.025437805779517163,
  "Q_LV0102": -1.044586079485873e-17,
  "U_LV0102": 1.0070270697974038,
  "I_LV0102_MV0102": 0.014584040940778609,
  "P_LV0103": 0.02714340034659292,
  "Q_LV0103": -7.442978690146762e-17,
  "U_LV0103": 1.007592001536523,
  "I_LV0103_MV0103": 0.01555316980774897,
  "P_LV0201": 0.02702906234831581,
  "Q_LV0201": -8.626890416687363e-17,
  "U_LV0201": 1.007530981650434,
  "I_LV0201_MV0201": 0.015488592119698802,
  "P_LV0202": 0.024868118444738303,
  "Q_LV0202": -8.358760836966285e-17,
  "U_LV0202": 1.0073760487633532,
  "I_LV0202_MV0202": 0.014252487833053459,
  "P_LV0203": 0.024392841143460145,
  "Q_LV0203": -1.6607341793187585e-17,
  "U_LV0203": 1.007432009955482,
  "I_LV0203_MV0203": 0.013979318962774295,
  "P_POIMV_MV0101": -0.07967382211049312,
  "Q_POIMV_MV0101": 0.0028506282649800596,
  "U_POIMV": 0.9999994601197891,
  "I_POIMV_MV0101": 0.04602916059126695,
  "P_POIMV_MV0201": -0.07567726695886279,
  "Q_POIMV_MV0201": 0.002558926656242022,
  "I_POIMV_MV0201": 0.043717285028963736,
  "P_POI_POI_MV": -0.15535008906945033,
  "Q_POI_POI_MV": 0.00535297067835927,
  "U_POI": 0.9999994616067255,
  "I_POI_POI_MV": 0.08974469434017625
}