{
  "irrad_LV0101": 781.709066017583,
  "irrad_LV0102": 886.8161878146498,
  "irrad_LV0103": 869.8276385701253,
  "irrad_LV0201": 699.4798668975261,
  "irrad_LV0202": 728.0205668580905,
  "irrad_LV0203": 829.4059337734802
}