{
    "090neg": {
        "08": {
            "P": {
                "Precision": 0.0,
                "Accuracy": 0.9714285714285713,
                "Recall": 0.0,
                "norm2": 0.0003297636155894111,
                "norminf": 0.0002523686869022157
            },
            "Q": {
                "Precision": 0.0,
                "Accuracy": 0.9714285714285713,
                "Recall": 0.0,
                "norm2": 6.709968397378751e-05,
                "norminf": 3.522011156630312e-05
            },
            "U": {
                "Precision": 0.0,
                "Accuracy": 0.9714285714285713,
                "Recall": 0.0,
                "norm2": 1.4949547582127735e-05,
                "norminf": 1.0721385427991948e-05
            },
            "I": {
                "Precision": 0.0,
                "Accuracy": 0.9714285714285713,
                "Recall": 0.0,
                "norm2": 2.6812163104265954e-05,
                "norminf": 1.9228911993574016e-05
            }
        },
        "10": {
            "P": {
                "Precision": 0.0,
                "Accuracy": 0.9714285714285713,
                "Recall": 0.0,
                "norm2": 0.000685403535448419,
                "norminf": 0.0005750645946224319
            },
            "Q": {
                "Precision": 0.0,
                "Accuracy": 0.9714285714285713,
                "Recall": 0.0,
                "norm2": 0.00022066674695806789,
                "norminf": 0.00012090372421775797
            },
            "U": {
                "Precision": 0.0,
                "Accuracy": 0.9714285714285713,
                "Recall": 0.0,
                "norm2": 4.566593654021329e-05,
                "norminf": 3.657852787727345e-05
            },
            "I": {
                "Precision": 0.0,
                "Accuracy": 0.9714285714285713,
                "Recall": 0.0,
                "norm2": 4.928201615894532e-05,
                "norminf": 3.947104212231878e-05
            }
        },
        "13": {
            "P": {
                "Precision": 0.3,
                "Accuracy": 0.9800000000000001,
                "Recall": 0.3,
                "norm2": 0.0011841559521795252,
                "norminf": 0.0011156105539333883
            },
            "Q": {
                "Precision": 0.0,
                "Accuracy": 0.9714285714285713,
                "Recall": 0.0,
                "norm2": 0.0005022777996169976,
                "norminf": 0.00032417388476301267
            },
            "U": {
                "Precision": 0.0,
                "Accuracy": 0.9714285714285713,
                "Recall": 0.0,
                "norm2": 5.4901711442810366e-05,
                "norminf": 5.02153296375929e-05
            },
            "I": {
                "Precision": 0.0,
                "Accuracy": 0.9714285714285713,
                "Recall": 0.0,
                "norm2": 0.00010665762210224373,
                "norminf": 9.755321482030066e-05
            }
        }
    },
    "090pos": {
        "08": {
            "P": {
                "Precision": 0.0,
                "Accuracy": 0.9714285714285713,
                "Recall": 0.0,
                "norm2": 0.00011943581294729172,
                "norminf": 3.537508187350103e-05
            },
            "Q": {
                "Precision": 0.0,
                "Accuracy": 0.9714285714285713,
                "Recall": 0.0,
                "norm2": 0.00012409598602612553,
                "norminf": 0.00010563984066871423
            },
            "U": {
                "Precision": 0.0,
                "Accuracy": 0.9714285714285713,
                "Recall": 0.0,
                "norm2": 1.6924353906794935e-05,
                "norminf": 6.674484927793323e-06
            },
            "I": {
                "Precision": 0.0,
                "Accuracy": 0.9714285714285713,
                "Recall": 0.0,
                "norm2": 2.1284377720118175e-05,
                "norminf": 8.394269375378016e-06
            }
        },
        "10": {
            "P": {
                "Precision": 0.0,
                "Accuracy": 0.9714285714285713,
                "Recall": 0.0,
                "norm2": 0.0008858992655162044,
                "norminf": 0.00026519002179792306
            },
            "Q": {
                "Precision": 0.0,
                "Accuracy": 0.9714285714285713,
                "Recall": 0.0,
                "norm2": 0.0002020934802623423,
                "norminf": 0.00019229268267155762
            },
            "U": {
                "Precision": 0.0,
                "Accuracy": 0.9714285714285713,
                "Recall": 0.0,
                "norm2": 6.503686940685249e-05,
                "norminf": 1.999888183570331e-05
            },
            "I": {
                "Precision": 0.0,
                "Accuracy": 0.9714285714285713,
                "Recall": 0.0,
                "norm2": 9.019116904961752e-05,
                "norminf": 2.77368137477918e-05
            }
        },
        "13": {
            "P": {
                "Precision": 0.5,
                "Accuracy": 0.9857142857142858,
                "Recall": 0.5,
                "norm2": 0.0009819479712708126,
                "norminf": 0.0003620206716584251
            },
            "Q": {
                "Precision": 0.0,
                "Accuracy": 0.9714285714285713,
                "Recall": 0.0,
                "norm2": 0.0003022914465643086,
                "norminf": 0.00029739338577980943
            },
            "U": {
                "Precision": 0.0,
                "Accuracy": 0.9714285714285713,
                "Recall": 0.0,
                "norm2": 9.136575865820729e-05,
                "norminf": 4.186807168762297e-05
            },
            "I": {
                "Precision": 0.0,
                "Accuracy": 0.9714285714285713,
                "Recall": 0.0,
                "norm2": 8.070481594596946e-05,
                "norminf": 3.697897112830972e-05
            }
        }
    }
}