{
    "090neg": {
        "08": {
            "P": {
                "Precision": 1.0,
                "Accuracy": 1.0,
                "Recall": 1.0,
                "norm2": 0.0006903990986946299,
                "norminf": 0.0005160581390042274
            },
            "Q": {
                "Precision": 0.0,
                "Accuracy": 0.9714285714285713,
                "Recall": 0.0,
                "norm2": 0.0005390694612126861,
                "norminf": 0.0002712731895180287
            },
            "U": {
                "Precision": 0.0,
                "Accuracy": 0.9714285714285713,
                "Recall": 0.0,
                "norm2": 0.00010320224170334438,
                "norminf": 7.504691724484758e-05
            },
            "I": {
                "Precision": 0.0,
                "Accuracy": 0.9714285714285713,
                "Recall": 0.0,
                "norm2": 0.00010229935301597773,
                "norminf": 7.439591273661339e-05
            }
        },
        "10": {
            "P": {
                "Precision": 1.0,
                "Accuracy": 1.0,
                "Recall": 1.0,
                "norm2": 0.0012104095740137204,
                "norminf": 0.0010134807925139878
            },
            "Q": {
                "Precision": 0.0,
                "Accuracy": 0.9714285714285713,
                "Recall": 0.0,
                "norm2": 0.0018416443440177777,
                "norminf": 0.000974275643450706
            },
            "U": {
                "Precision": 0.0,
                "Accuracy": 0.9714285714285713,
                "Recall": 0.0,
                "norm2": 0.00032711061195227946,
                "norminf": 0.0002626043484829643
            },
            "I": {
                "Precision": 0.0,
                "Accuracy": 0.9714285714285713,
                "Recall": 0.0,
                "norm2": 0.00034221448622394747,
                "norminf": 0.00027475951430233625
            }
        },
        "13": {
            "P": {
                "Precision": 1.0,
                "Accuracy": 1.0,
                "Recall": 1.0,
                "norm2": 0.0015748783380893304,
                "norminf": 0.0014811725652736029
            },
            "Q": {
                "Precision": 1.0,
                "Accuracy": 1.0,
                "Recall": 1.0,
                "norm2": 0.002253641568693175,
                "norminf": 0.0014322675589128696
            },
            "U": {
                "Precision": 0.0,
                "Accuracy": 0.9714285714285713,
                "Recall": 0.0,
                "norm2": 0.00040762628714597384,
                "norminf": 0.0003731190289877451
            },
            "I": {
                "Precision": 0.0,
                "Accuracy": 0.9714285714285713,
                "Recall": 0.0,
                "norm2": 0.00047218812043706723,
                "norminf": 0.00043230115530534796
            }
        }
    },
    "090pos": {
        "08": {
            "P": {
                "Precision": 0.0,
                "Accuracy": 0.9714285714285713,
                "Recall": 0.0,
                "norm2": 0.000978650868997797,
                "norminf": 0.0002898677935524008
            },
            "Q": {
                "Precision": 0.0,
                "Accuracy": 0.9714285714285713,
                "Recall": 0.0,
                "norm2": 0.0006748311461987988,
                "norminf": 0.0005544629998786021
            },
            "U": {
                "Precision": 0.0,
                "Accuracy": 0.9714285714285713,
                "Recall": 0.0,
                "norm2": 0.00010073105785217121,
                "norminf": 3.957160856584707e-05
            },
            "I": {
                "Precision": 0.0,
                "Accuracy": 0.9714285714285713,
                "Recall": 0.0,
                "norm2": 0.00010701050225679526,
                "norminf": 4.202721048884861e-05
            }
        },
        "10": {
            "P": {
                "Precision": 1.0,
                "Accuracy": 1.0,
                "Recall": 1.0,
                "norm2": 0.001185331936262838,
                "norminf": 0.00035484133756578105
            },
            "Q": {
                "Precision": 0.0,
                "Accuracy": 0.9714285714285713,
                "Recall": 0.0,
                "norm2": 0.0014899997841812626,
                "norminf": 0.001402199975527263
            },
            "U": {
                "Precision": 0.0,
                "Accuracy": 0.9714285714285713,
                "Recall": 0.0,
                "norm2": 0.00040875630384045803,
                "norminf": 0.00012619684067773917
            },
            "I": {
                "Precision": 0.0,
                "Accuracy": 0.9714285714285713,
                "Recall": 0.0,
                "norm2": 0.00045659312050722246,
                "norminf": 0.00014104041254459077
            }
        },
        "13": {
            "P": {
                "Precision": 1.0,
                "Accuracy": 1.0,
                "Recall": 1.0,
                "norm2": 0.001352518109241235,
                "norminf": 0.0004967792016534744
            },
            "Q": {
                "Precision": 0.7,
                "Accuracy": 0.9914285714285714,
                "Recall": 0.7,
                "norm2": 0.0021455646507865743,
                "norminf": 0.002103102988056005
            },
            "U": {
                "Precision": 0.0,
                "Accuracy": 0.9714285714285713,
                "Recall": 0.0,
                "norm2": 0.0005144587517426621,
                "norminf": 0.0002361600413502085
            },
            "I": {
                "Precision": 0.0,
                "Accuracy": 0.9714285714285713,
                "Recall": 0.0,
                "norm2": 0.0005719201920429284,
                "norminf": 0.0002625986796709334
            }
        }
    }
}