{
    "090neg": {
        "08": {
            "P": {
                "Precision": 0.0,
                "Accuracy": 0.9714285714285713,
                "Recall": 0.0,
                "F1": 0.0,
                "norm2": 5.597111700239806e-05,
                "norminf": 0.000619252560744421,
                "z": 0.00193964053304186
            },
            "Q": {
                "Precision": 0.0,
                "Accuracy": 0.9714285714285713,
                "Recall": 0.0,
                "F1": 0.0,
                "norm2": 1.6404125187038806e-05,
                "norminf": 0.0001260836081769856,
                "z": 0.0012094649026488686
            },
            "U": {
                "Precision": 0.0,
                "Accuracy": 0.9714285714285713,
                "Recall": 0.0,
                "F1": 0.0,
                "norm2": 3.288782051413636e-06,
                "norminf": 3.537929803736351e-05,
                "z": 2.6934963872542792e-05
            },
            "I": {
                "Precision": 0.0,
                "Accuracy": 0.9714285714285713,
                "Recall": 0.0,
                "F1": 0.0,
                "norm2": 3.2878659322978024e-06,
                "norminf": 3.536944282356291e-05,
                "z": 2.6926449718258326e-05
            }
        },
        "10": {
            "P": {
                "Precision": 0.0,
                "Accuracy": 0.9714285714285713,
                "Recall": 0.0,
                "F1": 0.0,
                "norm2": 0.00016751414300206454,
                "norminf": 0.0020505342754122526,
                "z": 0.007132600494374047
            },
            "Q": {
                "Precision": 0.0,
                "Accuracy": 0.9714285714285713,
                "Recall": 0.0,
                "F1": 0.0,
                "norm2": 5.5574180569040115e-05,
                "norminf": 0.00045100849261410226,
                "z": 0.004081854638247376
            },
            "U": {
                "Precision": 0.0,
                "Accuracy": 0.9714285714285713,
                "Recall": 0.0,
                "F1": 0.0,
                "norm2": 9.769564872247026e-06,
                "norminf": 0.00011747417075621546,
                "z": 0.00033807595612585434
            },
            "I": {
                "Precision": 0.0,
                "Accuracy": 0.9714285714285713,
                "Recall": 0.0,
                "F1": 0.0,
                "norm2": 1.1758564490386492e-05,
                "norminf": 0.00014141834194636438,
                "z": 0.00040658545997387247
            }
        },
        "13": {
            "P": {
                "Precision": 1.0,
                "Accuracy": 1.0,
                "Recall": 1.0,
                "F1": 1.0,
                "norm2": 0.00010623960617787973,
                "norminf": 0.0014983688261239747,
                "z": 0.005967481493490134
            },
            "Q": {
                "Precision": 0.0,
                "Accuracy": 0.9714285714285713,
                "Recall": 0.0,
                "F1": 0.0,
                "norm2": 8.101165279942452e-05,
                "norminf": 0.000779680879403688,
                "z": 0.006472791498858632
            },
            "U": {
                "Precision": 0.0,
                "Accuracy": 0.9714285714285713,
                "Recall": 0.0,
                "F1": 0.0,
                "norm2": 1.1565665706756056e-05,
                "norminf": 0.00015869276255682242,
                "z": 0.0008891361422690008
            },
            "I": {
                "Precision": 0.0,
                "Accuracy": 0.9714285714285713,
                "Recall": 0.0,
                "F1": 0.0,
                "norm2": 1.3249550488689502e-05,
                "norminf": 0.000181802642015505,
                "z": 0.001017920289376778
            }
        }
    },
    "090pos": {
        "08": {
            "P": {
                "Precision": 0.0,
                "Accuracy": 0.9714285714285713,
                "Recall": 0.0,
                "F1": 0.0,
                "norm2": 2.4842932875728224e-05,
                "norminf": 0.00011039127662857418,
                "z": 0.0016839785199218374
            },
            "Q": {
                "Precision": 0.0,
                "Accuracy": 0.9714285714285713,
                "Recall": 0.0,
                "F1": 0.0,
                "norm2": 2.0450477118448515e-05,
                "norminf": 0.0002584658328767198,
                "z": 0.001756833163669029
            },
            "U": {
                "Precision": 0.0,
                "Accuracy": 0.9714285714285713,
                "Recall": 0.0,
                "F1": 0.0,
                "norm2": 3.034711871877436e-06,
                "norminf": 1.793047315887808e-05,
                "z": 2.823783983453808e-05
            },
            "I": {
                "Precision": 0.0,
                "Accuracy": 0.9714285714285713,
                "Recall": 0.0,
                "F1": 0.0,
                "norm2": 2.317212191967213e-06,
                "norminf": 1.3699132200839514e-05,
                "z": 2.1442391586818516e-05
            }
        },
        "10": {
            "P": {
                "Precision": 0.1,
                "Accuracy": 0.9742857142857144,
                "Recall": 0.1,
                "F1": 0.1,
                "norm2": 0.00017166560771949305,
                "norminf": 0.0007704058613937414,
                "z": 0.006325472553973893
            },
            "Q": {
                "Precision": 0.0,
                "Accuracy": 0.9714285714285713,
                "Recall": 0.0,
                "F1": 0.0,
                "norm2": 4.547486688041132e-05,
                "norminf": 0.0006466257717463008,
                "z": 0.00457000005880111
            },
            "U": {
                "Precision": 0.0,
                "Accuracy": 0.9714285714285713,
                "Recall": 0.0,
                "F1": 0.0,
                "norm2": 1.1402927325621841e-05,
                "norminf": 5.265668078286989e-05,
                "z": 0.0002936625150721288
            },
            "I": {
                "Precision": 0.0,
                "Accuracy": 0.9714285714285713,
                "Recall": 0.0,
                "F1": 0.0,
                "norm2": 1.3392639254060154e-05,
                "norminf": 6.186450109857411e-05,
                "z": 0.00034523708776384304
            }
        },
        "13": {
            "P": {
                "Precision": 1.0,
                "Accuracy": 1.0,
                "Recall": 1.0,
                "F1": 1.0,
                "norm2": 9.120305645965915e-05,
                "norminf": 0.0005010629443119585,
                "z": 0.004899129167515703
            },
            "Q": {
                "Precision": 0.0,
                "Accuracy": 0.9714285714285713,
                "Recall": 0.0,
                "F1": 0.0,
                "norm2": 6.682891044945371e-05,
                "norminf": 0.0009849537710528988,
                "z": 0.00752313401650751
            },
            "U": {
                "Precision": 0.0,
                "Accuracy": 0.9714285714285713,
                "Recall": 0.0,
                "F1": 0.0,
                "norm2": 1.5126443149101037e-05,
                "norminf": 0.00010403161041512287,
                "z": 0.0008239262715988488
            },
            "I": {
                "Precision": 0.0,
                "Accuracy": 0.9714285714285713,
                "Recall": 0.0,
                "F1": 0.0,
                "norm2": 1.1598173223766745e-05,
                "norminf": 7.97455035936867e-05,
                "z": 0.0006310893107639715
            }
        }
    }
}