{
    "090neg": {
        "08": {
            "P": {
                "Precision": 0.0,
                "Accuracy": 0.9714285714285713,
                "Recall": 0.0,
                "norm2": 0.0008140510141974871,
                "norminf": 0.0006808604946156649
            },
            "Q": {
                "Precision": 0.0,
                "Accuracy": 0.9714285714285713,
                "Recall": 0.0,
                "norm2": 0.00022483174527941442,
                "norminf": 0.00012345435317424603
            },
            "U": {
                "Precision": 0.0,
                "Accuracy": 0.9714285714285713,
                "Recall": 0.0,
                "norm2": 4.6072988487621904e-05,
                "norminf": 3.3042221825596574e-05
            },
            "I": {
                "Precision": 0.0,
                "Accuracy": 0.9714285714285713,
                "Recall": 0.0,
                "norm2": 5.880591811083673e-05,
                "norminf": 4.217391262595349e-05
            }
        },
        "10": {
            "P": {
                "Precision": 0.1,
                "Accuracy": 0.9742857142857144,
                "Recall": 0.1,
                "norm2": 0.0021876177159309844,
                "norminf": 0.0019374616502288889
            },
            "Q": {
                "Precision": 0.0,
                "Accuracy": 0.9714285714285713,
                "Recall": 0.0,
                "norm2": 0.000787678185758406,
                "norminf": 0.00044191164548412765
            },
            "U": {
                "Precision": 0.0,
                "Accuracy": 0.9714285714285713,
                "Recall": 0.0,
                "norm2": 0.0001229536459876834,
                "norminf": 9.83219469947949e-05
            },
            "I": {
                "Precision": 0.0,
                "Accuracy": 0.9714285714285713,
                "Recall": 0.0,
                "norm2": 0.00012949385259568316,
                "norminf": 0.00010355132366157704
            }
        },
        "13": {
            "P": {
                "Precision": 1.0,
                "Accuracy": 1.0,
                "Recall": 1.0,
                "norm2": 0.001704682625152627,
                "norminf": 0.0016347316908210563
            },
            "Q": {
                "Precision": 0.0,
                "Accuracy": 0.9714285714285713,
                "Recall": 0.0,
                "norm2": 0.00119388910328611,
                "norminf": 0.0007838552332185
            },
            "U": {
                "Precision": 0.0,
                "Accuracy": 0.9714285714285713,
                "Recall": 0.0,
                "norm2": 0.0001814054855193061,
                "norminf": 0.00016563461473565467
            },
            "I": {
                "Precision": 0.0,
                "Accuracy": 0.9714285714285713,
                "Recall": 0.0,
                "norm2": 0.00020956820959546868,
                "norminf": 0.00019133719437458563
            }
        }
    },
    "090pos": {
        "08": {
            "P": {
                "Precision": 0.0,
                "Accuracy": 0.9714285714285713,
                "Recall": 0.0,
                "norm2": 0.0004040271899780347,
                "norminf": 0.0001195123035039991
            },
            "Q": {
                "Precision": 0.0,
                "Accuracy": 0.9714285714285713,
                "Recall": 0.0,
                "norm2": 0.00029001762226254325,
                "norminf": 0.00025433916829595835
            },
            "U": {
                "Precision": 0.0,
                "Accuracy": 0.9714285714285713,
                "Recall": 0.0,
                "norm2": 4.517290205457075e-05,
                "norminf": 1.78741242705005e-05
            },
            "I": {
                "Precision": 0.0,
                "Accuracy": 0.9714285714285713,
                "Recall": 0.0,
                "norm2": 4.231893155424928e-05,
                "norminf": 1.6742014954163054e-05
            }
        },
        "10": {
            "P": {
                "Precision": 0.0,
                "Accuracy": 0.9714285714285713,
                "Recall": 0.0,
                "norm2": 0.0027582462293163084,
                "norminf": 0.0008223649532597798
            },
            "Q": {
                "Precision": 0.0,
                "Accuracy": 0.9714285714285713,
                "Recall": 0.0,
                "norm2": 0.0006569822174008795,
                "norminf": 0.000629758000075853
            },
            "U": {
                "Precision": 0.0,
                "Accuracy": 0.9714285714285713,
                "Recall": 0.0,
                "norm2": 0.0001738977133430396,
                "norminf": 5.329540995153703e-05
            },
            "I": {
                "Precision": 0.0,
                "Accuracy": 0.9714285714285713,
                "Recall": 0.0,
                "norm2": 0.0001981608234811185,
                "norminf": 6.071882807856532e-05
            }
        },
        "13": {
            "P": {
                "Precision": 1.0,
                "Accuracy": 1.0,
                "Recall": 1.0,
                "norm2": 0.0014369067506473413,
                "norminf": 0.000590674331387353
            },
            "Q": {
                "Precision": 0.0,
                "Accuracy": 0.9714285714285713,
                "Recall": 0.0,
                "norm2": 0.0010717436086179063,
                "norminf": 0.0010568504127443702
            },
            "U": {
                "Precision": 0.0,
                "Accuracy": 0.9714285714285713,
                "Recall": 0.0,
                "norm2": 0.00025097570226472317,
                "norminf": 0.00011483721515479495
            },
            "I": {
                "Precision": 0.0,
                "Accuracy": 0.9714285714285713,
                "Recall": 0.0,
                "norm2": 0.00019644139101909194,
                "norminf": 8.990568098043994e-05
            }
        }
    }
}