{
    "090neg": {
        "08": {
            "P": {
                "Precision": 0.1,
                "Accuracy": 0.9742857142857142,
                "Recall": 0.1,
                "norm2": 0.0014046086823645415,
                "norminf": 0.0009908068796740332
            },
            "Q": {
                "Precision": 0.0,
                "Accuracy": 0.9714285714285713,
                "Recall": 0.0,
                "norm2": 0.000378542426606565,
                "norminf": 0.00019230900031377284
            },
            "U": {
                "Precision": 0.0,
                "Accuracy": 0.9714285714285713,
                "Recall": 0.0,
                "norm2": 7.704479541333973e-05,
                "norminf": 5.5254310695063145e-05
            },
            "I": {
                "Precision": 0.0,
                "Accuracy": 0.9714285714285713,
                "Recall": 0.0,
                "norm2": 7.525433102940236e-05,
                "norminf": 5.3970241150613774e-05
            }
        },
        "10": {
            "P": {
                "Precision": 0.9,
                "Accuracy": 0.9971428571428571,
                "Recall": 0.9,
                "norm2": 0.0014189709252610421,
                "norminf": 0.0011780204472515044
            },
            "Q": {
                "Precision": 0.0,
                "Accuracy": 0.9714285714285713,
                "Recall": 0.0,
                "norm2": 0.0012609788888294352,
                "norminf": 0.0006759009897497004
            },
            "U": {
                "Precision": 0.0,
                "Accuracy": 0.9714285714285713,
                "Recall": 0.0,
                "norm2": 0.00022636820253320037,
                "norminf": 0.0001815777653917827
            },
            "I": {
                "Precision": 0.0,
                "Accuracy": 0.9714285714285713,
                "Recall": 0.0,
                "norm2": 0.0002280955020285825,
                "norminf": 0.00018296351122626398
            }
        },
        "13": {
            "P": {
                "Precision": 1.0,
                "Accuracy": 1.0,
                "Recall": 1.0,
                "norm2": 0.0015763031472819384,
                "norminf": 0.0014826109588126023
            },
            "Q": {
                "Precision": 0.1,
                "Accuracy": 0.9742857142857144,
                "Recall": 0.1,
                "norm2": 0.0019499932888478826,
                "norminf": 0.0012429107276424988
            },
            "U": {
                "Precision": 0.0,
                "Accuracy": 0.9714285714285713,
                "Recall": 0.0,
                "norm2": 0.00029602915092785816,
                "norminf": 0.0002708739640097102
            },
            "I": {
                "Precision": 0.0,
                "Accuracy": 0.9714285714285713,
                "Recall": 0.0,
                "norm2": 0.00034965989166542926,
                "norminf": 0.0003199956533920245
            }
        }
    },
    "090pos": {
        "08": {
            "P": {
                "Precision": 0.0,
                "Accuracy": 0.9714285714285713,
                "Recall": 0.0,
                "norm2": 0.0006630784462671758,
                "norminf": 0.00019643368017572272
            },
            "Q": {
                "Precision": 0.0,
                "Accuracy": 0.9714285714285713,
                "Recall": 0.0,
                "norm2": 0.0004971163069130113,
                "norminf": 0.000413597248616715
            },
            "U": {
                "Precision": 0.0,
                "Accuracy": 0.9714285714285713,
                "Recall": 0.0,
                "norm2": 6.541111182811713e-05,
                "norminf": 2.574085452549113e-05
            },
            "I": {
                "Precision": 0.0,
                "Accuracy": 0.9714285714285713,
                "Recall": 0.0,
                "norm2": 7.825988231147952e-05,
                "norminf": 3.0778863822966684e-05
            }
        },
        "10": {
            "P": {
                "Precision": 1.0,
                "Accuracy": 1.0,
                "Recall": 1.0,
                "norm2": 0.001198559691722789,
                "norminf": 0.0003588256738912499
            },
            "Q": {
                "Precision": 0.0,
                "Accuracy": 0.9714285714285713,
                "Recall": 0.0,
                "norm2": 0.001105023238286056,
                "norminf": 0.0010436303937348512
            },
            "U": {
                "Precision": 0.0,
                "Accuracy": 0.9714285714285713,
                "Recall": 0.0,
                "norm2": 0.00029521385046376935,
                "norminf": 9.101961883326571e-05
            },
            "I": {
                "Precision": 0.0,
                "Accuracy": 0.9714285714285713,
                "Recall": 0.0,
                "norm2": 0.0003110604405262896,
                "norminf": 9.591976115008727e-05
            }
        },
        "13": {
            "P": {
                "Precision": 1.0,
                "Accuracy": 1.0,
                "Recall": 1.0,
                "norm2": 0.0013629348626108023,
                "norminf": 0.000498571294404182
            },
            "Q": {
                "Precision": 0.0,
                "Accuracy": 0.9714285714285713,
                "Recall": 0.0,
                "norm2": 0.0017134958028346043,
                "norminf": 0.001681183627363314
            },
            "U": {
                "Precision": 0.0,
                "Accuracy": 0.9714285714285713,
                "Recall": 0.0,
                "norm2": 0.00035811012477800317,
                "norminf": 0.00016428108150279286
            },
            "I": {
                "Precision": 0.0,
                "Accuracy": 0.9714285714285713,
                "Recall": 0.0,
                "norm2": 0.00029698027632763733,
                "norminf": 0.000136200302083056
            }
        }
    }
}