{
    "090neg": {
        "08": {
            "P": {
                "Precision": 0.0,
                "Accuracy": 0.9714285714285713,
                "Recall": 0.0,
                "norm2": 0.0019012148777856099,
                "norminf": 0.0016868606986735091
            },
            "Q": {
                "Precision": 0.0,
                "Accuracy": 0.9714285714285713,
                "Recall": 0.0,
                "norm2": 0.0005323478088240225,
                "norminf": 0.0002965842579801814
            },
            "U": {
                "Precision": 0.0,
                "Accuracy": 0.9714285714285713,
                "Recall": 0.0,
                "norm2": 0.00010345958389407874,
                "norminf": 7.419823704146733e-05
            },
            "I": {
                "Precision": 0.0,
                "Accuracy": 0.9714285714285713,
                "Recall": 0.0,
                "norm2": 0.00010261545216550959,
                "norminf": 7.359285005115179e-05
            }
        },
        "10": {
            "P": {
                "Precision": 1.0,
                "Accuracy": 1.0,
                "Recall": 1.0,
                "norm2": 0.0012750039628515908,
                "norminf": 0.0011138092050134497
            },
            "Q": {
                "Precision": 0.0,
                "Accuracy": 0.9714285714285713,
                "Recall": 0.0,
                "norm2": 0.001976709500262601,
                "norminf": 0.0011365939453860997
            },
            "U": {
                "Precision": 0.0,
                "Accuracy": 0.9714285714285713,
                "Recall": 0.0,
                "norm2": 0.00030917509323411506,
                "norminf": 0.0002468223363540023
            },
            "I": {
                "Precision": 0.0,
                "Accuracy": 0.9714285714285713,
                "Recall": 0.0,
                "norm2": 0.00029932784411687915,
                "norminf": 0.00023898952497436454
            }
        },
        "13": {
            "P": {
                "Precision": 1.0,
                "Accuracy": 1.0,
                "Recall": 1.0,
                "norm2": 0.0016887520311642177,
                "norminf": 0.0016191786345836623
            },
            "Q": {
                "Precision": 0.9,
                "Accuracy": 0.9971428571428571,
                "Recall": 0.9,
                "norm2": 0.002634141241952503,
                "norminf": 0.0017509132965467633
            },
            "U": {
                "Precision": 0.0,
                "Accuracy": 0.9714285714285713,
                "Recall": 0.0,
                "norm2": 0.00040127523786351045,
                "norminf": 0.0003661411896130007
            },
            "I": {
                "Precision": 0.0,
                "Accuracy": 0.9714285714285713,
                "Recall": 0.0,
                "norm2": 0.00044755807129256465,
                "norminf": 0.00040831308356359397
            }
        }
    },
    "090pos": {
        "08": {
            "P": {
                "Precision": 0.0,
                "Accuracy": 0.9714285714285713,
                "Recall": 0.0,
                "norm2": 0.0008515713131334325,
                "norminf": 0.0002513828948111474
            },
            "Q": {
                "Precision": 0.0,
                "Accuracy": 0.9714285714285713,
                "Recall": 0.0,
                "norm2": 0.0007169053121368406,
                "norminf": 0.0006444707720510534
            },
            "U": {
                "Precision": 0.0,
                "Accuracy": 0.9714285714285713,
                "Recall": 0.0,
                "norm2": 9.779408688339343e-05,
                "norminf": 3.879553489674059e-05
            },
            "I": {
                "Precision": 0.0,
                "Accuracy": 0.9714285714285713,
                "Recall": 0.0,
                "norm2": 9.611444697777163e-05,
                "norminf": 3.8124668321648514e-05
            }
        },
        "10": {
            "P": {
                "Precision": 1.0,
                "Accuracy": 1.0,
                "Recall": 1.0,
                "norm2": 0.0012217872549074621,
                "norminf": 0.0003652014619966781
            },
            "Q": {
                "Precision": 0.0,
                "Accuracy": 0.9714285714285713,
                "Recall": 0.0,
                "norm2": 0.0016616119121321536,
                "norminf": 0.0016039395183696347
            },
            "U": {
                "Precision": 0.0,
                "Accuracy": 0.9714285714285713,
                "Recall": 0.0,
                "norm2": 0.0004067970352859145,
                "norminf": 0.00012430064570307932
            },
            "I": {
                "Precision": 0.0,
                "Accuracy": 0.9714285714285713,
                "Recall": 0.0,
                "norm2": 0.00036658418591904637,
                "norminf": 0.00011207805057833475
            }
        },
        "13": {
            "P": {
                "Precision": 1.0,
                "Accuracy": 1.0,
                "Recall": 1.0,
                "norm2": 0.0014157277103750737,
                "norminf": 0.0005811742429859157
            },
            "Q": {
                "Precision": 0.2,
                "Accuracy": 0.9771428571428572,
                "Recall": 0.2,
                "norm2": 0.0025287763531171973,
                "norminf": 0.0024979442307405454
            },
            "U": {
                "Precision": 0.0,
                "Accuracy": 0.9714285714285713,
                "Recall": 0.0,
                "norm2": 0.00048176642572947523,
                "norminf": 0.00022022969988431119
            },
            "I": {
                "Precision": 0.0,
                "Accuracy": 0.9714285714285713,
                "Recall": 0.0,
                "norm2": 0.0004866414650913153,
                "norminf": 0.0002224565927204658
            }
        }
    }
}