{
    "090neg": {
        "08": {
            "P": {
                "Precision": 0.0,
                "Accuracy": 0.9714285714285713,
                "Recall": 0.0,
                "F1": 0.0,
                "norm2": 2.2871226574995472e-05,
                "norminf": 0.0002612602036517364,
                "z": 0.0008339683447018256
            },
            "Q": {
                "Precision": 0.0,
                "Accuracy": 0.9714285714285713,
                "Recall": 0.0,
                "F1": 0.0,
                "norm2": 4.470795037786939e-06,
                "norminf": 3.515312637415446e-05,
                "z": 0.00034272765938368754
            },
            "U": {
                "Precision": 0.0,
                "Accuracy": 0.9714285714285713,
                "Recall": 0.0,
                "F1": 0.0,
                "norm2": 7.27913743775293e-07,
                "norminf": 7.830581924839209e-06,
                "z": 6.485458625639113e-06
            },
            "I": {
                "Precision": 0.0,
                "Accuracy": 0.9714285714285713,
                "Recall": 0.0,
                "F1": 0.0,
                "norm2": 4.809382481710605e-07,
                "norminf": 5.173726125407008e-06,
                "z": 4.5163852790477965e-06
            }
        },
        "10": {
            "P": {
                "Precision": 0.0,
                "Accuracy": 0.9714285714285713,
                "Recall": 0.0,
                "F1": 0.0,
                "norm2": 6.598995488346187e-05,
                "norminf": 0.0008300540059289818,
                "z": 0.0029576006408686016
            },
            "Q": {
                "Precision": 0.0,
                "Accuracy": 0.9714285714285713,
                "Recall": 0.0,
                "F1": 0.0,
                "norm2": 2.0337890818342633e-05,
                "norminf": 0.00016670200289670145,
                "z": 0.0015079993753774029
            },
            "U": {
                "Precision": 0.0,
                "Accuracy": 0.9714285714285713,
                "Recall": 0.0,
                "F1": 0.0,
                "norm2": 2.827561593862992e-06,
                "norminf": 3.3972445855690034e-05,
                "z": 9.88738922203962e-05
            },
            "I": {
                "Precision": 0.0,
                "Accuracy": 0.9714285714285713,
                "Recall": 0.0,
                "F1": 0.0,
                "norm2": 1.6874521235016299e-06,
                "norminf": 2.0268552200053414e-05,
                "z": 5.9575794818612915e-05
            }
        },
        "13": {
            "P": {
                "Precision": 0.6,
                "Accuracy": 0.9885714285714287,
                "Recall": 0.6,
                "F1": 0.6,
                "norm2": 8.931322056353707e-05,
                "norminf": 0.0012606556195739137,
                "z": 0.005025076902847525
            },
            "Q": {
                "Precision": 0.0,
                "Accuracy": 0.9714285714285713,
                "Recall": 0.0,
                "F1": 0.0,
                "norm2": 2.4611691843014774e-05,
                "norminf": 0.00023850216249051703,
                "z": 0.0019833349468508232
            },
            "U": {
                "Precision": 0.0,
                "Accuracy": 0.9714285714285713,
                "Recall": 0.0,
                "F1": 0.0,
                "norm2": 3.478960988711402e-06,
                "norminf": 4.773333950552905e-05,
                "z": 0.00027015115035096957
            },
            "I": {
                "Precision": 0.0,
                "Accuracy": 0.9714285714285713,
                "Recall": 0.0,
                "F1": 0.0,
                "norm2": 6.321574394986857e-06,
                "norminf": 8.673026063266143e-05,
                "z": 0.0004879807367999811
            }
        }
    },
    "090pos": {
        "08": {
            "P": {
                "Precision": 0.0,
                "Accuracy": 0.9714285714285713,
                "Recall": 0.0,
                "F1": 0.0,
                "norm2": 9.807123257738506e-06,
                "norminf": 4.357133074559538e-05,
                "z": 0.0006842212435025377
            },
            "Q": {
                "Precision": 0.0,
                "Accuracy": 0.9714285714285713,
                "Recall": 0.0,
                "F1": 0.0,
                "norm2": 7.477668109603002e-06,
                "norminf": 9.559993542931355e-05,
                "z": 0.0006520576034182143
            },
            "U": {
                "Precision": 0.0,
                "Accuracy": 0.9714285714285713,
                "Recall": 0.0,
                "F1": 0.0,
                "norm2": 8.411171344932334e-07,
                "norminf": 4.976352536356643e-06,
                "z": 7.459928174491457e-06
            },
            "I": {
                "Precision": 0.0,
                "Accuracy": 0.9714285714285713,
                "Recall": 0.0,
                "F1": 0.0,
                "norm2": 1.8690282628843353e-07,
                "norminf": 1.106678412687856e-06,
                "z": 1.2623281232769512e-06
            }
        },
        "10": {
            "P": {
                "Precision": 0.0,
                "Accuracy": 0.9714285714285713,
                "Recall": 0.0,
                "F1": 0.0,
                "norm2": 6.647128111056764e-05,
                "norminf": 0.00029847508250389063,
                "z": 0.0025981852874353674
            },
            "Q": {
                "Precision": 0.0,
                "Accuracy": 0.9714285714285713,
                "Recall": 0.0,
                "F1": 0.0,
                "norm2": 1.0860906621411374e-05,
                "norminf": 0.00015496650248425503,
                "z": 0.0010899421784553776
            },
            "U": {
                "Precision": 0.0,
                "Accuracy": 0.9714285714285713,
                "Recall": 0.0,
                "F1": 0.0,
                "norm2": 4.298458271724384e-06,
                "norminf": 1.9825270289852702e-05,
                "z": 0.00010950035224077045
            },
            "I": {
                "Precision": 0.0,
                "Accuracy": 0.9714285714285713,
                "Recall": 0.0,
                "F1": 0.0,
                "norm2": 6.3612310398878004e-06,
                "norminf": 2.9346285124409732e-05,
                "z": 0.00016297413357204554
            }
        },
        "13": {
            "P": {
                "Precision": 0.2,
                "Accuracy": 0.9771428571428571,
                "Recall": 0.2,
                "F1": 0.2,
                "norm2": 5.039308440469865e-05,
                "norminf": 0.0002812109583746114,
                "z": 0.0027332093580355486
            },
            "Q": {
                "Precision": 0.0,
                "Accuracy": 0.9714285714285713,
                "Recall": 0.0,
                "F1": 0.0,
                "norm2": 2.2543292631707997e-05,
                "norminf": 0.0003326562178273873,
                "z": 0.0025380815774453335
            },
            "U": {
                "Precision": 0.0,
                "Accuracy": 0.9714285714285713,
                "Recall": 0.0,
                "F1": 0.0,
                "norm2": 3.7169122420157896e-06,
                "norminf": 2.5546792641772953e-05,
                "z": 0.00020016927886455093
            },
            "I": {
                "Precision": 0.0,
                "Accuracy": 0.9714285714285713,
                "Recall": 0.0,
                "F1": 0.0,
                "norm2": 3.1193475216278495e-06,
                "norminf": 2.1436246310901907e-05,
                "z": 0.0001675005278451991
            }
        }
    }
}