{
  "irrad_LV0101": 84.06219595034398,
  "irrad_LV0102": -30.807627157660754,
  "irrad_LV0103": 60.295370075374564,
  "irrad_LV0201": -69.54085333372758,
  "irrad_LV0202": -14.5167808150592,
  "irrad_LV0203": -72.04501849557118
}