{
  "P_LV0101": 0.02521378294236393,
  "Q_LV0101": 0.010465874608847361,
  "U_LV0101": 1.0030360196634815,
  "I_LV0101_MV0101": 0.027216991050870706,
  "P_LV0102": -0.009240501218661726,
  "Q_LV0102": 0.010465874608846291,
  "U_LV0102": 1.0021032296146501,
  "I_LV0102_MV0102": 0.013932122764176276,
  "P_LV0103": 0.018085113722320963,
  "Q_LV0103": 0.0104658746088469,
  "U_LV0103": 1.0028755888785141,
  "I_LV0103_MV0103": 0.02083520245233205,
  "P_LV0201": -0.020858222435910533,
  "Q_LV0201": 0.010465874608847157,
  "U_LV0201": 1.001716047221729,
  "I_LV0201_MV0201": 0.02329668766641014,
  "P_LV0202": -0.004354192230583499,
  "Q_LV0202": 0.010465874608847714,
  "U_LV0202": 1.0021698912965338,
  "I_LV0202_MV0202": 0.011310954740096796,
  "P_LV0203": -0.02160932673587256,
  "Q_LV0203": 0.010465874608846296,
  "U_LV0203": 1.001677009488048,
  "I_LV0203_MV0203": 0.023970164845981443,
  "P_POIMV_MV0101": -0.03401891000839896,
  "Q_POIMV_MV0101": -0.03248210297692822,
  "U_POIMV": 1.0008741763741424,
  "I_POIMV_MV0101": 0.046994790234510656,
  "P_POIMV_MV0201": 0.04686094739065538,
  "Q_POIMV_MV0201": -0.03278041101617646,
  "I_POIMV_MV0201": 0.057138369171829864,
  "P_POI_POIMV": 0.01285203738270314,
  "Q_POI_POIMV": -0.06577093486612284,
  "U_POI": 1.0000177852346164,
  "I_POI_POIMV": 0.06701366275367954
}