{
  "irrad_LV0101": 291.30942707672517,
  "irrad_LV0102": 256.34133006441914,
  "irrad_LV0103": 293.6186973306719,
  "irrad_LV0201": 415.5050853811181,
  "irrad_LV0202": 377.7841691249895,
  "irrad_LV0203": 356.47460881881346
}