{
  "P_LV0101": 0.000625,
  "Q_LV0101": 0.000935,
  "U_LV0101": 0.002477,
  "I_LV0101_MV0101": 0.000256,
  "P_LV0102": 0.000607,
  "Q_LV0102": 0.000827,
  "U_LV0102": 0.002477,
  "I_LV0102_MV0102": 0.000234,
  "P_LV0103": 0.000626,
  "Q_LV0103": 0.000942,
  "U_LV0103": 0.002477,
  "I_LV0103_MV0103": 0.000258,
  "P_LV0201": 0.000699,
  "Q_LV0201": 0.001320,
  "U_LV0201": 0.002480,
  "I_LV0201_MV0201": 0.000340,
  "P_LV0202": 0.000675,
  "Q_LV0202": 0.001202,
  "U_LV0202": 0.002480,
  "I_LV0202_MV0202": 0.000314,
  "P_LV0203": 0.000662,
  "Q_LV0203": 0.001136,
  "U_LV0203": 0.002479,
  "I_LV0203_MV0203": 0.000299,
  "P_POIMV_MV0101": 0.001883,
  "Q_POIMV_MV0101": 0.002696,
  "U_POIMV": 0.002489,
  "I_POIMV_MV0101": 0.000746,
  "P_POIMV_MV0201": 0.002077,
  "Q_POIMV_MV0201": 0.003645,
  "I_POIMV_MV0201": 0.000952,
  "P_POI_POIMV": 0.004000,
  "Q_POI_POIMV": 0.006342,
  "U_POI": 0.002500,
  "I_POI_POIMV": 0.001694
}
