{
  "irrad_LV0101": 665.772868746272,
  "irrad_LV0102": 665.1012532561163,
  "irrad_LV0103": 624.0289382794066,
  "irrad_LV0201": 557.4538327941286,
  "irrad_LV0202": 621.2255932890004,
  "irrad_LV0203": 682.6009016044129
}