{
  "P_LV0101": 0.19969324393333035,
  "Q_LV0101": 1.9788158815093906e-16,
  "U_LV0101": 1.0048623634865583,
  "I_LV0101_MV0101": 0.19872696121333194,
  "P_LV0102": 0.19949179824186258,
  "Q_LV0102": -1.3158512253097388e-16,
  "U_LV0102": 1.0051200789145511,
  "I_LV0102_MV0102": 0.19847558757088773,
  "P_LV0103": 0.18717248605812078,
  "Q_LV0103": -7.197119842556144e-17,
  "U_LV0103": 1.0049535580182904,
  "I_LV0103_MV0103": 0.18624988643974152,
  "P_LV0201": 0.16720381595506584,
  "Q_LV0201": -5.016820292525012e-16,
  "U_LV0201": 1.0044514788957393,
  "I_LV0201_MV0201": 0.16646281026823134,
  "P_LV0202": 0.1863316451628578,
  "Q_LV0202": 4.452003895607618e-16,
  "U_LV0202": 1.0051790880819444,
  "I_LV0202_MV0202": 0.18537158937360187,
  "P_LV0203": 0.2047406777177483,
  "Q_LV0203": -3.903731681693169e-16,
  "U_LV0203": 1.0057556372931409,
  "I_LV0203_MV0203": 0.20356900834160963,
  "P_POIMV_MV0101": -0.5829566903148589,
  "Q_POIMV_MV0101": 0.014667612198991264,
  "U_POIMV": 0.9995234066256302,
  "I_POIMV_MV0101": 0.5834192387327449,
  "P_POIMV_MV0201": -0.5549439130802511,
  "Q_POIMV_MV0201": 0.013129025351304335,
  "I_POIMV_MV0201": 0.5553638792601278,
  "P_POI_POIMV": -1.1378906033946374,
  "Q_POI_POIMV": 0.044116327933352295,
  "U_POI": 0.999988022724576,
  "I_POI_POIMV": 1.138759122508813
}