{
  "P_LV0101": 0.19393112853733377,
  "Q_LV0101": -0.014626662120695532,
  "U_LV0101": 1.0019454644556836,
  "I_LV0101_MV0101": 0.19410430893073924,
  "P_LV0102": 0.06679168087282646,
  "Q_LV0102": -0.009819297647459937,
  "U_LV0102": 1.0013567474959628,
  "I_LV0102_MV0102": 0.13376228693273862,
  "P_LV0103": 0.2062052505966587,
  "Q_LV0103": -0.014728946471189908,
  "U_LV0103": 1.0025760222717106,
  "I_LV0103_MV0103": 0.20619944079243055,
  "P_LV0201": 0.13378793044664167,
  "Q_LV0201": -0.009819297647459937,
  "U_LV0201": 1.001364685263394,
  "I_LV0201_MV0201": 0.13396496766303378,
  "P_LV0202": 0.13491305830207978,
  "Q_LV0202": -0.009819297647459937,
  "U_LV0202": 1.0015694618574191,
  "I_LV0202_MV0202": 0.1350579540948176,
  "P_LV0203": 0.13583361745652914,
  "Q_LV0203": -0.009717013296965565,
  "U_LV0203": 1.0016952755908357,
  "I_LV0203_MV0203": 0.13595025961692808,
  "P_POIMV_MV0101": -0.5307855597360189,
  "Q_POIMV_MV0101": 0.05166885624815193,
  "U_POIMV": 0.9987962145394299,
  "I_POIMV_MV0101": 0.533937205904936,
  "P_POIMV_MV0201": -0.40278056366623544,
  "Q_POIMV_MV0201": 0.03555394530955163,
  "I_POIMV_MV0201": 0.4048340478003991,
  "P_POI_POIMV": -0.9335661234044477,
  "Q_POI_POIMV": 0.09813189811099464,
  "U_POI": 1.0,
  "I_POI_POIMV": 0.9387095270611007
}