{
  "P_LV0101": 0.21408114558472555,
  "Q_LV0101": -0.013501534265257416,
  "U_LV0101": 1.0025961733062658,
  "I_LV0101_MV0101": 0.21395102224594123,
  "P_LV0102": 0.07333787930446642,
  "Q_LV0102": -0.009001022843504944,
  "U_LV0102": 1.0018366285322498,
  "I_LV0102_MV0102": 0.1466822802309874,
  "P_LV0103": 0.22512785543811797,
  "Q_LV0103": -0.013603818615751788,
  "U_LV0103": 1.0032282562278525,
  "I_LV0103_MV0103": 0.2248127472770441,
  "P_LV0201": 0.14647118990794408,
  "Q_LV0201": -0.009001022843504944,
  "U_LV0201": 1.0018351605085245,
  "I_LV0201_MV0201": 0.14647868513424875,
  "P_LV0202": 0.1480054551653597,
  "Q_LV0202": -0.009001022843504944,
  "U_LV0202": 1.0020681695124252,
  "I_LV0202_MV0202": 0.14797287034495804,
  "P_LV0203": 0.14913058302079782,
  "Q_LV0203": -0.009001022843504944,
  "U_LV0203": 1.0021938280371139,
  "I_LV0203_MV0203": 0.1490749271345388,
  "P_POIMV_MV0101": -0.5823608390385538,
  "Q_POIMV_MV0101": 0.05137047128722922,
  "U_POIMV": 0.9987955919788246,
  "I_POIMV_MV0101": 0.5853271345799327,
  "P_POIMV_MV0201": -0.44150312110063467,
  "Q_POIMV_MV0201": 0.0347478147020427,
  "I_POIMV_MV0201": 0.4434024338911847,
  "P_POI_POIMV": -1.0238639601431012,
  "Q_POI_POIMV": 0.09933192313998722,
  "U_POI": 1.0,
  "I_POI_POIMV": 1.0286711038201677
}