{
  "P_LV0101": 0.1064780088646437,
  "Q_LV0101": -0.014422093419706785,
  "U_LV0101": 0.9999901644779412,
  "I_LV0101_MV0101": 0.10745133906572954,
  "P_LV0102": 0.03794749403341288,
  "Q_LV0102": -0.009512444595976815,
  "U_LV0102": 1.0000040427098686,
  "I_LV0102_MV0102": 0.07648848614075297,
  "P_LV0103": 0.12069553358336174,
  "Q_LV0103": -0.014422093419706785,
  "U_LV0103": 1.0005533035657406,
  "I_LV0103_MV0103": 0.12148691943286129,
  "P_LV0201": 0.07456529151039891,
  "Q_LV0201": -0.009614728946471189,
  "U_LV0201": 0.999949440337197,
  "I_LV0201_MV0201": 0.07518641714811987,
  "P_LV0202": 0.07528128196385954,
  "Q_LV0202": -0.009512444595976815,
  "U_LV0202": 1.0000781885203935,
  "I_LV0202_MV0202": 0.07587395956941759,
  "P_LV0203": 0.0757927037163314,
  "Q_LV0203": -0.009614728946471189,
  "U_LV0203": 1.000125331435382,
  "I_LV0203_MV0203": 0.07639053678933107,
  "P_POIMV_MV0101": -0.3021052722651897,
  "Q_POIMV_MV0101": 0.04159869999974357,
  "U_POIMV": 0.9990553809788926,
  "I_POIMV_MV0101": 0.30524415159483914,
  "P_POIMV_MV0201": -0.2250860353546105,
  "Q_POIMV_MV0201": 0.02963317184048328,
  "I_POIMV_MV0201": 0.22724295622193544,
  "P_POI_POIMV": -0.5271913076195909,
  "Q_POI_POIMV": 0.0743579175471445,
  "U_POI": 1.0,
  "I_POI_POIMV": 0.5324094051870253
}