{
  "P_LV0101": 0.05257415615410842,
  "Q_LV0101": -0.009921581997954313,
  "U_LV0101": 0.999517247190466,
  "I_LV0101_MV0101": 0.0535279825003134,
  "P_LV0102": 0.019689737470167064,
  "Q_LV0102": -0.006546198431639959,
  "U_LV0102": 0.9996976693405144,
  "I_LV0102_MV0102": 0.03993193713864337,
  "P_LV0103": 0.06556426866689397,
  "Q_LV0103": -0.009819297647459937,
  "U_LV0103": 0.9999832147987573,
  "I_LV0103_MV0103": 0.06629660032880505,
  "P_LV0201": 0.03815206273440164,
  "Q_LV0201": -0.006546198431639959,
  "U_LV0201": 0.9996578226196796,
  "I_LV0201_MV0201": 0.03872284095471701,
  "P_LV0202": 0.03866348448687351,
  "Q_LV0202": -0.006546198431639959,
  "U_LV0202": 0.9997194498246512,
  "I_LV0202_MV0202": 0.03922474685215108,
  "P_LV0203": 0.038561200136379134,
  "Q_LV0203": -0.006546198431639959,
  "U_LV0203": 0.9997404903787486,
  "I_LV0203_MV0203": 0.03912304995178852,
  "P_POIMV_MV0101": -0.15725214114513208,
  "Q_POIMV_MV0101": 0.026258190194184815,
  "U_POIMV": 0.9994149162183023,
  "I_POIMV_MV0101": 0.1595227180434383,
  "P_POIMV_MV0201": -0.11523023693002812,
  "Q_POIMV_MV0201": 0.0187315090864299,
  "I_POIMV_MV0201": 0.1168111253806039,
  "P_POI_POIMV": -0.27248240753849795,
  "Q_POI_POIMV": 0.04541809564814179,
  "U_POI": 1.0,
  "I_POI_POIMV": 0.2762416801105145
}