{
  "P_LV0101": 0.16437095124445958,
  "Q_LV0101": -0.016058643027616774,
  "U_LV0101": 1.0010498655487845,
  "I_LV0101_MV0101": 0.16498032634327894,
  "P_LV0102": 0.05180702352540061,
  "Q_LV0102": -0.010637572451414933,
  "U_LV0102": 1.0004365169838862,
  "I_LV0102_MV0102": 0.10411322356685301,
  "P_LV0103": 0.14248210023866348,
  "Q_LV0103": -0.016058643027616774,
  "U_LV0103": 1.0007560198836472,
  "I_LV0103_MV0103": 0.14327588091530846,
  "P_LV0201": 0.10719399931810433,
  "Q_LV0201": -0.010535288100920559,
  "U_LV0201": 1.000563690666028,
  "I_LV0201_MV0201": 0.1076497908488754,
  "P_LV0202": 0.10576201841118309,
  "Q_LV0202": -0.010637572451414933,
  "U_LV0202": 1.0006493546130053,
  "I_LV0202_MV0202": 0.10622665842139284,
  "P_LV0203": 0.10688714626662121,
  "Q_LV0203": -0.010637572451414933,
  "U_LV0203": 1.0007468124265075,
  "I_LV0203_MV0203": 0.10733501664103308,
  "P_POIMV_MV0101": -0.4087235492180647,
  "Q_POIMV_MV0101": 0.049699424789361436,
  "U_POIMV": 0.9988565380992337,
  "I_POIMV_MV0101": 0.41220544535942993,
  "P_POIMV_MV0201": -0.31874021960920507,
  "Q_POIMV_MV0201": 0.035133287571199955,
  "I_POIMV_MV0201": 0.3210377596035835,
  "P_POI_POIMV": -0.7274637688274926,
  "Q_POI_POIMV": 0.09126723116277857,
  "U_POI": 1.0,
  "I_POI_POIMV": 0.7331665857367067
}