{
  "P_LV0101": 0.13931128537333787,
  "Q_LV0101": -0.014933515172178656,
  "U_LV0101": 1.0006926740533775,
  "I_LV0101_MV0101": 0.1400124175287296,
  "P_LV0102": 0.043215138083873166,
  "Q_LV0102": -0.009921581997954313,
  "U_LV0102": 1.000169620173642,
  "I_LV0102_MV0102": 0.08698312190352574,
  "P_LV0103": 0.11721786566655301,
  "Q_LV0103": -0.014933515172178656,
  "U_LV0103": 1.000338227474787,
  "I_LV0103_MV0103": 0.11812534584321685,
  "P_LV0201": 0.0901125127855438,
  "Q_LV0201": -0.010023866348448688,
  "U_LV0201": 1.000271109330416,
  "I_LV0201_MV0201": 0.0906437379466367,
  "P_LV0202": 0.08868053187862257,
  "Q_LV0202": -0.009921581997954313,
  "U_LV0202": 1.0003620524923853,
  "I_LV0202_MV0202": 0.08920152375986615,
  "P_LV0203": 0.08960109103307194,
  "Q_LV0203": -0.009921581997954313,
  "U_LV0203": 1.0004431826921498,
  "I_LV0203_MV0203": 0.09010879413871618,
  "P_POIMV_MV0101": -0.3417366266875132,
  "Q_POIMV_MV0101": 0.04428341327111548,
  "U_POIMV": 0.9989846988167149,
  "I_POIMV_MV0101": 0.34494410299351197,
  "P_POIMV_MV0201": -0.2676151885422909,
  "Q_POIMV_MV0201": 0.03175743075778844,
  "I_POIMV_MV0201": 0.26976679528201203,
  "P_POI_POIMV": -0.6093518152296508,
  "Q_POI_POIMV": 0.08039500633679189,
  "U_POI": 1.0,
  "I_POI_POIMV": 0.6146324037728269
}