{
  "P_LV0101": 0.27299693146948517,
  "Q_LV0101": -0.01012615069894306,
  "U_LV0101": 1.0044599630322304,
  "I_LV0101_MV0101": 0.2719716856034309,
  "P_LV0102": 0.08939652233208319,
  "Q_LV0102": -0.006750767132628708,
  "U_LV0102": 1.0030298183333841,
  "I_LV0102_MV0102": 0.17837998615538336,
  "P_LV0103": 0.2596999659052165,
  "Q_LV0103": -0.010023866348448688,
  "U_LV0103": 1.0046351125500483,
  "I_LV0103_MV0103": 0.25869426683193614,
  "P_LV0201": 0.18165700647800884,
  "Q_LV0201": -0.006750767132628708,
  "U_LV0201": 1.0031192831533688,
  "I_LV0201_MV0201": 0.18121713220512922,
  "P_LV0202": 0.18135015342652572,
  "Q_LV0202": -0.006750767132628708,
  "U_LV0202": 1.0033535269585112,
  "I_LV0202_MV0202": 0.18086920895787884,
  "P_LV0203": 0.18278213433344695,
  "Q_LV0203": -0.006648482782134333,
  "U_LV0203": 1.0035234465924978,
  "I_LV0203_MV0203": 0.18226082341743946,
  "P_POIMV_MV0101": -0.70633743952859,
  "Q_POIMV_MV0101": 0.04985729818792181,
  "U_POIMV": 0.9987998288000437,
  "I_POIMV_MV0101": 0.7089457147491356,
  "P_POIMV_MV0201": -0.5426208065725007,
  "Q_POIMV_MV0201": 0.03260131971206796,
  "I_POIMV_MV0201": 0.5442524840264548,
  "P_POI_POIMV": -1.2489582461212068,
  "Q_POI_POIMV": 0.10234160268107434,
  "U_POI": 1.0,
  "I_POI_POIMV": 1.2531442471613121
}