{
  "P_LV0101": 0.2421070576201841,
  "Q_LV0101": -0.013194681213774293,
  "U_LV0101": 1.003264716002377,
  "I_LV0101_MV0101": 0.2416773340569479,
  "P_LV0102": 0.0786055233549267,
  "Q_LV0102": -0.00869416979202182,
  "U_LV0102": 1.0021230912734373,
  "I_LV0102_MV0102": 0.15711769280150154,
  "P_LV0103": 0.22512785543811797,
  "Q_LV0103": -0.013092396863279917,
  "U_LV0103": 1.0032831080972473,
  "I_LV0103_MV0103": 0.2247702856371122,
  "P_LV0201": 0.1602795772246846,
  "Q_LV0201": -0.00869416979202182,
  "U_LV0201": 1.002220063093038,
  "I_LV0201_MV0201": 0.16015964182215867,
  "P_LV0202": 0.15976815547221274,
  "Q_LV0202": -0.00869416979202182,
  "U_LV0202": 1.0024186684418688,
  "I_LV0202_MV0202": 0.1596184735568134,
  "P_LV0203": 0.16120013637913397,
  "Q_LV0203": -0.00869416979202182,
  "U_LV0203": 1.0025597791926886,
  "I_LV0203_MV0203": 0.16102224046656352,
  "P_POIMV_MV0101": -0.6204620852733409,
  "Q_POIMV_MV0101": 0.052452185832232434,
  "U_POIMV": 0.9987586214406295,
  "I_POIMV_MV0101": 0.6234491575880615,
  "P_POIMV_MV0201": -0.4787760487322085,
  "Q_POIMV_MV0201": 0.03545496046462195,
  "I_POIMV_MV0201": 0.4806837432911617,
  "P_POI_POIMV": -1.0992381340125132,
  "Q_POI_POIMV": 0.10321475128968839,
  "U_POI": 1.0,
  "I_POI_POIMV": 1.10407325850738
}