{
  "P_LV0101": 0.26665530173883395,
  "Q_LV0101": -0.010637572451414933,
  "U_LV0101": 1.00424306994225,
  "I_LV0101_MV0101": 0.2657398448397006,
  "P_LV0102": 0.08719740879645414,
  "Q_LV0102": -0.006955335833617457,
  "U_LV0102": 1.0028831736270758,
  "I_LV0102_MV0102": 0.17403169766112103,
  "P_LV0103": 0.25315376747357654,
  "Q_LV0103": -0.010637572451414933,
  "U_LV0103": 1.0043856473208126,
  "I_LV0103_MV0103": 0.2522707946449038,
  "P_LV0201": 0.17736106375724514,
  "Q_LV0201": -0.006955335833617457,
  "U_LV0201": 1.0029770011050594,
  "I_LV0201_MV0201": 0.17697054897923634,
  "P_LV0202": 0.17777020115922265,
  "Q_LV0202": -0.006955335833617457,
  "U_LV0202": 1.0032235552934017,
  "I_LV0202_MV0202": 0.17733456660510455,
  "P_LV0203": 0.17920218206614388,
  "Q_LV0203": -0.006955335833617457,
  "U_LV0203": 1.0033768872574016,
  "I_LV0203_MV0203": 0.17873354621568877,
  "P_POIMV_MV0101": -0.6892952807956482,
  "Q_POIMV_MV0101": 0.0500413635752087,
  "U_POIMV": 0.9988015544193342,
  "I_POIMV_MV0101": 0.6919385924558972,
  "P_POIMV_MV0201": -0.5312949215350455,
  "Q_POIMV_MV0201": 0.03274176604624033,
  "I_POIMV_MV0201": 0.5329415446520478,
  "P_POI_POIMV": -1.220590202346792,
  "Q_POI_POIMV": 0.10175235567398311,
  "U_POI": 1.0,
  "I_POI_POIMV": 1.2248240624474143
}