{
  "P_LV0101": 0.0,
  "Q_LV0101": 0.0,
  "U_LV0101": 1.0000445158558657,
  "I_LV0101_MV0101": 1.539902995098527e-19,
  "P_LV0102": 0.0,
  "Q_LV0102": 0.0,
  "U_LV0102": 1.0000449165392038,
  "I_LV0102_MV0102": 3.378816280507448e-19,
  "P_LV0103": 0.0,
  "Q_LV0103": 0.0,
  "U_LV0103": 1.0000450501003402,
  "I_LV0103_MV0103": 1.6744576257382042e-19,
  "P_LV0201": 0.0,
  "Q_LV0201": 0.0,
  "U_LV0201": 1.0000453172239512,
  "I_LV0201_MV0201": 1.913665857986519e-19,
  "P_LV0202": 0.0,
  "Q_LV0202": 0.0,
  "U_LV0202": 1.0000457179079316,
  "I_LV0202_MV0202": 3.4087173095384874e-19,
  "P_LV0203": 0.0,
  "Q_LV0203": 0.0,
  "U_LV0203": 1.0000458514692823,
  "I_LV0203_MV0203": 1.5548535096140467e-19,
  "P_POIMV_MV0101": 2.6510971418328426e-08,
  "Q_POIMV_MV0101": -0.0012734963172471342,
  "U_POIMV": 1.0000442153434512,
  "I_POIMV_MV0101": 0.0012734400119355877,
  "P_POIMV_MV0201": 3.361293679531393e-08,
  "Q_POIMV_MV0201": -0.001556498252871697,
  "I_POIMV_MV0201": 0.0015564294351726026,
  "P_POI_POIMV": 2.273946524520983e-13,
  "Q_POI_POIMV": -0.003395738377054158,
  "U_POI": 1.0,
  "I_POI_POIMV": 0.003395738377054158
}