{
  "P_LV0101": 0.11271735424480055,
  "Q_LV0101": -0.013296965564268666,
  "U_LV0101": 1.0003827597744168,
  "I_LV0101_MV0101": 0.1134555219840911,
  "P_LV0102": 0.03441868394135697,
  "Q_LV0102": -0.008796454142516194,
  "U_LV0102": 0.999970105980311,
  "I_LV0102_MV0102": 0.069399198642842,
  "P_LV0103": 0.09103307193999317,
  "Q_LV0103": -0.013296965564268666,
  "U_LV0103": 0.9999815904681432,
  "I_LV0103_MV0103": 0.09200076694751913,
  "P_LV0201": 0.07190589839754517,
  "Q_LV0201": -0.008796454142516194,
  "U_LV0201": 1.0000684448982045,
  "I_LV0201_MV0201": 0.07243699005624145,
  "P_LV0202": 0.07047391749062393,
  "Q_LV0202": -0.00889873849301057,
  "U_LV0202": 1.000106352016584,
  "I_LV0202_MV0202": 0.07102596363868204,
  "P_LV0203": 0.07108762359359018,
  "Q_LV0203": -0.008796454142516194,
  "U_LV0203": 1.0001818523747836,
  "I_LV0203_MV0203": 0.07161677342720389,
  "P_POIMV_MV0101": -0.2718110124839305,
  "Q_POIMV_MV0101": 0.03778522940753503,
  "U_POIMV": 0.9991415102633284,
  "I_POIMV_MV0101": 0.27466055539571194,
  "P_POIMV_MV0201": -0.21297306638758706,
  "Q_POIMV_MV0201": 0.027123735143387583,
  "I_POIMV_MV0201": 0.21487779588336225,
  "P_POI_POIMV": -0.48478407887120545,
  "Q_POI_POIMV": 0.06746339121716316,
  "U_POI": 1.0,
  "I_POI_POIMV": 0.4894557306657295
}