{
  "P_LV0101": 0.24824411864984658,
  "Q_LV0101": -0.01104670985339243,
  "U_LV0101": 1.0037755708871883,
  "I_LV0101_MV0101": 0.2475551210690858,
  "P_LV0102": 0.0841800204568701,
  "Q_LV0102": -0.007364473235594954,
  "U_LV0102": 1.0026816281460729,
  "I_LV0102_MV0102": 0.1680703316967842,
  "P_LV0103": 0.25479031708148653,
  "Q_LV0103": -0.01104670985339243,
  "U_LV0103": 1.004368751398988,
  "I_LV0103_MV0103": 0.25392036075159763,
  "P_LV0201": 0.1683600409137402,
  "Q_LV0201": -0.007364473235594954,
  "U_LV0201": 1.002688452239345,
  "I_LV0201_MV0201": 0.16806918784435315,
  "P_LV0202": 0.1695874531196727,
  "Q_LV0202": -0.007364473235594954,
  "U_LV0202": 1.0029437033725084,
  "I_LV0202_MV0202": 0.16924906289068667,
  "P_LV0203": 0.17091714967609956,
  "Q_LV0203": -0.007364473235594954,
  "U_LV0203": 1.003089102563505,
  "I_LV0203_MV0203": 0.17054889318667635,
  "P_POIMV_MV0101": -0.6667912508439348,
  "Q_POIMV_MV0101": 0.04979652356687546,
  "U_POIMV": 0.9988146028741761,
  "I_POIMV_MV0101": 0.6694416424795502,
  "P_POIMV_MV0201": -0.5061059697775093,
  "Q_POIMV_MV0201": 0.03273116855739929,
  "I_POIMV_MV0201": 0.5077651729847374,
  "P_POI_POIMV": -1.1728972206330197,
  "Q_POI_POIMV": 0.10000595416359101,
  "U_POI": 1.0,
  "I_POI_POIMV": 1.1771529556675433
}