{
  "P_LV0101": 0.2972383225366519,
  "Q_LV0101": -0.006137061029662462,
  "U_LV0101": 1.0056827584224395,
  "I_LV0101_MV0101": 0.2956217247106517,
  "P_LV0102": 0.09890896692806,
  "Q_LV0102": -0.0039890896692806,
  "U_LV0102": 1.0040411739819224,
  "I_LV0102_MV0102": 0.19706178970832497,
  "P_LV0103": 0.29222638936242756,
  "Q_LV0103": -0.006034776679168087,
  "U_LV0103": 1.0061057853171105,
  "I_LV0103_MV0103": 0.29051487347137445,
  "P_LV0201": 0.19976133651551312,
  "Q_LV0201": -0.0039890896692806,
  "U_LV0201": 1.0041056071693255,
  "I_LV0201_MV0201": 0.19898421116532503,
  "P_LV0202": 0.20068189566996247,
  "Q_LV0202": -0.0039890896692806,
  "U_LV0202": 1.004396965110752,
  "I_LV0202_MV0202": 0.19984283669340913,
  "P_LV0203": 0.20201159222638937,
  "Q_LV0203": -0.0039890896692806,
  "U_LV0203": 1.0045635985527892,
  "I_LV0203_MV0203": 0.20113308369088012,
  "P_POIMV_MV0101": -0.7809936713007164,
  "Q_POIMV_MV0101": 0.04443921549009614,
  "U_POIMV": 0.9989088767810468,
  "I_POIMV_MV0101": 0.7831114355552727,
  "P_POIMV_MV0201": -0.5986052825541422,
  "Q_POIMV_MV0201": 0.027426514123949162,
  "I_POIMV_MV0201": 0.5998878099232094,
  "P_POI_POIMV": -1.3795989538974471,
  "Q_POI_POIMV": 0.09620403366333216,
  "U_POI": 1.0,
  "I_POI_POIMV": 1.3829491999665158
}