{
  "P_LV0101": 0.01104670985339243,
  "Q_LV0101": -0.0032730992158199793,
  "U_LV0101": 0.9997014321382569,
  "I_LV0101_MV0101": 0.011524854773325226,
  "P_LV0102": 0.004398227071258097,
  "Q_LV0102": -0.002250255710876236,
  "U_LV0102": 0.9997958961805393,
  "I_LV0102_MV0102": 0.009081570319032253,
  "P_LV0103": 0.01503579952267303,
  "Q_LV0103": -0.0032730992158199793,
  "U_LV0103": 0.999834658898653,
  "I_LV0103_MV0103": 0.015390476473884798,
  "P_LV0201": 0.008285032390044323,
  "Q_LV0201": -0.002250255710876236,
  "U_LV0201": 0.9997798489461939,
  "I_LV0201_MV0201": 0.00858707608055422,
  "P_LV0202": 0.008591885441527447,
  "Q_LV0202": -0.002250255710876236,
  "U_LV0202": 0.9997984959609753,
  "I_LV0202_MV0202": 0.008883464782431355,
  "P_LV0203": 0.008489601091033071,
  "Q_LV0203": -0.002250255710876236,
  "U_LV0203": 0.9998006560794761,
  "I_LV0203_MV0203": 0.008784517061741494,
  "P_POIMV_MV0101": -0.03486538426835821,
  "Q_POIMV_MV0101": 0.00758700829801829,
  "U_POIMV": 0.9998401774684323,
  "I_POIMV_MV0101": 0.03568703926154733,
  "P_POIMV_MV0201": -0.025359167946928125,
  "Q_POIMV_MV0201": 0.005227507817055928,
  "I_POIMV_MV0201": 0.025896497503013583,
  "P_POI_POIMV": -0.060224552295127104,
  "Q_POI_POIMV": 0.012297987462321898,
  "U_POI": 1.0,
  "I_POI_POIMV": 0.0614673669093766
}