{
  "P_LV0101": 0.2599045346062052,
  "Q_LV0101": -0.011148994203886806,
  "U_LV0101": 1.0040046558585143,
  "I_LV0101_MV0101": 0.25910592106170394,
  "P_LV0102": 0.08407773610637571,
  "Q_LV0102": -0.007671326287078077,
  "U_LV0102": 1.0026068191158186,
  "I_LV0102_MV0102": 0.1678926999951214,
  "P_LV0103": 0.2456870098874872,
  "Q_LV0103": -0.011148994203886806,
  "U_LV0103": 1.0041144141468374,
  "I_LV0103_MV0103": 0.24493209200472266,
  "P_LV0201": 0.17306512103648142,
  "Q_LV0201": -0.007466757586089328,
  "U_LV0201": 1.0027784713718562,
  "I_LV0201_MV0201": 0.17274614959042248,
  "P_LV0202": 0.17296283668598703,
  "Q_LV0202": -0.007364473235594954,
  "U_LV0202": 1.0030200439440695,
  "I_LV0202_MV0202": 0.17259829483881928,
  "P_LV0203": 0.17439481759290829,
  "Q_LV0203": -0.007466757586089328,
  "U_LV0203": 1.0031559100038845,
  "I_LV0203_MV0203": 0.17400544442673518,
  "P_POIMV_MV0101": -0.6691147777161323,
  "Q_POIMV_MV0101": 0.05048482490704662,
  "U_POIMV": 0.9987929150419654,
  "I_POIMV_MV0101": 0.6718275722025548,
  "P_POIMV_MV0201": -0.5175385195903799,
  "Q_POIMV_MV0201": 0.0334926919450639,
  "I_POIMV_MV0201": 0.5192479094174257,
  "P_POI_POIMV": -1.1866532973196569,
  "Q_POI_POIMV": 0.10188337096565085,
  "U_POI": 1.0,
  "I_POI_POIMV": 1.1910190046002365
}