{
  "P_LV0101": 0.10023866348448687,
  "Q_LV0101": -0.014012956017729287,
  "U_LV0101": 0.9999157628188734,
  "I_LV0101_MV0101": 0.10122192790440597,
  "P_LV0102": 0.03585066484827821,
  "Q_LV0102": -0.009410160245482442,
  "U_LV0102": 0.999930524378049,
  "I_LV0102_MV0102": 0.07232121774194797,
  "P_LV0103": 0.11496760995567677,
  "Q_LV0103": -0.014012956017729287,
  "U_LV0103": 1.0004835421834237,
  "I_LV0103_MV0103": 0.11576247790827311,
  "P_LV0201": 0.0705762018411183,
  "Q_LV0201": -0.009307875894988066,
  "U_LV0201": 0.9999098400358023,
  "I_LV0201_MV0201": 0.07119375491923302,
  "P_LV0202": 0.0713944766450733,
  "Q_LV0202": -0.009307875894988066,
  "U_LV0202": 1.000021967937108,
  "I_LV0202_MV0202": 0.07199708397897435,
  "P_LV0203": 0.0718036140470508,
  "Q_LV0203": -0.009307875894988066,
  "U_LV0203": 1.0000780994880203,
  "I_LV0203_MV0203": 0.0723987346781476,
  "P_POIMV_MV0101": -0.2860423537056825,
  "Q_POIMV_MV0101": 0.04021807528550382,
  "U_POIMV": 0.9990897401275242,
  "I_POIMV_MV0101": 0.2891190574274198,
  "P_POIMV_MV0201": -0.21327724031569137,
  "Q_POIMV_MV0201": 0.02856645062568649,
  "I_POIMV_MV0201": 0.2153778876928304,
  "P_POI_POIMV": -0.4993195940213572,
  "Q_POI_POIMV": 0.07153263172016477,
  "U_POI": 1.0,
  "I_POI_POIMV": 0.5044174604179219
}