{
  "P_LV0101": 0.1727582679849983,
  "Q_LV0101": -0.015751789976133652,
  "U_LV0101": 1.001268133469931,
  "I_LV0101_MV0101": 0.17325518098976023,
  "P_LV0102": 0.05963177633822025,
  "Q_LV0102": -0.010433003750426184,
  "U_LV0102": 1.0008750209161639,
  "I_LV0102_MV0102": 0.11961434999072175,
  "P_LV0103": 0.18523695874531196,
  "Q_LV0103": -0.015751789976133652,
  "U_LV0103": 1.0018845483540078,
  "I_LV0103_MV0103": 0.1855557972563049,
  "P_LV0201": 0.11977497442891238,
  "Q_LV0201": -0.010433003750426184,
  "U_LV0201": 1.0008902121491856,
  "I_LV0201_MV0201": 0.12012156571753134,
  "P_LV0202": 0.120490964882373,
  "Q_LV0202": -0.010433003750426184,
  "U_LV0202": 1.0010651312095906,
  "I_LV0202_MV0202": 0.12081312312608665,
  "P_LV0203": 0.12171837708830548,
  "Q_LV0203": -0.010433003750426184,
  "U_LV0203": 1.0011749555713503,
  "I_LV0203_MV0203": 0.12202131793937473,
  "P_POIMV_MV0101": -0.4749024965159336,
  "Q_POIMV_MV0101": 0.05171802558785221,
  "U_POIMV": 0.9988048767853618,
  "I_POIMV_MV0101": 0.478281910672847,
  "P_POIMV_MV0201": -0.36057537978117077,
  "Q_POIMV_MV0201": 0.03597230092051421,
  "I_POIMV_MV0201": 0.36279888978076097,
  "P_POI_POIMV": -0.8354778762981476,
  "Q_POI_POIMV": 0.0963354578779114,
  "U_POI": 1.0,
  "I_POI_POIMV": 0.8410135565067959
}