{
  "P_LV0101": 0.2500852369587453,
  "Q_LV0101": -0.012990112512785543,
  "U_LV0101": 1.0034527229168773,
  "I_LV0101_MV0101": 0.24956071672083377,
  "P_LV0102": 0.08106034776679168,
  "Q_LV0102": -0.00869416979202182,
  "U_LV0102": 1.0022300813714984,
  "I_LV0102_MV0102": 0.16199239636290466,
  "P_LV0103": 0.2337197408796454,
  "Q_LV0103": -0.012990112512785543,
  "U_LV0103": 1.0034883994797297,
  "I_LV0103_MV0103": 0.23326672935897955,
  "P_LV0201": 0.1651892260484146,
  "Q_LV0201": -0.00869416979202182,
  "U_LV0201": 1.0023267087371408,
  "I_LV0201_MV0201": 0.16503387600399883,
  "P_LV0202": 0.16539379474940333,
  "Q_LV0202": -0.00869416979202182,
  "U_LV0202": 1.0025502915086943,
  "I_LV0202_MV0202": 0.16520083777265304,
  "P_LV0203": 0.1667234913058302,
  "Q_LV0203": -0.00869416979202182,
  "U_LV0203": 1.0026924237969366,
  "I_LV0203_MV0203": 0.16650173265407722,
  "P_POIMV_MV0101": -0.6416635607683238,
  "Q_POIMV_MV0101": 0.05345290034861822,
  "U_POIMV": 0.9987288832102378,
  "I_POIMV_MV0101": 0.6447056178785897,
  "P_POIMV_MV0201": -0.49466787265036116,
  "Q_POIMV_MV0201": 0.03619151700506668,
  "I_POIMV_MV0201": 0.49662131413063415,
  "P_POI_POIMV": -1.1363314334283199,
  "Q_POI_POIMV": 0.10603950052403105,
  "U_POI": 1.0,
  "I_POI_POIMV": 1.141268374339991
}