{
  "P_LV0101": 0.18656665530173885,
  "Q_LV0101": -0.0159563586771224,
  "U_LV0101": 1.0015549944025512,
  "I_LV0101_MV0101": 0.18695703918620657,
  "P_LV0102": 0.059580634162973066,
  "Q_LV0102": -0.010637572451414933,
  "U_LV0102": 1.000812756377284,
  "I_LV0102_MV0102": 0.11953798095666987,
  "P_LV0103": 0.16641663825434708,
  "Q_LV0103": -0.016058643027616774,
  "U_LV0103": 1.0013418020549878,
  "I_LV0103_MV0103": 0.16696561052533698,
  "P_LV0201": 0.12243436754176609,
  "Q_LV0201": -0.010637572451414933,
  "U_LV0201": 1.000917304087022,
  "I_LV0201_MV0201": 0.12278298614013441,
  "P_LV0202": 0.12171837708830548,
  "Q_LV0202": -0.010637572451414933,
  "U_LV0202": 1.0010573391789992,
  "I_LV0202_MV0202": 0.12205327626114956,
  "P_LV0203": 0.1228435049437436,
  "Q_LV0203": -0.010637572451414933,
  "U_LV0203": 1.0011652109306666,
  "I_LV0203_MV0203": 0.12315971535468208,
  "P_POIMV_MV0101": -0.46984764523766753,
  "Q_POIMV_MV0101": 0.052197429225507984,
  "U_POIMV": 0.9987883524111223,
  "I_POIMV_MV0101": 0.4733116611406064,
  "P_POIMV_MV0201": -0.3655483827602979,
  "Q_POIMV_MV0201": 0.03675971238347009,
  "I_POIMV_MV0201": 0.3678377099921966,
  "P_POI_POIMV": -0.8353960279986975,
  "Q_POI_POIMV": 0.09760371361522967,
  "U_POI": 1.0,
  "I_POI_POIMV": 0.8410784793986137
}