{
  "P_LV0101": 0.10658029321513808,
  "Q_LV0101": -0.013092396863279917,
  "U_LV0101": 1.000274026835307,
  "I_LV0101_MV0101": 0.10735200451492262,
  "P_LV0102": 0.0323218547562223,
  "Q_LV0102": -0.00869416979202182,
  "U_LV0102": 0.9998867678512019,
  "I_LV0102_MV0102": 0.0652331311587312,
  "P_LV0103": 0.08550971701329697,
  "Q_LV0103": -0.012990112512785543,
  "U_LV0103": 0.9998903292822788,
  "I_LV0103_MV0103": 0.0865002648221302,
  "P_LV0201": 0.06812137742925332,
  "Q_LV0201": -0.00869416979202182,
  "U_LV0201": 0.9999965819538513,
  "I_LV0201_MV0201": 0.06867417921725943,
  "P_LV0202": 0.06648482782134332,
  "Q_LV0202": -0.008591885441527447,
  "U_LV0202": 1.0000524292640618,
  "I_LV0202_MV0202": 0.06703418249793826,
  "P_LV0203": 0.06750767132628707,
  "Q_LV0203": -0.00869416979202182,
  "U_LV0203": 1.0001079417135401,
  "I_LV0203_MV0203": 0.06805787447026072,
  "P_POIMV_MV0101": -0.2560429553825656,
  "Q_POIMV_MV0101": 0.036766159074329174,
  "U_POIMV": 0.9991665623938574,
  "I_POIMV_MV0101": 0.2588849459423396,
  "P_POIMV_MV0201": -0.20167012986649363,
  "Q_POIMV_MV0201": 0.02638837449823091,
  "I_POIMV_MV0201": 0.20355890505631077,
  "P_POI_POIMV": -0.45771308524887555,
  "Q_POI_POIMV": 0.06537309855094071,
  "U_POI": 1.0,
  "I_POI_POIMV": 0.4623579894650847
}