{
  "P_LV0101": 0.025673371974087963,
  "Q_LV0101": -0.004602795772246846,
  "U_LV0101": 0.9998497675995031,
  "I_LV0101_MV0101": 0.02608662885042121,
  "P_LV0102": 0.007006478008864643,
  "Q_LV0102": -0.0029662461643368563,
  "U_LV0102": 0.9997765931729621,
  "I_LV0102_MV0102": 0.014326662222471082,
  "P_LV0103": 0.01738833958404364,
  "Q_LV0103": -0.004602795772246846,
  "U_LV0103": 0.9996518866025514,
  "I_LV0103_MV0103": 0.01799348361750788,
  "P_LV0201": 0.015342652574156153,
  "Q_LV0201": -0.0029662461643368563,
  "U_LV0201": 0.9998184408239446,
  "I_LV0201_MV0201": 0.015629596870124676,
  "P_LV0202": 0.014626662120695532,
  "Q_LV0202": -0.0029662461643368563,
  "U_LV0202": 0.9998166522566418,
  "I_LV0202_MV0202": 0.014927141680022099,
  "P_LV0203": 0.014524377770201158,
  "Q_LV0203": -0.0029662461643368563,
  "U_LV0203": 0.9998226824740263,
  "I_LV0203_MV0203": 0.014826804044794821,
  "P_POIMV_MV0101": -0.0570389488351167,
  "Q_POIMV_MV0101": 0.011068490701320835,
  "U_POIMV": 0.9997654348016926,
  "I_POIMV_MV0101": 0.05811658532886944,
  "P_POIMV_MV0201": -0.044471720938815205,
  "Q_POIMV_MV0201": 0.007440428508051938,
  "I_POIMV_MV0201": 0.04510042196589845,
  "P_POI_POIMV": -0.1015106703719771,
  "Q_POI_POIMV": 0.01808170904204322,
  "U_POI": 1.0,
  "I_POI_POIMV": 0.10310850789944202
}