{
  "irrad_LV0101": 363.3364833464568,
  "irrad_LV0102": 423.6380689428306,
  "irrad_LV0103": 451.8168738940034,
  "irrad_LV0201": 368.6124958820567,
  "irrad_LV0202": 324.77161893718244,
  "irrad_LV0203": 423.49126511048405
}