{
  "irrad_LV0101": 914.1968338573535,
  "irrad_LV0102": 885.5045761861821,
  "irrad_LV0103": 859.0428565261788,
  "irrad_LV0201": 791.8564938139099,
  "irrad_LV0202": 894.4211870349317,
  "irrad_LV0203": 900.730837064872
}