{
  "irrad_LV0101": 880.6677667977831,
  "irrad_LV0102": 853.4245258224563,
  "irrad_LV0103": 914.2538564764569,
  "irrad_LV0201": 948.9566009256998,
  "irrad_LV0202": 884.9409783813351,
  "irrad_LV0203": 905.8561544007536
}