{
  "irrad_LV0101": 836.0205367480326,
  "irrad_LV0102": 858.0418523498182,
  "irrad_LV0103": 854.5723424634587,
  "irrad_LV0201": 871.0666267285003,
  "irrad_LV0202": 938.4136927155645,
  "irrad_LV0203": 848.719389301571
}