{
  "irrad_LV0101": 879.9604763416253,
  "irrad_LV0102": 867.9667947652381,
  "irrad_LV0103": 916.807895304413,
  "irrad_LV0201": 775.0122659086117,
  "irrad_LV0202": 869.926191724867,
  "irrad_LV0203": 887.2203058500755
}