{
  "irrad_LV0101": 911.3936200102733,
  "irrad_LV0102": 874.6538079524202,
  "irrad_LV0103": 942.5744587449698,
  "irrad_LV0201": 866.3308549389845,
  "irrad_LV0202": 936.5645194859216,
  "irrad_LV0203": 921.8871218105246
}