{
  "P_LV0101": 0.27420602418109125,
  "Q_LV0101": 6.715499132930692e-16,
  "U_LV0101": 1.0061858176150607,
  "I_LV0101_MV0101": 0.15733964751124757,
  "P_LV0102": 0.26560001111102305,
  "Q_LV0102": -1.0087782843168016e-15,
  "U_LV0102": 1.0063455796916254,
  "I_LV0102_MV0102": 0.1523773155129335,
  "P_LV0103": 0.2576630300668551,
  "Q_LV0103": -5.269921107601364e-16,
  "U_LV0103": 1.006340442850225,
  "I_LV0103_MV0103": 0.14782454667923334,
  "P_LV0201": 0.23751101825033366,
  "Q_LV0201": 5.435418812980863e-16,
  "U_LV0201": 1.00587126660475,
  "I_LV0201_MV0201": 0.1363266402719657,
  "P_LV0202": 0.2682744771772522,
  "Q_LV0202": 7.952059809939323e-17,
  "U_LV0202": 1.0069297559141965,
  "I_LV0202_MV0202": 0.15382238999816705,
  "P_LV0203": 0.2701670062088656,
  "Q_LV0203": 6.519943215788171e-16,
  "U_LV0203": 1.0071533356956066,
  "I_LV0203_MV0203": 0.15487313424138446,
  "P_POIMV_MV0101": -0.7911971205294321,
  "Q_POIMV_MV0101": 0.028128898870363628,
  "U_POIMV": 0.9990634331842537,
  "I_POIMV_MV0101": 0.4575149616223121,
  "P_POIMV_MV0201": -0.7695625213766562,
  "Q_POIMV_MV0201": 0.02662960538572179,
  "I_POIMV_MV0201": 0.4449898201336137,
  "P_POI_POI_MV": -1.5607496419059332,
  "Q_POI_POI_MV": 0.08600942874818429,
  "U_POI": 0.9999766520055162,
  "I_POI_POI_MV": 0.902487518764981
}