{
  "P_LV0101": 0.2507576694924209,
  "Q_LV0101": 4.1751500237854504e-16,
  "U_LV0101": 1.0056628761748165,
  "I_LV0101_MV0101": 0.24934565591822758,
  "P_LV0102": 0.25736278687499214,
  "Q_LV0102": -3.8452971897114104e-16,
  "U_LV0102": 1.0061580959835648,
  "I_LV0102_MV0102": 0.25578762214640677,
  "P_LV0103": 0.25632213515037217,
  "Q_LV0103": 4.511105123661965e-16,
  "U_LV0103": 1.0063070461724861,
  "I_LV0103_MV0103": 0.2547156318991304,
  "P_LV0201": 0.2612694637152134,
  "Q_LV0201": 1.0243937087309309e-15,
  "U_LV0201": 1.0064466910963465,
  "I_LV0201_MV0201": 0.25959592895139466,
  "P_LV0202": 0.2814696771929335,
  "Q_LV0202": 3.345596114521885e-16,
  "U_LV0202": 1.0072568434953182,
  "I_LV0202_MV0202": 0.27944181169938287,
  "P_LV0203": 0.25456658868947757,
  "Q_LV0203": 1.2038212841370756e-15,
  "U_LV0203": 1.0068267486810878,
  "I_LV0203_MV0203": 0.252840510070826,
  "P_POIMV_MV0101": -0.7586677803433304,
  "Q_POIMV_MV0101": 0.025750982559884505,
  "U_POIMV": 0.9990782191712542,
  "I_POIMV_MV0101": 0.7598050529646966,
  "P_POIMV_MV0201": -0.7905911825796466,
  "Q_POIMV_MV0201": 0.028135350343404752,
  "I_POIMV_MV0201": 0.7918215468002082,
  "P_POI_POIMV": -1.5492489629223747,
  "Q_POI_POIMV": 0.08466849853948588,
  "U_POI": 0.9999770159400554,
  "I_POI_POIMV": 1.551596522463469
}