{
  "P_LV0101": 0.2639371027309705,
  "Q_LV0101": -3.753609431395691e-16,
  "U_LV0101": 1.0059746736972548,
  "I_LV0101_MV0101": 0.26236953039873606,
  "P_LV0102": 0.2603396939251681,
  "Q_LV0102": 4.996003652970613e-17,
  "U_LV0102": 1.006253539987355,
  "I_LV0102_MV0102": 0.2587217670095746,
  "P_LV0103": 0.27498919116633425,
  "Q_LV0103": 1.040374640279265e-16,
  "U_LV0103": 1.006765688708821,
  "I_LV0103_MV0103": 0.27314120281453813,
  "P_LV0201": 0.23245872689112643,
  "Q_LV0201": -5.82773622918663e-17,
  "U_LV0201": 1.005756671422657,
  "I_LV0201_MV0201": 0.23112819779988167,
  "P_LV0202": 0.2609273993625468,
  "Q_LV0202": -1.994758017522114e-16,
  "U_LV0202": 1.006759299773631,
  "I_LV0202_MV0202": 0.25917555409839876,
  "P_LV0203": 0.2661146304930666,
  "Q_LV0203": 3.9403556677097163e-16,
  "U_LV0203": 1.0070544068093252,
  "I_LV0203_MV0203": 0.26425049996673367,
  "P_POIMV_MV0101": -0.7929530247733965,
  "Q_POIMV_MV0101": 0.028264763129300263,
  "U_POIMV": 0.9990812267232628,
  "I_POIMV_MV0101": 0.7941862898995715,
  "P_POIMV_MV0201": -0.7533763409181802,
  "Q_POIMV_MV0201": 0.025456092983461076,
  "I_POIMV_MV0201": 0.7544995045669293,
  "P_POI_POIMV": -1.5463193656914493,
  "Q_POI_POIMV": 0.08438429956686377,
  "U_POI": 0.9999770931273286,
  "I_POI_POIMV": 1.5486555995889033
}