{
  "P_LV0101": 0.264149248842991,
  "Q_LV0101": 2.4417287966747453e-16,
  "U_LV0101": 1.0059073834222738,
  "I_LV0101_MV0101": 0.151611015525986,
  "P_LV0102": 0.25597785673465057,
  "Q_LV0102": -4.1095332810395392e-16,
  "U_LV0102": 1.0060798037924956,
  "I_LV0102_MV0102": 0.1468957869298562,
  "P_LV0103": 0.27422312765935075,
  "Q_LV0103": -1.5034374280211103e-16,
  "U_LV0103": 1.0066728279905457,
  "I_LV0103_MV0103": 0.15727333863593085,
  "P_LV0201": 0.2846319381377779,
  "Q_LV0201": 2.5025381083632043e-16,
  "U_LV0201": 1.0069230687810964,
  "I_LV0201_MV0201": 0.16320246421877993,
  "P_LV0202": 0.26543096445981973,
  "Q_LV0202": -3.334585649337248e-18,
  "U_LV0202": 1.0068571937252633,
  "I_LV0202_MV0202": 0.15220295364344852,
  "P_LV0203": 0.2717043041268737,
  "Q_LV0203": -3.997130715582303e-16,
  "U_LV0203": 1.0071796628410703,
  "I_LV0203_MV0203": 0.15575031835445613,
  "P_POIMV_MV0101": -0.788112889076956,
  "Q_POIMV_MV0101": 0.02791555468866136,
  "U_POIMV": 0.9990103845418328,
  "I_POIMV_MV0101": 0.4557535590582024,
  "P_POIMV_MV0201": -0.814650260740791,
  "Q_POIMV_MV0201": 0.029941457195207022,
  "I_POIMV_MV0201": 0.4711223458142453,
  "P_POI_POIMV": -1.6027531498172665,
  "Q_POI_POIMV": 0.0908494968875857,
  "U_POI": 0.9999753382487421,
  "I_POI_POIMV": 0.9268582065628059
}