{
  "irrad_LV0101": -10.776115348721877,
  "irrad_LV0102": -27.785150506328172,
  "irrad_LV0103": -1.7805243696668158,
  "irrad_LV0201": -93.1721984446418,
  "irrad_LV0202": -7.393483124347826,
  "irrad_LV0203": 68.77567576670575
}