{
  "P_LV0101": -0.003232209559753215,
  "Q_LV0101": 0.00999094196578389,
  "U_LV0101": 1.002135670660051,
  "I_LV0101_MV0101": 0.010478388252410736,
  "P_LV0102": -0.008333933535370664,
  "Q_LV0102": 0.009990941965782868,
  "U_LV0102": 1.0019972793409788,
  "I_LV0102_MV0102": 0.012984576138798297,
  "P_LV0103": -0.000534054035501136,
  "Q_LV0103": 0.009990941965783295,
  "U_LV0103": 1.0022186360781535,
  "I_LV0103_MV0103": 0.009983056629407043,
  "P_LV0201": -0.027946255285000592,
  "Q_LV0201": 0.009990941965783125,
  "U_LV0201": 1.0014517063522734,
  "I_LV0201_MV0201": 0.029635456851652503,
  "P_LV0202": -0.002217616094581384,
  "Q_LV0202": 0.009990941965783153,
  "U_LV0202": 1.0021954122114187,
  "I_LV0202_MV0202": 0.010211678210756804,
  "P_LV0203": 0.020628713548245366,
  "Q_LV0203": 0.009990941965783364,
  "U_LV0203": 1.0028433920782858,
  "I_LV0203_MV0203": 0.02285580481702419,
  "P_POIMV_MV0101": 0.012111517668017768,
  "Q_POIMV_MV0101": -0.031195201535410888,
  "U_POIMV": 1.0008377143076572,
  "I_POIMV_MV0101": 0.033435843337342765,
  "P_POIMV_MV0201": 0.009578984401969137,
  "Q_POIMV_MV0201": -0.03132137409096458,
  "I_POIMV_MV0201": 0.032725988109512674,
  "P_POI_POIMV": 0.021700502070218463,
  "Q_POI_POIMV": -0.06302557820481525,
  "U_POI": 1.0000170428590964,
  "I_POI_POIMV": 0.06665571134242534
}