{
  "P_LV0101": 0.000157,
  "Q_LV0101": 0.000162,
  "U_LV0101": 0.002506,
  "I_LV0101_MV0101": 0.000057,
  "P_LV0102": 0.000185,
  "Q_LV0102": 0.000415,
  "U_LV0102": 0.002508,
  "I_LV0102_MV0102": 0.000110,
  "P_LV0103": 0.000193,
  "Q_LV0103": 0.000074,
  "U_LV0103": 0.002506,
  "I_LV0103_MV0103": 0.000054,
  "P_LV0201": 0.000178,
  "Q_LV0201": 0.000375,
  "U_LV0201": 0.002508,
  "I_LV0201_MV0201": 0.000101,
  "P_LV0202": 0.000164,
  "Q_LV0202": 0.000153,
  "U_LV0202": 0.002505,
  "I_LV0202_MV0202": 0.000057,
  "P_LV0203": 0.000165,
  "Q_LV0203": 0.000288,
  "U_LV0203": 0.002507,
  "I_LV0203_MV0203": 0.000082,
  "P_POIMV_MV0101": 0.000480,
  "Q_POIMV_MV0101": 0.000593,
  "U_POIMV": 0.002502,
  "I_POIMV_MV0101": 0.000190,
  "P_POIMV_MV0201": 0.000483,
  "Q_POIMV_MV0201": 0.000586,
  "I_POIMV_MV0201": 0.000189,
  "P_POI_POIMV": 0.000968,
  "Q_POI_POIMV": 0.001179,
  "U_POI": 0.002500,
  "I_POI_POIMV": 0.000380
}
