{
  "irrad_LV0101": 27.241445084654544,
  "irrad_LV0102": 112.15957648978187,
  "irrad_LV0103": -53.64533432882076,
  "irrad_LV0201": 59.43919103222775,
  "irrad_LV0202": 66.01816558606558,
  "irrad_LV0203": 46.58812380833963
}