{
  "P_LV0101": 0.00817085344530541,
  "Q_LV0101": 6.137561330725867e-17,
  "U_LV0101": 1.00027567933504,
  "I_LV0101_MV0101": 0.008168601530667228,
  "P_LV0102": 0.03364136737745135,
  "Q_LV0102": -4.508187574466056e-16,
  "U_LV0102": 1.0009846042677037,
  "I_LV0102_MV0102": 0.03360827652495472,
  "P_LV0103": -0.016090488719048224,
  "Q_LV0103": 2.694144332801188e-16,
  "U_LV0103": 0.9996011939186276,
  "I_LV0103_MV0103": 0.016096908263955184,
  "P_LV0201": 0.01782830967015872,
  "Q_LV0201": -4.456542102531452e-16,
  "U_LV0201": 1.0005870346340275,
  "I_LV0201_MV0201": 0.01781784997511942,
  "P_LV0202": 0.019801620437364824,
  "Q_LV0202": 5.900841750635974e-16,
  "U_LV0202": 1.0006649535733474,
  "I_LV0202_MV0202": 0.019788462028827707,
  "P_LV0203": 0.013973734900874257,
  "Q_LV0203": -3.7650416168710723e-16,
  "U_LV0203": 1.000514986340183,
  "I_LV0203_MV0203": 0.013966542322358654,
  "P_POIMV_MV0101": -0.02568068062009843,
  "Q_POIMV_MV0101": -0.0010708724928463198,
  "U_POIMV": 1.00004021326992,
  "I_POIMV_MV0101": 0.02570196480604584,
  "P_POIMV_MV0201": -0.051574836195868556,
  "Q_POIMV_MV0201": -0.0014284948734371028,
  "I_POIMV_MV0201": 0.05159254057856287,
  "P_POI_POIMV": -0.07724551681520103,
  "Q_POI_POIMV": -0.002987508575188258,
  "U_POI": 1.0000008076532942,
  "I_POI_POIMV": 0.07730320447953544
}