{
  "P_LV0101": 0.18360652317991816,
  "Q_LV0101": 7.798148718883091e-16,
  "U_LV0101": 1.0043950219341027,
  "I_LV0101_MV0101": 0.1828030995477837,
  "P_LV0102": 0.20732786098623843,
  "Q_LV0102": -5.398423769063613e-16,
  "U_LV0102": 1.0052414847537396,
  "I_LV0102_MV0102": 0.20624682141627773,
  "P_LV0103": 0.20874883862862925,
  "Q_LV0103": 3.2376442262187157e-16,
  "U_LV0103": 1.0054162932814898,
  "I_LV0103_MV0103": 0.20762428461081756,
  "P_LV0201": 0.2073485463533863,
  "Q_LV0201": -6.29006962669474e-16,
  "U_LV0201": 1.0054041982733979,
  "I_LV0201_MV0201": 0.20623401683568696,
  "P_LV0202": 0.231860795944175,
  "Q_LV0202": 5.612358065463792e-16,
  "U_LV0202": 1.0062666300782088,
  "I_LV0202_MV0202": 0.23041685872675155,
  "P_LV0203": 0.19845713853392152,
  "Q_LV0203": 8.854429049937336e-17,
  "U_LV0203": 1.0056196559869963,
  "I_LV0203_MV0203": 0.19734811004578034,
  "P_POIMV_MV0101": -0.5961023927472979,
  "Q_POIMV_MV0101": 0.015448726487420572,
  "U_POIMV": 0.9994353682689974,
  "I_POIMV_MV0101": 0.5966394270687215,
  "P_POIMV_MV0201": -0.633353431518799,
  "Q_POIMV_MV0201": 0.017522560498662187,
  "I_POIMV_MV0201": 0.633953727951741,
  "P_POI_POIMV": -1.2294458242659798,
  "Q_POI_POIMV": 0.05212342595859809,
  "U_POI": 0.9999858494901724,
  "I_POI_POIMV": 1.2305676503863416
}