{
  "P_LV0101": 0.000649,
  "Q_LV0101": 0.001926,
  "U_LV0101": 0.002511,
  "I_LV0101_MV0101": 0.000457,
  "P_LV0102": 0.000733,
  "Q_LV0102": 0.002174,
  "U_LV0102": 0.002513,
  "I_LV0102_MV0102": 0.000516,
  "P_LV0103": 0.000738,
  "Q_LV0103": 0.002189,
  "U_LV0103": 0.002514,
  "I_LV0103_MV0103": 0.000519,
  "P_LV0201": 0.000733,
  "Q_LV0201": 0.002175,
  "U_LV0201": 0.002514,
  "I_LV0201_MV0201": 0.000516,
  "P_LV0202": 0.000820,
  "Q_LV0202": 0.002432,
  "U_LV0202": 0.002516,
  "I_LV0202_MV0202": 0.000576,
  "P_LV0203": 0.000702,
  "Q_LV0203": 0.002081,
  "U_LV0203": 0.002514,
  "I_LV0203_MV0203": 0.000493,
  "P_POIMV_MV0101": 0.002114,
  "Q_POIMV_MV0101": 0.006252,
  "U_POIMV": 0.002499,
  "I_POIMV_MV0101": 0.001492,
  "P_POIMV_MV0201": 0.002247,
  "Q_POIMV_MV0201": 0.006643,
  "I_POIMV_MV0201": 0.001585,
  "P_POI_POIMV": 0.004381,
  "Q_POI_POIMV": 0.012896,
  "U_POI": 0.002500,
  "I_POI_POIMV": 0.003076
}
