{
  "irrad_LV0101": 185.75495194660638,
  "irrad_LV0102": 210.6210610664374,
  "irrad_LV0103": 142.14411811315526,
  "irrad_LV0201": 121.96802351394382,
  "irrad_LV0202": 122.39827018491962,
  "irrad_LV0203": 135.63321326175762
}