{
  "irrad_LV0101": 77.65350086617586,
  "irrad_LV0102": 38.38612934829973,
  "irrad_LV0103": -14.67263733848837,
  "irrad_LV0201": 49.03339362989767,
  "irrad_LV0202": -3.323133030185926,
  "irrad_LV0203": 13.894722427498849
}