{
  "irrad_LV0101": 77.39963055640958,
  "irrad_LV0102": -9.307234299364103,
  "irrad_LV0103": 23.26708828826814,
  "irrad_LV0201": 14.208041261686413,
  "irrad_LV0202": 35.312943951929874,
  "irrad_LV0203": 67.80798630264324
}