{
  "irrad_LV0101": 1051.26105029316,
  "irrad_LV0102": 1067.6474770647394,
  "irrad_LV0103": 1110.8891648426027,
  "irrad_LV0201": 1080.2278050802804,
  "irrad_LV0202": 1095.085668075887,
  "irrad_LV0203": 1015.0396189440578
}