{
  "irrad_LV0101": 1130.5554212783234,
  "irrad_LV0102": 1074.7026161997514,
  "irrad_LV0103": 1101.2992872454413,
  "irrad_LV0201": 1001.930668916629,
  "irrad_LV0202": 1077.7002142719148,
  "irrad_LV0203": 1119.6934024912607
}