{
  "irrad_LV0101": 1089.709337445806,
  "irrad_LV0102": 1086.340551220043,
  "irrad_LV0103": 1034.8798617910195,
  "irrad_LV0201": 1091.6137050815144,
  "irrad_LV0202": 1128.135324007865,
  "irrad_LV0203": 1086.8023295736114
}