{
  "irrad_LV0101": 1125.3697333494283,
  "irrad_LV0102": 1039.4434709496534,
  "irrad_LV0103": 1074.6947547224813,
  "irrad_LV0201": 1179.0364754633977,
  "irrad_LV0202": 1084.9322848601385,
  "irrad_LV0203": 1138.7279963299216
}