{
  "P_LV0101": 0.3153173390035001,
  "Q_LV0101": -1.0602702550728366e-15,
  "U_LV0101": 1.0066567441700263,
  "I_LV0101_MV0101": 0.18084471356114903,
  "P_LV0102": 0.3202323165763392,
  "Q_LV0102": -9.873784152136477e-17,
  "U_LV0102": 1.0071975414550307,
  "I_LV0102_MV0102": 0.18356499749937258,
  "P_LV0103": 0.33320231477073037,
  "Q_LV0103": 6.322680312832837e-16,
  "U_LV0103": 1.0076945022458488,
  "I_LV0103_MV0103": 0.1909055231508584,
  "P_LV0201": 0.3240056852867517,
  "Q_LV0201": -4.748623265098879e-16,
  "U_LV0201": 1.0074766031946722,
  "I_LV0201_MV0201": 0.18567653980856688,
  "P_LV0202": 0.32846218238777786,
  "Q_LV0202": -1.13743712155274e-17,
  "U_LV0202": 1.0079934193341828,
  "I_LV0202_MV0202": 0.1881338962961269,
  "P_LV0203": 0.3044530105432078,
  "Q_LV0203": -5.787037515859968e-16,
  "U_LV0203": 1.0076829851505844,
  "I_LV0203_MV0203": 0.17443583962712803,
  "P_POIMV_MV0101": -0.9594895833338342,
  "Q_POIMV_MV0101": 0.042049495502396894,
  "U_POIMV": 0.9985786348044317,
  "I_POIMV_MV0101": 0.5552825476738061,
  "P_POIMV_MV0201": -0.9472813565309934,
  "Q_POIMV_MV0201": 0.04110268481593948,
  "I_POIMV_MV0201": 0.5482069445744128,
  "P_POI_POIMV": -1.9067609398637424,
  "Q_POI_POIMV": 0.13015213990547636,
  "U_POI": 0.999964670507329,
  "I_POI_POIMV": 1.103469523734269
}