{
  "P_LV0101": 0.33910105100350785,
  "Q_LV0101": 5.150125033903099e-16,
  "U_LV0101": 1.007128576466488,
  "I_LV0101_MV0101": 0.33670085322496196,
  "P_LV0102": 0.3223484490990185,
  "Q_LV0102": -2.344355463791698e-16,
  "U_LV0102": 1.0072097570342606,
  "I_LV0102_MV0102": 0.32004103102433873,
  "P_LV0103": 0.3303259077313342,
  "Q_LV0103": -6.952771691712759e-16,
  "U_LV0103": 1.007599077022655,
  "I_LV0103_MV0103": 0.32783466684726537,
  "P_LV0201": 0.30052108589078574,
  "Q_LV0201": 6.434010992097752e-17,
  "U_LV0201": 1.0069346742567395,
  "I_LV0201_MV0201": 0.29845142249432705,
  "P_LV0202": 0.32324755465158617,
  "Q_LV0202": -6.289953785567947e-17,
  "U_LV0202": 1.0078622587485984,
  "I_LV0202_MV0202": 0.3207259244462067,
  "P_LV0203": 0.33584307539489217,
  "Q_LV0203": 2.0028837994045776e-16,
  "U_LV0203": 1.0083520745651626,
  "I_LV0203_MV0203": 0.3330613223954735,
  "P_POIMV_MV0101": -0.9820903284146425,
  "Q_POIMV_MV0101": 0.04410478486215652,
  "U_POIMV": 0.9985386070747982,
  "I_POIMV_MV0101": 0.9845189515249337,
  "P_POIMV_MV0201": -0.9498753461203933,
  "Q_POIMV_MV0201": 0.041405397753578654,
  "I_POIMV_MV0201": 0.9521688485286106,
  "P_POI_POIMV": -1.9319556745343105,
  "Q_POI_POIMV": 0.13378216435694412,
  "U_POI": 0.9999636852812043,
  "I_POI_POIMV": 1.9366524718037346
}