{
  "P_LV0101": 0.3375456454092591,
  "Q_LV0101": -5.159868938970433e-16,
  "U_LV0101": 1.0070260280816519,
  "I_LV0101_MV0101": 0.19352237559546,
  "P_LV0102": 0.3117727506531393,
  "Q_LV0102": -3.223498752061579e-16,
  "U_LV0102": 1.0069016994263422,
  "I_LV0102_MV0102": 0.17876827660349753,
  "P_LV0103": 0.32234609111182516,
  "Q_LV0103": 1.3097225269050244e-16,
  "U_LV0103": 1.0073429507333598,
  "I_LV0103_MV0103": 0.18474999238357473,
  "P_LV0201": 0.3536425552221405,
  "Q_LV0201": 9.626745359734515e-16,
  "U_LV0201": 1.0080557353049686,
  "I_LV0201_MV0201": 0.20254398373383625,
  "P_LV0202": 0.32541675634770945,
  "Q_LV0202": -4.5102501679977815e-17,
  "U_LV0202": 1.0079083066909507,
  "I_LV0202_MV0202": 0.1864053015824319,
  "P_LV0203": 0.341552349486751,
  "Q_LV0203": 4.815183159025194e-16,
  "U_LV0203": 1.008475368876095,
  "I_LV0203_MV0203": 0.1955380835312726,
  "P_POIMV_MV0101": -0.9623638542436765,
  "Q_POIMV_MV0101": 0.042326310778662446,
  "U_POIMV": 0.9984747244340465,
  "I_POIMV_MV0101": 0.5570077526331596,
  "P_POIMV_MV0201": -1.0096545367846375,
  "Q_POIMV_MV0201": 0.0469331447826562,
  "I_POIMV_MV0201": 0.5844452089359015,
  "P_POI_POI_MV": -1.972008391027472,
  "Q_POI_POI_MV": 0.13958848130914703,
  "U_POI": 0.9999621093218656,
  "I_POI_POI_MV": 1.1414315911258794
}