{
  "irrad_LV0101": 12.916051197727082,
  "irrad_LV0102": -67.15881741370424,
  "irrad_LV0103": 1.3858801588153502,
  "irrad_LV0201": 88.7039121968076,
  "irrad_LV0202": -28.917690450929296,
  "irrad_LV0203": 10.619469494361747
}