{
  "P_LV0101": -0.0003713950616506812,
  "Q_LV0101": 0.0008799211648332139,
  "U_LV0101": 1.0002338484361872,
  "I_LV0101_MV0101": 0.0009548659941263681,
  "P_LV0102": -0.0002539887050319143,
  "Q_LV0102": 0.0008799211648331994,
  "U_LV0102": 1.0002546736862272,
  "I_LV0102_MV0102": 0.0009156115200703667,
  "P_LV0103": 0.023757533855477006,
  "Q_LV0103": 0.0008799211648327992,
  "U_LV0103": 1.0009326708634203,
  "I_LV0103_MV0103": 0.023751670847568802,
  "P_LV0201": 0.018580062842608398,
  "Q_LV0201": 0.0008799211648324586,
  "U_LV0201": 1.0007503308264856,
  "I_LV0201_MV0201": 0.01858694062679114,
  "P_LV0202": -0.016919729719159723,
  "Q_LV0202": 0.0008799211648319023,
  "U_LV0202": 0.9997532054282618,
  "I_LV0202_MV0202": 0.0169467770683767,
  "P_LV0203": -0.0018168098380052572,
  "Q_LV0203": 0.0008799211648332601,
  "U_LV0203": 1.0001748680271942,
  "I_LV0203_MV0203": 0.0020183246573327435,
  "P_POIMV_MV0101": -0.023115456924415412,
  "Q_POIMV_MV0101": -0.0038341453011980775,
  "U_POIMV": 1.0001130214426863,
  "I_POIMV_MV0101": 0.023428634976286555,
  "P_POIMV_MV0201": 0.00017443438537156908,
  "Q_POIMV_MV0201": -0.004107723736410662,
  "I_POIMV_MV0201": 0.004110961117370841,
  "P_POI_POIMV": -0.022931022538969597,
  "Q_POI_POIMV": -0.008500114851813123,
  "U_POI": 1.0000022985482155,
  "I_POI_POIMV": 0.024455694587101093
}