{
  "irrad_LV0101": -28.955586236447456,
  "irrad_LV0102": -58.09115395411626,
  "irrad_LV0103": 37.204372299913416,
  "irrad_LV0201": -47.72143761081358,
  "irrad_LV0202": -37.93829775641744,
  "irrad_LV0203": -71.51894606630876
}