{
  "irrad_LV0101": -68.54095877756403,
  "irrad_LV0102": 27.5864406003372,
  "irrad_LV0103": 41.21604963452683,
  "irrad_LV0201": 64.9574683896909,
  "irrad_LV0202": 82.41659142641171,
  "irrad_LV0203": -43.35619348304134
}