{
  "P_LV0101": -0.02055831206574543,
  "Q_LV0101": -0.006298290901796318,
  "U_LV0101": 0.9980823399919665,
  "I_LV0101_MV0101": 0.021542768942572482,
  "P_LV0102": 0.00827433208930431,
  "Q_LV0102": -0.00629829090179594,
  "U_LV0102": 0.9988968611018532,
  "I_LV0102_MV0102": 0.010410187639050893,
  "P_LV0103": 0.012362424244074313,
  "Q_LV0103": -0.006298290901795951,
  "U_LV0103": 0.9990154581101772,
  "I_LV0103_MV0103": 0.01388803825888466,
  "P_LV0201": 0.01948347280185976,
  "Q_LV0201": -0.006298290901796232,
  "U_LV0201": 0.9992209392264415,
  "I_LV0201_MV0201": 0.020492150327643167,
  "P_LV0202": 0.024720197034854337,
  "Q_LV0202": -0.006298290901796786,
  "U_LV0202": 0.999366732315865,
  "I_LV0202_MV0202": 0.025526096441963075,
  "P_LV0203": -0.013004343264293047,
  "Q_LV0203": -0.006298290901797221,
  "U_LV0203": 0.9983101125362672,
  "I_LV0203_MV0203": 0.014473729267301593,
  "P_POIMV_MV0101": -5.6549183227616595e-05,
  "Q_POIMV_MV0101": 0.017729479967101724,
  "U_POIMV": 0.9995387186682575,
  "I_POIMV_MV0101": 0.017737752244265406,
  "P_POIMV_MV0201": -0.03116206834397417,
  "Q_POIMV_MV0201": 0.01751905828393774,
  "I_POIMV_MV0201": 0.03576551062888659,
  "P_POI_POIMV": -0.03120861752637873,
  "Q_POI_POIMV": 0.03471152602105576,
  "U_POI": 0.9999906133011168,
  "I_POI_POIMV": 0.046678782674218676
}