{
  "P_LV0101": 0.000054,
  "Q_LV0101": 0.000180,
  "U_LV0101": 0.002501,
  "I_LV0101_MV0101": 0.000050,
  "P_LV0102": 0.000066,
  "Q_LV0102": 0.000214,
  "U_LV0102": 0.002499,
  "I_LV0102_MV0102": 0.000057,
  "P_LV0103": 0.000063,
  "Q_LV0103": 0.000208,
  "U_LV0103": 0.002499,
  "I_LV0103_MV0103": 0.000056,
  "P_LV0201": 0.000042,
  "Q_LV0201": 0.000142,
  "U_LV0201": 0.002501,
  "I_LV0201_MV0201": 0.000039,
  "P_LV0202": 0.000064,
  "Q_LV0202": 0.000209,
  "U_LV0202": 0.002499,
  "I_LV0202_MV0202": 0.000056,
  "P_LV0203": 0.000027,
  "Q_LV0203": 0.000092,
  "U_LV0203": 0.002500,
  "I_LV0203_MV0203": 0.000026,
  "P_POIMV_MV0101": 0.000123,
  "Q_POIMV_MV0101": 0.000402,
  "U_POIMV": 0.002500,
  "I_POIMV_MV0101": 0.000112,
  "P_POIMV_MV0201": 0.000046,
  "Q_POIMV_MV0201": 0.000074,
  "I_POIMV_MV0201": 0.000023,
  "P_POI_POIMV": 0.000175,
  "Q_POI_POIMV": 0.000516,
  "U_POI": 0.002500,
  "I_POI_POIMV": 0.000146
}
