{
  "irrad_LV0101": 778.3722495835299,
  "irrad_LV0102": 734.8282381376189,
  "irrad_LV0103": 709.9467224526907,
  "irrad_LV0201": 777.9029326056695,
  "irrad_LV0202": 724.3793857102539,
  "irrad_LV0203": 837.2601688260913
}