{
  "irrad_LV0101": 709.126255580234,
  "irrad_LV0102": 771.2170925381375,
  "irrad_LV0103": 773.0874440257403,
  "irrad_LV0201": 676.4404862086526,
  "irrad_LV0202": 778.7574256436507,
  "irrad_LV0203": 697.9433909756613
}