{
  "irrad_LV0101": 725.7406684179849,
  "irrad_LV0102": 665.1655710314791,
  "irrad_LV0103": 669.9377707872015,
  "irrad_LV0201": 713.5711027724412,
  "irrad_LV0202": 715.2210265800433,
  "irrad_LV0203": 771.596328050825
}