{
  "P_LV0101": 0.021269674536569305,
  "Q_LV0101": -0.010138921700011185,
  "U_LV0101": 0.9913719714763579,
  "I_LV0101_MV0101": 0.013722277858310549,
  "P_LV0102": 0.023132039501066626,
  "Q_LV0102": -0.01013892170001118,
  "U_LV0102": 0.9920276466670223,
  "I_LV0102_MV0102": 0.014699012132523708,
  "P_LV0103": 0.023188139197132383,
  "Q_LV0103": -0.01013892170001116,
  "U_LV0103": 0.992150098599718,
  "I_LV0103_MV0103": 0.014727103296487439,
  "P_LV0201": 0.020289291042036237,
  "Q_LV0201": -0.010138921700011122,
  "U_LV0201": 0.9914240082507968,
  "I_LV0201_MV0201": 0.01320847931096711,
  "P_LV0202": 0.023358205758188713,
  "Q_LV0202": -0.010138921700011174,
  "U_LV0202": 0.9923516402381096,
  "I_LV0202_MV0202": 0.014814822729046788,
  "P_LV0203": 0.02093425346217804,
  "Q_LV0203": -0.010138921700011164,
  "U_LV0203": 0.9918769432830309,
  "I_LV0203_MV0203": 0.013539310444059463,
  "P_POIMV_MV0101": -0.06703009357926248,
  "Q_POIMV_MV0101": 0.03290636462412522,
  "U_POIMV": 0.9999933885771056,
  "I_POIMV_MV0101": 0.04311200918351634,
  "P_POIMV_MV0201": -0.06402603006974061,
  "Q_POIMV_MV0201": 0.03271675504623772,
  "I_POIMV_MV0201": 0.04151219477983318,
  "P_POI_POI_MV": -0.13105512364907568,
  "Q_POI_POI_MV": 0.06556653673760593,
  "U_POI": 0.9999934067901518,
  "I_POI_POI_MV": 0.084606342055237
}