{
  "P_LV0101": 0.2131897094108575,
  "Q_LV0101": -0.10711119579611864,
  "U_LV0101": 0.9810364943457504,
  "I_LV0101_MV0101": 0.1404096007076436,
  "P_LV0102": 0.2097386941685969,
  "Q_LV0102": -0.10711119579611886,
  "U_LV0102": 0.9811431946122435,
  "I_LV0102_MV0102": 0.1385827441460923,
  "P_LV0103": 0.21488085398300913,
  "Q_LV0103": -0.10711119579611768,
  "U_LV0103": 0.9813619253086623,
  "I_LV0103_MV0103": 0.1412527716544408,
  "P_LV0201": 0.21624276703389883,
  "Q_LV0201": -0.10711119579611796,
  "U_LV0201": 0.9814195054666992,
  "I_LV0201_MV0201": 0.14196197690000498,
  "P_LV0202": 0.2267645471759446,
  "Q_LV0202": -0.10711119579611834,
  "U_LV0202": 0.9818727154934968,
  "I_LV0202_MV0202": 0.14746607849450602,
  "P_LV0203": 0.2211569423038797,
  "Q_LV0203": -0.10711119579611884,
  "U_LV0203": 0.9818408793139771,
  "I_LV0203_MV0203": 0.14449616798906972,
  "P_POIMV_MV0101": -0.6325136681625736,
  "Q_POIMV_MV0101": 0.3448773477459781,
  "U_POIMV": 0.9905806924815818,
  "I_POIMV_MV0101": 0.4198933716061323,
  "P_POIMV_MV0201": -0.6581215403355145,
  "Q_POIMV_MV0201": 0.3465116717100045,
  "I_POIMV_MV0201": 0.4334992618146454,
  "P_POI_POI_MV": -1.290625208497752,
  "Q_POI_POI_MV": 0.7192700892037465,
  "U_POI": 0.9998053985956902,
  "I_POI_POI_MV": 0.8532121253087159
}