{
  "P_LV0101": 0.2176801055345534,
  "Q_LV0101": -0.11208867159251099,
  "U_LV0101": 0.9800161476390362,
  "I_LV0101_MV0101": 0.24983652116201358,
  "P_LV0102": 0.19951108984386037,
  "Q_LV0102": -0.11208867159251026,
  "U_LV0102": 0.9797492816594999,
  "I_LV0102_MV0102": 0.23357174279421872,
  "P_LV0103": 0.20094247296962905,
  "Q_LV0103": -0.11208867159251065,
  "U_LV0103": 0.9798682000774609,
  "I_LV0103_MV0103": 0.23481804802434839,
  "P_LV0201": 0.21402994170977255,
  "Q_LV0201": -0.11208867159251117,
  "U_LV0201": 0.9802350037316399,
  "I_LV0201_MV0201": 0.24647599747729074,
  "P_LV0202": 0.21452482315185242,
  "Q_LV0202": -0.11208867159251107,
  "U_LV0202": 0.980445266998287,
  "I_LV0202_MV0202": 0.24687039416137535,
  "P_LV0203": 0.2314341436677509,
  "Q_LV0203": -0.11208867159251103,
  "U_LV0203": 0.9809494341099204,
  "I_LV0203_MV0203": 0.2621430214219465,
  "P_POIMV_MV0101": -0.6129822297366445,
  "Q_POIMV_MV0101": 0.3591724439618247,
  "U_POIMV": 0.9901860243430789,
  "I_POIMV_MV0101": 0.7175005809462313,
  "P_POIMV_MV0201": -0.6538758764100976,
  "Q_POIMV_MV0201": 0.3617425809194401,
  "I_POIMV_MV0201": 0.7546756347723171,
  "P_POI_POIMV": -1.2668481061470103,
  "Q_POI_POIMV": 0.7485650030967008,
  "U_POI": 0.9997974758397093,
  "I_POI_POIMV": 1.4717781717302645
}