{
  "P_LV0101": 0.000189,
  "Q_LV0101": 0.000336,
  "U_LV0101": 0.002478,
  "I_LV0101_MV0101": 0.000057,
  "P_LV0102": 0.000182,
  "Q_LV0102": 0.000341,
  "U_LV0102": 0.002480,
  "I_LV0102_MV0102": 0.000057,
  "P_LV0103": 0.000182,
  "Q_LV0103": 0.000342,
  "U_LV0103": 0.002480,
  "I_LV0103_MV0103": 0.000056,
  "P_LV0201": 0.000192,
  "Q_LV0201": 0.000331,
  "U_LV0201": 0.002479,
  "I_LV0201_MV0201": 0.000057,
  "P_LV0202": 0.000182,
  "Q_LV0202": 0.000342,
  "U_LV0202": 0.002481,
  "I_LV0202_MV0202": 0.000056,
  "P_LV0203": 0.000190,
  "Q_LV0203": 0.000334,
  "U_LV0203": 0.002480,
  "I_LV0203_MV0203": 0.000057,
  "P_POIMV_MV0101": 0.000583,
  "Q_POIMV_MV0101": 0.001014,
  "U_POIMV": 0.002500,
  "I_POIMV_MV0101": 0.000170,
  "P_POIMV_MV0201": 0.000593,
  "Q_POIMV_MV0201": 0.001004,
  "I_POIMV_MV0201": 0.000171,
  "P_POI_POI_MV": 0.001176,
  "Q_POI_POI_MV": 0.002020,
  "U_POI": 0.002500,
  "I_POI_POI_MV": 0.000341
}
