{
  "P_LV0101": -0.013243313236959672,
  "Q_LV0101": 3.745056249384849e-16,
  "U_LV0101": 0.9996643467205105,
  "I_LV0101_MV0101": 0.01324775989101298,
  "P_LV0102": -0.01506831310897042,
  "Q_LV0102": -2.261869331578628e-16,
  "U_LV0102": 0.9996045384330102,
  "I_LV0102_MV0102": 0.015074274405147914,
  "P_LV0103": 0.00222464379969032,
  "Q_LV0103": -7.493668412781838e-17,
  "U_LV0103": 1.0000888863540316,
  "I_LV0103_MV0103": 0.0022244460767888146,
  "P_LV0201": 0.02346538345088454,
  "Q_LV0201": 2.6247602653119233e-16,
  "U_LV0201": 1.0006915513762116,
  "I_LV0201_MV0201": 0.02344916714707297,
  "P_LV0202": -0.013153382779692233,
  "Q_LV0202": 3.4684018065056417e-16,
  "U_LV0202": 0.9996634432075411,
  "I_LV0202_MV0202": 0.01315781113040206,
  "P_LV0203": -0.008737078917009115,
  "Q_LV0203": 3.0459069875464857e-16,
  "U_LV0203": 0.9997811575555251,
  "I_LV0203_MV0203": 0.008738991379244793,
  "P_POIMV_MV0101": 0.026098664135815852,
  "Q_POIMV_MV0101": -0.0012164955976459169,
  "U_POIMV": 1.0000428425987664,
  "I_POIMV_MV0101": 0.026125880741728856,
  "P_POIMV_MV0201": -0.001552324550971207,
  "Q_POIMV_MV0201": -0.001445064505389837,
  "I_POIMV_MV0201": 0.0021207398604346766,
  "P_POI_POIMV": 0.024556339585334756,
  "Q_POI_POIMV": -0.0032195272997341817,
  "U_POI": 1.0000008705910353,
  "I_POI_POIMV": 0.02476647132436501
}