{
  "P_LV0101": 0.3486385957104039,
  "Q_LV0101": 1.9343356488836143e-16,
  "U_LV0101": 1.0070885814041408,
  "I_LV0101_MV0101": 0.34618463772502706,
  "P_LV0102": 0.36282457949591007,
  "Q_LV0102": 7.350804987166533e-16,
  "U_LV0102": 1.0078460541553058,
  "I_LV0102_MV0102": 0.36,
  "P_LV0103": 0.33607868314935535,
  "Q_LV0103": 1.021011665073169e-15,
  "U_LV0103": 1.0075144641963176,
  "I_LV0103_MV0103": 0.3335720677890628,
  "P_LV0201": 0.3629147675861716,
  "Q_LV0201": 1.3142342966597972e-16,
  "U_LV0201": 1.0080965766282544,
  "I_LV0201_MV0201": 0.36,
  "P_LV0202": 0.3505543384486005,
  "Q_LV0202": 1.8906737613825722e-16,
  "U_LV0202": 1.0083086633566676,
  "I_LV0202_MV0202": 0.3476657011768622,
  "P_LV0203": 0.3524644247968073,
  "Q_LV0203": -5.898051494815406e-16,
  "U_LV0203": 1.0085822671262177,
  "I_LV0203_MV0203": 0.349465220919553,
  "P_POIMV_MV0101": -1.0367323388506975,
  "Q_POIMV_MV0101": 0.049363092237626915,
  "U_POIMV": 0.9982801322159577,
  "I_POIMV_MV0101": 1.0396950014351585,
  "P_POIMV_MV0201": -1.0539912414592436,
  "Q_POIMV_MV0201": 0.051272552768068635,
  "I_POIMV_MV0201": 1.0570556050194262,
  "P_POI_POIMV": -2.0907135803087598,
  "Q_POI_POIMV": 0.15731395533885006,
  "U_POI": 0.9999572980361701,
  "I_POI_POIMV": 2.096713237595679
}