{
  "irrad_LV0101": 758.7573744198941,
  "irrad_LV0102": 703.450255629656,
  "irrad_LV0103": 597.3796454990737,
  "irrad_LV0201": 668.361437309026,
  "irrad_LV0202": 719.6640082177452,
  "irrad_LV0203": 756.005043856775
}