{
  "irrad_LV0101": 684.7714895679227,
  "irrad_LV0102": 724.7413983806242,
  "irrad_LV0103": 671.692218028698,
  "irrad_LV0201": 847.0484246925395,
  "irrad_LV0202": 819.7995906706888,
  "irrad_LV0203": 769.4933799142093
}