{
  "irrad_LV0101": 859.694675912246,
  "irrad_LV0102": 730.7987274520315,
  "irrad_LV0103": 671.5149577488928,
  "irrad_LV0201": 709.3910308833179,
  "irrad_LV0202": 727.437289527644,
  "irrad_LV0203": 716.4218031673862
}