{
  "P_LV0101": 0.2578585380753259,
  "Q_LV0101": 0.10407354894987854,
  "U_LV0101": 1.0283150231947702,
  "I_LV0101_MV0101": 0.27041220120428844,
  "P_LV0102": 0.21919722986318074,
  "Q_LV0102": 0.10407354894987736,
  "U_LV0102": 1.0278125156896778,
  "I_LV0102_MV0102": 0.23608332440634752,
  "P_LV0103": 0.20141553757687658,
  "Q_LV0103": 0.10407354894987868,
  "U_LV0103": 1.0275813044686417,
  "I_LV0103_MV0103": 0.2206293814566359,
  "P_LV0201": 0.21277616259890936,
  "Q_LV0201": 0.10407354894987791,
  "U_LV0201": 1.0278499735153739,
  "I_LV0201_MV0201": 0.2304469955055975,
  "P_LV0202": 0.21818899345867623,
  "Q_LV0202": 0.10407354894987808,
  "U_LV0202": 1.0283556972952321,
  "I_LV0202_MV0202": 0.23507332439398115,
  "P_LV0203": 0.2148849864796511,
  "Q_LV0203": 0.10407354894987889,
  "U_LV0203": 1.028468863716644,
  "I_LV0203_MV0203": 0.23215199264825118,
  "P_POIMV_MV0101": -0.6731759701840474,
  "Q_POIMV_MV0101": -0.28861064013062787,
  "U_POIMV": 1.0075010393146573,
  "I_POIMV_MV0101": 0.7269825302645634,
  "P_POIMV_MV0201": -0.6406429600926913,
  "Q_POIMV_MV0201": -0.29079384522151486,
  "I_POIMV_MV0201": 0.6983132469144164,
  "P_POI_POIMV": -1.3138089302765228,
  "Q_POI_POIMV": -0.5535222352164055,
  "U_POI": 1.0001495961577422,
  "I_POI_POIMV": 1.4254377587088884
}