{
  "P_LV0101": 0.2053917282066218,
  "Q_LV0101": 0.11178317938824306,
  "U_LV0101": 1.0286829640759618,
  "I_LV0101_MV0101": 0.13124325928614855,
  "P_LV0102": 0.21738038248380528,
  "Q_LV0102": 0.11178317938824293,
  "U_LV0102": 1.0293384151055087,
  "I_LV0102_MV0102": 0.13710367375255716,
  "P_LV0103": 0.20146870537922557,
  "Q_LV0103": 0.11178317938824275,
  "U_LV0103": 1.0291538136061482,
  "I_LV0103_MV0103": 0.12925444293881472,
  "P_LV0201": 0.25406539622739416,
  "Q_LV0201": 0.1117831793882421,
  "U_LV0201": 1.0304588426707701,
  "I_LV0201_MV0201": 0.15551780568761583,
  "P_LV0202": 0.24589232652950882,
  "Q_LV0202": 0.11178317938824252,
  "U_LV0202": 1.0306906653015833,
  "I_LV0202_MV0202": 0.15130351731037905,
  "P_LV0203": 0.23080338120364635,
  "Q_LV0203": 0.11178317938824282,
  "U_LV0203": 1.0305520433723414,
  "I_LV0203_MV0203": 0.14367099558681845,
  "P_POIMV_MV0101": -0.6194976095739548,
  "Q_POIMV_MV0101": -0.3144381861850434,
  "U_POIMV": 1.0080592275602553,
  "I_POIMV_MV0101": 0.39789536131642045,
  "P_POIMV_MV0201": -0.7242548773906492,
  "Q_POIMV_MV0201": -0.30813401963251863,
  "I_POIMV_MV0201": 0.4507866746845582,
  "P_POI_POI_MV": -1.3437424869646486,
  "Q_POI_POI_MV": -0.5950350799744228,
  "U_POI": 1.000160815532843,
  "I_POI_POI_MV": 0.8483348700388695
}