{
  "P_LV0101": 0.021596926786777486,
  "Q_LV0101": 0.01062876258660753,
  "U_LV0101": 1.020281337478755,
  "I_LV0101_MV0101": 0.0136209646562453,
  "P_LV0102": 0.02043321632534766,
  "Q_LV0102": 0.0106287625866077,
  "U_LV0102": 1.0203635376636357,
  "I_LV0102_MV0102": 0.013032321442099008,
  "P_LV0103": 0.01788452626534295,
  "Q_LV0103": 0.010628762586607578,
  "U_LV0103": 1.0199294821508023,
  "I_LV0103_MV0103": 0.0117767738644319,
  "P_LV0201": 0.021403273144071967,
  "Q_LV0201": 0.010628762586607745,
  "U_LV0201": 1.0208361482668395,
  "I_LV0201_MV0201": 0.013515380278992309,
  "P_LV0202": 0.022139992950101887,
  "Q_LV0202": 0.010628762586607656,
  "U_LV0202": 1.0213969177142104,
  "I_LV0202_MV0202": 0.013882173031539534,
  "P_LV0203": 0.021945648320483083,
  "Q_LV0203": 0.010628762586607672,
  "U_LV0203": 1.0215465610202366,
  "I_LV0203_MV0203": 0.013781202442171703,
  "P_POIMV_MV0101": -0.05947170758471998,
  "Q_POIMV_MV0101": -0.029934006585421002,
  "U_POIMV": 1.0000060123572025,
  "I_POIMV_MV0101": 0.0384398900842903,
  "P_POIMV_MV0201": -0.06494453405709066,
  "Q_POIMV_MV0201": -0.02963722276115277,
  "I_POIMV_MV0201": 0.04121527304936537,
  "P_POI_POI_MV": -0.12441524164180001,
  "Q_POI_POI_MV": -0.059627816546708345,
  "U_POI": 1.0000059957940193,
  "I_POI_POI_MV": 0.07965425413527409
}