{
  "P_LV0101": 0.22758320227373122,
  "Q_LV0101": 0.10982374851006473,
  "U_LV0101": 1.0288744886374575,
  "I_LV0101_MV0101": 0.14179982197278565,
  "P_LV0102": 0.2109942746044097,
  "Q_LV0102": 0.10982374851006635,
  "U_LV0102": 1.0288511790048527,
  "I_LV0102_MV0102": 0.13348045218251928,
  "P_LV0103": 0.1791792439576202,
  "Q_LV0103": 0.10982374851006514,
  "U_LV0103": 1.0282743885446057,
  "I_LV0103_MV0103": 0.11799854051691795,
  "P_LV0201": 0.2004696643579319,
  "Q_LV0201": 0.10982374851006574,
  "U_LV0201": 1.0288310664971154,
  "I_LV0201_MV0201": 0.1282731370507353,
  "P_LV0202": 0.21585745993778777,
  "Q_LV0202": 0.10982374851006553,
  "U_LV0202": 1.0295794886779455,
  "I_LV0202_MV0202": 0.1358108905694211,
  "P_LV0203": 0.22675766274767473,
  "Q_LV0203": 0.10982374851006567,
  "U_LV0203": 1.0300287065203129,
  "I_LV0203_MV0203": 0.14122432467651552,
  "P_POIMV_MV0101": -0.6131128684241958,
  "Q_POIMV_MV0101": -0.308944354876985,
  "U_POIMV": 1.008002693145862,
  "I_POIMV_MV0101": 0.39323419870930404,
  "P_POIMV_MV0201": -0.6377959419141916,
  "Q_POIMV_MV0201": -0.30771832992587633,
  "I_POIMV_MV0201": 0.40560377845128215,
  "P_POI_POIMV": -1.2508988103383296,
  "Q_POI_POIMV": -0.5923033361764283,
  "U_POI": 1.0001600858642676,
  "I_POI_POIMV": 0.7989488743116361
}