{
  "P_LV0101": 0.000197,
  "Q_LV0101": 0.000343,
  "U_LV0101": 0.002551,
  "I_LV0101_MV0101": 0.000057,
  "P_LV0102": 0.000202,
  "Q_LV0102": 0.000338,
  "U_LV0102": 0.002551,
  "I_LV0102_MV0102": 0.000057,
  "P_LV0103": 0.000210,
  "Q_LV0103": 0.000320,
  "U_LV0103": 0.002550,
  "I_LV0103_MV0103": 0.000056,
  "P_LV0201": 0.000198,
  "Q_LV0201": 0.000343,
  "U_LV0201": 0.002552,
  "I_LV0201_MV0201": 0.000057,
  "P_LV0202": 0.000196,
  "Q_LV0202": 0.000346,
  "U_LV0202": 0.002553,
  "I_LV0202_MV0202": 0.000057,
  "P_LV0203": 0.000196,
  "Q_LV0203": 0.000345,
  "U_LV0203": 0.002554,
  "I_LV0203_MV0203": 0.000057,
  "P_POIMV_MV0101": 0.000580,
  "Q_POIMV_MV0101": 0.000995,
  "U_POIMV": 0.002500,
  "I_POIMV_MV0101": 0.000170,
  "P_POIMV_MV0201": 0.000559,
  "Q_POIMV_MV0201": 0.001023,
  "I_POIMV_MV0201": 0.000171,
  "P_POI_POI_MV": 0.001140,
  "Q_POI_POI_MV": 0.002020,
  "U_POI": 0.002500,
  "I_POI_POI_MV": 0.000342
}
