{
  "P_LV0101": -0.010577928810541032,
  "Q_LV0101": -0.004922451796391572,
  "U_LV0101": 0.9986587912033468,
  "I_LV0101_MV0101": 0.011682850017872745,
  "P_LV0102": 0.008063743048402803,
  "Q_LV0102": -0.004922451796391053,
  "U_LV0102": 0.9991638607163292,
  "I_LV0102_MV0102": 0.009455365112388476,
  "P_LV0103": -0.02166265379409322,
  "Q_LV0103": -0.004922451796391521,
  "U_LV0103": 0.998315654136964,
  "I_LV0103_MV0103": 0.022252365353783433,
  "P_LV0201": -0.0024224816537214405,
  "Q_LV0201": -0.004922451796390783,
  "U_LV0201": 0.9989156676336929,
  "I_LV0201_MV0201": 0.0054922062873069746,
  "P_LV0202": 0.01782423779468929,
  "Q_LV0202": -0.004922451796391276,
  "U_LV0202": 0.9994906290302025,
  "I_LV0202_MV0202": 0.0185008808837408,
  "P_LV0203": 0.010163591021804343,
  "Q_LV0203": -0.004922451796391932,
  "U_LV0203": 0.9992847443622626,
  "I_LV0203_MV0203": 0.011300961989891303,
  "P_POIMV_MV0101": 0.02419766786533728,
  "Q_POIMV_MV0101": 0.013595710005120054,
  "U_POIMV": 0.9996501468611443,
  "I_POIMV_MV0101": 0.027765262050223907,
  "P_POIMV_MV0201": -0.025549895766175723,
  "Q_POIMV_MV0201": 0.013282643093532442,
  "I_POIMV_MV0201": 0.028806358678671054,
  "P_POI_POIMV": -0.001342227900170417,
  "Q_POI_POIMV": 0.02632188856114226,
  "U_POI": 0.9999928820719042,
  "I_POI_POIMV": 0.02635627595299116
}