{
  "irrad_LV0101": 2.316454545566432,
  "irrad_LV0102": -6.917389297668532,
  "irrad_LV0103": 99.53351796552639,
  "irrad_LV0201": -20.49953033993121,
  "irrad_LV0202": -77.09153083299412,
  "irrad_LV0203": 22.56672604816778
}