{
  "P_LV0101": 0.001496,
  "Q_LV0101": 0.002771,
  "U_LV0101": 0.002575,
  "I_LV0101_MV0101": 0.000691,
  "P_LV0102": 0.001515,
  "Q_LV0102": 0.002862,
  "U_LV0102": 0.002576,
  "I_LV0102_MV0102": 0.000710,
  "P_LV0103": 0.001491,
  "Q_LV0103": 0.002744,
  "U_LV0103": 0.002576,
  "I_LV0103_MV0103": 0.000685,
  "P_LV0201": 0.001455,
  "Q_LV0201": 0.002570,
  "U_LV0201": 0.002575,
  "I_LV0201_MV0201": 0.000648,
  "P_LV0202": 0.001505,
  "Q_LV0202": 0.002813,
  "U_LV0202": 0.002578,
  "I_LV0202_MV0202": 0.000699,
  "P_LV0203": 0.001433,
  "Q_LV0203": 0.002461,
  "U_LV0203": 0.002576,
  "I_LV0203_MV0203": 0.000624,
  "P_POIMV_MV0101": 0.004234,
  "Q_POIMV_MV0101": 0.008290,
  "U_POIMV": 0.002520,
  "I_POIMV_MV0101": 0.002086,
  "P_POIMV_MV0201": 0.004146,
  "Q_POIMV_MV0201": 0.007760,
  "I_POIMV_MV0201": 0.001972,
  "P_POI_POIMV": 0.008109,
  "Q_POI_POIMV": 0.016035,
  "U_POI": 0.002500,
  "I_POI_POIMV": 0.004058
}
