{
  "irrad_LV0101": 30.65767322126404,
  "irrad_LV0102": -4.192537287176179,
  "irrad_LV0103": -101.72207421926853,
  "irrad_LV0201": 65.35339214008101,
  "irrad_LV0202": 42.91740544671392,
  "irrad_LV0203": 47.72998762034204
}