{
  "P_LV0101": 0.000056,
  "Q_LV0101": 0.000186,
  "U_LV0101": 0.002501,
  "I_LV0101_MV0101": 0.000051,
  "P_LV0102": 0.000010,
  "Q_LV0102": 0.000034,
  "U_LV0102": 0.002500,
  "I_LV0102_MV0102": 0.000009,
  "P_LV0103": 0.000127,
  "Q_LV0103": 0.000395,
  "U_LV0103": 0.002498,
  "I_LV0103_MV0103": 0.000101,
  "P_LV0201": 0.000086,
  "Q_LV0201": 0.000273,
  "U_LV0201": 0.002502,
  "I_LV0201_MV0201": 0.000071,
  "P_LV0202": 0.000065,
  "Q_LV0202": 0.000212,
  "U_LV0202": 0.002501,
  "I_LV0202_MV0202": 0.000057,
  "P_LV0203": 0.000067,
  "Q_LV0203": 0.000215,
  "U_LV0203": 0.002501,
  "I_LV0203_MV0203": 0.000057,
  "P_POIMV_MV0101": 0.000151,
  "Q_POIMV_MV0101": 0.000497,
  "U_POIMV": 0.002500,
  "I_POIMV_MV0101": 0.000138,
  "P_POIMV_MV0201": 0.000211,
  "Q_POIMV_MV0201": 0.000667,
  "I_POIMV_MV0201": 0.000175,
  "P_POI_POIMV": 0.000200,
  "Q_POI_POIMV": 0.000621,
  "U_POI": 0.002500,
  "I_POI_POIMV": 0.000175
}
