{
  "P_LV0101": 0.000270,
  "Q_LV0101": 0.000497,
  "U_LV0101": 0.002577,
  "I_LV0101_MV0101": 0.000078,
  "P_LV0102": 0.000269,
  "Q_LV0102": 0.000486,
  "U_LV0102": 0.002578,
  "I_LV0102_MV0102": 0.000077,
  "P_LV0103": 0.000268,
  "Q_LV0103": 0.000481,
  "U_LV0103": 0.002579,
  "I_LV0103_MV0103": 0.000076,
  "P_LV0201": 0.000265,
  "Q_LV0201": 0.000460,
  "U_LV0201": 0.002578,
  "I_LV0201_MV0201": 0.000074,
  "P_LV0202": 0.000266,
  "Q_LV0202": 0.000466,
  "U_LV0202": 0.002579,
  "I_LV0202_MV0202": 0.000074,
  "P_LV0203": 0.000266,
  "Q_LV0203": 0.000465,
  "U_LV0203": 0.002580,
  "I_LV0203_MV0203": 0.000074,
  "P_POIMV_MV0101": 0.000739,
  "Q_POIMV_MV0101": 0.001443,
  "U_POIMV": 0.002500,
  "I_POIMV_MV0101": 0.000232,
  "P_POIMV_MV0201": 0.000734,
  "Q_POIMV_MV0201": 0.001371,
  "I_POIMV_MV0201": 0.000222,
  "P_POI_POI_MV": 0.001474,
  "Q_POI_POI_MV": 0.002814,
  "U_POI": 0.002500,
  "I_POI_POI_MV": 0.000454
}
