{
  "P_LV0101": 0.000190,
  "Q_LV0101": 0.000084,
  "U_LV0101": 0.002505,
  "I_LV0101_MV0101": 0.000054,
  "P_LV0102": 0.000169,
  "Q_LV0102": 0.000145,
  "U_LV0102": 0.002505,
  "I_LV0102_MV0102": 0.000057,
  "P_LV0103": 0.000194,
  "Q_LV0103": 0.000060,
  "U_LV0103": 0.002506,
  "I_LV0103_MV0103": 0.000053,
  "P_LV0201": 0.000175,
  "Q_LV0201": 0.000367,
  "U_LV0201": 0.002504,
  "I_LV0201_MV0201": 0.000099,
  "P_LV0202": 0.000192,
  "Q_LV0202": 0.000072,
  "U_LV0202": 0.002505,
  "I_LV0202_MV0202": 0.000054,
  "P_LV0203": 0.000163,
  "Q_LV0203": 0.000285,
  "U_LV0203": 0.002507,
  "I_LV0203_MV0203": 0.000081,
  "P_POIMV_MV0101": 0.000573,
  "Q_POIMV_MV0101": 0.000281,
  "U_POIMV": 0.002502,
  "I_POIMV_MV0101": 0.000166,
  "P_POIMV_MV0201": 0.000582,
  "Q_POIMV_MV0201": 0.000250,
  "I_POIMV_MV0201": 0.000165,
  "P_POI_POIMV": 0.001159,
  "Q_POI_POIMV": 0.000529,
  "U_POI": 0.002500,
  "I_POI_POIMV": 0.000331
}
