{
  "P_LV0101": 0.07487214456188203,
  "Q_LV0101": -0.01217183770883055,
  "U_LV0101": 0.999645713665645,
  "I_LV0101_MV0101": 0.0758819540698666,
  "P_LV0102": 0.1663143539038527,
  "Q_LV0102": -0.008080463689055574,
  "U_LV0102": 0.9997916890750345,
  "I_LV0102_MV0102": 0.05603558573033303,
  "P_LV0103": 0.09001022843504944,
  "Q_LV0103": -0.01217183770883055,
  "U_LV0103": 1.000188992330455,
  "I_LV0103_MV0103": 0.09081231947501053,
  "P_LV0201": 0.053903852710535285,
  "Q_LV0201": -0.008080463689055574,
  "U_LV0201": 0.9997439134338486,
  "I_LV0201_MV0201": 0.054520101248792016,
  "P_LV0202": 0.05472212751449028,
  "Q_LV0202": -0.008080463689055574,
  "U_LV0202": 0.9998340397273249,
  "I_LV0202_MV0202": 0.05532468705933719,
  "P_LV0203": 0.05431299011251279,
  "Q_LV0203": -0.008080463689055574,
  "U_LV0203": 0.9998570540822264,
  "I_LV0203_MV0203": 0.05491863975767381,
  "P_POIMV_MV0101": -0.21980623057172574,
  "Q_POIMV_MV0101": 0.033559387264413716,
  "U_POIMV": 0.999245297637745,
  "I_POIMV_MV0101": 0.2225212855757719,
  "P_POIMV_MV0201": -0.16264873993670495,
  "Q_POIMV_MV0201": 0.023970046740144885,
  "I_POIMV_MV0201": 0.16452969319028773,
  "P_POI_POIMV": -0.38245497050850186,
  "Q_POI_POIMV": 0.05891415697094876,
  "U_POI": 1.0,
  "I_POI_POIMV": 0.3869659963850268
}