{
  "P_LV0101": 0.27852028639618137,
  "Q_LV0101": -0.0075690419365837015,
  "U_LV0101": 1.0050412263411492,
  "I_LV0101_MV0101": 0.277225558431348,
  "P_LV0102": 0.5618479372655983,
  "Q_LV0102": -0.005011933174224344,
  "U_LV0102": 1.0036011746640419,
  "I_LV0102_MV0102": 0.18667743869707934,
  "P_LV0103": 0.281691101261507,
  "Q_LV0103": -0.007671326287078077,
  "U_LV0103": 1.0055931697836558,
  "I_LV0103_MV0103": 0.2802281752063946,
  "P_LV0201": 0.18840777361063757,
  "Q_LV0201": -0.005011933174224344,
  "U_LV0201": 1.003640680651634,
  "I_LV0201_MV0201": 0.18779073823675183,
  "P_LV0202": 0.18922604841459253,
  "Q_LV0202": -0.005011933174224344,
  "U_LV0202": 1.0039147422950492,
  "I_LV0202_MV0202": 0.1885542696558737,
  "P_LV0203": 0.19209001022843505,
  "Q_LV0203": -0.005114217524718718,
  "U_LV0203": 1.0040971262928324,
  "I_LV0203_MV0203": 0.19137399538048586,
  "P_POIMV_MV0101": -0.7418102106905148,
  "Q_POIMV_MV0101": 0.045672016047055154,
  "U_POIMV": 0.9988909642005831,
  "I_POIMV_MV0101": 0.7440400227222972,
  "P_POIMV_MV0201": -0.5662762473353189,
  "Q_POIMV_MV0201": 0.02881903418111659,
  "I_POIMV_MV0201": 0.5676386364582099,
  "P_POI_POIMV": -1.3080864580546845,
  "Q_POI_POIMV": 0.0963270384474782,
  "U_POI": 1.0,
  "I_POI_POIMV": 1.3116284077748972
}