{
  "P_LV0101": 0.27831571769519264,
  "Q_LV0101": -0.009205591544493692,
  "U_LV0101": 1.00473896375411,
  "I_LV0101_MV0101": 0.277154493404542,
  "P_LV0102": 0.5471189907944085,
  "Q_LV0102": -0.006137061029662462,
  "U_LV0102": 1.0032415325372155,
  "I_LV0102_MV0102": 0.18188663584829168,
  "P_LV0103": 0.2659393112853733,
  "Q_LV0103": -0.009205591544493692,
  "U_LV0103": 1.0049334629985487,
  "I_LV0103_MV0103": 0.26479224837911813,
  "P_LV0201": 0.18533924309580635,
  "Q_LV0201": -0.006034776679168087,
  "U_LV0201": 1.0033479138811434,
  "I_LV0201_MV0201": 0.18481870824738494,
  "P_LV0202": 0.18554381179679508,
  "Q_LV0202": -0.006137061029662462,
  "U_LV0202": 1.0035862029444913,
  "I_LV0202_MV0202": 0.18498189637808127,
  "P_LV0203": 0.18677122400272758,
  "Q_LV0203": -0.006137061029662462,
  "U_LV0203": 1.0037397792085057,
  "I_LV0203_MV0203": 0.1861757684822261,
  "P_POIMV_MV0101": -0.7212571724982818,
  "Q_POIMV_MV0101": 0.04852927780547076,
  "U_POIMV": 0.9988275782599969,
  "I_POIMV_MV0101": 0.7237364822912006,
  "P_POIMV_MV0201": -0.5543488083880964,
  "Q_POIMV_MV0201": 0.03136499712097858,
  "I_POIMV_MV0201": 0.5558871476779934,
  "P_POI_POIMV": -1.275605980909561,
  "Q_POI_POIMV": 0.10064871634276167,
  "U_POI": 1.0,
  "I_POI_POIMV": 1.2795705461730857
}