{
  "P_LV0101": 0.22799181725196044,
  "Q_LV0101": -0.014217524718718035,
  "U_LV0101": 1.0027770930166668,
  "I_LV0101_MV0101": 0.22780206062323904,
  "P_LV0102": 0.4415615410842141,
  "Q_LV0102": -0.009410160245482442,
  "U_LV0102": 1.0017381137417964,
  "I_LV0102_MV0102": 0.14723177925839184,
  "P_LV0103": 0.2097852028639618,
  "Q_LV0103": -0.014217524718718035,
  "U_LV0103": 1.0027193553097284,
  "I_LV0103_MV0103": 0.20969618624811764,
  "P_LV0201": 0.1504602795772247,
  "Q_LV0201": -0.009410160245482442,
  "U_LV0201": 1.0018406047486994,
  "I_LV0201_MV0201": 0.15047729057941103,
  "P_LV0202": 0.14964200477326967,
  "Q_LV0202": -0.009410160245482442,
  "U_LV0202": 1.0020174106728885,
  "I_LV0202_MV0202": 0.14963571269409354,
  "P_LV0203": 0.1511762700306853,
  "Q_LV0203": -0.009410160245482442,
  "U_LV0203": 1.0021543317858443,
  "I_LV0203_MV0203": 0.15114324791278236,
  "P_POIMV_MV0101": -0.5814605526141448,
  "Q_POIMV_MV0101": 0.053061127854198406,
  "U_POIMV": 0.9987520690723563,
  "I_POIMV_MV0101": 0.584606125378002,
  "P_POIMV_MV0201": -0.4491012543916365,
  "Q_POIMV_MV0201": 0.036301468452059026,
  "I_POIMV_MV0201": 0.4511289921946574,
  "P_POI_POIMV": -1.0305618070104352,
  "Q_POI_POIMV": 0.1027644849689684,
  "U_POI": 1.0,
  "I_POI_POIMV": 1.0356728138942097
}