{
  "P_LV0101": 0.0,
  "Q_LV0101": 0.0,
  "U_LV0101": 0.9997676415656784,
  "I_LV0101_MV0101": 1.4292691876836814e-18,
  "P_LV0102": 0.005523354926696216,
  "Q_LV0102": -0.02086600750085237,
  "U_LV0102": 0.996903328757345,
  "I_LV0102_MV0102": 0.0210121428071088,
  "P_LV0103": 0.0,
  "Q_LV0103": 0.0,
  "U_LV0103": 0.9997595710791601,
  "I_LV0103_MV0103": 5.262581109462927e-19,
  "P_LV0201": 0.0,
  "Q_LV0201": 0.0,
  "U_LV0201": 0.9997727450387403,
  "I_LV0201_MV0201": 2.0930720321727552e-20,
  "P_LV0202": 0.0,
  "Q_LV0202": 0.0,
  "U_LV0202": 0.9997731455949666,
  "I_LV0202_MV0202": 4.0366389191903137e-19,
  "P_LV0203": 0.0,
  "Q_LV0203": 0.0,
  "U_LV0203": 0.9997732791137725,
  "I_LV0203_MV0203": 2.3621812934521097e-19,
  "P_POIMV_MV0101": -0.0018284347779145504,
  "Q_POIMV_MV0101": 0.019654929953003226,
  "U_POIMV": 0.9997716435106601,
  "I_POIMV_MV0101": 0.019744302183094455,
  "P_POIMV_MV0201": 3.089210917134133e-09,
  "Q_POIMV_MV0201": -0.0015555312714730781,
  "I_POIMV_MV0201": 0.001555886568270687,
  "P_POI_POIMV": -0.0018284317158830188,
  "Q_POI_POIMV": 0.017537800151661224,
  "U_POI": 1.0,
  "I_POI_POIMV": 0.01763285560251814
}