{
  "P_LV0101": 0.28271394476645073,
  "Q_LV0101": -0.008387316740538697,
  "U_LV0101": 1.0049760862719805,
  "I_LV0101_MV0101": 0.28143787216660326,
  "P_LV0102": 0.5572451414933515,
  "Q_LV0102": -0.00562563927719059,
  "U_LV0102": 1.0034263268238155,
  "I_LV0102_MV0102": 0.18519899869814674,
  "P_LV0103": 0.2713603818615752,
  "Q_LV0103": -0.008489601091033071,
  "U_LV0103": 1.0051904507776406,
  "I_LV0103_MV0103": 0.2700912540475004,
  "P_LV0201": 0.18881691101261508,
  "Q_LV0201": -0.00562563927719059,
  "U_LV0201": 1.0035207154843673,
  "I_LV0201_MV0201": 0.1882379656726854,
  "P_LV0202": 0.1887146266621207,
  "Q_LV0202": -0.00562563927719059,
  "U_LV0202": 1.0037706765487475,
  "I_LV0202_MV0202": 0.18808923536695604,
  "P_LV0203": 0.1902488919195363,
  "Q_LV0203": -0.00562563927719059,
  "U_LV0203": 1.0039340399688712,
  "I_LV0203_MV0203": 0.18958620879956403,
  "P_POIMV_MV0101": -0.7342589264596585,
  "Q_POIMV_MV0101": 0.04738781145283517,
  "U_POIMV": 0.9988492528699275,
  "I_POIMV_MV0101": 0.7366341811497364,
  "P_POIMV_MV0201": -0.5643557691801161,
  "Q_POIMV_MV0201": 0.030459867903502257,
  "I_POIMV_MV0201": 0.5658282990691718,
  "P_POI_POIMV": -1.298614695666458,
  "Q_POI_POIMV": 0.09936998349710162,
  "U_POI": 1.0,
  "I_POI_POIMV": 1.3024110416535561
}