{
  "P_LV0101": 0.20947834981247868,
  "Q_LV0101": -0.014933515172178656,
  "U_LV0101": 1.0022489366588287,
  "I_LV0101_MV0101": 0.20953873403153625,
  "P_LV0102": 0.4019774974428912,
  "Q_LV0102": -0.010023866348448688,
  "U_LV0102": 1.001304444801832,
  "I_LV0102_MV0102": 0.1341918686597235,
  "P_LV0103": 0.1887146266621207,
  "Q_LV0103": -0.014933515172178656,
  "U_LV0103": 1.0020855453827284,
  "I_LV0103_MV0103": 0.18891058831245078,
  "P_LV0201": 0.13767473576542788,
  "Q_LV0201": -0.010023866348448688,
  "U_LV0201": 1.0014180333838651,
  "I_LV0201_MV0201": 0.13784369691592954,
  "P_LV0202": 0.13593590180702353,
  "Q_LV0202": -0.010023866348448688,
  "U_LV0202": 1.0015528701035137,
  "I_LV0202_MV0202": 0.13609364323725426,
  "P_LV0203": 0.13777702011592227,
  "Q_LV0203": -0.010023866348448688,
  "U_LV0203": 1.001688636520665,
  "I_LV0203_MV0203": 0.13790830140168409,
  "P_POIMV_MV0101": -0.5292778782462432,
  "Q_POIMV_MV0101": 0.05230858551952243,
  "U_POIMV": 0.9987742165968809,
  "I_POIMV_MV0101": 0.5325091693859756,
  "P_POIMV_MV0201": -0.40957425630339767,
  "Q_POIMV_MV0201": 0.03653488186178136,
  "I_POIMV_MV0201": 0.4117051830472634,
  "P_POI_POIMV": -0.9388521345517671,
  "Q_POI_POIMV": 0.09988598677994467,
  "U_POI": 1.0,
  "I_POI_POIMV": 0.9441506981978104
}