{
  "P_LV0101": 0.23228775997272416,
  "Q_LV0101": -0.013603818615751788,
  "U_LV0101": 1.0029803587697115,
  "I_LV0101_MV0101": 0.23199434309648376,
  "P_LV0102": 0.4507671326287078,
  "Q_LV0102": -0.009103307193999318,
  "U_LV0102": 1.0018810026018898,
  "I_LV0102_MV0102": 0.15024860417072267,
  "P_LV0103": 0.21459256733719742,
  "Q_LV0103": -0.013603818615751788,
  "U_LV0103": 1.0029452803608412,
  "I_LV0103_MV0103": 0.21439188901979414,
  "P_LV0201": 0.15363109444255027,
  "Q_LV0201": -0.009103307193999318,
  "U_LV0201": 1.0019858561799868,
  "I_LV0201_MV0201": 0.15359554463030536,
  "P_LV0202": 0.1528128196385953,
  "Q_LV0202": -0.009103307193999318,
  "U_LV0202": 1.0021671625143094,
  "I_LV0202_MV0202": 0.1527526889785946,
  "P_LV0203": 0.15424480054551654,
  "Q_LV0203": -0.009103307193999318,
  "U_LV0203": 1.0023036502239824,
  "I_LV0203_MV0203": 0.15415807282477342,
  "P_POIMV_MV0101": -0.5934884281088213,
  "Q_POIMV_MV0101": 0.052202639662319285,
  "U_POIMV": 0.9987663079342634,
  "I_POIMV_MV0101": 0.5965157669540571,
  "P_POIMV_MV0201": -0.4584212661703005,
  "Q_POIMV_MV0201": 0.03577942693604805,
  "I_POIMV_MV0201": 0.4603833959089937,
  "P_POI_POIMV": -1.0519096942837718,
  "Q_POI_POIMV": 0.10196065534787639,
  "U_POI": 1.0,
  "I_POI_POIMV": 1.0568396189427922
}