{
  "P_LV0101": 0.29662461643368565,
  "Q_LV0101": -0.006137061029662462,
  "U_LV0101": 1.0056677780341985,
  "I_LV0101_MV0101": 0.29501601122406357,
  "P_LV0102": 0.58854415274463,
  "Q_LV0102": -0.004091374019774974,
  "U_LV0102": 1.0039843166168907,
  "I_LV0102_MV0102": 0.19544532647136284,
  "P_LV0103": 0.29069212410501194,
  "Q_LV0103": -0.006137061029662462,
  "U_LV0103": 1.0060532155862554,
  "I_LV0103_MV0103": 0.28900747483921924,
  "P_LV0201": 0.19914763041254688,
  "Q_LV0201": -0.004091374019774974,
  "U_LV0201": 1.0040742119550221,
  "I_LV0201_MV0201": 0.19838140555597303,
  "P_LV0202": 0.19976133651551312,
  "Q_LV0202": -0.004091374019774974,
  "U_LV0202": 1.0043572005180712,
  "I_LV0202_MV0202": 0.19893642458546476,
  "P_LV0203": 0.2013978861234231,
  "Q_LV0203": -0.004091374019774974,
  "U_LV0203": 1.0045306782841483,
  "I_LV0203_MV0203": 0.20053089873999108,
  "P_POIMV_MV0101": -0.7772657347039394,
  "Q_POIMV_MV0101": 0.044381433170054864,
  "U_POIMV": 0.9989085561490985,
  "I_POIMV_MV0101": 0.779382433117919,
  "P_POIMV_MV0201": -0.596484380162223,
  "Q_POIMV_MV0201": 0.027613837417561207,
  "I_POIMV_MV0201": 0.5977756585091446,
  "P_POI_POIMV": -1.3737501149074713,
  "Q_POI_POIMV": 0.09612368765174484,
  "U_POI": 1.0,
  "I_POI_POIMV": 1.3771089795423097
}