{
  "P_LV0101": 0.11895669962495738,
  "Q_LV0101": -0.01483123082168428,
  "U_LV0101": 1.0002111819228428,
  "I_LV0101_MV0101": 0.11985238448827935,
  "P_LV0102": 0.2528469144220934,
  "Q_LV0102": -0.009819297647459937,
  "U_LV0102": 1.000154346700832,
  "I_LV0102_MV0102": 0.08483928014131692,
  "P_LV0103": 0.13337879304466416,
  "Q_LV0103": -0.01483123082168428,
  "U_LV0103": 1.000798147335269,
  "I_LV0103_MV0103": 0.13409382225914437,
  "P_LV0201": 0.08244118649846574,
  "Q_LV0201": -0.009921581997954313,
  "U_LV0201": 1.0000863351824976,
  "I_LV0201_MV0201": 0.0830288902422183,
  "P_LV0202": 0.08377088305489261,
  "Q_LV0202": -0.009819297647459937,
  "U_LV0202": 1.000242267180905,
  "I_LV0202_MV0202": 0.0843239808050903,
  "P_LV0203": 0.0841800204568701,
  "Q_LV0203": -0.009819297647459937,
  "U_LV0203": 1.0003065076610422,
  "I_LV0203_MV0203": 0.0847248096616694,
  "P_POIMV_MV0101": -0.3354334894581607,
  "Q_POIMV_MV0101": 0.043760741234974525,
  "U_POIMV": 0.9990037308590851,
  "I_POIMV_MV0101": 0.33861331474022066,
  "P_POIMV_MV0201": -0.24971244063708492,
  "Q_POIMV_MV0201": 0.031009884608116323,
  "I_POIMV_MV0201": 0.25188145647023985,
  "P_POI_POIMV": -0.5851459300952117,
  "Q_POI_POIMV": 0.07874486456723945,
  "U_POI": 1.0,
  "I_POI_POIMV": 0.5904206239645623
}