{
  "P_LV0101": 0.008387316740538697,
  "Q_LV0101": -0.002659393112853733,
  "U_LV0101": 0.9997538006037705,
  "I_LV0101_MV0101": 0.008800999318755026,
  "P_LV0102": 0.01902488919195363,
  "Q_LV0102": -0.0017388339584043643,
  "U_LV0102": 0.9998352677695229,
  "I_LV0102_MV0102": 0.006576781935323765,
  "P_LV0103": 0.010535288100920559,
  "Q_LV0103": -0.002659393112853733,
  "U_LV0103": 0.9998293639783065,
  "I_LV0103_MV0103": 0.010867611024628042,
  "P_LV0201": 0.006034776679168087,
  "Q_LV0201": -0.0017388339584043643,
  "U_LV0201": 0.9998258116258589,
  "I_LV0201_MV0201": 0.006281386578254259,
  "P_LV0202": 0.006137061029662462,
  "Q_LV0202": -0.0017388339584043643,
  "U_LV0202": 0.9998359511724858,
  "I_LV0202_MV0202": 0.006379687624312672,
  "P_LV0203": 0.006137061029662462,
  "Q_LV0203": -0.0017388339584043643,
  "U_LV0203": 0.9998395395660039,
  "I_LV0203_MV0203": 0.006379664727896104,
  "P_POIMV_MV0101": -0.025257077818593668,
  "Q_POIMV_MV0101": 0.005818112971592562,
  "U_POIMV": 0.9998835492061334,
  "I_POIMV_MV0101": 0.025921552851154932,
  "P_POIMV_MV0201": -0.01830503937654229,
  "Q_POIMV_MV0201": 0.0036776841319000847,
  "I_POIMV_MV0201": 0.01867300272554168,
  "P_POI_POIMV": -0.04356211721713557,
  "Q_POI_POIMV": 0.008955776953451447,
  "U_POI": 1.0,
  "I_POI_POIMV": 0.044473182900253844
}