{
  "P_LV0101": 0.11946812137742925,
  "Q_LV0101": -0.013706102966246164,
  "U_LV0101": 1.0004666083004414,
  "I_LV0101_MV0101": 0.12019569024969486,
  "P_LV0102": 0.21970678486191614,
  "Q_LV0102": -0.009103307193999318,
  "U_LV0102": 1.000019436837356,
  "I_LV0102_MV0102": 0.07379777000513682,
  "P_LV0103": 0.09747698602113876,
  "Q_LV0103": -0.013603818615751788,
  "U_LV0103": 1.0000860557855529,
  "I_LV0103_MV0103": 0.09841320889454436,
  "P_LV0201": 0.07661097852028638,
  "Q_LV0201": -0.009103307193999318,
  "U_LV0201": 1.0001265042416532,
  "I_LV0201_MV0201": 0.0771401748930374,
  "P_LV0202": 0.07507671326287078,
  "Q_LV0202": -0.009103307193999318,
  "U_LV0202": 1.0001822106779055,
  "I_LV0202_MV0202": 0.07561282550211502,
  "P_LV0203": 0.0757927037163314,
  "Q_LV0203": -0.009103307193999318,
  "U_LV0203": 1.0002491885693625,
  "I_LV0203_MV0203": 0.07631841834508618,
  "P_POIMV_MV0101": -0.2893019273774142,
  "Q_POIMV_MV0101": 0.039288560051768014,
  "U_POIMV": 0.9991047195508934,
  "I_POIMV_MV0101": 0.2922191426247386,
  "P_POIMV_MV0201": -0.2269195903745073,
  "Q_POIMV_MV0201": 0.02823581329837754,
  "I_POIMV_MV0201": 0.22887445365566395,
  "P_POI_POIMV": -0.5162215177517925,
  "Q_POI_POIMV": 0.07049403891985824,
  "U_POI": 1.0,
  "I_POI_POIMV": 0.5210125381535445
}