{
  "P_LV0101": 0.19976133651551312,
  "Q_LV0101": -0.01431980906921241,
  "U_LV0101": 1.002137713759784,
  "I_LV0101_MV0101": 0.1998467185666322,
  "P_LV0102": 0.41179679509035116,
  "Q_LV0102": -0.009512444595976815,
  "U_LV0102": 1.0015084081597059,
  "I_LV0102_MV0102": 0.13738757113135772,
  "P_LV0103": 0.2111148994203887,
  "Q_LV0103": -0.01431980906921241,
  "U_LV0103": 1.0027688343901462,
  "I_LV0103_MV0103": 0.21101572693829107,
  "P_LV0201": 0.13706102966246164,
  "Q_LV0201": -0.009512444595976815,
  "U_LV0201": 1.0015053862157315,
  "I_LV0201_MV0201": 0.13718421391797694,
  "P_LV0202": 0.137981588816911,
  "Q_LV0202": -0.009512444595976815,
  "U_LV0202": 1.0017095320978067,
  "I_LV0202_MV0202": 0.13807305358022753,
  "P_LV0203": 0.1392090010228435,
  "Q_LV0203": -0.009512444595976815,
  "U_LV0203": 1.0018310969114175,
  "I_LV0203_MV0203": 0.1392785926226737,
  "P_POIMV_MV0101": -0.5450508875698628,
  "Q_POIMV_MV0101": 0.05138309959620142,
  "U_POIMV": 0.9988019452861705,
  "I_POIMV_MV0101": 0.5481242096518621,
  "P_POIMV_MV0201": -0.41241374786687784,
  "Q_POIMV_MV0201": 0.03510607738863043,
  "I_POIMV_MV0201": 0.4144017018992243,
  "P_POI_POIMV": -0.9574646354387822,
  "Q_POI_POIMV": 0.09798634356349029,
  "U_POI": 1.0,
  "I_POI_POIMV": 0.962465506727832
}