{
  "P_LV0101": 0.24118649846573473,
  "Q_LV0101": -0.011353562904875552,
  "U_LV0101": 1.0035693709803266,
  "I_LV0101_MV0101": 0.24059480609791753,
  "P_LV0102": 0.4918854415274463,
  "Q_LV0102": -0.007671326287078077,
  "U_LV0102": 1.0025222306637622,
  "I_LV0102_MV0102": 0.16372821563443843,
  "P_LV0103": 0.24896010910330718,
  "Q_LV0103": -0.011455847255369928,
  "U_LV0103": 1.0041662201512616,
  "I_LV0103_MV0103": 0.24818952673383576,
  "P_LV0201": 0.16365496079099898,
  "Q_LV0201": -0.007671326287078077,
  "U_LV0201": 1.0025196811928105,
  "I_LV0201_MV0201": 0.1634228852738922,
  "P_LV0202": 0.1646778042959427,
  "Q_LV0202": -0.007671326287078077,
  "U_LV0202": 1.0027634461981685,
  "I_LV0202_MV0202": 0.16440207114683936,
  "P_LV0203": 0.1663143539038527,
  "Q_LV0203": -0.007671326287078077,
  "U_LV0203": 1.0029132684510127,
  "I_LV0203_MV0203": 0.1660075570547816,
  "P_POIMV_MV0101": -0.6497352364795829,
  "Q_POIMV_MV0101": 0.04973709927663824,
  "U_POIMV": 0.9988181650413686,
  "I_POIMV_MV0101": 0.6524071757764608,
  "P_POIMV_MV0201": -0.49203876161732885,
  "Q_POIMV_MV0201": 0.032987321041990814,
  "I_POIMV_MV0201": 0.49372679542344844,
  "P_POI_POIMV": -1.1417739981070538,
  "Q_POI_POIMV": 0.09926272873234164,
  "U_POI": 1.0,
  "I_POI_POIMV": 1.1460806917790547
}