{
  "P_LV0101": 0.29140811455847254,
  "Q_LV0101": -0.006546198431639959,
  "U_LV0101": 1.0054847153053434,
  "I_LV0101_MV0101": 0.28989165905121966,
  "P_LV0102": 0.585782475281282,
  "Q_LV0102": -0.0042959427207637235,
  "U_LV0102": 1.0039219700107012,
  "I_LV0102_MV0102": 0.19454507704170887,
  "P_LV0103": 0.29253324241391065,
  "Q_LV0103": -0.006546198431639959,
  "U_LV0103": 1.0060258268651259,
  "I_LV0103_MV0103": 0.2908538425411269,
  "P_LV0201": 0.1967950903511763,
  "Q_LV0201": -0.0042959427207637235,
  "U_LV0201": 1.0039731209945681,
  "I_LV0201_MV0201": 0.1960629919675065,
  "P_LV0202": 0.1979202182066144,
  "Q_LV0202": -0.0042959427207637235,
  "U_LV0202": 1.0042658895192709,
  "I_LV0202_MV0202": 0.19712591796685078,
  "P_LV0203": 0.19986362086600748,
  "Q_LV0203": -0.0042959427207637235,
  "U_LV0203": 1.0044456068575642,
  "I_LV0203_MV0203": 0.19902499793507425,
  "P_POIMV_MV0101": -0.7730339428891246,
  "Q_POIMV_MV0101": 0.04508736034647594,
  "U_POIMV": 0.9988977652801891,
  "I_POIMV_MV0101": 0.775202145955625,
  "P_POIMV_MV0201": -0.590827763950711,
  "Q_POIMV_MV0201": 0.02791114948452436,
  "I_POIMV_MV0201": 0.5921393449666398,
  "P_POI_POIMV": -1.3638617068790915,
  "Q_POI_POIMV": 0.09677609568930194,
  "U_POI": 1.0,
  "I_POI_POIMV": 1.3672908864568702
}