{
  "P_LV0101": 0.1814524377770201,
  "Q_LV0101": -0.016058643027616774,
  "U_LV0101": 1.0014320116136204,
  "I_LV0101_MV0101": 0.181901166680517,
  "P_LV0102": 0.3455165359699966,
  "Q_LV0102": -0.010535288100920559,
  "U_LV0102": 1.000733350092252,
  "I_LV0102_MV0102": 0.11556827662627228,
  "P_LV0103": 0.16048414592567337,
  "Q_LV0103": -0.016058643027616774,
  "U_LV0103": 1.0012003188541752,
  "I_LV0103_MV0103": 0.16109222662308828,
  "P_LV0201": 0.11844527787248552,
  "Q_LV0201": -0.010535288100920559,
  "U_LV0201": 1.0008370326561347,
  "I_LV0201_MV0201": 0.11881344236979365,
  "P_LV0202": 0.11742243436754177,
  "Q_LV0202": -0.010637572451414933,
  "U_LV0202": 1.000949126896827,
  "I_LV0202_MV0202": 0.1177914919769162,
  "P_LV0203": 0.11844527787248552,
  "Q_LV0203": -0.010637572451414933,
  "U_LV0203": 1.0010515336938577,
  "I_LV0203_MV0203": 0.11879707966533136,
  "P_POIMV_MV0101": -0.45495314332299974,
  "Q_POIMV_MV0101": 0.051534352199457706,
  "U_POIMV": 0.9988078071322306,
  "I_POIMV_MV0101": 0.45840910288701525,
  "P_POIMV_MV0201": -0.3529626355458229,
  "Q_POIMV_MV0201": 0.03622673830319118,
  "I_POIMV_MV0201": 0.3552403673089435,
  "P_POI_POIMV": -0.8079157788696566,
  "Q_POI_POIMV": 0.09581513318481934,
  "U_POI": 1.0,
  "I_POI_POIMV": 0.8135775596055905
}