{
  "P_LV0101": 0.20477326968973744,
  "Q_LV0101": -0.013296965564268666,
  "U_LV0101": 1.0024435575763564,
  "I_LV0101_MV0101": 0.20470432840241226,
  "P_LV0102": 0.42345721104670986,
  "Q_LV0102": -0.00889873849301057,
  "U_LV0102": 1.001742499584418,
  "I_LV0102_MV0102": 0.1411866116220129,
  "P_LV0103": 0.21643368564609616,
  "Q_LV0103": -0.013296965564268666,
  "U_LV0103": 1.0030914801971587,
  "I_LV0103_MV0103": 0.21617346561673456,
  "P_LV0201": 0.14053869757927037,
  "Q_LV0201": -0.00889873849301057,
  "U_LV0201": 1.0017291758542695,
  "I_LV0201_MV0201": 0.14057706192193853,
  "P_LV0202": 0.14135697238322537,
  "Q_LV0202": -0.00889873849301057,
  "U_LV0202": 1.0019361314648803,
  "I_LV0202_MV0202": 0.141363095663133,
  "P_LV0203": 0.14309580634162972,
  "Q_LV0203": -0.00889873849301057,
  "U_LV0203": 1.002073218597493,
  "I_LV0203_MV0203": 0.14307560649383746,
  "P_POIMV_MV0101": -0.5591119306793308,
  "Q_POIMV_MV0101": 0.04945716729724594,
  "U_POIMV": 0.9988416094179282,
  "I_POIMV_MV0101": 0.561946029061804,
  "P_POIMV_MV0201": -0.4230593787370034,
  "Q_POIMV_MV0201": 0.03368088606142521,
  "I_POIMV_MV0201": 0.4248901623948562,
  "P_POI_POIMV": -0.9821713094195285,
  "Q_POI_POIMV": 0.09525227960634114,
  "U_POI": 1.0,
  "I_POI_POIMV": 0.9867793460632808
}