{
  "P_LV0101": 0.23198090692124101,
  "Q_LV0101": -0.012478690760313672,
  "U_LV0101": 1.003167204984986,
  "I_LV0101_MV0101": 0.2315828203831774,
  "P_LV0102": 0.4734742584384589,
  "Q_LV0102": -0.008285032390044323,
  "U_LV0102": 1.0022421144574012,
  "I_LV0102_MV0102": 0.15768850948006258,
  "P_LV0103": 0.24067507671326288,
  "Q_LV0103": -0.012478690760313672,
  "U_LV0103": 1.0037847406464948,
  "I_LV0103_MV0103": 0.24008968437356265,
  "P_LV0201": 0.15905216501875213,
  "Q_LV0201": -0.008285032390044323,
  "U_LV0201": 1.0022802112367855,
  "I_LV0201_MV0201": 0.1589054646177091,
  "P_LV0202": 0.15935901807023525,
  "Q_LV0202": -0.008285032390044323,
  "U_LV0202": 1.0024994078958518,
  "I_LV0202_MV0202": 0.1591763942990256,
  "P_LV0203": 0.16181384248210023,
  "Q_LV0203": -0.008285032390044323,
  "U_LV0203": 1.0026661895876965,
  "I_LV0203_MV0203": 0.16159496187053748,
  "P_POIMV_MV0101": -0.6264106231786676,
  "Q_POIMV_MV0101": 0.05107467828007697,
  "U_POIMV": 0.998792356989811,
  "I_POIMV_MV0101": 0.6292492811926466,
  "P_POIMV_MV0201": -0.4777640391793506,
  "Q_POIMV_MV0201": 0.034177319095756865,
  "I_POIMV_MV0201": 0.47956407544637925,
  "P_POI_POIMV": -1.104174662365886,
  "Q_POI_POIMV": 0.10069450313749112,
  "U_POI": 1.0,
  "I_POI_POIMV": 1.1087565413439167
}