{
  "P_LV0101": 0.29028298670303443,
  "Q_LV0101": -0.006034776679168087,
  "U_LV0101": 1.0055656440554894,
  "I_LV0101_MV0101": 0.28873869250640466,
  "P_LV0102": 0.5839413569723833,
  "Q_LV0102": -0.0039890896692806,
  "U_LV0102": 1.0039841907674951,
  "I_LV0102_MV0102": 0.19391539489245357,
  "P_LV0103": 0.2919195363109444,
  "Q_LV0103": -0.006137061029662462,
  "U_LV0103": 1.0061031106338836,
  "I_LV0103_MV0103": 0.2902128382416193,
  "P_LV0201": 0.1957722468462325,
  "Q_LV0201": -0.0038868053187862254,
  "U_LV0201": 1.0040382060865376,
  "I_LV0201_MV0201": 0.19502328259285756,
  "P_LV0202": 0.19699965905216502,
  "Q_LV0202": -0.0039890896692806,
  "U_LV0202": 1.0043180471624327,
  "I_LV0202_MV0202": 0.19619287281813394,
  "P_LV0203": 0.19853392430958064,
  "Q_LV0203": -0.0039890896692806,
  "U_LV0203": 1.004487343701775,
  "I_LV0203_MV0203": 0.19768690703433922,
  "P_POIMV_MV0101": -0.7707194995625707,
  "Q_POIMV_MV0101": 0.04367985588580149,
  "U_POIMV": 0.9989331852676058,
  "I_POIMV_MV0101": 0.7727806799435042,
  "P_POIMV_MV0201": -0.5875966044492426,
  "Q_POIMV_MV0201": 0.0267031717611724,
  "I_POIMV_MV0201": 0.5888312246014624,
  "P_POI_POIMV": -1.3583161040501521,
  "Q_POI_POIMV": 0.0939570082205842,
  "U_POI": 1.0,
  "I_POI_POIMV": 1.3615618083347327
}