{
  "P_LV0101": 0.21960450051142175,
  "Q_LV0101": -0.013706102966246164,
  "U_LV0101": 1.002671069421933,
  "I_LV0101_MV0101": 0.21944564746926332,
  "P_LV0102": 0.4492328673712922,
  "Q_LV0102": -0.009103307193999318,
  "U_LV0102": 1.0018772037402817,
  "I_LV0102_MV0102": 0.14973964782957352,
  "P_LV0103": 0.22942379815888167,
  "Q_LV0103": -0.013808387316740538,
  "U_LV0103": 1.0032809851417388,
  "I_LV0103_MV0103": 0.22908733479497057,
  "P_LV0201": 0.14923286737129218,
  "Q_LV0201": -0.009103307193999318,
  "U_LV0201": 1.001867826197134,
  "I_LV0201_MV0201": 0.14923152499477194,
  "P_LV0202": 0.15097170132969653,
  "Q_LV0202": -0.009103307193999318,
  "U_LV0202": 1.002109705298493,
  "I_LV0202_MV0202": 0.15092749585099471,
  "P_LV0203": 0.15219911353562904,
  "Q_LV0203": -0.009205591544493692,
  "U_LV0203": 1.002225581262436,
  "I_LV0203_MV0203": 0.15213865734810805,
  "P_POIMV_MV0101": -0.595092971335599,
  "Q_POIMV_MV0101": 0.0526151347277669,
  "U_POIMV": 0.9987653755879616,
  "I_POIMV_MV0101": 0.5981529206520454,
  "P_POIMV_MV0201": -0.4502154222672627,
  "Q_POIMV_MV0201": 0.0355286039874962,
  "I_POIMV_MV0201": 0.4521733749163071,
  "P_POI_POIMV": -1.0453083936075316,
  "Q_POI_POIMV": 0.10194201382764284,
  "U_POI": 1.0,
  "I_POI_POIMV": 1.0502674954170454
}