{
  "P_LV0101": 0.2880327309921582,
  "Q_LV0101": -0.006034776679168087,
  "U_LV0101": 1.0055231475291788,
  "I_LV0101_MV0101": 0.28651348723640785,
  "P_LV0102": 0.5793385612001363,
  "Q_LV0102": -0.0039890896692806,
  "U_LV0102": 1.0039523008513458,
  "I_LV0102_MV0102": 0.19239365261805705,
  "P_LV0103": 0.2899761336515513,
  "Q_LV0103": -0.006034776679168087,
  "U_LV0103": 1.0060781563287795,
  "I_LV0103_MV0103": 0.28828667114868106,
  "P_LV0201": 0.19495397204227752,
  "Q_LV0201": -0.0039890896692806,
  "U_LV0201": 1.0040111011621011,
  "I_LV0201_MV0201": 0.19421576048944117,
  "P_LV0202": 0.19607909989771563,
  "Q_LV0202": -0.0039890896692806,
  "U_LV0202": 1.004301818790145,
  "I_LV0202_MV0202": 0.19527961577718791,
  "P_LV0203": 0.19812478690760313,
  "Q_LV0203": -0.0039890896692806,
  "U_LV0203": 1.0044830232154232,
  "I_LV0203_MV0203": 0.19728052827475936,
  "P_POIMV_MV0101": -0.7650805544094962,
  "Q_POIMV_MV0101": 0.0431592068472456,
  "U_POIMV": 0.9989419730150678,
  "I_POIMV_MV0101": 0.7671085430198659,
  "P_POIMV_MV0201": -0.585475204092073,
  "Q_POIMV_MV0201": 0.026687498462021442,
  "I_POIMV_MV0201": 0.5867038801670289,
  "P_POI_POIMV": -1.3505557585380055,
  "Q_POI_POIMV": 0.09314497653953899,
  "U_POI": 1.0,
  "I_POI_POIMV": 1.3537639541569715
}