{
  "P_LV0101": 0.27974769860211385,
  "Q_LV0101": -0.009205591544493692,
  "U_LV0101": 1.0047634878636973,
  "I_LV0101_MV0101": 0.27857214570763483,
  "P_LV0102": 0.5514149335151721,
  "Q_LV0102": -0.006034776679168087,
  "U_LV0102": 1.0032858225406793,
  "I_LV0102_MV0102": 0.18330172262253006,
  "P_LV0103": 0.2688032730992158,
  "Q_LV0103": -0.009205591544493692,
  "U_LV0103": 1.0049950909180705,
  "I_LV0103_MV0103": 0.2676240504434411,
  "P_LV0201": 0.18738493010569382,
  "Q_LV0201": -0.006034776679168087,
  "U_LV0201": 1.0033939751756475,
  "I_LV0201_MV0201": 0.1868479234257064,
  "P_LV0202": 0.18718036140470506,
  "Q_LV0202": -0.006034776679168087,
  "U_LV0202": 1.003639310849531,
  "I_LV0202_MV0202": 0.186598528011565,
  "P_LV0203": 0.1891237640640982,
  "Q_LV0203": -0.006137061029662462,
  "U_LV0203": 1.0037973721114013,
  "I_LV0203_MV0203": 0.1885074785575691,
  "P_POIMV_MV0101": -0.726900400363714,
  "Q_POIMV_MV0101": 0.04882205520962838,
  "U_POIMV": 0.9988184347414694,
  "I_POIMV_MV0101": 0.729399948718637,
  "P_POIMV_MV0201": -0.5603120303889212,
  "Q_POIMV_MV0201": 0.03157877152741498,
  "I_POIMV_MV0201": 0.5618650832276555,
  "P_POI_POIMV": -1.2872124307773989,
  "Q_POI_POIMV": 0.10154494561780109,
  "U_POI": 1.0,
  "I_POI_POIMV": 1.2912115310546068
}