{
  "irrad_LV0101": 1017.7252643274331,
  "irrad_LV0102": 1143.1099777671564,
  "irrad_LV0103": 1053.7660525546753,
  "irrad_LV0201": 1013.5909002430726,
  "irrad_LV0202": 1090.556117479092,
  "irrad_LV0203": 1107.6259358635343
}