{
  "P_LV0101": 0.002003,
  "Q_LV0101": 0.003252,
  "U_LV0101": 0.002601,
  "I_LV0101_MV0101": 0.000829,
  "P_LV0102": 0.002078,
  "Q_LV0102": 0.003641,
  "U_LV0102": 0.002605,
  "I_LV0102_MV0102": 0.000909,
  "P_LV0103": 0.002024,
  "Q_LV0103": 0.003363,
  "U_LV0103": 0.002604,
  "I_LV0103_MV0103": 0.000851,
  "P_LV0201": 0.002001,
  "Q_LV0201": 0.003239,
  "U_LV0201": 0.002603,
  "I_LV0201_MV0201": 0.000826,
  "P_LV0202": 0.002046,
  "Q_LV0202": 0.003478,
  "U_LV0202": 0.002606,
  "I_LV0202_MV0202": 0.000874,
  "P_LV0203": 0.002056,
  "Q_LV0203": 0.003531,
  "U_LV0203": 0.002607,
  "I_LV0203_MV0203": 0.000885,
  "P_POIMV_MV0101": 0.005662,
  "Q_POIMV_MV0101": 0.010117,
  "U_POIMV": 0.002528,
  "I_POIMV_MV0101": 0.002590,
  "P_POIMV_MV0201": 0.005658,
  "Q_POIMV_MV0201": 0.010101,
  "I_POIMV_MV0201": 0.002586,
  "P_POI_POIMV": 0.010860,
  "Q_POI_POIMV": 0.020188,
  "U_POI": 0.002501,
  "I_POI_POIMV": 0.005177
}
