{
  "P_LV0101": 0.2696477204098337,
  "Q_LV0101": -0.1174538206033825,
  "U_LV0101": 0.9797792450420417,
  "I_LV0101_MV0101": 0.30018784668262377,
  "P_LV0102": 0.2606377324249676,
  "Q_LV0102": -0.11745382060338275,
  "U_LV0102": 0.9798059430031816,
  "I_LV0102_MV0102": 0.29177215649587457,
  "P_LV0103": 0.24250680494290483,
  "Q_LV0103": -0.11745382060338364,
  "U_LV0103": 0.979498189542524,
  "I_LV0103_MV0103": 0.2750929616700108,
  "P_LV0201": 0.25152234167620685,
  "Q_LV0201": -0.11745382060338347,
  "U_LV0201": 0.979674355144433,
  "I_LV0201_MV0201": 0.2833541841630821,
  "P_LV0202": 0.22870452592375376,
  "Q_LV0202": -0.11745382060338352,
  "U_LV0202": 0.9793536255602617,
  "I_LV0202_MV0202": 0.26252157765942524,
  "P_LV0203": 0.24251179004663798,
  "Q_LV0203": -0.11745382060338312,
  "U_LV0203": 0.9797859314575892,
  "I_LV0203_MV0203": 0.2750167519709157,
  "P_POIMV_MV0101": -0.7652842265979416,
  "Q_POIMV_MV0101": 0.3863281744490905,
  "U_POIMV": 0.9894794127064155,
  "I_POIMV_MV0101": 0.8663834353273819,
  "P_POIMV_MV0201": -0.7155359809704578,
  "Q_POIMV_MV0201": 0.3827118308580566,
  "I_POIMV_MV0201": 0.820083293032531,
  "P_POI_POIMV": -1.4808102075676741,
  "Q_POI_POIMV": 0.8055025101043611,
  "U_POI": 0.9997820510025804,
  "I_POI_POIMV": 1.6860819173115689
}