{
  "P_LV0101": 0.001558,
  "Q_LV0101": 0.002858,
  "U_LV0101": 0.002449,
  "I_LV0101_MV0101": 0.000750,
  "P_LV0102": 0.001538,
  "Q_LV0102": 0.002765,
  "U_LV0102": 0.002450,
  "I_LV0102_MV0102": 0.000729,
  "P_LV0103": 0.001501,
  "Q_LV0103": 0.002577,
  "U_LV0103": 0.002449,
  "I_LV0103_MV0103": 0.000688,
  "P_LV0201": 0.001519,
  "Q_LV0201": 0.002670,
  "U_LV0201": 0.002449,
  "I_LV0201_MV0201": 0.000708,
  "P_LV0202": 0.001474,
  "Q_LV0202": 0.002434,
  "U_LV0202": 0.002448,
  "I_LV0202_MV0202": 0.000656,
  "P_LV0203": 0.001501,
  "Q_LV0203": 0.002577,
  "U_LV0203": 0.002449,
  "I_LV0203_MV0203": 0.000688,
  "P_POIMV_MV0101": 0.004872,
  "Q_POIMV_MV0101": 0.008142,
  "U_POIMV": 0.002474,
  "I_POIMV_MV0101": 0.002166,
  "P_POIMV_MV0201": 0.004745,
  "Q_POIMV_MV0201": 0.007626,
  "I_POIMV_MV0201": 0.002050,
  "P_POI_POIMV": 0.009939,
  "Q_POI_POIMV": 0.015790,
  "U_POI": 0.002499,
  "I_POI_POIMV": 0.004215
}
