{
  "P_LV0101": 0.02636909760416199,
  "Q_LV0101": -1.09117211748283e-15,
  "U_LV0101": 1.0007749854800854,
  "I_LV0101_MV0101": 0.026348677761477396,
  "P_LV0102": -0.0008384112804764214,
  "Q_LV0102": -1.032076524430775e-15,
  "U_LV0102": 1.0000206074953848,
  "I_LV0102_MV0102": 0.0008383940032758683,
  "P_LV0103": -0.008149242168999557,
  "Q_LV0103": -7.843620399684719e-16,
  "U_LV0103": 0.9998112985622416,
  "I_LV0103_MV0103": 0.008150780232948367,
  "P_LV0201": -0.005980443088670539,
  "Q_LV0201": 5.438832680142016e-16,
  "U_LV0201": 0.999873881674005,
  "I_LV0201_MV0201": 0.005981197427277513,
  "P_LV0202": -0.006192249787047531,
  "Q_LV0202": 3.7302599253899128e-16,
  "U_LV0202": 0.9998697594655339,
  "I_LV0202_MV0202": 0.006193056374019661,
  "P_LV0203": 0.00819473608516127,
  "Q_LV0203": 4.1326195395451093e-16,
  "U_LV0203": 1.0002749209389417,
  "I_LV0203_MV0203": 0.008192483799822759,
  "P_POIMV_MV0101": -0.01736008569741898,
  "Q_POIMV_MV0101": -0.001167510757341006,
  "U_POIMV": 1.0000434470141102,
  "I_POIMV_MV0101": 0.017398544553605764,
  "P_POIMV_MV0201": 0.003981949438980337,
  "Q_POIMV_MV0201": -0.001536707601985654,
  "I_POIMV_MV0201": 0.004267998208670587,
  "P_POI_POIMV": -0.01336813625760778,
  "Q_POI_POIMV": -0.0032677069880264753,
  "U_POI": 1.0000008836351166,
  "I_POI_POIMV": 0.013761709242226337
}