{
  "P_LV0101": 0.17162668790042068,
  "Q_LV0101": -0.08948471787365019,
  "U_LV0101": 0.9841425436615516,
  "I_LV0101_MV0101": 0.19667294922509482,
  "P_LV0102": 0.18917152852179397,
  "Q_LV0102": -0.08948471787365109,
  "U_LV0102": 0.9847578507520157,
  "I_LV0102_MV0102": 0.21250775857378323,
  "P_LV0103": 0.206469930564709,
  "Q_LV0103": -0.08948471787365035,
  "U_LV0103": 0.9852732287123787,
  "I_LV0103_MV0103": 0.22839089651399763,
  "P_LV0201": 0.20427280140565046,
  "Q_LV0201": -0.08948471787364992,
  "U_LV0201": 0.985263014502004,
  "I_LV0201_MV0201": 0.226348911278873,
  "P_LV0202": 0.24375513223547485,
  "Q_LV0202": -0.08948471787365014,
  "U_LV0202": 0.9863996535641625,
  "I_LV0202_MV0202": 0.2632416480361487,
  "P_LV0203": 0.18476281999065283,
  "Q_LV0203": -0.08948471787365003,
  "U_LV0203": 0.9850846827296679,
  "I_LV0203_MV0203": 0.2084003799987759,
  "P_POIMV_MV0101": -0.563177381936157,
  "Q_POIMV_MV0101": 0.2863011156648554,
  "U_POIMV": 0.9921577632931248,
  "I_POIMV_MV0101": 0.6367666501258143,
  "P_POIMV_MV0201": -0.6275437219634341,
  "Q_POIMV_MV0201": 0.2901616298691465,
  "I_POIMV_MV0201": 0.6968437942995162,
  "P_POI_POIMV": -1.190711103898971,
  "Q_POI_POIMV": 0.5990466426837884,
  "U_POI": 0.9998379296903411,
  "I_POI_POIMV": 1.3331263396470108
}