{
  "P_LV0101": 0.001118,
  "Q_LV0101": 0.001828,
  "U_LV0101": 0.002460,
  "I_LV0101_MV0101": 0.000492,
  "P_LV0102": 0.001152,
  "Q_LV0102": 0.002009,
  "U_LV0102": 0.002462,
  "I_LV0102_MV0102": 0.000531,
  "P_LV0103": 0.001189,
  "Q_LV0103": 0.002188,
  "U_LV0103": 0.002463,
  "I_LV0103_MV0103": 0.000571,
  "P_LV0201": 0.001184,
  "Q_LV0201": 0.002166,
  "U_LV0201": 0.002463,
  "I_LV0201_MV0201": 0.000566,
  "P_LV0202": 0.001274,
  "Q_LV0202": 0.002576,
  "U_LV0202": 0.002466,
  "I_LV0202_MV0202": 0.000658,
  "P_LV0203": 0.001143,
  "Q_LV0203": 0.001963,
  "U_LV0203": 0.002463,
  "I_LV0203_MV0203": 0.000521,
  "P_POIMV_MV0101": 0.003603,
  "Q_POIMV_MV0101": 0.005993,
  "U_POIMV": 0.002480,
  "I_POIMV_MV0101": 0.001592,
  "P_POIMV_MV0201": 0.003766,
  "Q_POIMV_MV0201": 0.006661,
  "I_POIMV_MV0201": 0.001742,
  "P_POI_POIMV": 0.007563,
  "Q_POI_POIMV": 0.012667,
  "U_POI": 0.002500,
  "I_POI_POIMV": 0.003333
}
