{
  "irrad_LV0101": 906.8987748387484,
  "irrad_LV0102": 924.3672835242799,
  "irrad_LV0103": 970.2868771112056,
  "irrad_LV0201": 965.8898660110339,
  "irrad_LV0202": 902.5406291725843,
  "irrad_LV0203": 922.8842704992752
}