{
  "irrad_LV0101": 927.8366715517477,
  "irrad_LV0102": 958.0954440701355,
  "irrad_LV0103": 1042.0444097685856,
  "irrad_LV0201": 969.9334846807018,
  "irrad_LV0202": 926.2178097204907,
  "irrad_LV0203": 948.6491801344583
}