{
  "P_LV0101": 0.026846378922277363,
  "Q_LV0101": -5.331181057601787e-17,
  "U_LV0101": 1.006999895570304,
  "I_LV0101_MV0101": 0.01539202155404932,
  "P_LV0102": 0.027524345587661602,
  "Q_LV0102": -1.6855075538159976e-17,
  "U_LV0102": 1.0075289217180146,
  "I_LV0102_MV0102": 0.015772438876699872,
  "P_LV0103": 0.02889143852073705,
  "Q_LV0103": -8.205379508644388e-17,
  "U_LV0103": 1.0080239638508512,
  "I_LV0103_MV0103": 0.016547701647389734,
  "P_LV0201": 0.030282695134386015,
  "Q_LV0201": -5.101138332217103e-18,
  "U_LV0201": 1.0083605020161501,
  "I_LV0201_MV0201": 0.01733876143766797,
  "P_LV0202": 0.027444869741012488,
  "Q_LV0202": 5.183352562270303e-17,
  "U_LV0202": 1.0081247731474674,
  "I_LV0202_MV0202": 0.01571760099037854,
  "P_LV0203": 0.030378874276628977,
  "Q_LV0203": -6.854920482243458e-17,
  "U_LV0203": 1.0089708128599841,
  "I_LV0203_MV0203": 0.017383308830880403,
  "P_POIMV_MV0101": -0.08257786383725829,
  "Q_POIMV_MV0101": 0.0030719328145494273,
  "U_POIMV": 0.999999347033158,
  "I_POIMV_MV0101": 0.047709360663540964,
  "P_POIMV_MV0201": -0.08728919124247625,
  "Q_POIMV_MV0201": 0.0034589035880543406,
  "I_POIMV_MV0201": 0.050436021809370624,
  "P_POI_POI_MV": -0.16986605507969707,
  "Q_POI_POI_MV": 0.0064742532558739185,
  "U_POI": 0.9999993488315618,
  "I_POI_POI_MV": 0.09814348383265924
}