{
  "P_LV0101": 0.008690744575169697,
  "Q_LV0101": -0.001689074116917504,
  "U_LV0101": 0.999908247615773,
  "I_LV0101_MV0101": 0.008854174049349964,
  "P_LV0102": -0.016271937797140368,
  "Q_LV0102": -0.0016890741169175213,
  "U_LV0102": 0.9991933302717176,
  "I_LV0102_MV0102": 0.01637257555714553,
  "P_LV0103": -0.009634612706292603,
  "Q_LV0103": -0.0016890741169177516,
  "U_LV0103": 0.9993721679806317,
  "I_LV0103_MV0103": 0.009787695691743986,
  "P_LV0201": 0.014633411343569224,
  "Q_LV0201": -0.001689074116917292,
  "U_LV0201": 1.0000917338516375,
  "I_LV0201_MV0201": 0.014729219049160226,
  "P_LV0202": -0.0033905439309114844,
  "Q_LV0202": -0.0016890741169170837,
  "U_LV0202": 0.9995918927457015,
  "I_LV0202_MV0202": 0.0037895221808174184,
  "P_LV0203": 0.0034875016028488165,
  "Q_LV0203": -0.0016890741169167923,
  "U_LV0203": 0.9997847693884524,
  "I_LV0203_MV0203": 0.0038758359794911087,
  "P_POIMV_MV0101": 0.01722873868629904,
  "Q_POIMV_MV0101": 0.0038560842560855235,
  "U_POIMV": 0.9999091336246945,
  "I_POIMV_MV0101": 0.017656598656506005,
  "P_POIMV_MV0201": -0.014723272227229245,
  "Q_POIMV_MV0201": 0.003545611066329002,
  "I_POIMV_MV0201": 0.015145553416449053,
  "P_POI_POIMV": 0.002515466459829933,
  "Q_POI_POIMV": 0.006836583732365398,
  "U_POI": 0.9999981512701666,
  "I_POI_POIMV": 0.007284685638500138
}