{
  "P_LV0101": 0.20587054686987633,
  "Q_LV0101": -6.257069216929264e-17,
  "U_LV0101": 1.004878786055103,
  "I_LV0101_MV0101": 0.20487102497015727,
  "P_LV0102": 0.22405727882724147,
  "Q_LV0102": 1.3010129009279785e-16,
  "U_LV0102": 1.0056149975344737,
  "I_LV0102_MV0102": 0.22280622243758902,
  "P_LV0103": 0.23554451837708404,
  "Q_LV0103": -3.227103969908535e-16,
  "U_LV0103": 1.0060393791258377,
  "I_LV0103_MV0103": 0.23413051542947763,
  "P_LV0201": 0.20116909793413135,
  "Q_LV0201": -1.3426759704066099e-16,
  "U_LV0201": 1.0051933711950982,
  "I_LV0201_MV0201": 0.20012974985594725,
  "P_LV0202": 0.22283310978495638,
  "Q_LV0202": -3.7365900715973744e-16,
  "U_LV0202": 1.0059989605998887,
  "I_LV0202_MV0202": 0.2215043141317745,
  "P_LV0203": 0.21686004875008083,
  "Q_LV0203": -2.55110053829222e-16,
  "U_LV0203": 1.0060063907250998,
  "I_LV0203_MV0203": 0.21556527945490933,
  "P_POIMV_MV0101": -0.6610683835410782,
  "Q_POIMV_MV0101": 0.019292641299216484,
  "U_POIMV": 0.9993669595111124,
  "I_POIMV_MV0101": 0.6617687685854441,
  "P_POIMV_MV0201": -0.6365059379196509,
  "Q_POIMV_MV0201": 0.017673779032520542,
  "I_POIMV_MV0201": 0.6371546080887621,
  "P_POI_POIMV": -1.2975643214598824,
  "Q_POI_POIMV": 0.05836911646838416,
  "U_POI": 0.9999841542065755,
  "I_POI_POIMV": 1.2988970665915003
}