{
  "irrad_LV0101": 135.55531622617295,
  "irrad_LV0102": 87.35620476523117,
  "irrad_LV0103": 125.87643190070213,
  "irrad_LV0201": 169.4098491105744,
  "irrad_LV0202": 118.07065124441554,
  "irrad_LV0203": 80.67804984728514
}