{
  "P_LV0101": 0.04065873227995588,
  "Q_LV0101": 0.011719982464019318,
  "U_LV0101": 1.0037358592933323,
  "I_LV0101_MV0101": 0.042156696436688235,
  "P_LV0102": 0.026201794525095603,
  "Q_LV0102": 0.011719982464017807,
  "U_LV0102": 1.0034009398843375,
  "I_LV0102_MV0102": 0.028606231315586577,
  "P_LV0103": 0.03775562838470639,
  "Q_LV0103": 0.011719982464018276,
  "U_LV0103": 1.0037451528804333,
  "I_LV0103_MV0103": 0.03938533621354941,
  "P_LV0201": 0.050813128487576326,
  "Q_LV0201": 0.011719982464018919,
  "U_LV0201": 1.0041032174899105,
  "I_LV0201_MV0201": 0.051934117860066784,
  "P_LV0202": 0.03541434694495467,
  "Q_LV0202": 0.011719982464018033,
  "U_LV0202": 1.0037429312989288,
  "I_LV0202_MV0202": 0.037164167153325954,
  "P_LV0203": 0.024198735401395874,
  "Q_LV0203": 0.011719982464018647,
  "U_LV0203": 1.0034615273010075,
  "I_LV0203_MV0203": 0.026794733079251856,
  "P_POIMV_MV0101": -0.10449239774357011,
  "Q_POIMV_MV0101": -0.03585416832629562,
  "U_POIMV": 1.0009581349197996,
  "I_POIMV_MV0101": 0.11036679588465993,
  "P_POIMV_MV0201": -0.11027555977887005,
  "Q_POIMV_MV0201": -0.03604176660599023,
  "I_POIMV_MV0201": 0.11590492920377642,
  "P_POI_POIMV": -0.2147579575217707,
  "Q_POI_POIMV": -0.07179530086750674,
  "U_POI": 1.000019412582825,
  "I_POI_POIMV": 0.22643664637597136
}