{
  "irrad_LV0101": 1181.8778092012012,
  "irrad_LV0102": 1086.8736135590902,
  "irrad_LV0103": 1074.5141471425884,
  "irrad_LV0201": 1220.8354209216814,
  "irrad_LV0202": 1135.8926922749172,
  "irrad_LV0203": 1172.7889548003784
}