{
  "irrad_LV0101": 1170.024302699882,
  "irrad_LV0102": 1218.090282561302,
  "irrad_LV0103": 1114.921816205795,
  "irrad_LV0201": 1187.489297449674,
  "irrad_LV0202": 1236.1993384675632,
  "irrad_LV0203": 1212.551549002746
}