{
  "P_LV0101": 0.35449479053816896,
  "Q_LV0101": 8.022074103131212e-16,
  "U_LV0101": 1.007284371980404,
  "I_LV0101_MV0101": 0.35193119281817403,
  "P_LV0102": 0.3259990423548947,
  "Q_LV0102": -6.306754441709866e-16,
  "U_LV0102": 1.0071199172153207,
  "I_LV0102_MV0102": 0.3236943652710987,
  "P_LV0103": 0.3222919193136026,
  "Q_LV0103": 5.719594188156117e-17,
  "U_LV0103": 1.0072560969393158,
  "I_LV0103_MV0103": 0.31997018463619165,
  "P_LV0201": 0.36294326697180185,
  "Q_LV0201": -3.130601609648037e-16,
  "U_LV0201": 1.0081757415883386,
  "I_LV0201_MV0201": 0.36,
  "P_LV0202": 0.34070192272582384,
  "Q_LV0202": 2.5280086470923998e-17,
  "U_LV0202": 1.00817525361679,
  "I_LV0202_MV0202": 0.33793918418803554,
  "P_LV0203": 0.35176866139692603,
  "Q_LV0203": 4.251109201320301e-16,
  "U_LV0203": 1.0086392540060114,
  "I_LV0203_MV0203": 0.3487556725556802,
  "P_POIMV_MV0101": -0.9928852660971188,
  "Q_POIMV_MV0101": 0.045181117439597074,
  "U_POIMV": 0.9983693537112652,
  "I_POIMV_MV0101": 0.9955360822012255,
  "P_POIMV_MV0201": -1.0437039307020086,
  "Q_POIMV_MV0201": 0.0502547308150838,
  "I_POIMV_MV0201": 1.0466197888679105,
  "P_POI_POIMV": -2.0365791967980664,
  "Q_POI_POIMV": 0.14917184917749182,
  "U_POI": 0.9999595081510532,
  "I_POI_POIMV": 2.0421177195312805
}