{
  "P_LV0101": 0.35093942612434,
  "Q_LV0101": 9.81045020351768e-16,
  "U_LV0101": 1.0071077476030548,
  "I_LV0101_MV0101": 0.201184999941039,
  "P_LV0102": 0.3628138236766114,
  "Q_LV0102": -1.1775948092975764e-16,
  "U_LV0102": 1.0078161768794762,
  "I_LV0102_MV0102": 0.20784609690826528,
  "P_LV0103": 0.33441187627461755,
  "Q_LV0103": -4.2989034494061234e-16,
  "U_LV0103": 1.0074486737171293,
  "I_LV0103_MV0103": 0.19164528360039224,
  "P_LV0201": 0.3561779115306801,
  "Q_LV0201": -1.174797330454085e-15,
  "U_LV0201": 1.0079448879457011,
  "I_LV0201_MV0201": 0.20401850890950188,
  "P_LV0202": 0.36308468811875494,
  "Q_LV0202": 5.47525599377401e-16,
  "U_LV0202": 1.0085685781076528,
  "I_LV0202_MV0202": 0.20784609690826525,
  "P_LV0203": 0.36317201891451034,
  "Q_LV0203": 6.24500451269534e-17,
  "U_LV0203": 1.0088111636514177,
  "I_LV0203_MV0203": 0.20784609690826528,
  "P_POIMV_MV0101": -1.0373437002219816,
  "Q_POIMV_MV0101": 0.04943076920903877,
  "U_POIMV": 0.9982511479133062,
  "I_POIMV_MV0101": 0.600640667689273,
  "P_POIMV_MV0201": -1.070109651021994,
  "Q_POIMV_MV0201": 0.05290938836310488,
  "I_POIMV_MV0201": 0.619666512407206,
  "P_POI_POIMV": -2.1074433512437234,
  "Q_POI_POIMV": 0.15994403536478785,
  "U_POI": 0.9999565841890513,
  "I_POI_POIMV": 1.2202851397038064
}