{
  "P_LV0101": 0.33368455197161956,
  "Q_LV0101": 7.603697090817512e-16,
  "U_LV0101": 1.0068321132371965,
  "I_LV0101_MV0101": 0.19134557129471272,
  "P_LV0102": 0.36284930968772333,
  "Q_LV0102": -1.638471092964012e-16,
  "U_LV0102": 1.0079147491325648,
  "I_LV0102_MV0102": 0.20784609690826528,
  "P_LV0103": 0.35446575678971276,
  "Q_LV0103": -8.799464245586719e-16,
  "U_LV0103": 1.0079776104049494,
  "I_LV0103_MV0103": 0.20303119631677904,
  "P_LV0201": 0.3380584986247362,
  "Q_LV0201": 1.6966835002816466e-16,
  "U_LV0201": 1.0076008202912203,
  "I_LV0201_MV0201": 0.19370584188927228,
  "P_LV0202": 0.344779047808988,
  "Q_LV0202": -3.3399990538796827e-16,
  "U_LV0202": 1.0082004354680014,
  "I_LV0202_MV0202": 0.19743918873736677,
  "P_LV0203": 0.34570845081455565,
  "Q_LV0203": 1.2580243245669066e-15,
  "U_LV0203": 1.0084495511198186,
  "I_LV0203_MV0203": 0.19792251076642842,
  "P_POIMV_MV0101": -1.040094930980331,
  "Q_POIMV_MV0101": 0.049714380061004704,
  "U_POIMV": 0.9983359206267098,
  "I_POIMV_MV0101": 0.6021867462044194,
  "P_POIMV_MV0201": -1.0174089566078237,
  "Q_POIMV_MV0201": 0.04765743793643651,
  "I_POIMV_MV0201": 0.58902559639689,
  "P_POI_POI_MV": -2.057493887587271,
  "Q_POI_POI_MV": 0.15223498706836835,
  "U_POI": 0.99995867662851,
  "I_POI_POI_MV": 1.1911910556003502
}