{
  "P_LV0101": 0.000159,
  "Q_LV0101": 0.000501,
  "U_LV0101": 0.002523,
  "I_LV0101_MV0101": 0.000074,
  "P_LV0102": 0.000151,
  "Q_LV0102": 0.000479,
  "U_LV0102": 0.002523,
  "I_LV0102_MV0102": 0.000071,
  "P_LV0103": 0.000159,
  "Q_LV0103": 0.000502,
  "U_LV0103": 0.002525,
  "I_LV0103_MV0103": 0.000075,
  "P_LV0201": 0.000157,
  "Q_LV0201": 0.000495,
  "U_LV0201": 0.002524,
  "I_LV0201_MV0201": 0.000074,
  "P_LV0202": 0.000154,
  "Q_LV0202": 0.000486,
  "U_LV0202": 0.002525,
  "I_LV0202_MV0202": 0.000072,
  "P_LV0203": 0.000158,
  "Q_LV0203": 0.000498,
  "U_LV0203": 0.002526,
  "I_LV0203_MV0203": 0.000074,
  "P_POIMV_MV0101": 0.000470,
  "Q_POIMV_MV0101": 0.001467,
  "U_POIMV": 0.002500,
  "I_POIMV_MV0101": 0.000220,
  "P_POIMV_MV0201": 0.000468,
  "Q_POIMV_MV0201": 0.001462,
  "I_POIMV_MV0201": 0.000220,
  "P_POI_POI_MV": 0.000938,
  "Q_POI_POI_MV": 0.002929,
  "U_POI": 0.002500,
  "I_POI_POI_MV": 0.000440
}
