{
  "P_LV0101": 0.001204,
  "Q_LV0101": 0.003573,
  "U_LV0101": 0.002518,
  "I_LV0101_MV0101": 0.000846,
  "P_LV0102": 0.001173,
  "Q_LV0102": 0.003478,
  "U_LV0102": 0.002519,
  "I_LV0102_MV0102": 0.000823,
  "P_LV0103": 0.001171,
  "Q_LV0103": 0.003473,
  "U_LV0103": 0.002519,
  "I_LV0103_MV0103": 0.000822,
  "P_LV0201": 0.001155,
  "Q_LV0201": 0.003426,
  "U_LV0201": 0.002519,
  "I_LV0201_MV0201": 0.000811,
  "P_LV0202": 0.001104,
  "Q_LV0202": 0.003274,
  "U_LV0202": 0.002519,
  "I_LV0202_MV0202": 0.000774,
  "P_LV0203": 0.001109,
  "Q_LV0203": 0.003289,
  "U_LV0203": 0.002520,
  "I_LV0203_MV0203": 0.000778,
  "P_POIMV_MV0101": 0.003544,
  "Q_POIMV_MV0101": 0.010421,
  "U_POIMV": 0.002496,
  "I_POIMV_MV0101": 0.002490,
  "P_POIMV_MV0201": 0.003361,
  "Q_POIMV_MV0201": 0.009890,
  "I_POIMV_MV0201": 0.002363,
  "P_POI_POIMV": 0.006990,
  "Q_POI_POIMV": 0.020314,
  "U_POI": 0.002500,
  "I_POI_POIMV": 0.004853
}
