{
  "P_LV0101": 0.09311934788360457,
  "Q_LV0101": -0.042848081502368664,
  "U_LV0101": 0.9930627935601755,
  "I_LV0101_MV0101": 0.10322055507262272,
  "P_LV0102": 0.06390946743831098,
  "Q_LV0102": -0.04284808150236903,
  "U_LV0102": 0.9923509023576752,
  "I_LV0102_MV0102": 0.0775370820880279,
  "P_LV0103": 0.07864906852821882,
  "Q_LV0103": -0.04284808150236849,
  "U_LV0103": 0.9927762101705185,
  "I_LV0103_MV0103": 0.09021527173188132,
  "P_LV0201": 0.07658606162524026,
  "Q_LV0201": -0.04284808150236907,
  "U_LV0201": 0.9927388832706111,
  "I_LV0201_MV0201": 0.08839940183476871,
  "P_LV0202": 0.07733484869733055,
  "Q_LV0202": -0.042848081502368164,
  "U_LV0202": 0.9928332227558591,
  "I_LV0202_MV0202": 0.08904994759442203,
  "P_LV0203": 0.08847021656530411,
  "Q_LV0203": -0.042848081502368685,
  "U_LV0203": 0.9931669027880871,
  "I_LV0203_MV0203": 0.09897655706423601,
  "P_POIMV_MV0101": -0.23493833855650337,
  "Q_POIMV_MV0101": 0.13075897770113443,
  "U_POIMV": 0.9965010400952053,
  "I_POIMV_MV0101": 0.26981939883040773,
  "P_POIMV_MV0201": -0.24157090334688291,
  "Q_POIMV_MV0201": 0.13062053524100747,
  "I_POIMV_MV0201": 0.27558806073087794,
  "P_POI_POIMV": -0.4764992419035503,
  "Q_POI_POIMV": 0.26468674232910416,
  "U_POI": 0.9999284108662388,
  "I_POI_POIMV": 0.5451175501199796
}