{
  "P_LV0101": 0.000557,
  "Q_LV0101": 0.000988,
  "U_LV0101": 0.002483,
  "I_LV0101_MV0101": 0.000258,
  "P_LV0102": 0.000503,
  "Q_LV0102": 0.000687,
  "U_LV0102": 0.002481,
  "I_LV0102_MV0102": 0.000194,
  "P_LV0103": 0.000528,
  "Q_LV0103": 0.000839,
  "U_LV0103": 0.002482,
  "I_LV0103_MV0103": 0.000226,
  "P_LV0201": 0.000525,
  "Q_LV0201": 0.000817,
  "U_LV0201": 0.002482,
  "I_LV0201_MV0201": 0.000221,
  "P_LV0202": 0.000526,
  "Q_LV0202": 0.000825,
  "U_LV0202": 0.002482,
  "I_LV0202_MV0202": 0.000223,
  "P_LV0203": 0.000548,
  "Q_LV0203": 0.000940,
  "U_LV0203": 0.002483,
  "I_LV0203_MV0203": 0.000247,
  "P_POIMV_MV0101": 0.001603,
  "Q_POIMV_MV0101": 0.002507,
  "U_POIMV": 0.002491,
  "I_POIMV_MV0101": 0.000675,
  "P_POIMV_MV0201": 0.001614,
  "Q_POIMV_MV0201": 0.002575,
  "I_POIMV_MV0201": 0.000689,
  "P_POI_POIMV": 0.003247,
  "Q_POI_POIMV": 0.005084,
  "U_POI": 0.002500,
  "I_POI_POIMV": 0.001363
}
