{
  "irrad_LV0101": 1055.3797367166974,
  "irrad_LV0102": 974.9918029428458,
  "irrad_LV0103": 1065.389506718383,
  "irrad_LV0201": 1066.20783522469,
  "irrad_LV0202": 1002.1380850427146,
  "irrad_LV0203": 1068.0983851953295
}