{
  "P_LV0101": 0.016149485752154035,
  "Q_LV0101": 5.926318522496326e-16,
  "U_LV0101": 1.0004912347366985,
  "I_LV0101_MV0101": 0.016141556458917034,
  "P_LV0102": -0.01168909010765425,
  "Q_LV0102": 1.967765956688987e-16,
  "U_LV0102": 0.999713580732302,
  "I_LV0102_MV0102": 0.011692439047483833,
  "P_LV0103": 0.0029817307642329145,
  "Q_LV0103": -4.0921867837152403e-16,
  "U_LV0103": 1.0001246304946663,
  "I_LV0103_MV0103": 0.002981359195961544,
  "P_LV0201": 0.030084055507224077,
  "Q_LV0201": -2.4052608135844185e-16,
  "U_LV0201": 1.0008884042498631,
  "I_LV0201_MV0201": 0.030057352427587773,
  "P_LV0202": -0.0036402829643171265,
  "Q_LV0202": 1.6032783621230404e-16,
  "U_LV0202": 0.9999528420727906,
  "I_LV0202_MV0202": 0.0036404546406120777,
  "P_LV0203": -0.008539542600500358,
  "Q_LV0203": -3.0735030122016074e-16,
  "U_LV0203": 0.9998103098152424,
  "I_LV0203_MV0203": 0.00854116277524524,
  "P_POIMV_MV0101": -0.007430765028402675,
  "Q_POIMV_MV0101": -0.0012169306226041954,
  "U_POIMV": 1.0000424938318693,
  "I_POIMV_MV0101": 0.007529433630297014,
  "P_POIMV_MV0201": -0.017876248599122846,
  "Q_POIMV_MV0201": -0.0014186326786784775,
  "I_POIMV_MV0201": 0.01793168856179067,
  "P_POI_POIMV": -0.025297013627412726,
  "Q_POI_POIMV": -0.0031930515201565868,
  "U_POI": 1.0000008634302053,
  "I_POI_POIMV": 0.02549771271674862
}