{
  "P_LV0101": 0.000072,
  "Q_LV0101": 0.000230,
  "U_LV0101": 0.002501,
  "I_LV0101_MV0101": 0.000060,
  "P_LV0102": 0.000063,
  "Q_LV0102": 0.000207,
  "U_LV0102": 0.002499,
  "I_LV0102_MV0102": 0.000056,
  "P_LV0103": 0.000024,
  "Q_LV0103": 0.000080,
  "U_LV0103": 0.002500,
  "I_LV0103_MV0103": 0.000022,
  "P_LV0201": 0.000125,
  "Q_LV0201": 0.000391,
  "U_LV0201": 0.002502,
  "I_LV0201_MV0201": 0.000100,
  "P_LV0202": 0.000028,
  "Q_LV0202": 0.000095,
  "U_LV0202": 0.002500,
  "I_LV0202_MV0202": 0.000027,
  "P_LV0203": 0.000054,
  "Q_LV0203": 0.000179,
  "U_LV0203": 0.002500,
  "I_LV0203_MV0203": 0.000049,
  "P_POIMV_MV0101": 0.000067,
  "Q_POIMV_MV0101": 0.000200,
  "U_POIMV": 0.002500,
  "I_POIMV_MV0101": 0.000056,
  "P_POIMV_MV0201": 0.000130,
  "Q_POIMV_MV0201": 0.000423,
  "I_POIMV_MV0201": 0.000118,
  "P_POI_POIMV": 0.000207,
  "Q_POI_POIMV": 0.000645,
  "U_POI": 0.002500,
  "I_POI_POIMV": 0.000181
}
