{
  "P_LV0101": 0.08326057670159422,
  "Q_LV0101": 6.299294051823794e-16,
  "U_LV0101": 1.0022567232500477,
  "I_LV0101_MV0101": 0.08307310369702751,
  "P_LV0102": 0.10070719565137652,
  "Q_LV0102": 4.3880984089395054e-16,
  "U_LV0102": 1.0028392533006987,
  "I_LV0102_MV0102": 0.10042207195212345,
  "P_LV0103": 0.08930410546946088,
  "Q_LV0103": 4.943961906533923e-17,
  "U_LV0103": 1.0026064244052182,
  "I_LV0103_MV0103": 0.08907194617512974,
  "P_LV0201": 0.09821580324667258,
  "Q_LV0201": -2.7246774945109607e-16,
  "U_LV0201": 1.0028379963947183,
  "I_LV0201_MV0201": 0.09793785596453877,
  "P_LV0202": 0.06597508631851944,
  "Q_LV0202": -6.066558752260255e-16,
  "U_LV0202": 1.0021215281379419,
  "I_LV0202_MV0202": 0.06583541463390055,
  "P_LV0203": 0.11430555705173118,
  "Q_LV0203": 1.795438797635995e-16,
  "U_LV0203": 1.0034523637738135,
  "I_LV0203_MV0203": 0.11391229038700695,
  "P_POIMV_MV0101": -0.2725232126697392,
  "Q_POIMV_MV0101": 0.0022256843490140454,
  "U_POIMV": 0.999921220975135,
  "I_POIMV_MV0101": 0.27255377256868246,
  "P_POIMV_MV0201": -0.2776369727373549,
  "Q_POIMV_MV0201": 0.0022552143835241623,
  "I_POIMV_MV0201": 0.2776680064294002,
  "P_POI_POIMV": -0.5501501854067764,
  "Q_POI_POIMV": 0.007856856576381688,
  "U_POI": 0.9999978643042255,
  "I_POI_POIMV": 0.5502074606617754
}