{
  "irrad_LV0101": -40.14199522792026,
  "irrad_LV0102": 20.765060554000698,
  "irrad_LV0103": -44.14150002272263,
  "irrad_LV0201": 62.88049536918848,
  "irrad_LV0202": 3.482530860235041,
  "irrad_LV0203": -19.477202404328274
}