{
  "P_LV0101": -0.012040270220255276,
  "Q_LV0101": -0.002829424745131048,
  "U_LV0101": 0.9990802259928614,
  "I_LV0101_MV0101": 0.012379642266337892,
  "P_LV0102": 0.006228313734545909,
  "Q_LV0102": -0.0028294247451318383,
  "U_LV0102": 0.9995819114737156,
  "I_LV0102_MV0102": 0.006843733772171363,
  "P_LV0103": -0.01323988967621927,
  "Q_LV0103": -0.002829424745131463,
  "U_LV0103": 0.9990289237210603,
  "I_LV0103_MV0103": 0.01355200499708095,
  "P_LV0201": 0.01886050136595975,
  "Q_LV0201": -0.002829424745130987,
  "U_LV0201": 0.9999549962576884,
  "I_LV0201_MV0201": 0.01907241191538833,
  "P_LV0202": 0.0010445572615295326,
  "Q_LV0202": -0.0028294247451312875,
  "U_LV0202": 0.999457901102286,
  "I_LV0202_MV0202": 0.0030177168450110014,
  "P_LV0203": -0.005842030989022866,
  "Q_LV0203": -0.0028294247451313174,
  "U_LV0203": 0.9992608705203212,
  "I_LV0203_MV0203": 0.006495946889202891,
  "P_POIMV_MV0101": 0.019062828669575538,
  "Q_POIMV_MV0101": 0.00726900704489708,
  "U_POIMV": 0.9998179575302374,
  "I_POIMV_MV0101": 0.020405427825296515,
  "P_POIMV_MV0201": -0.014051179911461986,
  "Q_POIMV_MV0201": 0.006990445934889067,
  "I_POIMV_MV0201": 0.0156968688155112,
  "P_POI_POIMV": 0.005021648758864552,
  "Q_POI_POIMV": 0.013696524605165905,
  "U_POI": 0.9999962962168312,
  "I_POI_POIMV": 0.014588122529756156
}