{
  "irrad_LV0101": 5.056518065666218,
  "irrad_LV0102": 88.62050777701369,
  "irrad_LV0103": 39.730490107972614,
  "irrad_LV0201": 92.56099599526797,
  "irrad_LV0202": 35.99197724866703,
  "irrad_LV0203": -87.83820801252857
}