{
  "irrad_LV0101": 246.1303322247525,
  "irrad_LV0102": 243.1896071726658,
  "irrad_LV0103": 291.91493812279674,
  "irrad_LV0201": 291.9716781497577,
  "irrad_LV0202": 188.30457828060304,
  "irrad_LV0203": 344.219758114917
}