{
  "irrad_LV0101": 331.47233163968144,
  "irrad_LV0102": 243.82215691218934,
  "irrad_LV0103": 239.59217401517282,
  "irrad_LV0201": 350.2801975828783,
  "irrad_LV0202": 284.19525186632546,
  "irrad_LV0203": 287.93596796509723
}