{
  "irrad_LV0101": 310.46917850628165,
  "irrad_LV0102": 209.95106940349132,
  "irrad_LV0103": 281.33400063765856,
  "irrad_LV0201": 293.73224180035794,
  "irrad_LV0202": 291.9831765958081,
  "irrad_LV0203": 301.7144249881329
}