{
  "P_LV0101": 0.09942247316854684,
  "Q_LV0101": -0.041828037510807874,
  "U_LV0101": 0.9934389951037785,
  "I_LV0101_MV0101": 0.06268597795725636,
  "P_LV0102": 0.07313250470585388,
  "Q_LV0102": -0.04182803751080801,
  "U_LV0102": 0.9928111943114606,
  "I_LV0102_MV0102": 0.048993573015379106,
  "P_LV0103": 0.0718637551876009,
  "Q_LV0103": -0.0418280375108081,
  "U_LV0103": 0.9928076899342745,
  "I_LV0103_MV0103": 0.04835467028638995,
  "P_LV0201": 0.10506374204261913,
  "Q_LV0201": -0.04182803751080801,
  "U_LV0201": 0.9937285966183642,
  "I_LV0201_MV0201": 0.06570107380516535,
  "P_LV0202": 0.08524209143954269,
  "Q_LV0202": -0.04182803751080793,
  "U_LV0202": 0.9932923621599099,
  "I_LV0202_MV0202": 0.05519050705033008,
  "P_LV0203": 0.08636408929716652,
  "Q_LV0203": -0.04182803751080828,
  "U_LV0203": 0.9933618516070998,
  "I_LV0203_MV0203": 0.05577281735347811,
  "P_POIMV_MV0101": -0.24364522739870154,
  "Q_POIMV_MV0101": 0.1278656349220455,
  "U_POIMV": 0.9965658256212842,
  "I_POIMV_MV0101": 0.15941071604623705,
  "P_POIMV_MV0201": -0.27566764217033324,
  "Q_POIMV_MV0201": 0.12838929959218603,
  "I_POIMV_MV0201": 0.1761769079659491,
  "P_POI_POIMV": -0.5193028695682337,
  "Q_POI_POIMV": 0.2600857154370715,
  "U_POI": 0.9999296536784524,
  "I_POI_POIMV": 0.3353443569297286
}