{
  "P_LV0101": 0.007382482341899178,
  "Q_LV0101": -0.00500043014985101,
  "U_LV0101": 0.995055250665241,
  "I_LV0101_MV0101": 0.005173570197756576,
  "P_LV0102": 0.007294277647365285,
  "Q_LV0102": -0.005000430149851016,
  "U_LV0102": 0.9950957963068235,
  "I_LV0102_MV0102": 0.005131068494089185,
  "P_LV0103": 0.00875575495530661,
  "Q_LV0103": -0.0050004301498509755,
  "U_LV0103": 0.995516761938709,
  "I_LV0103_MV0103": 0.005847658032015555,
  "P_LV0201": 0.008757456827007392,
  "Q_LV0201": -0.005000430149850951,
  "U_LV0201": 0.995521211571491,
  "I_LV0201_MV0201": 0.005848488989066979,
  "P_LV0202": 0.005648045129138784,
  "Q_LV0202": -0.0050004301498510415,
  "U_LV0202": 0.994761960383769,
  "I_LV0202_MV0202": 0.004378187242624836,
  "P_LV0203": 0.010324596172468914,
  "Q_LV0203": -0.005000430149851036,
  "U_LV0203": 0.9960388780979079,
  "I_LV0203_MV0203": 0.006649571295218256,
  "P_POIMV_MV0101": -0.023353845423855546,
  "Q_POIMV_MV0101": 0.015241655348148697,
  "U_POIMV": 0.9999969300522278,
  "I_POIMV_MV0101": 0.01610087915730262,
  "P_POIMV_MV0201": -0.024636579577119733,
  "Q_POIMV_MV0201": 0.015260488262001104,
  "I_POIMV_MV0201": 0.016731693596583656,
  "P_POI_POI_MV": -0.04798942500102885,
  "Q_POI_POI_MV": 0.030445554526522756,
  "U_POI": 0.9999969385093521,
  "I_POI_POI_MV": 0.032812276560088595
}