{
  "irrad_LV0101": 1131.2811153904213,
  "irrad_LV0102": 1144.3210618615135,
  "irrad_LV0103": 1152.1884484430548,
  "irrad_LV0201": 1084.1619356595252,
  "irrad_LV0202": 1133.5856734596416,
  "irrad_LV0203": 1165.6417290610125
}