{
  "P_LV0101": 0.03393187171448467,
  "Q_LV0101": 0.016933107145973913,
  "U_LV0101": 1.0315599450512016,
  "I_LV0101_MV0101": 0.021224611657995582,
  "P_LV0102": 0.03432299447327672,
  "Q_LV0102": 0.016933107145973878,
  "U_LV0102": 1.03224023487291,
  "I_LV0102_MV0102": 0.021406588894572642,
  "P_LV0103": 0.03455897043767792,
  "Q_LV0103": 0.016933107145973927,
  "U_LV0103": 1.0325892494985363,
  "I_LV0103_MV0103": 0.021517757476161057,
  "P_LV0201": 0.032518569626993586,
  "Q_LV0201": 0.0169331071459739,
  "U_LV0201": 1.0321468818022044,
  "I_LV0201_MV0201": 0.02050821171004327,
  "P_LV0202": 0.034000995089479215,
  "Q_LV0202": 0.016933107145973902,
  "U_LV0202": 1.0330558256785578,
  "I_LV0202_MV0202": 0.021228451450963755,
  "P_LV0203": 0.03496249082342214,
  "Q_LV0203": 0.016933107145973837,
  "U_LV0203": 1.0335570162787828,
  "I_LV0203_MV0203": 0.021700252591040504,
  "P_POIMV_MV0101": -0.10157938766127472,
  "Q_POIMV_MV0101": -0.045149474726969174,
  "U_POIMV": 1.000009120184599,
  "I_POIMV_MV0101": 0.0641784534855522,
  "P_POIMV_MV0201": -0.10018880572876299,
  "Q_POIMV_MV0201": -0.04524492257392154,
  "I_POIMV_MV0201": 0.06346831068088814,
  "P_POI_POI_MV": -0.20176719339006655,
  "Q_POI_POI_MV": -0.09045097581110895,
  "U_POI": 1.0000090950595553,
  "I_POI_POI_MV": 0.12765903809993917
}