{
  "irrad_LV0101": 797.7540599192928,
  "irrad_LV0102": 721.3864650211714,
  "irrad_LV0103": 792.1003711777311,
  "irrad_LV0201": 779.8197249848586,
  "irrad_LV0202": 763.8806306173389,
  "irrad_LV0203": 846.6797802570645
}