{
  "P_LV0101": 0.010101536435564084,
  "Q_LV0101": -0.0057581489339919535,
  "U_LV0101": 0.9990709817284007,
  "I_LV0101_MV0101": 0.011638250278796105,
  "P_LV0102": 0.026222772313759964,
  "Q_LV0102": -0.005758148933991668,
  "U_LV0102": 0.9995263751900916,
  "I_LV0102_MV0102": 0.026860255405572832,
  "P_LV0103": -5.929665708290412e-05,
  "Q_LV0103": -0.005758148933991641,
  "U_LV0103": 0.9987999849582568,
  "I_LV0103_MV0103": 0.005765372774519235,
  "P_LV0201": -0.013413704970897373,
  "Q_LV0201": -0.005758148933991713,
  "U_LV0201": 0.9984028763740288,
  "I_LV0201_MV0201": 0.01462073994337135,
  "P_LV0202": 0.00797328842240173,
  "Q_LV0202": -0.005758148933991852,
  "U_LV0202": 0.9990077031472944,
  "I_LV0202_MV0202": 0.009844890171894131,
  "P_LV0203": 0.011889089670849404,
  "Q_LV0203": -0.005758148933992147,
  "U_LV0203": 0.9991214897832905,
  "I_LV0203_MV0203": 0.013221715046027642,
  "P_POIMV_MV0101": -0.03623915773391673,
  "Q_POIMV_MV0101": 0.016126575048701852,
  "U_POIMV": 0.999583003194477,
  "I_POIMV_MV0101": 0.03968193487293983,
  "P_POIMV_MV0201": -0.006434408108475509,
  "Q_POIMV_MV0201": 0.015787458360819073,
  "I_POIMV_MV0201": 0.017055438937502724,
  "P_POI_POIMV": -0.04266356584201693,
  "Q_POI_POIMV": 0.03138512661234927,
  "U_POI": 0.9999915128000949,
  "I_POI_POIMV": 0.052964645190203004
}