{
  "P_LV0101": 0.000116,
  "Q_LV0101": 0.000182,
  "U_LV0101": 0.002498,
  "I_LV0101_MV0101": 0.000056,
  "P_LV0102": 0.000135,
  "Q_LV0102": 0.000349,
  "U_LV0102": 0.002499,
  "I_LV0102_MV0102": 0.000092,
  "P_LV0103": 0.000138,
  "Q_LV0103": 0.000041,
  "U_LV0103": 0.002497,
  "I_LV0103_MV0103": 0.000038,
  "P_LV0201": 0.000105,
  "Q_LV0201": 0.000199,
  "U_LV0201": 0.002496,
  "I_LV0201_MV0201": 0.000057,
  "P_LV0202": 0.000122,
  "Q_LV0202": 0.000160,
  "U_LV0202": 0.002498,
  "I_LV0202_MV0202": 0.000053,
  "P_LV0203": 0.000110,
  "Q_LV0203": 0.000194,
  "U_LV0203": 0.002498,
  "I_LV0203_MV0203": 0.000057,
  "P_POIMV_MV0101": 0.000316,
  "Q_POIMV_MV0101": 0.000589,
  "U_POIMV": 0.002499,
  "I_POIMV_MV0101": 0.000171,
  "P_POIMV_MV0201": 0.000381,
  "Q_POIMV_MV0201": 0.000191,
  "I_POIMV_MV0201": 0.000114,
  "P_POI_POIMV": 0.000700,
  "Q_POI_POIMV": 0.000903,
  "U_POI": 0.002500,
  "I_POI_POIMV": 0.000301
}
