{
  "P_LV0101": 0.000122,
  "Q_LV0101": 0.000143,
  "U_LV0101": 0.002503,
  "I_LV0101_MV0101": 0.000050,
  "P_LV0102": 0.000130,
  "Q_LV0102": 0.000338,
  "U_LV0102": 0.002505,
  "I_LV0102_MV0102": 0.000089,
  "P_LV0103": 0.000113,
  "Q_LV0103": 0.000183,
  "U_LV0103": 0.002504,
  "I_LV0103_MV0103": 0.000056,
  "P_LV0201": 0.000113,
  "Q_LV0201": 0.000261,
  "U_LV0201": 0.002502,
  "I_LV0201_MV0201": 0.000071,
  "P_LV0202": 0.000106,
  "Q_LV0202": 0.000226,
  "U_LV0202": 0.002504,
  "I_LV0202_MV0202": 0.000062,
  "P_LV0203": 0.000109,
  "Q_LV0203": 0.000193,
  "U_LV0203": 0.002504,
  "I_LV0203_MV0203": 0.000057,
  "P_POIMV_MV0101": 0.000359,
  "Q_POIMV_MV0101": 0.000529,
  "U_POIMV": 0.002501,
  "I_POIMV_MV0101": 0.000166,
  "P_POIMV_MV0201": 0.000418,
  "Q_POIMV_MV0201": 0.000233,
  "I_POIMV_MV0201": 0.000127,
  "P_POI_POIMV": 0.000791,
  "Q_POI_POIMV": 0.000808,
  "U_POI": 0.002500,
  "I_POI_POIMV": 0.000298
}
