{
  "P_LV0101": 0.000151,
  "Q_LV0101": 0.000168,
  "U_LV0101": 0.002506,
  "I_LV0101_MV0101": 0.000057,
  "P_LV0102": 0.000166,
  "Q_LV0102": 0.000335,
  "U_LV0102": 0.002507,
  "I_LV0102_MV0102": 0.000092,
  "P_LV0103": 0.000163,
  "Q_LV0103": 0.000152,
  "U_LV0103": 0.002506,
  "I_LV0103_MV0103": 0.000057,
  "P_LV0201": 0.000154,
  "Q_LV0201": 0.000251,
  "U_LV0201": 0.002507,
  "I_LV0201_MV0201": 0.000073,
  "P_LV0202": 0.000191,
  "Q_LV0202": 0.000468,
  "U_LV0202": 0.002508,
  "I_LV0202_MV0202": 0.000121,
  "P_LV0203": 0.000157,
  "Q_LV0203": 0.000274,
  "U_LV0203": 0.002507,
  "I_LV0203_MV0203": 0.000078,
  "P_POIMV_MV0101": 0.000465,
  "Q_POIMV_MV0101": 0.000643,
  "U_POIMV": 0.002502,
  "I_POIMV_MV0101": 0.000197,
  "P_POIMV_MV0201": 0.000510,
  "Q_POIMV_MV0201": 0.001012,
  "I_POIMV_MV0201": 0.000278,
  "P_POI_POIMV": 0.000974,
  "Q_POI_POIMV": 0.001667,
  "U_POI": 0.002500,
  "I_POI_POIMV": 0.000477
}
