{
  "irrad_LV0101": 1149.3692247390845,
  "irrad_LV0102": 1067.8193395704266,
  "irrad_LV0103": 1053.7636233677401,
  "irrad_LV0201": 1141.738512829869,
  "irrad_LV0202": 1119.9520136302024,
  "irrad_LV0203": 1157.611399975737
}