{
  "irrad_LV0101": 1175.5238083379797,
  "irrad_LV0102": 1117.429689394825,
  "irrad_LV0103": 1084.3232769618346,
  "irrad_LV0201": 1125.9723772209074,
  "irrad_LV0202": 1169.018296269246,
  "irrad_LV0203": 1092.3097030373026
}