{
  "P_LV0101": 0.3321271937630428,
  "Q_LV0101": -0.15861920989119374,
  "U_LV0101": 0.9708030632939227,
  "I_LV0101_MV0101": 0.3791299255427179,
  "P_LV0102": 0.3497393683589283,
  "Q_LV0102": -0.15861920989119396,
  "U_LV0102": 0.9714982454414678,
  "I_LV0102_MV0102": 0.3952948235519167,
  "P_LV0103": 0.3497977315327014,
  "Q_LV0103": -0.15861920989119443,
  "U_LV0103": 0.971660365368615,
  "I_LV0103_MV0103": 0.3952835723671545,
  "P_LV0201": 0.34506437655502453,
  "Q_LV0201": -0.15861920989119452,
  "U_LV0201": 0.971521730520641,
  "I_LV0201_MV0201": 0.3909079440641679,
  "P_LV0202": 0.33210773814522127,
  "Q_LV0202": -0.1586192098911939,
  "U_LV0202": 0.9715418102480268,
  "I_LV0202_MV0202": 0.378823570048267,
  "P_LV0203": 0.3275076819884132,
  "Q_LV0203": -0.1586192098911943,
  "U_LV0203": 0.9715893915535451,
  "I_LV0203_MV0203": 0.37453828499476316,
  "P_POIMV_MV0101": -1.0179701964175365,
  "Q_POIMV_MV0101": 0.538679247938262,
  "U_POIMV": 0.9851375328988722,
  "I_POIMV_MV0101": 1.169086697272503,
  "P_POIMV_MV0201": -0.990691782331055,
  "Q_POIMV_MV0201": 0.5362424259054137,
  "I_POIMV_MV0201": 1.1435059258638616,
  "P_POI_POIMV": -2.0086519787490738,
  "Q_POI_POIMV": 1.143991064842794,
  "U_POI": 0.999690402334699,
  "I_POI_POIMV": 2.3122950660776884
}