{
  "P_LV0101": 0.001199,
  "Q_LV0101": 0.003557,
  "U_LV0101": 0.002518,
  "I_LV0101_MV0101": 0.000842,
  "P_LV0102": 0.001140,
  "Q_LV0102": 0.003381,
  "U_LV0102": 0.002518,
  "I_LV0102_MV0102": 0.000800,
  "P_LV0103": 0.001168,
  "Q_LV0103": 0.003464,
  "U_LV0103": 0.002519,
  "I_LV0103_MV0103": 0.000820,
  "P_LV0201": 0.001063,
  "Q_LV0201": 0.003152,
  "U_LV0201": 0.002517,
  "I_LV0201_MV0201": 0.000746,
  "P_LV0202": 0.001143,
  "Q_LV0202": 0.003390,
  "U_LV0202": 0.002520,
  "I_LV0202_MV0202": 0.000802,
  "P_LV0203": 0.001187,
  "Q_LV0203": 0.003522,
  "U_LV0203": 0.002521,
  "I_LV0203_MV0203": 0.000833,
  "P_POIMV_MV0101": 0.003503,
  "Q_POIMV_MV0101": 0.010301,
  "U_POIMV": 0.002496,
  "I_POIMV_MV0101": 0.002461,
  "P_POIMV_MV0201": 0.003386,
  "Q_POIMV_MV0201": 0.009963,
  "I_POIMV_MV0201": 0.002380,
  "P_POI_POIMV": 0.006973,
  "Q_POI_POIMV": 0.020268,
  "U_POI": 0.002500,
  "I_POI_POIMV": 0.004842
}
