{
  "P_LV0101": 0.0015166621274938057,
  "Q_LV0101": -2.0756508491148656e-16,
  "U_LV0101": 1.0000966975192636,
  "I_LV0101_MV0101": 0.001516515484208558,
  "P_LV0102": 0.026581012095515617,
  "Q_LV0102": -1.2523840859159245e-16,
  "U_LV0102": 1.000812718083983,
  "I_LV0102_MV0102": 0.026559426769080165,
  "P_LV0103": 0.011916842552720155,
  "Q_LV0103": 7.706197333902345e-16,
  "U_LV0103": 1.000419704030256,
  "I_LV0103_MV0103": 0.011911843104161561,
  "P_LV0201": 0.027762930001641886,
  "Q_LV0201": 1.7577085620335058e-16,
  "U_LV0201": 1.000817193413805,
  "I_LV0201_MV0201": 0.027740260843183602,
  "P_LV0202": 0.010795505539142155,
  "Q_LV0202": -1.0518028764054711e-17,
  "U_LV0202": 1.0003421920563507,
  "I_LV0202_MV0202": 0.010791812666574028,
  "P_LV0203": -0.026346367541746858,
  "Q_LV0203": -2.749265658880105e-16,
  "U_LV0203": 0.9992861795773701,
  "I_LV0203_MV0203": 0.026365187551067277,
  "P_POIMV_MV0101": -0.0399892279353935,
  "Q_POIMV_MV0101": -0.0011543343052835553,
  "U_POIMV": 1.0000403831352167,
  "I_POIMV_MV0101": 0.04000426955121607,
  "P_POIMV_MV0201": -0.01216733757644306,
  "Q_POIMV_MV0201": -0.001336232621667932,
  "I_POIMV_MV0201": 0.01223999676763047,
  "P_POI_POIMV": -0.052146565511014153,
  "Q_POI_POIMV": -0.003020992171968828,
  "U_POI": 1.0000008168265428,
  "I_POI_POIMV": 0.05223395668584931
}