{
  "P_LV0101": 0.000012,
  "Q_LV0101": 0.000041,
  "U_LV0101": 0.002500,
  "I_LV0101_MV0101": 0.000011,
  "P_LV0102": 0.000113,
  "Q_LV0102": 0.000354,
  "U_LV0102": 0.002502,
  "I_LV0102_MV0102": 0.000091,
  "P_LV0103": 0.000064,
  "Q_LV0103": 0.000208,
  "U_LV0103": 0.002501,
  "I_LV0103_MV0103": 0.000056,
  "P_LV0201": 0.000117,
  "Q_LV0201": 0.000367,
  "U_LV0201": 0.002502,
  "I_LV0201_MV0201": 0.000094,
  "P_LV0202": 0.000061,
  "Q_LV0202": 0.000201,
  "U_LV0202": 0.002501,
  "I_LV0202_MV0202": 0.000055,
  "P_LV0203": 0.000112,
  "Q_LV0203": 0.000351,
  "U_LV0203": 0.002498,
  "I_LV0203_MV0203": 0.000091,
  "P_POIMV_MV0101": 0.000199,
  "Q_POIMV_MV0101": 0.000640,
  "U_POIMV": 0.002500,
  "I_POIMV_MV0101": 0.000171,
  "P_POIMV_MV0201": 0.000098,
  "Q_POIMV_MV0201": 0.000312,
  "I_POIMV_MV0201": 0.000088,
  "P_POI_POIMV": 0.000331,
  "Q_POI_POIMV": 0.001084,
  "U_POI": 0.002500,
  "I_POI_POIMV": 0.000299
}
