{
  "irrad_LV0101": 943.6663753001848,
  "irrad_LV0102": 979.5151554860865,
  "irrad_LV0103": 971.1750531631692,
  "irrad_LV0201": 965.65421319985,
  "irrad_LV0202": 972.1033642449333,
  "irrad_LV0203": 910.7320564104238
}