{
  "irrad_LV0101": 346.8109569423286,
  "irrad_LV0102": 420.8269368701379,
  "irrad_LV0103": 321.0856378975158,
  "irrad_LV0201": 429.9604874296399,
  "irrad_LV0202": 316.8152620901473,
  "irrad_LV0203": 341.9552298502923
}