{
  "P_LV0101": 0.000638,
  "Q_LV0101": 0.001105,
  "U_LV0101": 0.002534,
  "I_LV0101_MV0101": 0.000284,
  "P_LV0102": 0.000686,
  "Q_LV0102": 0.001335,
  "U_LV0102": 0.002536,
  "I_LV0102_MV0102": 0.000334,
  "P_LV0103": 0.000622,
  "Q_LV0103": 0.001025,
  "U_LV0103": 0.002534,
  "I_LV0103_MV0103": 0.000267,
  "P_LV0201": 0.000692,
  "Q_LV0201": 0.001364,
  "U_LV0201": 0.002536,
  "I_LV0201_MV0201": 0.000341,
  "P_LV0202": 0.000620,
  "Q_LV0202": 0.001012,
  "U_LV0202": 0.002534,
  "I_LV0202_MV0202": 0.000264,
  "P_LV0203": 0.000635,
  "Q_LV0203": 0.001090,
  "U_LV0203": 0.002535,
  "I_LV0203_MV0203": 0.000281,
  "P_POIMV_MV0101": 0.001901,
  "Q_POIMV_MV0101": 0.003450,
  "U_POIMV": 0.002509,
  "I_POIMV_MV0101": 0.000886,
  "P_POIMV_MV0201": 0.001903,
  "Q_POIMV_MV0201": 0.003449,
  "I_POIMV_MV0201": 0.000886,
  "P_POI_POIMV": 0.003755,
  "Q_POI_POIMV": 0.006895,
  "U_POI": 0.002500,
  "I_POI_POIMV": 0.001773
}
