{
  "irrad_LV0101": 657.6046532162159,
  "irrad_LV0102": 599.4663250429763,
  "irrad_LV0103": 586.3756004595075,
  "irrad_LV0201": 708.7509178141505,
  "irrad_LV0202": 630.0816324261666,
  "irrad_LV0203": 588.624331933758
}