{
  "irrad_LV0101": 640.3524074776441,
  "irrad_LV0102": 656.5370777485875,
  "irrad_LV0103": 610.6945140840527,
  "irrad_LV0201": 626.6274621936822,
  "irrad_LV0202": 649.7461793167563,
  "irrad_LV0203": 704.7842574398802
}