{
  "P_LV0101": 0.01913088555117459,
  "Q_LV0101": -0.0075717708419977435,
  "U_LV0101": 0.9944748748676252,
  "I_LV0101_MV0101": 0.011944864601829919,
  "P_LV0102": 0.015311725054625178,
  "Q_LV0102": -0.007571770841997814,
  "U_LV0102": 0.9937014818312865,
  "I_LV0102_MV0102": 0.009924569328213131,
  "P_LV0103": 0.018571083031135374,
  "Q_LV0103": -0.007571770841997782,
  "U_LV0103": 0.9945910081201068,
  "I_LV0103_MV0103": 0.011641929585304446,
  "P_LV0201": 0.02048229347223598,
  "Q_LV0201": -0.007571770841997748,
  "U_LV0201": 0.9950796381453367,
  "I_LV0201_MV0201": 0.012669958312465835,
  "P_LV0202": 0.01957803387034053,
  "Q_LV0202": -0.007571770841997786,
  "U_LV0202": 0.995032837657562,
  "I_LV0202_MV0202": 0.012179782819580346,
  "P_LV0203": 0.015633750279749878,
  "Q_LV0203": -0.007571770841997825,
  "U_LV0203": 0.9941433338743191,
  "I_LV0203_MV0203": 0.010088138338586536,
  "P_POIMV_MV0101": -0.05267552934833475,
  "Q_POIMV_MV0101": 0.02417396115109227,
  "U_POIMV": 0.99999511734554,
  "I_POIMV_MV0101": 0.03346204114451209,
  "P_POIMV_MV0201": -0.05530125282129461,
  "Q_POIMV_MV0201": 0.024304824717091833,
  "I_POIMV_MV0201": 0.034875916721754316,
  "P_POI_POI_MV": -0.10797578216966428,
  "Q_POI_POI_MV": 0.048422199208289385,
  "U_POI": 0.9999951307962159,
  "I_POI_POI_MV": 0.06832182492659061
}