{
  "P_LV0101": 0.20039907917263017,
  "Q_LV0101": -0.08356603318603241,
  "U_LV0101": 0.9863027225966999,
  "I_LV0101_MV0101": 0.22013987294756654,
  "P_LV0102": 0.18156017127387167,
  "Q_LV0102": -0.08356603318603226,
  "U_LV0102": 0.9860206704784081,
  "I_LV0102_MV0102": 0.20270203954838265,
  "P_LV0103": 0.1869705514707003,
  "Q_LV0103": -0.08356603318603195,
  "U_LV0103": 0.9862409958655463,
  "I_LV0103_MV0103": 0.20765277161518644,
  "P_LV0201": 0.17960111914295984,
  "Q_LV0201": -0.08356603318603224,
  "U_LV0201": 0.9860191746922349,
  "I_LV0201_MV0201": 0.2008992312757412,
  "P_LV0202": 0.16605687223280216,
  "Q_LV0202": -0.08356603318603233,
  "U_LV0202": 0.9858398533647951,
  "I_LV0202_MV0202": 0.18856842637784627,
  "P_LV0203": 0.17254226547022786,
  "Q_LV0203": -0.08356603318603227,
  "U_LV0203": 0.9860786295244703,
  "I_LV0203_MV0203": 0.19442022427025496,
  "P_POIMV_MV0101": -0.5649590366181201,
  "Q_POIMV_MV0101": 0.26806208767493445,
  "U_POIMV": 0.9927624979687695,
  "I_POIMV_MV0101": 0.6298875225073279,
  "P_POIMV_MV0201": -0.5145574704516775,
  "Q_POIMV_MV0201": 0.2652846979406718,
  "I_POIMV_MV0201": 0.5831378660992789,
  "P_POI_POIMV": -1.0795065070696754,
  "Q_POI_POIMV": 0.5519349478718141,
  "U_POI": 0.9998506826815176,
  "I_POI_POIMV": 1.2126028066671222
}