{
  "P_LV0101": 0.19724325305368517,
  "Q_LV0101": -0.08550859696307195,
  "U_LV0101": 0.9857385835447288,
  "I_LV0101_MV0101": 0.12591478025073852,
  "P_LV0102": 0.17980512678753474,
  "Q_LV0102": -0.08550859696307134,
  "U_LV0102": 0.98547886060026,
  "I_LV0102_MV0102": 0.1166454137966023,
  "P_LV0103": 0.17587866871117397,
  "Q_LV0103": -0.08550859696307177,
  "U_LV0103": 0.985463002679715,
  "I_LV0103_MV0103": 0.1145741199824766,
  "P_LV0201": 0.21258416580650946,
  "Q_LV0201": -0.08550859696307159,
  "U_LV0201": 0.9863885533574949,
  "I_LV0201_MV0201": 0.13411782475041764,
  "P_LV0202": 0.18898794322894075,
  "Q_LV0202": -0.08550859696307175,
  "U_LV0202": 0.9859922694526241,
  "I_LV0202_MV0202": 0.12146251363498373,
  "P_LV0203": 0.1765531577207271,
  "Q_LV0203": -0.08550859696307236,
  "U_LV0203": 0.9857699197473571,
  "I_LV0203_MV0203": 0.11489385222248387,
  "P_POIMV_MV0101": -0.5491059479238629,
  "Q_POIMV_MV0101": 0.27319992493403333,
  "U_POIMV": 0.9925599535566543,
  "I_POIMV_MV0101": 0.3567519499436226,
  "P_POIMV_MV0201": -0.5737232627888034,
  "Q_POIMV_MV0201": 0.2745215610723335,
  "I_POIMV_MV0201": 0.36995838522567365,
  "P_POI_POI_MV": -1.122819210712295,
  "Q_POI_POI_MV": 0.5677836010358988,
  "U_POI": 0.9998463921534733,
  "I_POI_POI_MV": 0.7265415021790993
}