{
  "P_LV0101": 0.20243503852376438,
  "Q_LV0101": -0.08620396548028168,
  "U_LV0101": 0.9857156898098979,
  "I_LV0101_MV0101": 0.12887243586242556,
  "P_LV0102": 0.1719386741252255,
  "Q_LV0102": -0.08620396548028211,
  "U_LV0102": 0.9851507712378934,
  "I_LV0102_MV0102": 0.112720394732818,
  "P_LV0103": 0.20326753396960331,
  "Q_LV0103": -0.08620396548028174,
  "U_LV0103": 0.9860096649330568,
  "I_LV0103_MV0103": 0.1292826447640908,
  "P_LV0201": 0.1807725027732805,
  "Q_LV0201": -0.08620396548028154,
  "U_LV0201": 0.9854385575396413,
  "I_LV0201_MV0201": 0.11733705553953903,
  "P_LV0202": 0.1925582569691745,
  "Q_LV0202": -0.08620396548028181,
  "U_LV0202": 0.9858974463709764,
  "I_LV0202_MV0202": 0.12354793233459979,
  "P_LV0203": 0.17798891402890224,
  "Q_LV0203": -0.08620396548028077,
  "U_LV0203": 0.9856244414596526,
  "I_LV0203_MV0203": 0.1158452822221585,
  "P_POIMV_MV0101": -0.5735050105215578,
  "Q_POIMV_MV0101": 0.2767387570088431,
  "U_POIMV": 0.9925043384986098,
  "I_POIMV_MV0101": 0.37042328965134136,
  "P_POIMV_MV0201": -0.5472360710912199,
  "Q_POIMV_MV0201": 0.27513540582862106,
  "I_POIMV_MV0201": 0.35630274112746496,
  "P_POI_POIMV": -1.120731081612132,
  "Q_POI_POIMV": 0.5719370238389274,
  "U_POI": 0.9998452688236212,
  "I_POI_POIMV": 0.7265535437076917
}