{
  "irrad_LV0101": 993.661894113224,
  "irrad_LV0102": 1096.865468444922,
  "irrad_LV0103": 938.7488692912685,
  "irrad_LV0201": 981.8591831151732,
  "irrad_LV0202": 1053.7180023406986,
  "irrad_LV0203": 994.7724791815452
}