{
  "P_LV0101": 0.001846,
  "Q_LV0101": 0.003167,
  "U_LV0101": 0.002593,
  "I_LV0101_MV0101": 0.000798,
  "P_LV0102": 0.001911,
  "Q_LV0102": 0.003488,
  "U_LV0102": 0.002596,
  "I_LV0102_MV0102": 0.000865,
  "P_LV0103": 0.001813,
  "Q_LV0103": 0.002997,
  "U_LV0103": 0.002594,
  "I_LV0103_MV0103": 0.000763,
  "P_LV0201": 0.001839,
  "Q_LV0201": 0.003131,
  "U_LV0201": 0.002595,
  "I_LV0201_MV0201": 0.000790,
  "P_LV0202": 0.001883,
  "Q_LV0202": 0.003354,
  "U_LV0202": 0.002597,
  "I_LV0202_MV0202": 0.000836,
  "P_LV0203": 0.001847,
  "Q_LV0203": 0.003171,
  "U_LV0203": 0.002597,
  "I_LV0203_MV0203": 0.000798,
  "P_POIMV_MV0101": 0.005186,
  "Q_POIMV_MV0101": 0.009531,
  "U_POIMV": 0.002525,
  "I_POIMV_MV0101": 0.002427,
  "P_POIMV_MV0201": 0.005185,
  "Q_POIMV_MV0201": 0.009528,
  "I_POIMV_MV0201": 0.002426,
  "P_POI_POIMV": 0.009974,
  "Q_POI_POIMV": 0.019035,
  "U_POI": 0.002500,
  "I_POI_POIMV": 0.004853
}
