{
  "P_LV0101": -0.027518485195149957,
  "Q_LV0101": 2.2062015575976056e-16,
  "U_LV0101": 0.9992603642976795,
  "I_LV0101_MV0101": 0.027538853914706264,
  "P_LV0102": 0.0051254645364747055,
  "Q_LV0102": -5.822079268886575e-16,
  "U_LV0102": 1.0001725790468672,
  "I_LV0102_MV0102": 0.005124580141318323,
  "P_LV0103": -0.008791749956172951,
  "Q_LV0103": 2.1268837387675635e-16,
  "U_LV0103": 0.9997794658659662,
  "I_LV0103_MV0103": 0.00879368926481993,
  "P_LV0201": 0.006522922601789411,
  "Q_LV0201": -4.513718590085165e-16,
  "U_LV0201": 1.000223812928146,
  "I_LV0201_MV0201": 0.006521463014056439,
  "P_LV0202": -0.007762983350644124,
  "Q_LV0202": 5.04797445502926e-18,
  "U_LV0202": 0.9998218144448427,
  "I_LV0202_MV0202": 0.007764366848661498,
  "P_LV0203": 2.525150135498751e-05,
  "Q_LV0203": -1.2451041454965658e-15,
  "U_LV0203": 1.0000389252908157,
  "I_LV0203_MV0203": 2.525051847121277e-05,
  "P_POIMV_MV0101": 0.03120911825226358,
  "Q_POIMV_MV0101": -0.0011533705808233208,
  "U_POIMV": 1.0000432530039582,
  "I_POIMV_MV0101": 0.03122907232920612,
  "P_POIMV_MV0201": 0.0012177115748954748,
  "Q_POIMV_MV0201": -0.0015420542099491286,
  "I_POIMV_MV0201": 0.0019647948262917054,
  "P_POI_POIMV": 0.03243682982723356,
  "Q_POI_POIMV": -0.0032475420030095847,
  "U_POI": 1.000000878150243,
  "I_POI_POIMV": 0.03259896611694741
}