{
  "P_LV0101": 0.000116,
  "Q_LV0101": 0.000364,
  "U_LV0101": 0.002498,
  "I_LV0101_MV0101": 0.000094,
  "P_LV0102": 0.000037,
  "Q_LV0102": 0.000126,
  "U_LV0102": 0.002500,
  "I_LV0102_MV0102": 0.000035,
  "P_LV0103": 0.000055,
  "Q_LV0103": 0.000182,
  "U_LV0103": 0.002499,
  "I_LV0103_MV0103": 0.000050,
  "P_LV0201": 0.000045,
  "Q_LV0201": 0.000151,
  "U_LV0201": 0.002501,
  "I_LV0201_MV0201": 0.000042,
  "P_LV0202": 0.000051,
  "Q_LV0202": 0.000169,
  "U_LV0202": 0.002500,
  "I_LV0202_MV0202": 0.000047,
  "P_LV0203": 0.000000,
  "Q_LV0203": 0.000001,
  "U_LV0203": 0.002500,
  "I_LV0203_MV0203": 0.000000,
  "P_POIMV_MV0101": 0.000181,
  "Q_POIMV_MV0101": 0.000593,
  "U_POIMV": 0.002500,
  "I_POIMV_MV0101": 0.000162,
  "P_POIMV_MV0201": 0.000042,
  "Q_POIMV_MV0201": 0.000035,
  "I_POIMV_MV0201": 0.000015,
  "P_POI_POIMV": 0.000246,
  "Q_POI_POIMV": 0.000786,
  "U_POI": 0.002500,
  "I_POI_POIMV": 0.000220
}
