{
  "irrad_LV0101": 1096.5130236087716,
  "irrad_LV0102": 1188.2642879940104,
  "irrad_LV0103": 1154.895353619444,
  "irrad_LV0201": 1200.9941841714456,
  "irrad_LV0202": 1176.6302279733363,
  "irrad_LV0203": 1167.3307193707815
}