{
  "P_LV0101": 0.000145,
  "Q_LV0101": 0.000460,
  "U_LV0101": 0.002521,
  "I_LV0101_MV0101": 0.000069,
  "P_LV0102": 0.000156,
  "Q_LV0102": 0.000494,
  "U_LV0102": 0.002524,
  "I_LV0102_MV0102": 0.000073,
  "P_LV0103": 0.000152,
  "Q_LV0103": 0.000481,
  "U_LV0103": 0.002524,
  "I_LV0103_MV0103": 0.000072,
  "P_LV0201": 0.000158,
  "Q_LV0201": 0.000498,
  "U_LV0201": 0.002524,
  "I_LV0201_MV0201": 0.000074,
  "P_LV0202": 0.000155,
  "Q_LV0202": 0.000489,
  "U_LV0202": 0.002525,
  "I_LV0202_MV0202": 0.000073,
  "P_LV0203": 0.000154,
  "Q_LV0203": 0.000486,
  "U_LV0203": 0.002526,
  "I_LV0203_MV0203": 0.000072,
  "P_POIMV_MV0101": 0.000454,
  "Q_POIMV_MV0101": 0.001421,
  "U_POIMV": 0.002500,
  "I_POIMV_MV0101": 0.000214,
  "P_POIMV_MV0201": 0.000467,
  "Q_POIMV_MV0201": 0.001457,
  "I_POIMV_MV0201": 0.000219,
  "P_POI_POI_MV": 0.000921,
  "Q_POI_POI_MV": 0.002878,
  "U_POI": 0.002500,
  "I_POI_POI_MV": 0.000433
}
