{
  "P_LV0101": 0.2753216859017351,
  "Q_LV0101": 0.123080122403165,
  "U_LV0101": 1.0324267580273998,
  "I_LV0101_MV0101": 0.29210829103564506,
  "P_LV0102": 0.26578724222949934,
  "Q_LV0102": 0.12308012240316603,
  "U_LV0102": 1.0326797640041196,
  "I_LV0102_MV0102": 0.28363293090510877,
  "P_LV0103": 0.2715867922267482,
  "Q_LV0103": 0.12308012240316642,
  "U_LV0103": 1.033040731828508,
  "I_LV0103_MV0103": 0.2886378124754599,
  "P_LV0201": 0.25640541574970194,
  "Q_LV0201": 0.12308012240316611,
  "U_LV0201": 1.0326729093268352,
  "I_LV0201_MV0201": 0.2754173026123669,
  "P_LV0202": 0.2663515594859539,
  "Q_LV0202": 0.12308012240316686,
  "U_LV0202": 1.0333452395193912,
  "I_LV0202_MV0202": 0.28394591623542814,
  "P_LV0203": 0.2541286494540079,
  "Q_LV0203": 0.12308012240316632,
  "U_LV0203": 1.0332960698117162,
  "I_LV0203_MV0203": 0.273266466707321,
  "P_POIMV_MV0101": -0.80522922150044,
  "Q_POIMV_MV0101": -0.3355716993060014,
  "U_POIMV": 1.0086686115361037,
  "I_POIMV_MV0101": 0.8648574389072154,
  "P_POIMV_MV0201": -0.7694698425234492,
  "Q_POIMV_MV0201": -0.33804956666335784,
  "I_POIMV_MV0201": 0.8332301130263585,
  "P_POI_POIMV": -1.574689064024636,
  "Q_POI_POIMV": -0.6366453256268869,
  "U_POI": 1.0001720392626288,
  "I_POI_POIMV": 1.6982256979916268
}