{
  "P_LV0101": 0.000077,
  "Q_LV0101": 0.000221,
  "U_LV0101": 0.002500,
  "I_LV0101_MV0101": 0.000058,
  "P_LV0102": 0.000063,
  "Q_LV0102": 0.000049,
  "U_LV0102": 0.002499,
  "I_LV0102_MV0102": 0.000021,
  "P_LV0103": 0.000084,
  "Q_LV0103": 0.000244,
  "U_LV0103": 0.002500,
  "I_LV0103_MV0103": 0.000064,
  "P_LV0201": 0.000074,
  "Q_LV0201": 0.000200,
  "U_LV0201": 0.002498,
  "I_LV0201_MV0201": 0.000055,
  "P_LV0202": 0.000063,
  "Q_LV0202": 0.000067,
  "U_LV0202": 0.002499,
  "I_LV0202_MV0202": 0.000025,
  "P_LV0203": 0.000066,
  "Q_LV0203": 0.000117,
  "U_LV0203": 0.002498,
  "I_LV0203_MV0203": 0.000036,
  "P_POIMV_MV0101": 0.000212,
  "Q_POIMV_MV0101": 0.000612,
  "U_POIMV": 0.002500,
  "I_POIMV_MV0101": 0.000168,
  "P_POIMV_MV0201": 0.000165,
  "Q_POIMV_MV0201": 0.000335,
  "I_POIMV_MV0201": 0.000100,
  "P_POI_POIMV": 0.000314,
  "Q_POI_POIMV": 0.000551,
  "U_POI": 0.002500,
  "I_POI_POIMV": 0.000170
}
