{
  "irrad_LV0101": -94.01489249492754,
  "irrad_LV0102": -39.928717165887825,
  "irrad_LV0103": -48.62829120629767,
  "irrad_LV0201": 8.21026304584269,
  "irrad_LV0202": 40.46019764061117,
  "irrad_LV0203": 16.94601104307153
}