{
  "P_LV0101": 0.000123,
  "Q_LV0101": 0.000371,
  "U_LV0101": 0.002499,
  "I_LV0101_MV0101": 0.000096,
  "P_LV0102": 0.000076,
  "Q_LV0102": 0.000206,
  "U_LV0102": 0.002501,
  "I_LV0102_MV0102": 0.000056,
  "P_LV0103": 0.000076,
  "Q_LV0103": 0.000212,
  "U_LV0103": 0.002500,
  "I_LV0103_MV0103": 0.000056,
  "P_LV0201": 0.000068,
  "Q_LV0201": 0.000068,
  "U_LV0201": 0.002502,
  "I_LV0201_MV0201": 0.000026,
  "P_LV0202": 0.000076,
  "Q_LV0202": 0.000207,
  "U_LV0202": 0.002502,
  "I_LV0202_MV0202": 0.000057,
  "P_LV0203": 0.000069,
  "Q_LV0203": 0.000123,
  "U_LV0203": 0.002502,
  "I_LV0203_MV0203": 0.000038,
  "P_POIMV_MV0101": 0.000270,
  "Q_POIMV_MV0101": 0.000769,
  "U_POIMV": 0.002501,
  "I_POIMV_MV0101": 0.000203,
  "P_POIMV_MV0201": 0.000239,
  "Q_POIMV_MV0201": 0.000444,
  "I_POIMV_MV0201": 0.000134,
  "P_POI_POIMV": 0.000478,
  "Q_POI_POIMV": 0.000818,
  "U_POI": 0.002500,
  "I_POI_POIMV": 0.000252
}
