{
  "irrad_LV0101": 1170.2495676299309,
  "irrad_LV0102": 1035.1517894586154,
  "irrad_LV0103": 1113.1937690276177,
  "irrad_LV0201": 1023.6764779550547,
  "irrad_LV0202": 1000.0374146225269,
  "irrad_LV0203": 1143.1534662796648
}