{
  "P_LV0101": 0.3203124155631411,
  "Q_LV0101": 0.16031679749348798,
  "U_LV0101": 1.0406417683361937,
  "I_LV0101_MV0101": 0.19872569233862397,
  "P_LV0102": 0.3377010514686838,
  "Q_LV0102": 0.16031679749348854,
  "U_LV0102": 1.041585557280279,
  "I_LV0102_MV0102": 0.20720975335922065,
  "P_LV0103": 0.3419824568252788,
  "Q_LV0103": 0.16031679749348854,
  "U_LV0103": 1.0419656748250774,
  "I_LV0103_MV0103": 0.2092797173146822,
  "P_LV0201": 0.32780063193263304,
  "Q_LV0201": 0.16031679749348735,
  "U_LV0201": 1.041634356036193,
  "I_LV0201_MV0201": 0.20225644794875042,
  "P_LV0202": 0.31672281023773907,
  "Q_LV0202": 0.16031679749348732,
  "U_LV0202": 1.0419623032450847,
  "I_LV0202_MV0202": 0.1966971951682638,
  "P_LV0203": 0.33101276173872046,
  "Q_LV0203": 0.1603167974934874,
  "U_LV0203": 1.0425464035604923,
  "I_LV0203_MV0203": 0.20367897768000648,
  "P_POIMV_MV0101": -0.9886262091258686,
  "Q_POIMV_MV0101": -0.4290839901450454,
  "U_POIMV": 1.0109859524937488,
  "I_POIMV_MV0101": 0.6154643415744688,
  "P_POIMV_MV0201": -0.9638829559927444,
  "Q_POIMV_MV0201": -0.43103698151901426,
  "I_POIMV_MV0201": 0.6029829718380867,
  "P_POI_POI_MV": -1.9524991651171226,
  "Q_POI_POI_MV": -0.8026962308290422,
  "U_POI": 1.0002168760482484,
  "I_POI_POI_MV": 1.218556770531072
}