{
  "P_LV0101": 0.3510069925373581,
  "Q_LV0101": 0.16606423437155432,
  "U_LV0101": 1.0424930830656867,
  "I_LV0101_MV0101": 0.3724803370654542,
  "P_LV0102": 0.31048549513537105,
  "Q_LV0102": 0.16606423437155285,
  "U_LV0102": 1.0422117728013525,
  "I_LV0102_MV0102": 0.33784487978571864,
  "P_LV0103": 0.33389356235273926,
  "Q_LV0103": 0.16606423437155307,
  "U_LV0103": 1.0429917826890873,
  "I_LV0103_MV0103": 0.3575392501318405,
  "P_LV0201": 0.3070435672845009,
  "Q_LV0201": 0.16606423437155324,
  "U_LV0201": 1.0423951171128982,
  "I_LV0201_MV0201": 0.3348774399962799,
  "P_LV0202": 0.2999532194166052,
  "Q_LV0202": 0.16606423437155202,
  "U_LV0202": 1.0428058214548608,
  "I_LV0202_MV0202": 0.3287808468634229,
  "P_LV0203": 0.3428797337820257,
  "Q_LV0203": 0.16606423437155277,
  "U_LV0203": 1.044001071052765,
  "I_LV0203_MV0203": 0.3649205853743548,
  "P_POIMV_MV0101": -0.9839863847298602,
  "Q_POIMV_MV0101": -0.4460625198264552,
  "U_POIMV": 1.0114589260474007,
  "I_POIMV_MV0101": 1.0681311234591244,
  "P_POIMV_MV0201": -0.9385242020845226,
  "Q_POIMV_MV0201": -0.4496662147275856,
  "I_POIMV_MV0201": 1.0288959725006233,
  "P_POI_POIMV": -1.9225005868135219,
  "Q_POI_POIMV": -0.839041985181666,
  "U_POI": 1.0002267044369126,
  "I_POI_POIMV": 2.097142255159932
}