{
  "P_LV0101": 0.3316902011643603,
  "Q_LV0101": 0.1569561771639502,
  "U_LV0101": 1.0401685834015737,
  "I_LV0101_MV0101": 0.2036782593221852,
  "P_LV0102": 0.3284360565793932,
  "Q_LV0102": 0.15695617716395113,
  "U_LV0102": 1.0406609742409614,
  "I_LV0102_MV0102": 0.20195147613940043,
  "P_LV0103": 0.3224428167602637,
  "Q_LV0103": 0.15695617716395185,
  "U_LV0103": 1.040813642024383,
  "I_LV0103_MV0103": 0.19892742813868888,
  "P_LV0201": 0.34487624991496235,
  "Q_LV0201": 0.15695617716395052,
  "U_LV0201": 1.0413064370195686,
  "I_LV0201_MV0201": 0.2100874135565111,
  "P_LV0202": 0.3362277868770523,
  "Q_LV0202": 0.1569561771639516,
  "U_LV0202": 1.0416933065271323,
  "I_LV0202_MV0202": 0.20565620334504275,
  "P_LV0203": 0.3240739491262723,
  "Q_LV0203": 0.1569561771639506,
  "U_LV0203": 1.0417188361397234,
  "I_LV0203_MV0203": 0.19956779899005553,
  "P_POIMV_MV0101": -0.9716138128553666,
  "Q_POIMV_MV0101": -0.4208614435126492,
  "U_POIMV": 1.010715136666798,
  "I_POIMV_MV0101": 0.6048448200124761,
  "P_POIMV_MV0201": -0.9930403681196367,
  "Q_POIMV_MV0201": -0.418761797678485,
  "I_POIMV_MV0201": 0.6156281293969497,
  "P_POI_POIMV": -1.9646441809749642,
  "Q_POI_POIMV": -0.7820051160597359,
  "U_POI": 1.0002112814814867,
  "I_POI_POIMV": 1.220583184029996
}