{
  "P_LV0101": -0.004302186714431782,
  "Q_LV0101": -0.007209624256803444,
  "U_LV0101": 0.9983372875214943,
  "I_LV0101_MV0101": 0.008409665821380526,
  "P_LV0102": -0.004441865587056067,
  "Q_LV0102": -0.007209624256803581,
  "U_LV0102": 0.9983238565867755,
  "I_LV0102_MV0102": 0.00848232551835652,
  "P_LV0103": -5.0112325533873645e-06,
  "Q_LV0103": -0.0072096242568031755,
  "U_LV0103": 0.9984442183798283,
  "I_LV0103_MV0103": 0.0072208600797891995,
  "P_LV0201": -0.01815045156751975,
  "Q_LV0201": -0.007209624256803299,
  "U_LV0201": 0.9979284839223012,
  "I_LV0201_MV0201": 0.019570455362442608,
  "P_LV0202": -0.00991298857834745,
  "Q_LV0202": -0.007209624256802944,
  "U_LV0202": 0.9981571041099869,
  "I_LV0202_MV0202": 0.012280119487896536,
  "P_LV0203": 0.014886011158249399,
  "Q_LV0203": -0.007209624256802973,
  "U_LV0203": 0.9988528525533649,
  "I_LV0203_MV0203": 0.016559008021825878,
  "P_POIMV_MV0101": 0.008754823001254408,
  "Q_POIMV_MV0101": 0.020384271191460357,
  "U_POIMV": 0.999467941775435,
  "I_POIMV_MV0101": 0.022196611845063684,
  "P_POIMV_MV0201": 0.013200817805000042,
  "Q_POIMV_MV0201": 0.020187239142046565,
  "I_POIMV_MV0201": 0.024133085124314203,
  "P_POI_POIMV": 0.021965640806950536,
  "Q_POI_POIMV": 0.04003335805964525,
  "U_POI": 0.9999891741779183,
  "I_POI_POIMV": 0.045664037069103526
}