{
  "P_LV0101": 0.000155,
  "Q_LV0101": 0.000102,
  "U_LV0101": 0.002496,
  "I_LV0101_MV0101": 0.000049,
  "P_LV0102": 0.000154,
  "Q_LV0102": 0.000104,
  "U_LV0102": 0.002496,
  "I_LV0102_MV0102": 0.000049,
  "P_LV0103": 0.000161,
  "Q_LV0103": 0.000048,
  "U_LV0103": 0.002496,
  "I_LV0103_MV0103": 0.000045,
  "P_LV0201": 0.000128,
  "Q_LV0201": 0.000255,
  "U_LV0201": 0.002495,
  "I_LV0201_MV0201": 0.000071,
  "P_LV0202": 0.000134,
  "Q_LV0202": 0.000173,
  "U_LV0202": 0.002495,
  "I_LV0202_MV0202": 0.000056,
  "P_LV0203": 0.000122,
  "Q_LV0203": 0.000214,
  "U_LV0203": 0.002497,
  "I_LV0203_MV0203": 0.000061,
  "P_POIMV_MV0101": 0.000455,
  "Q_POIMV_MV0101": 0.000236,
  "U_POIMV": 0.002499,
  "I_POIMV_MV0101": 0.000136,
  "P_POIMV_MV0201": 0.000442,
  "Q_POIMV_MV0201": 0.000312,
  "I_POIMV_MV0201": 0.000143,
  "P_POI_POIMV": 0.000890,
  "Q_POI_POIMV": 0.000549,
  "U_POI": 0.002500,
  "I_POI_POIMV": 0.000277
}
