{
  "irrad_LV0101": -35.266581236663946,
  "irrad_LV0102": 26.88434138493094,
  "irrad_LV0103": -72.22280973093827,
  "irrad_LV0201": -8.076500377858524,
  "irrad_LV0202": 59.425615489264636,
  "irrad_LV0203": 33.88518819199335
}