{
  "irrad_LV0101": 276.3605515370767,
  "irrad_LV0102": 229.28231921999708,
  "irrad_LV0103": 325.36211217769807,
  "irrad_LV0201": 372.89681676882617,
  "irrad_LV0202": 276.73884994921576,
  "irrad_LV0203": 327.73667150863406
}