{
  "irrad_LV0101": 277.58892545506524,
  "irrad_LV0102": 335.75556804812965,
  "irrad_LV0103": 297.7379170077114,
  "irrad_LV0201": 327.4493207471133,
  "irrad_LV0202": 219.9594819478631,
  "irrad_LV0203": 381.09220488890963
}