{
  "irrad_LV0101": 371.9581670270385,
  "irrad_LV0102": 275.83638564301754,
  "irrad_LV0103": 273.2906275713066,
  "irrad_LV0201": 300.71254739296535,
  "irrad_LV0202": 235.7379913945241,
  "irrad_LV0203": 256.2446071729556
}