{
  "irrad_LV0101": 303.8032284377289,
  "irrad_LV0102": 363.912230519897,
  "irrad_LV0103": 231.595334973311,
  "irrad_LV0201": 345.5723214400044,
  "irrad_LV0202": 345.4081663286066,
  "irrad_LV0203": 290.3480189959807
}