{
  "P_LV0101": 0.10639698835433672,
  "Q_LV0101": 2.4063473703250254e-17,
  "U_LV0101": 1.0028533583927435,
  "I_LV0101_MV0101": 0.06125355153199263,
  "P_LV0102": 0.09345040716051675,
  "Q_LV0102": -6.99839525314879e-17,
  "U_LV0102": 1.002649211266671,
  "I_LV0102_MV0102": 0.053811060861299206,
  "P_LV0103": 0.09336689239380365,
  "Q_LV0103": -6.963180032570831e-16,
  "U_LV0103": 1.0027113762859348,
  "I_LV0103_MV0103": 0.0537596378497551,
  "P_LV0201": 0.10453016196987173,
  "Q_LV0201": 2.1108926323217945e-16,
  "U_LV0201": 1.0029941123204944,
  "I_LV0201_MV0201": 0.06017036033453441,
  "P_LV0202": 0.09295548854785843,
  "Q_LV0202": 3.5671266257276635e-16,
  "U_LV0202": 1.0028171926087495,
  "I_LV0202_MV0202": 0.05351710833371984,
  "P_LV0203": 0.08238817759490169,
  "Q_LV0203": 2.991916928050586e-16,
  "U_LV0203": 1.0025996927054224,
  "I_LV0203_MV0203": 0.047443497996797195,
  "P_POIMV_MV0101": -0.2923594325995964,
  "Q_POIMV_MV0101": 0.002741123380474164,
  "U_POIMV": 0.9999135909753817,
  "I_POIMV_MV0101": 0.16881580322677697,
  "P_POIMV_MV0201": -0.27903840968588156,
  "Q_POIMV_MV0201": 0.0021554092468818453,
  "I_POIMV_MV0201": 0.16112162947111242,
  "P_POI_POI_MV": -0.5713878422850598,
  "Q_POI_POI_MV": 0.008582798646330048,
  "U_POI": 0.9999976671256272,
  "I_POI_POI_MV": 0.3299289086987448
}