{
  "P_LV0101": 0.001702,
  "Q_LV0101": 0.002888,
  "U_LV0101": 0.002586,
  "I_LV0101_MV0101": 0.000732,
  "P_LV0102": 0.001767,
  "Q_LV0102": 0.003217,
  "U_LV0102": 0.002589,
  "I_LV0102_MV0102": 0.000801,
  "P_LV0103": 0.001689,
  "Q_LV0103": 0.002822,
  "U_LV0103": 0.002588,
  "I_LV0103_MV0103": 0.000718,
  "P_LV0201": 0.001704,
  "Q_LV0201": 0.002899,
  "U_LV0201": 0.002588,
  "I_LV0201_MV0201": 0.000734,
  "P_LV0202": 0.001732,
  "Q_LV0202": 0.003041,
  "U_LV0202": 0.002590,
  "I_LV0202_MV0202": 0.000763,
  "P_LV0203": 0.001711,
  "Q_LV0203": 0.002939,
  "U_LV0203": 0.002590,
  "I_LV0203_MV0203": 0.000741,
  "P_POIMV_MV0101": 0.004829,
  "Q_POIMV_MV0101": 0.008822,
  "U_POIMV": 0.002523,
  "I_POIMV_MV0101": 0.002251,
  "P_POIMV_MV0201": 0.004821,
  "Q_POIMV_MV0201": 0.008770,
  "I_POIMV_MV0201": 0.002239,
  "P_POI_POIMV": 0.009309,
  "Q_POI_POIMV": 0.017571,
  "U_POI": 0.002500,
  "I_POI_POIMV": 0.004491
}
