{
  "irrad_LV0101": 980.0546551090098,
  "irrad_LV0102": 956.9811516523926,
  "irrad_LV0103": 880.1734672918187,
  "irrad_LV0201": 887.2084017346205,
  "irrad_LV0202": 940.9527971303769,
  "irrad_LV0203": 945.3820147769701
}