{
  "P_LV0101": 0.29395955061855356,
  "Q_LV0101": -1.0854304581217664e-15,
  "U_LV0101": 1.0065052617689225,
  "I_LV0101_MV0101": 0.29205962629735555,
  "P_LV0102": 0.28703883790937473,
  "Q_LV0102": -3.0084808352343352e-16,
  "U_LV0102": 1.0067234000871554,
  "I_LV0102_MV0102": 0.28512184964065085,
  "P_LV0103": 0.26400098766195707,
  "Q_LV0103": 6.499189950063569e-16,
  "U_LV0103": 1.0063891511830425,
  "I_LV0103_MV0103": 0.2623249538725805,
  "P_LV0201": 0.26611105994890205,
  "Q_LV0201": -2.978472587038729e-16,
  "U_LV0201": 1.0064428687622036,
  "I_LV0201_MV0201": 0.26440751701702125,
  "P_LV0202": 0.2822312612422118,
  "Q_LV0202": 3.8176200891243006e-16,
  "U_LV0202": 1.0071805255969986,
  "I_LV0202_MV0202": 0.28021914053086106,
  "P_LV0203": 0.28355976962916435,
  "Q_LV0203": 5.495603971895828e-16,
  "U_LV0203": 1.0073998048108161,
  "I_LV0203_MV0203": 0.2814768955433888,
  "P_POIMV_MV0101": -0.8379577572620747,
  "Q_POIMV_MV0101": 0.03176370000414863,
  "U_POIMV": 0.9989312699811379,
  "I_POIMV_MV0101": 0.8394567125442547,
  "P_POIMV_MV0201": -0.8245894005722221,
  "Q_POIMV_MV0201": 0.030732994504489852,
  "I_POIMV_MV0201": 0.8260447401857524,
  "P_POI_POIMV": -1.6625371578337407,
  "Q_POI_POIMV": 0.09804906932458834,
  "U_POI": 0.9999733841263241,
  "I_POI_POIMV": 1.6654702257782774
}