{
  "P_LV0101": 0.001039,
  "Q_LV0101": 0.003083,
  "U_LV0101": 0.002516,
  "I_LV0101_MV0101": 0.000730,
  "P_LV0102": 0.001015,
  "Q_LV0102": 0.003010,
  "U_LV0102": 0.002517,
  "I_LV0102_MV0102": 0.000713,
  "P_LV0103": 0.000933,
  "Q_LV0103": 0.002769,
  "U_LV0103": 0.002516,
  "I_LV0103_MV0103": 0.000656,
  "P_LV0201": 0.000941,
  "Q_LV0201": 0.002791,
  "U_LV0201": 0.002516,
  "I_LV0201_MV0201": 0.000661,
  "P_LV0202": 0.000998,
  "Q_LV0202": 0.002960,
  "U_LV0202": 0.002518,
  "I_LV0202_MV0202": 0.000701,
  "P_LV0203": 0.001003,
  "Q_LV0203": 0.002974,
  "U_LV0203": 0.002518,
  "I_LV0203_MV0203": 0.000704,
  "P_POIMV_MV0101": 0.002981,
  "Q_POIMV_MV0101": 0.008789,
  "U_POIMV": 0.002497,
  "I_POIMV_MV0101": 0.002099,
  "P_POIMV_MV0201": 0.002933,
  "Q_POIMV_MV0201": 0.008649,
  "I_POIMV_MV0201": 0.002065,
  "P_POI_POIMV": 0.005967,
  "Q_POI_POIMV": 0.017440,
  "U_POI": 0.002500,
  "I_POI_POIMV": 0.004164
}
