{
  "irrad_LV0101": 397.72534949671245,
  "irrad_LV0102": 419.22575431699653,
  "irrad_LV0103": 379.2097132867113,
  "irrad_LV0201": 293.6044483654065,
  "irrad_LV0202": 310.2312705852912,
  "irrad_LV0203": 395.2432656749393
}