{
  "irrad_LV0101": 406.39425521704146,
  "irrad_LV0102": 339.10693896304736,
  "irrad_LV0103": 229.30076135275164,
  "irrad_LV0201": 419.03227395835574,
  "irrad_LV0202": 449.7722986641719,
  "irrad_LV0203": 389.8866580670269
}