{
  "irrad_LV0101": 337.5629393684054,
  "irrad_LV0102": 252.3216466388515,
  "irrad_LV0103": 401.24107454624686,
  "irrad_LV0201": 341.43443068705983,
  "irrad_LV0202": 308.18949344034723,
  "irrad_LV0203": 322.36850800655606
}