{
  "P_LV0101": 0.10402317107612527,
  "Q_LV0101": 0.049675336785047736,
  "U_LV0101": 1.0135191418357763,
  "I_LV0101_MV0101": 0.11373794005385245,
  "P_LV0102": 0.12622367192038744,
  "Q_LV0102": 0.04967533678504915,
  "U_LV0102": 1.0142755781317279,
  "I_LV0102_MV0102": 0.1337376185005964,
  "P_LV0103": 0.09630706750321688,
  "Q_LV0103": 0.04967533678504735,
  "U_LV0103": 1.013608371806073,
  "I_LV0103_MV0103": 0.10690883949392027,
  "P_LV0201": 0.12896320731673172,
  "Q_LV0201": 0.049675336785047854,
  "U_LV0201": 1.0144377490475645,
  "I_LV0201_MV0201": 0.13623277230282455,
  "P_LV0202": 0.09502620245476023,
  "Q_LV0202": 0.04967533678504855,
  "U_LV0202": 1.0137615339068216,
  "I_LV0202_MV0202": 0.10577137103958219,
  "P_LV0203": 0.10256673459428176,
  "Q_LV0203": 0.049675336785047,
  "U_LV0203": 1.014046566866306,
  "I_LV0203_MV0203": 0.11238442312394867,
  "P_POIMV_MV0101": -0.32528807705193685,
  "Q_POIMV_MV0101": -0.1443790699636338,
  "U_POIMV": 1.0037967246767705,
  "I_POIMV_MV0101": 0.35454383400559064,
  "P_POIMV_MV0201": -0.32520543354155507,
  "Q_POIMV_MV0201": -0.14459260009687114,
  "I_POIMV_MV0201": 0.35455495389939345,
  "P_POI_POIMV": -0.6504835105932485,
  "Q_POI_POIMV": -0.2829906371530342,
  "U_POI": 1.0000765040624253,
  "I_POI_POIMV": 0.7093204575536001
}