{
  "P_LV0101": 0.12189470456040595,
  "Q_LV0101": 0.05663826535408023,
  "U_LV0101": 1.015435889323883,
  "I_LV0101_MV0101": 0.13236740152044976,
  "P_LV0102": 0.10171241253695495,
  "Q_LV0102": 0.05663826535407982,
  "U_LV0102": 1.0150952183226214,
  "I_LV0102_MV0102": 0.11468744333745777,
  "P_LV0103": 0.06877692831962491,
  "Q_LV0103": 0.05663826535408086,
  "U_LV0103": 1.0143204401186066,
  "I_LV0103_MV0103": 0.08783846114305287,
  "P_LV0201": 0.12568537714232678,
  "Q_LV0201": 0.056638265354081174,
  "U_LV0201": 1.0158933026015076,
  "I_LV0201_MV0201": 0.1357008267153631,
  "P_LV0202": 0.1349056015465666,
  "Q_LV0202": 0.0566382653540803,
  "U_LV0202": 1.0163452266437165,
  "I_LV0202_MV0202": 0.1439596746816838,
  "P_LV0203": 0.11694338290225754,
  "Q_LV0203": 0.05663826535407925,
  "U_LV0203": 1.0160026357331569,
  "I_LV0203_MV0203": 0.12789050691768653,
  "P_POIMV_MV0101": -0.29124495691598895,
  "Q_POIMV_MV0101": -0.1658186644201578,
  "U_POIMV": 1.0043283551331226,
  "I_POIMV_MV0101": 0.3336965897171806,
  "P_POIMV_MV0201": -0.3757556650832612,
  "Q_POIMV_MV0201": -0.16361834899873884,
  "I_POIMV_MV0201": 0.4080669804127216,
  "P_POI_POIMV": -0.6669906219991233,
  "Q_POI_POIMV": -0.3228591476326983,
  "U_POI": 1.0000872826118357,
  "I_POI_POIMV": 0.7409579443493898
}