{
  "P_LV0101": 0.001217,
  "Q_LV0101": 0.003609,
  "U_LV0101": 0.002518,
  "I_LV0101_MV0101": 0.000854,
  "P_LV0102": 0.001178,
  "Q_LV0102": 0.003493,
  "U_LV0102": 0.002518,
  "I_LV0102_MV0102": 0.000827,
  "P_LV0103": 0.001242,
  "Q_LV0103": 0.003683,
  "U_LV0103": 0.002520,
  "I_LV0103_MV0103": 0.000871,
  "P_LV0201": 0.001200,
  "Q_LV0201": 0.003559,
  "U_LV0201": 0.002519,
  "I_LV0201_MV0201": 0.000842,
  "P_LV0202": 0.001176,
  "Q_LV0202": 0.003490,
  "U_LV0202": 0.002520,
  "I_LV0202_MV0202": 0.000825,
  "P_LV0203": 0.001222,
  "Q_LV0203": 0.003624,
  "U_LV0203": 0.002521,
  "I_LV0203_MV0203": 0.000857,
  "P_POIMV_MV0101": 0.003633,
  "Q_POIMV_MV0101": 0.010677,
  "U_POIMV": 0.002496,
  "I_POIMV_MV0101": 0.002552,
  "P_POIMV_MV0201": 0.003593,
  "Q_POIMV_MV0201": 0.010560,
  "I_POIMV_MV0201": 0.002524,
  "P_POI_POIMV": 0.007323,
  "Q_POI_POIMV": 0.021241,
  "U_POI": 0.002500,
  "I_POI_POIMV": 0.005075
}
