{
  "P_LV0101": 0.16332241401594605,
  "Q_LV0101": -0.07878190497324335,
  "U_LV0101": 0.9865754877517383,
  "I_LV0101_MV0101": 0.18379803474542078,
  "P_LV0102": 0.1691340447370015,
  "Q_LV0102": -0.0787819049732431,
  "U_LV0102": 0.9868562748693082,
  "I_LV0102_MV0102": 0.18906723784597163,
  "P_LV0103": 0.1387227738761319,
  "Q_LV0103": -0.07878190497324328,
  "U_LV0103": 0.9861555464741674,
  "I_LV0103_MV0103": 0.16177207700924007,
  "P_LV0201": 0.14868525210413797,
  "Q_LV0201": -0.07878190497324356,
  "U_LV0201": 0.9864209238823599,
  "I_LV0201_MV0201": 0.17058369421127378,
  "P_LV0202": 0.15764308177323946,
  "Q_LV0202": -0.07878190497324358,
  "U_LV0202": 0.986790356836636,
  "I_LV0202_MV0202": 0.1785917344441168,
  "P_LV0203": 0.1626642769064174,
  "Q_LV0203": -0.07878190497324289,
  "U_LV0203": 0.9869895035067918,
  "I_LV0203_MV0203": 0.18312057505111143,
  "P_POIMV_MV0101": -0.46831793456772175,
  "Q_POIMV_MV0101": 0.24851782690120672,
  "U_POIMV": 0.9932824701867305,
  "I_POIMV_MV0101": 0.5337579580108939,
  "P_POIMV_MV0201": -0.4659570774575741,
  "Q_POIMV_MV0201": 0.24821523198050954,
  "I_POIMV_MV0201": 0.5315163066413613,
  "P_POI_POIMV": -0.9342650120247327,
  "Q_POI_POIMV": 0.5109433209040617,
  "U_POI": 0.9998617813878139,
  "I_POI_POIMV": 1.0650012727511393
}