{
  "irrad_LV0101": 1106.4300889024819,
  "irrad_LV0102": 1103.7877048022026,
  "irrad_LV0103": 1079.1704846041498,
  "irrad_LV0201": 1091.419518345892,
  "irrad_LV0202": 1027.8102134055757,
  "irrad_LV0203": 1116.6258118336352
}