{
  "P_LV0101": 0.33186485062758414,
  "Q_LV0101": -0.16221060075612087,
  "U_LV0101": 0.9700716407565417,
  "I_LV0101_MV0101": 0.3807829410628168,
  "P_LV0102": 0.3310722886631768,
  "Q_LV0102": -0.16221060075612123,
  "U_LV0102": 0.9703434900324837,
  "I_LV0102_MV0102": 0.3799426141887042,
  "P_LV0103": 0.32368855047146067,
  "Q_LV0103": -0.16221060075612131,
  "U_LV0103": 0.9703267007870761,
  "I_LV0103_MV0103": 0.3731307969910994,
  "P_LV0201": 0.3273625501157289,
  "Q_LV0201": -0.162210600756121,
  "U_LV0201": 0.9703945433542692,
  "I_LV0201_MV0201": 0.3764933785657422,
  "P_LV0202": 0.3082834481514268,
  "Q_LV0202": -0.16221060075612087,
  "U_LV0202": 0.9702614098860759,
  "I_LV0202_MV0202": 0.3590317498038139,
  "P_LV0203": 0.3349229761264521,
  "Q_LV0203": -0.1622106007561207,
  "U_LV0203": 0.9709868739833937,
  "I_LV0203_MV0203": 0.3832560975967082,
  "P_POIMV_MV0101": -0.9737811599356974,
  "Q_POIMV_MV0101": 0.5455563513844481,
  "U_POIMV": 0.9849608163921879,
  "I_POIMV_MV0101": 1.1332335179001192,
  "P_POIMV_MV0201": -0.9571778668217803,
  "Q_POIMV_MV0201": 0.5443245206670895,
  "I_POIMV_MV0201": 1.1179389733314031,
  "P_POI_POIMV": -1.9309490267570026,
  "Q_POI_POIMV": 1.1553012971025964,
  "U_POI": 0.9996873531575992,
  "I_POI_POIMV": 2.250878218984315
}