{
  "P_LV0101": 0.002067,
  "Q_LV0101": 0.003528,
  "U_LV0101": 0.002425,
  "I_LV0101_MV0101": 0.000952,
  "P_LV0102": 0.002065,
  "Q_LV0102": 0.003519,
  "U_LV0102": 0.002426,
  "I_LV0102_MV0102": 0.000950,
  "P_LV0103": 0.002050,
  "Q_LV0103": 0.003443,
  "U_LV0103": 0.002426,
  "I_LV0103_MV0103": 0.000933,
  "P_LV0201": 0.002058,
  "Q_LV0201": 0.003481,
  "U_LV0201": 0.002426,
  "I_LV0201_MV0201": 0.000941,
  "P_LV0202": 0.002020,
  "Q_LV0202": 0.003284,
  "U_LV0202": 0.002426,
  "I_LV0202_MV0202": 0.000898,
  "P_LV0203": 0.002073,
  "Q_LV0203": 0.003559,
  "U_LV0203": 0.002427,
  "I_LV0203_MV0203": 0.000958,
  "P_POIMV_MV0101": 0.006678,
  "Q_POIMV_MV0101": 0.010394,
  "U_POIMV": 0.002462,
  "I_POIMV_MV0101": 0.002833,
  "P_POIMV_MV0201": 0.006637,
  "Q_POIMV_MV0201": 0.010222,
  "I_POIMV_MV0201": 0.002795,
  "P_POI_POIMV": 0.013908,
  "Q_POI_POIMV": 0.020660,
  "U_POI": 0.002499,
  "I_POI_POIMV": 0.005627
}
