{
  "P_LV0101": 0.000643,
  "Q_LV0101": 0.001137,
  "U_LV0101": 0.002480,
  "I_LV0101_MV0101": 0.000298,
  "P_LV0102": 0.000657,
  "Q_LV0102": 0.001207,
  "U_LV0102": 0.002480,
  "I_LV0102_MV0102": 0.000313,
  "P_LV0103": 0.000629,
  "Q_LV0103": 0.001069,
  "U_LV0103": 0.002480,
  "I_LV0103_MV0103": 0.000283,
  "P_LV0201": 0.000715,
  "Q_LV0201": 0.001467,
  "U_LV0201": 0.002482,
  "I_LV0201_MV0201": 0.000371,
  "P_LV0202": 0.000600,
  "Q_LV0202": 0.000909,
  "U_LV0202": 0.002479,
  "I_LV0202_MV0202": 0.000248,
  "P_LV0203": 0.000633,
  "Q_LV0203": 0.001087,
  "U_LV0203": 0.002480,
  "I_LV0203_MV0203": 0.000286,
  "P_POIMV_MV0101": 0.001967,
  "Q_POIMV_MV0101": 0.003403,
  "U_POIMV": 0.002490,
  "I_POIMV_MV0101": 0.000891,
  "P_POIMV_MV0201": 0.001977,
  "Q_POIMV_MV0201": 0.003449,
  "I_POIMV_MV0201": 0.000902,
  "P_POI_POIMV": 0.003996,
  "Q_POI_POIMV": 0.006855,
  "U_POI": 0.002500,
  "I_POI_POIMV": 0.001792
}
