{
  "irrad_LV0101": 1154.8376841893503,
  "irrad_LV0102": 1170.5629963623048,
  "irrad_LV0103": 1139.8928543460215,
  "irrad_LV0201": 1141.7567223790843,
  "irrad_LV0202": 978.8949339213242,
  "irrad_LV0203": 1114.4259464791448
}