{
  "irrad_LV0101": 1039.8404711811909,
  "irrad_LV0102": 1116.4487955571115,
  "irrad_LV0103": 995.7213589508254,
  "irrad_LV0201": 1057.3970136488292,
  "irrad_LV0202": 1020.4514783554984,
  "irrad_LV0203": 1085.6236102337573
}