{
  "irrad_LV0101": 1167.3620251724615,
  "irrad_LV0102": 1017.1442591483084,
  "irrad_LV0103": 984.4042235951813,
  "irrad_LV0201": 992.2583787889637,
  "irrad_LV0202": 1022.6664906747376,
  "irrad_LV0203": 973.2922122822552
}