{
  "P_LV0101": 0.32630469240104854,
  "Q_LV0101": 0.15260521735323143,
  "U_LV0101": 1.0393019273153017,
  "I_LV0101_MV0101": 0.3466042480376696,
  "P_LV0102": 0.2947271771144616,
  "Q_LV0102": 0.1526052173532309,
  "U_LV0102": 1.039164292095038,
  "I_LV0102_MV0102": 0.31938380294765406,
  "P_LV0103": 0.3169380140330765,
  "Q_LV0103": 0.15260521735323115,
  "U_LV0103": 1.0399105664682227,
  "I_LV0103_MV0103": 0.33826390270918266,
  "P_LV0201": 0.31435704692168964,
  "Q_LV0201": 0.15260521735323085,
  "U_LV0201": 1.0398613682274898,
  "I_LV0201_MV0201": 0.3360453336982973,
  "P_LV0202": 0.30844135952275975,
  "Q_LV0202": 0.15260521735323113,
  "U_LV0202": 1.0402755201342508,
  "I_LV0202_MV0202": 0.3308051506617168,
  "P_LV0203": 0.3150903413841125,
  "Q_LV0203": 0.1526052173532302,
  "U_LV0203": 1.0406881606118517,
  "I_LV0203_MV0203": 0.33641237843029353,
  "P_POIMV_MV0101": -0.9278875307450107,
  "Q_POIMV_MV0101": -0.41187672893306626,
  "U_POIMV": 1.0105437992007698,
  "I_POIMV_MV0101": 1.0046011220400033,
  "P_POIMV_MV0201": -0.9271249082117947,
  "Q_POIMV_MV0201": -0.41183099674100276,
  "I_POIMV_MV0201": 1.0038930316289572,
  "P_POI_POIMV": -1.855002438956307,
  "Q_POI_POIMV": -0.7717472815643305,
  "U_POI": 1.0002085240582224,
  "I_POI_POIMV": 2.0087172457780142
}