{
  "P_LV0101": 0.3118918276954756,
  "Q_LV0101": 0.1577069562111144,
  "U_LV0101": 1.040022635820225,
  "I_LV0101_MV0101": 0.19401698634066675,
  "P_LV0102": 0.33486988151093444,
  "Q_LV0102": 0.15770695621111366,
  "U_LV0102": 1.041054796689569,
  "I_LV0102_MV0102": 0.20527725945950828,
  "P_LV0103": 0.2986586530584087,
  "Q_LV0103": 0.15770695621111366,
  "U_LV0103": 1.0405544531698951,
  "I_LV0103_MV0103": 0.18739473217857927,
  "P_LV0201": 0.3171577721071455,
  "Q_LV0201": 0.15770695621111322,
  "U_LV0201": 1.0409586561917568,
  "I_LV0201_MV0201": 0.19645336031105418,
  "P_LV0202": 0.3060762544636408,
  "Q_LV0202": 0.15770695621111408,
  "U_LV0202": 1.0412724282300962,
  "I_LV0202_MV0202": 0.1909120751006727,
  "P_LV0203": 0.3256241138609876,
  "Q_LV0203": 0.15770695621111366,
  "U_LV0203": 1.0419652587584138,
  "I_LV0203_MV0203": 0.20047498194399252,
  "P_POIMV_MV0101": -0.9350892375948661,
  "Q_POIMV_MV0101": -0.4260380460614215,
  "U_POIMV": 1.010902880441358,
  "I_POIMV_MV0101": 0.5868693047632216,
  "P_POIMV_MV0201": -0.9377654240746551,
  "Q_POIMV_MV0201": -0.4256943869106635,
  "I_POIMV_MV0201": 0.5881793643726937,
  "P_POI_POI_MV": -1.872844661669433,
  "Q_POI_POI_MV": -0.7983635604423398,
  "U_POI": 1.0002157160620375,
  "I_POI_POI_MV": 1.1751799611479652
}