{
  "P_LV0101": 0.34638432143757675,
  "Q_LV0101": 0.16189102952916767,
  "U_LV0101": 1.0414683336175974,
  "I_LV0101_MV0101": 0.21195971640421854,
  "P_LV0102": 0.35110100297732616,
  "Q_LV0102": 0.16189102952916926,
  "U_LV0102": 1.04215522850444,
  "I_LV0102_MV0102": 0.21419010600571323,
  "P_LV0103": 0.34190173932655443,
  "Q_LV0103": 0.1618910295291685,
  "U_LV0103": 1.042258159424799,
  "I_LV0103_MV0103": 0.20955220686130258,
  "P_LV0201": 0.3424607916269087,
  "Q_LV0201": 0.16189102952916914,
  "U_LV0201": 1.0422075853238941,
  "I_LV0201_MV0201": 0.20984232247539428,
  "P_LV0202": 0.29361170152932414,
  "Q_LV0202": 0.16189102952916867,
  "U_LV0202": 1.0417279159888015,
  "I_LV0202_MV0202": 0.18582330112721715,
  "P_LV0203": 0.33426314411845515,
  "Q_LV0203": 0.16189102952916812,
  "U_LV0203": 1.0428742681100611,
  "I_LV0203_MV0203": 0.20561434248306346,
  "P_POIMV_MV0101": -1.027269964528159,
  "Q_POIMV_MV0101": -0.4302421673230583,
  "U_POIMV": 1.0110526579206043,
  "I_POIMV_MV0101": 0.6359823434284215,
  "P_POIMV_MV0201": -0.9587218827416564,
  "Q_POIMV_MV0201": -0.4358735024599696,
  "I_POIMV_MV0201": 0.60139177086038,
  "P_POI_POIMV": -1.985981847270366,
  "Q_POI_POIMV": -0.8068870225824867,
  "U_POI": 1.0002180039973287,
  "I_POI_POIMV": 1.237361127568844
}