{
  "P_LV0101": 0.015444014128085512,
  "Q_LV0101": -0.002290072739363822,
  "U_LV0101": 0.9999802516235081,
  "I_LV0101_MV0101": 0.0156131878113667,
  "P_LV0102": 0.0017130900220182579,
  "Q_LV0102": -0.0022900727393634517,
  "U_LV0102": 0.999612595391184,
  "I_LV0102_MV0102": 0.0028610228083506867,
  "P_LV0103": 0.017304543550962354,
  "Q_LV0103": -0.0022900727393631902,
  "U_LV0103": 1.0000538815630449,
  "I_LV0103_MV0103": 0.0174544787600906,
  "P_LV0201": -0.011063452440645632,
  "Q_LV0201": -0.002290072739363756,
  "U_LV0201": 0.9992163850221992,
  "I_LV0201_MV0201": 0.011306842910062155,
  "P_LV0202": 0.0024494148530354054,
  "Q_LV0202": -0.0022900727393638976,
  "U_LV0202": 0.9995897814800366,
  "I_LV0202_MV0202": 0.0033545934182600315,
  "P_LV0203": -0.004728408463062347,
  "Q_LV0203": -0.0022900727393629994,
  "U_LV0203": 0.9993858825933694,
  "I_LV0203_MV0203": 0.005257015605970736,
  "P_POIMV_MV0101": -0.034445287798689606,
  "Q_POIMV_MV0101": 0.005675147846659456,
  "U_POIMV": 0.9998610850828826,
  "I_POIMV_MV0101": 0.03491452151005018,
  "P_POIMV_MV0201": 0.013347325490371986,
  "Q_POIMV_MV0201": 0.005337799388314579,
  "I_POIMV_MV0201": 0.01437708675869558,
  "P_POI_POIMV": -0.021087962308086846,
  "Q_POI_POIMV": 0.010454412591116125,
  "U_POI": 0.9999971729283431,
  "I_POI_POIMV": 0.023537205214802216
}