{
  "P_LV0101": 0.2984173715752026,
  "Q_LV0101": -0.15409980878643162,
  "U_LV0101": 0.9713936793525118,
  "I_LV0101_MV0101": 0.3457471891402003,
  "P_LV0102": 0.3128505009061421,
  "Q_LV0102": -0.15409980878643162,
  "U_LV0102": 0.9719908709904965,
  "I_LV0102_MV0102": 0.35879321217158544,
  "P_LV0103": 0.3168589988586649,
  "Q_LV0103": -0.15409980878643145,
  "U_LV0103": 0.9722195116543579,
  "I_LV0103_MV0103": 0.3624121013653541,
  "P_LV0201": 0.301783372303441,
  "Q_LV0201": -0.15409980878643087,
  "U_LV0201": 0.9718850325609504,
  "I_LV0201_MV0201": 0.34865330955162716,
  "P_LV0202": 0.3164895109425742,
  "Q_LV0202": -0.15409980878643162,
  "U_LV0202": 0.9724902052772658,
  "I_LV0202_MV0202": 0.3619695860881635,
  "P_LV0203": 0.31817628649847146,
  "Q_LV0203": -0.1540998087864308,
  "U_LV0203": 0.9726690460999924,
  "I_LV0203_MV0203": 0.36346299765375695,
  "P_POIMV_MV0101": -0.916731947464541,
  "Q_POIMV_MV0101": 0.5143609192323311,
  "U_POIMV": 0.985816468620072,
  "I_POIMV_MV0101": 1.0662968273058773,
  "P_POIMV_MV0201": -0.9241002783621752,
  "Q_POIMV_MV0201": 0.5153392629409836,
  "I_POIMV_MV0201": 1.0733044734832575,
  "P_POI_POIMV": -1.8408222258262532,
  "Q_POI_POIMV": 1.0887424423640368,
  "U_POI": 0.9997053751606102,
  "I_POI_POIMV": 2.139318345783495
}