{
  "P_LV0101": 0.001930,
  "Q_LV0101": 0.003177,
  "U_LV0101": 0.002428,
  "I_LV0101_MV0101": 0.000864,
  "P_LV0102": 0.001958,
  "Q_LV0102": 0.003326,
  "U_LV0102": 0.002430,
  "I_LV0102_MV0102": 0.000897,
  "P_LV0103": 0.001967,
  "Q_LV0103": 0.003368,
  "U_LV0103": 0.002431,
  "I_LV0103_MV0103": 0.000906,
  "P_LV0201": 0.001937,
  "Q_LV0201": 0.003212,
  "U_LV0201": 0.002430,
  "I_LV0201_MV0201": 0.000872,
  "P_LV0202": 0.001966,
  "Q_LV0202": 0.003364,
  "U_LV0202": 0.002431,
  "I_LV0202_MV0202": 0.000905,
  "P_LV0203": 0.001969,
  "Q_LV0203": 0.003381,
  "U_LV0203": 0.002432,
  "I_LV0203_MV0203": 0.000909,
  "P_POIMV_MV0101": 0.006293,
  "Q_POIMV_MV0101": 0.009785,
  "U_POIMV": 0.002465,
  "I_POIMV_MV0101": 0.002666,
  "P_POIMV_MV0201": 0.006316,
  "Q_POIMV_MV0201": 0.009862,
  "I_POIMV_MV0201": 0.002683,
  "P_POI_POIMV": 0.013143,
  "Q_POI_POIMV": 0.019687,
  "U_POI": 0.002499,
  "I_POI_POIMV": 0.005348
}
