{
  "irrad_LV0101": 643.1900957333496,
  "irrad_LV0102": 718.2114216779627,
  "irrad_LV0103": 754.4596597917061,
  "irrad_LV0201": 667.9658036982672,
  "irrad_LV0202": 658.1295428639069,
  "irrad_LV0203": 751.8577359642936
}