{
  "irrad_LV0101": 769.116276918268,
  "irrad_LV0102": 761.8992679515449,
  "irrad_LV0103": 740.0414083779016,
  "irrad_LV0201": 600.4949125707042,
  "irrad_LV0202": 718.5574438107,
  "irrad_LV0203": 732.8154752705218
}