{
  "P_LV0101": 0.23295057726246488,
  "Q_LV0101": 8.348411551551459e-16,
  "U_LV0101": 1.0054211113708325,
  "I_LV0101_MV0101": 0.231694535382145,
  "P_LV0102": 0.23506062146401488,
  "Q_LV0102": 1.0490223581600863e-15,
  "U_LV0102": 1.0057965230850476,
  "I_LV0102_MV0102": 0.2337059395900683,
  "P_LV0103": 0.24960220351294046,
  "Q_LV0103": -1.2181272433826707e-15,
  "U_LV0103": 1.0062970585190487,
  "I_LV0103_MV0103": 0.2480402793587373,
  "P_LV0201": 0.23804661351891152,
  "Q_LV0201": -6.983288766069622e-16,
  "U_LV0201": 1.0059944216125876,
  "I_LV0201_MV0201": 0.23662816453527433,
  "P_LV0202": 0.2210112110759877,
  "Q_LV0202": -5.183498239482103e-16,
  "U_LV0202": 1.00590548227234,
  "I_LV0202_MV0202": 0.21971369574080013,
  "P_LV0203": 0.23019979329440662,
  "Q_LV0203": -3.212666571934742e-16,
  "U_LV0203": 1.0062739155970089,
  "I_LV0203_MV0203": 0.22876454385467418,
  "P_POIMV_MV0101": -0.712513979546884,
  "Q_POIMV_MV0101": 0.022572769292310113,
  "U_POIMV": 0.9992600801054123,
  "I_POIMV_MV0101": 0.7133993060515139,
  "P_POIMV_MV0201": -0.6842401626453238,
  "Q_POIMV_MV0201": 0.02064517634329377,
  "I_POIMV_MV0201": 0.6850584375457317,
  "P_POI_POIMV": -1.3967441421924913,
  "Q_POI_POIMV": 0.06811650211602682,
  "U_POI": 0.9999815084895567,
  "I_POI_POIMV": 1.3984299697061964
}