{
  "irrad_LV0101": 986.0740921819961,
  "irrad_LV0102": 937.8393249131511,
  "irrad_LV0103": 856.2961698623565,
  "irrad_LV0201": 912.536472583472,
  "irrad_LV0202": 916.5206875899765,
  "irrad_LV0203": 930.6794451886238
}