{
  "irrad_LV0101": 1239.8593233175166,
  "irrad_LV0102": 1090.8618162981456,
  "irrad_LV0103": 1042.7649918647376,
  "irrad_LV0201": 1170.9005159308565,
  "irrad_LV0202": 1210.1443512075314,
  "irrad_LV0203": 1112.5742185881975
}