{
  "P_LV0101": 0.035494097137490944,
  "Q_LV0101": -0.016162203172305975,
  "U_LV0101": 0.9859471427080819,
  "I_LV0101_MV0101": 0.022837952371228185,
  "P_LV0102": 0.03271952718496854,
  "Q_LV0102": -0.01616220317230605,
  "U_LV0102": 0.9856376965716149,
  "I_LV0102_MV0102": 0.021376618574739818,
  "P_LV0103": 0.031276901427015134,
  "Q_LV0103": -0.01616220317230602,
  "U_LV0103": 0.9854602833200816,
  "I_LV0103_MV0103": 0.02062608226355769,
  "P_LV0201": 0.03512022392708116,
  "Q_LV0201": -0.01616220317230601,
  "U_LV0201": 0.9863490841839477,
  "I_LV0201_MV0201": 0.022629660349481887,
  "P_LV0202": 0.03552266190271606,
  "Q_LV0202": -0.01616220317230598,
  "U_LV0202": 0.9867406084087796,
  "I_LV0202_MV0202": 0.02283479957482499,
  "P_LV0203": 0.03337077331565734,
  "Q_LV0203": -0.01616220317230598,
  "U_LV0203": 0.986435065187473,
  "I_LV0203_MV0203": 0.021701743803186995,
  "P_POIMV_MV0101": -0.09823090718285243,
  "Q_POIMV_MV0101": 0.05426973066005303,
  "U_POIMV": 0.9999890145893092,
  "I_POIMV_MV0101": 0.06479401080417724,
  "P_POIMV_MV0201": -0.1025672968064697,
  "Q_POIMV_MV0201": 0.0547298509942209,
  "I_POIMV_MV0201": 0.06712104467185022,
  "P_POI_POI_MV": -0.20079720398929687,
  "Q_POI_POI_MV": 0.1089430064894259,
  "U_POI": 0.9999890448515855,
  "I_POI_POI_MV": 0.1318954627325931
}