{
  "P_LV0101": 0.000269,
  "Q_LV0101": 0.000489,
  "U_LV0101": 0.002465,
  "I_LV0101_MV0101": 0.000081,
  "P_LV0102": 0.000264,
  "Q_LV0102": 0.000456,
  "U_LV0102": 0.002464,
  "I_LV0102_MV0102": 0.000076,
  "P_LV0103": 0.000262,
  "Q_LV0103": 0.000438,
  "U_LV0103": 0.002464,
  "I_LV0103_MV0103": 0.000074,
  "P_LV0201": 0.000268,
  "Q_LV0201": 0.000485,
  "U_LV0201": 0.002466,
  "I_LV0201_MV0201": 0.000080,
  "P_LV0202": 0.000269,
  "Q_LV0202": 0.000489,
  "U_LV0202": 0.002467,
  "I_LV0202_MV0202": 0.000081,
  "P_LV0203": 0.000265,
  "Q_LV0203": 0.000464,
  "U_LV0203": 0.002466,
  "I_LV0203_MV0203": 0.000077,
  "P_POIMV_MV0101": 0.000860,
  "Q_POIMV_MV0101": 0.001370,
  "U_POIMV": 0.002500,
  "I_POIMV_MV0101": 0.000231,
  "P_POIMV_MV0201": 0.000871,
  "Q_POIMV_MV0201": 0.001422,
  "I_POIMV_MV0201": 0.000238,
  "P_POI_POI_MV": 0.001730,
  "Q_POI_POI_MV": 0.002793,
  "U_POI": 0.002500,
  "I_POI_POI_MV": 0.000469
}
