{
  "P_LV0101": 0.0363278442466966,
  "Q_LV0101": 1.1374263084687516e-17,
  "U_LV0101": 1.0091067846304613,
  "I_LV0101_MV0101": 0.020784609690826523,
  "P_LV0102": 0.03468406084776119,
  "Q_LV0102": 1.016807701435912e-17,
  "U_LV0102": 1.0092386022307727,
  "I_LV0102_MV0102": 0.01984154373681537,
  "P_LV0103": 0.0363536650550888,
  "Q_LV0103": -3.0009949988361876e-17,
  "U_LV0103": 1.0098240293080225,
  "I_LV0103_MV0103": 0.020784609690826523,
  "P_LV0201": 0.03442605959674388,
  "Q_LV0201": -5.338839130545038e-17,
  "U_LV0201": 1.0094120583395134,
  "I_LV0201_MV0201": 0.01969056601920736,
  "P_LV0202": 0.035204605946525844,
  "Q_LV0202": 2.7342988877429668e-17,
  "U_LV0202": 1.0100481563035981,
  "I_LV0202_MV0202": 0.020123187783763485,
  "P_LV0203": 0.036379105857547216,
  "Q_LV0203": -4.6492876238204944e-17,
  "U_LV0203": 1.0105307182652008,
  "I_LV0203_MV0203": 0.02078460969082652,
  "P_POIMV_MV0101": -0.10623451577856713,
  "Q_POIMV_MV0101": 0.005169028332261405,
  "U_POIMV": 0.999998974606584,
  "I_POIMV_MV0101": 0.06140715049609456,
  "P_POIMV_MV0201": -0.10483000525331931,
  "Q_POIMV_MV0201": 0.005054497314027628,
  "I_POIMV_MV0201": 0.06059400557181063,
  "P_POI_POI_MV": -0.21106352103182063,
  "Q_POI_POI_MV": 0.010166946798563004,
  "U_POI": 0.9999989774307373,
  "I_POI_POI_MV": 0.12199900004444898
}