{
  "irrad_LV0101": 1198.968712053237,
  "irrad_LV0102": 1174.1642436190898,
  "irrad_LV0103": 1227.2633164838105,
  "irrad_LV0201": 1199.7487266698079,
  "irrad_LV0202": 1184.6215357634267,
  "irrad_LV0203": 1100.738104071821
}