{
  "P_LV0101": 0.03596210700735598,
  "Q_LV0101": 0.01599026166549394,
  "U_LV0101": 1.0307426439689313,
  "I_LV0101_MV0101": 0.02204496712157227,
  "P_LV0102": 0.03521811682719373,
  "Q_LV0102": 0.015990261665493884,
  "U_LV0102": 1.031201413138873,
  "I_LV0102_MV0102": 0.0216552041642312,
  "P_LV0103": 0.03681078102364498,
  "Q_LV0103": 0.01599026166549389,
  "U_LV0103": 1.0318367817737704,
  "I_LV0103_MV0103": 0.022456324325313973,
  "P_LV0201": 0.03598550292154991,
  "Q_LV0201": 0.015990261665493888,
  "U_LV0201": 1.0316307496898138,
  "I_LV0201_MV0201": 0.022037953886501146,
  "P_LV0202": 0.03553177493630135,
  "Q_LV0202": 0.015990261665493898,
  "U_LV0202": 1.0321269650837375,
  "I_LV0202_MV0202": 0.021795663678706136,
  "P_LV0203": 0.03301575853294435,
  "Q_LV0203": 0.01599026166549394,
  "U_LV0203": 1.031892398687974,
  "I_LV0203_MV0203": 0.020525026641162222,
  "P_POIMV_MV0101": -0.1066779117145984,
  "Q_POIMV_MV0101": -0.04195257285917364,
  "U_POIMV": 1.0000084957597688,
  "I_POIMV_MV0101": 0.06618149778765821,
  "P_POIMV_MV0201": -0.10320502399738984,
  "Q_POIMV_MV0201": -0.0422492411585651,
  "I_POIMV_MV0201": 0.06438442888425107,
  "P_POI_POI_MV": -0.2098819357120394,
  "Q_POI_POI_MV": -0.08425839128904045,
  "U_POI": 1.0000084723548568,
  "I_POI_POI_MV": 0.13057441905110231
}