{
  "irrad_LV0101": 253.39884542145361,
  "irrad_LV0102": 259.3321411623489,
  "irrad_LV0103": 177.2544446750456,
  "irrad_LV0201": 251.46411667573227,
  "irrad_LV0202": 220.53493336604777,
  "irrad_LV0203": 313.1935277663979
}