{
  "P_LV0101": 0.000269,
  "Q_LV0101": 0.000797,
  "U_LV0101": 0.002505,
  "I_LV0101_MV0101": 0.000190,
  "P_LV0102": 0.000275,
  "Q_LV0102": 0.000816,
  "U_LV0102": 0.002506,
  "I_LV0102_MV0102": 0.000194,
  "P_LV0103": 0.000195,
  "Q_LV0103": 0.000588,
  "U_LV0103": 0.002504,
  "I_LV0103_MV0103": 0.000143,
  "P_LV0201": 0.000267,
  "Q_LV0201": 0.000791,
  "U_LV0201": 0.002506,
  "I_LV0201_MV0201": 0.000188,
  "P_LV0202": 0.000234,
  "Q_LV0202": 0.000694,
  "U_LV0202": 0.002505,
  "I_LV0202_MV0202": 0.000165,
  "P_LV0203": 0.000332,
  "Q_LV0203": 0.000985,
  "U_LV0203": 0.002507,
  "I_LV0203_MV0203": 0.000234,
  "P_POIMV_MV0101": 0.000730,
  "Q_POIMV_MV0101": 0.002166,
  "U_POIMV": 0.002500,
  "I_POIMV_MV0101": 0.000516,
  "P_POIMV_MV0201": 0.000831,
  "Q_POIMV_MV0201": 0.002464,
  "I_POIMV_MV0201": 0.000587,
  "P_POI_POIMV": 0.001561,
  "Q_POI_POIMV": 0.004630,
  "U_POI": 0.002500,
  "I_POI_POIMV": 0.001104
}
