{
  "irrad_LV0101": -30.888379369834855,
  "irrad_LV0102": 30.182201812307536,
  "irrad_LV0103": -2.4293554453742754,
  "irrad_LV0201": -28.748749859313854,
  "irrad_LV0202": -14.00686813702175,
  "irrad_LV0203": 86.97875412066355
}