{
  "P_LV0101": -0.009264722198459545,
  "Q_LV0101": -0.012635276571086707,
  "U_LV0101": 0.9970051544339171,
  "I_LV0101_MV0101": 0.015715034340947336,
  "P_LV0102": 0.009052909891476982,
  "Q_LV0102": -0.01263527657108654,
  "U_LV0102": 0.9975096439524411,
  "I_LV0102_MV0102": 0.015582466705172071,
  "P_LV0103": -0.0007286657241942564,
  "Q_LV0103": -0.012635276571086646,
  "U_LV0103": 0.9972316704860558,
  "I_LV0103_MV0103": 0.012691403887315458,
  "P_LV0201": -0.008622957449805818,
  "Q_LV0201": -0.012635276571086311,
  "U_LV0201": 0.9970201139990625,
  "I_LV0201_MV0201": 0.015342962160566678,
  "P_LV0202": -0.004201248003535346,
  "Q_LV0202": -0.012635276571085928,
  "U_LV0202": 0.9971475270630091,
  "I_LV0202_MV0202": 0.013353521411967563,
  "P_LV0203": 0.02608858122491957,
  "Q_LV0203": -0.012635276571086528,
  "U_LV0203": 0.9979965842646288,
  "I_LV0203_MV0203": 0.029045502689262377,
  "P_POIMV_MV0101": 0.0009596027286988829,
  "Q_POIMV_MV0101": 0.03672614380070627,
  "U_POIMV": 0.9990329029562581,
  "I_POIMV_MV0101": 0.036774242460951075,
  "P_POIMV_MV0201": -0.01322652914518585,
  "Q_POIMV_MV0201": 0.03652923348619197,
  "I_POIMV_MV0201": 0.038887652822824095,
  "P_POI_POIMV": -0.01225692641608299,
  "Q_POI_POIMV": 0.07276146015465201,
  "U_POI": 0.9999803236958333,
  "I_POI_POIMV": 0.07378805180463607
}