{
  "P_LV0101": 0.000058,
  "Q_LV0101": 0.000174,
  "U_LV0101": 0.002500,
  "I_LV0101_MV0101": 0.000048,
  "P_LV0102": 0.000059,
  "Q_LV0102": 0.000178,
  "U_LV0102": 0.002500,
  "I_LV0102_MV0102": 0.000049,
  "P_LV0103": 0.000069,
  "Q_LV0103": 0.000214,
  "U_LV0103": 0.002498,
  "I_LV0103_MV0103": 0.000057,
  "P_LV0201": 0.000033,
  "Q_LV0201": 0.000035,
  "U_LV0201": 0.002500,
  "I_LV0201_MV0201": 0.000013,
  "P_LV0202": 0.000063,
  "Q_LV0202": 0.000196,
  "U_LV0202": 0.002499,
  "I_LV0202_MV0202": 0.000054,
  "P_LV0203": 0.000037,
  "Q_LV0203": 0.000066,
  "U_LV0203": 0.002500,
  "I_LV0203_MV0203": 0.000020,
  "P_POIMV_MV0101": 0.000064,
  "Q_POIMV_MV0101": 0.000060,
  "U_POIMV": 0.002500,
  "I_POIMV_MV0101": 0.000024,
  "P_POIMV_MV0201": 0.000074,
  "Q_POIMV_MV0201": 0.000177,
  "I_POIMV_MV0201": 0.000051,
  "P_POI_POIMV": 0.000106,
  "Q_POI_POIMV": 0.000122,
  "U_POI": 0.002500,
  "I_POI_POIMV": 0.000043
}
