{
  "P_LV0101": 0.000084,
  "Q_LV0101": 0.000174,
  "U_LV0101": 0.002502,
  "I_LV0101_MV0101": 0.000051,
  "P_LV0102": 0.000084,
  "Q_LV0102": 0.000166,
  "U_LV0102": 0.002502,
  "I_LV0102_MV0102": 0.000049,
  "P_LV0103": 0.000082,
  "Q_LV0103": 0.000215,
  "U_LV0103": 0.002501,
  "I_LV0103_MV0103": 0.000057,
  "P_LV0201": 0.000101,
  "Q_LV0201": 0.000286,
  "U_LV0201": 0.002500,
  "I_LV0201_MV0201": 0.000075,
  "P_LV0202": 0.000085,
  "Q_LV0202": 0.000078,
  "U_LV0202": 0.002502,
  "I_LV0202_MV0202": 0.000031,
  "P_LV0203": 0.000085,
  "Q_LV0203": 0.000150,
  "U_LV0203": 0.002502,
  "I_LV0203_MV0203": 0.000046,
  "P_POIMV_MV0101": 0.000287,
  "Q_POIMV_MV0101": 0.000091,
  "U_POIMV": 0.002501,
  "I_POIMV_MV0101": 0.000081,
  "P_POIMV_MV0201": 0.000281,
  "Q_POIMV_MV0201": 0.000394,
  "I_POIMV_MV0201": 0.000128,
  "P_POI_POIMV": 0.000584,
  "Q_POI_POIMV": 0.000428,
  "U_POI": 0.002500,
  "I_POI_POIMV": 0.000194
}
