{
  "P_LV0101": 0.11234916678773538,
  "Q_LV0101": 4.339525274966205e-16,
  "U_LV0101": 1.0029948668563557,
  "I_LV0101_MV0101": 0.11201370066814659,
  "P_LV0102": 0.10621100930199556,
  "Q_LV0102": -6.851345799067701e-16,
  "U_LV0102": 1.0030186924549565,
  "I_LV0102_MV0102": 0.10589135586500077,
  "P_LV0103": 0.15728307276871792,
  "Q_LV0103": -1.9042128020645576e-16,
  "U_LV0103": 1.0044064066822227,
  "I_LV0103_MV0103": 0.15659306006246895,
  "P_LV0201": 0.09988264967998166,
  "Q_LV0201": -1.168498946842166e-15,
  "U_LV0201": 1.0028201828106866,
  "I_LV0201_MV0201": 0.09960175452395896,
  "P_LV0202": 0.08470312308408542,
  "Q_LV0202": 5.534043080695907e-16,
  "U_LV0202": 1.0025407532760942,
  "I_LV0202_MV0202": 0.0844884587557097,
  "P_LV0203": 0.07927480596418253,
  "Q_LV0203": 1.4022521925490937e-16,
  "U_LV0203": 1.0024539230076641,
  "I_LV0203_MV0203": 0.07908074789745369,
  "P_POIMV_MV0101": -0.37438809639320425,
  "Q_POIMV_MV0101": 0.005509269356934965,
  "U_POIMV": 0.9998751767415244,
  "I_POIMV_MV0101": 0.37447537297734285,
  "P_POIMV_MV0201": -0.2631175794738283,
  "Q_POIMV_MV0201": 0.0017455359064797449,
  "I_POIMV_MV0201": 0.2631562174153265,
  "P_POI_POIMV": -0.637495675866358,
  "Q_POI_POIMV": 0.011982621426341211,
  "U_POI": 0.9999967448297493,
  "I_POI_POIMV": 0.6376103565026425
}