{
  "P_LV0101": 0.000397,
  "Q_LV0101": 0.001178,
  "U_LV0101": 0.002507,
  "I_LV0101_MV0101": 0.000280,
  "P_LV0102": 0.000376,
  "Q_LV0102": 0.001114,
  "U_LV0102": 0.002508,
  "I_LV0102_MV0102": 0.000265,
  "P_LV0103": 0.000556,
  "Q_LV0103": 0.001650,
  "U_LV0103": 0.002511,
  "I_LV0103_MV0103": 0.000391,
  "P_LV0201": 0.000353,
  "Q_LV0201": 0.001048,
  "U_LV0201": 0.002507,
  "I_LV0201_MV0201": 0.000249,
  "P_LV0202": 0.000299,
  "Q_LV0202": 0.000888,
  "U_LV0202": 0.002506,
  "I_LV0202_MV0202": 0.000211,
  "P_LV0203": 0.000280,
  "Q_LV0203": 0.000831,
  "U_LV0203": 0.002506,
  "I_LV0203_MV0203": 0.000198,
  "P_POIMV_MV0101": 0.001325,
  "Q_POIMV_MV0101": 0.003927,
  "U_POIMV": 0.002500,
  "I_POIMV_MV0101": 0.000936,
  "P_POIMV_MV0201": 0.000930,
  "Q_POIMV_MV0201": 0.002760,
  "I_POIMV_MV0201": 0.000658,
  "P_POI_POIMV": 0.002257,
  "Q_POI_POIMV": 0.006686,
  "U_POI": 0.002500,
  "I_POI_POIMV": 0.001594
}
