{
  "P_LV0101": -0.0016432431995098476,
  "Q_LV0101": 0.004307908077775074,
  "U_LV0101": 1.0009363170831522,
  "I_LV0101_MV0101": 0.00460636157977913,
  "P_LV0102": -0.009787664505669653,
  "Q_LV0102": 0.0043079080777752785,
  "U_LV0102": 1.0007011501126875,
  "I_LV0102_MV0102": 0.010686264778112265,
  "P_LV0103": -0.008347616956292894,
  "Q_LV0103": 0.0043079080777754155,
  "U_LV0103": 1.0007377266316406,
  "I_LV0103_MV0103": 0.009386731573798261,
  "P_LV0201": 0.0031932454765807323,
  "Q_LV0201": 0.004307908077775368,
  "U_LV0201": 1.0010845157021746,
  "I_LV0201_MV0201": 0.005356549238031465,
  "P_LV0202": 0.005982638592899663,
  "Q_LV0202": 0.004307908077773856,
  "U_LV0202": 1.0011640776386044,
  "I_LV0202_MV0202": 0.0073636758360478925,
  "P_LV0203": -0.008894717037987283,
  "Q_LV0203": 0.004307908077776112,
  "U_LV0203": 1.0007467397500331,
  "I_LV0203_MV0203": 0.009875644394870577,
  "P_POIMV_MV0101": 0.019785294427492772,
  "Q_POIMV_MV0101": -0.014166549202172973,
  "U_POIMV": 1.000387771583082,
  "I_POIMV_MV0101": 0.024324679273461505,
  "P_POIMV_MV0201": -0.00027579844208958093,
  "Q_POIMV_MV0201": -0.014455902892393624,
  "I_POIMV_MV0201": 0.014452929142399654,
  "P_POI_POIMV": 0.019519495986000186,
  "Q_POI_POIMV": -0.02917275426489141,
  "U_POI": 1.0000078887228032,
  "I_POI_POIMV": 0.03510043983218205
}